t,policy,task_difficulty,chosen_agent,match_score,load,latency_ms,call_cost,success,is_shock,rolling_success,reward_used_for_update
0,random,hard,C,0.75,0.3,561.1841102667523,0.35,1,0,1.0,0.0
1,random,hard,E,0.9,0.3,696.7279359792958,0.6,1,0,1.0,0.0
2,random,hard,B,0.2,0.3,402.48124158162943,0.1,0,0,0.6666666666666666,0.0
3,random,hard,E,0.9,0.53232,1108.030248035495,0.6,0,0,0.5,0.0
4,random,simple,B,0.95,0.53232,437.7529525793967,0.1,1,0,0.6,0.0
5,random,hard,C,0.75,0.45831957504,617.7349862786044,0.35,0,0,0.5,0.0
6,random,simple,A,0.8,0.3,795.3135005192478,1.0,1,0,0.5714285714285714,0.0
7,random,hard,D,0.55,0.3,410.74729011860376,0.22,0,0,0.5,0.0
8,random,hard,A,0.6649999999999999,0.53232,1135.4092800701017,1.0,0,0,0.4444444444444444,0.0
9,random,hard,A,0.6649999999999999,0.7684416000000001,1551.99368053451,1.0,0,0,0.4,0.0
10,random,hard,B,0.2,0.5472115834768588,521.265816426721,0.1,0,0,0.36363636363636365,0.0
11,random,hard,D,0.55,0.479908608,540.5350295716462,0.22,0,0,0.3333333333333333,0.0
12,random,hard,D,0.55,0.72231957504,608.703644483045,0.22,0,0,0.3076923076923077,0.0
13,random,hard,E,0.9,0.4482516395493249,918.0746157015942,0.6,1,0,0.35714285714285715,0.0
14,random,hard,C,0.75,0.4450482374691528,607.65361865832,0.35,1,0,0.4,0.0
15,random,hard,E,0.9,0.6471260696669972,1086.1541844524788,0.6,0,0,0.375,0.0
16,random,hard,C,0.75,0.6446453550961119,827.1970662383395,0.35,1,0,0.4117647058823529,0.0
17,random,hard,D,0.55,0.6811910938780207,651.6588107114753,0.22,1,0,0.4444444444444444,0.0
18,random,simple,E,0.6,0.7409982969481079,1140.4397188224405,0.6,1,0,0.47368421052631576,0.0
19,random,hard,C,0.75,0.7393077594280575,867.3801003609601,0.35,0,0,0.45,0.0
20,random,simple,B,0.95,0.45239896008195557,474.22846186533604,0.1,1,0,0.47619047619047616,0.0
21,random,hard,A,0.6649999999999999,0.46573068805346185,973.1622384700132,1.0,1,0,0.5,0.0
22,random,hard,A,0.6649999999999999,0.7098430054870464,1204.9897806094289,1.0,0,0,0.4782608695652174,0.0
23,random,hard,D,0.55,0.6163479278778162,553.6314777858803,0.22,0,0,0.4583333333333333,0.0
24,random,simple,C,0.75,0.690156300988082,799.2227563308355,0.35,1,0,0.48,0.0
25,random,hard,D,0.55,0.7772998353485809,686.3115138229123,0.22,1,0,0.5,0.0
26,random,hard,E,0.9,0.5664885704046395,889.0863088869124,0.6,0,0,0.48148148148148145,0.0
27,random,hard,A,0.6649999999999999,0.6746068099127518,1312.4040231576234,1.0,0,0,0.4642857142857143,0.0
28,random,simple,C,0.75,0.7138835313773162,925.4775685591525,0.35,1,0,0.4827586206896552,0.0
29,random,hard,A,0.6649999999999999,0.822415513596435,1160.6811355774648,1.0,0,0,0.4666666666666667,0.0
30,random,simple,E,0.6,0.6397205671646957,1237.8133211294323,0.6,1,0,0.4838709677419355,0.0
31,random,simple,C,0.75,0.7864916378947624,920.6484460303118,0.35,1,0,0.5,0.0
32,random,hard,C,0.75,0.9921126413473909,1072.283435459829,0.35,0,0,0.48484848484848486,0.0
33,random,simple,D,0.85,0.5795438569170033,488.0273434484211,0.22,1,0,0.5,0.0
34,random,hard,B,0.2,0.37555774848141843,365.15054613172896,0.1,0,0,0.4857142857142857,0.0
35,random,hard,E,0.9,0.637600961126208,1208.8886524689283,0.6,0,0,0.4722222222222222,0.0
36,random,simple,C,0.75,0.8949653476133745,1108.9590557683434,0.35,0,0,0.4594594594594595,0.0
37,random,hard,D,0.55,0.6475497619096309,537.1271232856909,0.22,0,0,0.4473684210526316,0.0
38,random,simple,B,0.95,0.5252202391763536,381.0109212963016,0.1,1,0,0.46153846153846156,0.0
39,random,hard,E,0.9,0.6823663379189273,1050.1887083013871,0.6,0,0,0.45,0.0
40,random,simple,D,0.85,0.7412870313480799,633.2838107757282,0.22,1,0,0.4634146341463415,0.0
41,random,hard,E,0.9,0.8284244920844173,1251.6413753936895,0.6,1,0,0.47619047619047616,0.0
42,random,hard,B,0.2,0.6149721404121495,468.4024005554132,0.1,0,0,0.46511627906976744,0.0
43,random,hard,B,0.2,0.8411754835626917,516.740906676573,0.1,0,0,0.45454545454545453,0.0
44,random,hard,D,0.55,0.7445463931276182,608.361978112491,0.22,1,0,0.4666666666666667,0.0
45,random,hard,D,0.55,0.9552008259523039,820.0882663681817,0.22,1,0,0.4782608695652174,0.0
46,random,hard,A,0.6649999999999999,0.3936044984473698,1080.3466305154943,1.0,0,0,0.46808510638297873,0.0
47,random,hard,B,0.2,0.8044490344383024,592.4815126099735,0.1,0,0,0.4583333333333333,0.0
48,random,hard,D,0.55,0.9509426172633684,815.532892135739,0.22,1,0,0.46938775510204084,0.0
49,random,hard,C,0.75,0.4698560256273135,616.644396362245,0.35,0,0,0.46,0.0
50,random,hard,D,0.55,1.0,797.6218848887086,0.22,1,0,0.46,0.0
51,random,hard,D,0.55,1.0,865.6899817845504,0.22,0,0,0.44,0.0
52,random,hard,E,0.9,0.503030986044131,952.4743257749652,0.6,1,0,0.46,0.0
53,random,simple,E,0.6,0.7426672677188353,1406.162442034933,0.6,1,0,0.48,0.0
54,random,hard,D,0.55,0.9814719999999999,834.1508603060396,0.22,0,0,0.46,0.0
55,random,hard,B,0.2,0.589307646230486,423.77106018056764,0.1,0,0,0.46,0.0
56,random,hard,B,0.2,0.8185907286828278,507.826540730764,0.1,1,0,0.46,0.0
57,random,simple,A,0.8,0.3964649285417696,1032.7885039309388,1.0,0,0,0.46,0.0
58,random,hard,E,0.9,0.6919292207378797,1014.5164459661121,0.6,0,0,0.46,0.0
59,random,hard,E,0.9,0.9088977142493342,1360.7080601818595,0.6,0,0,0.46,0.0
60,random,simple,E,0.6,1.0,1655.000989320133,0.6,1,0,0.48,0.0
61,random,hard,D,0.55,0.7011036549203781,600.0081153568184,0.22,0,0,0.48,0.0
62,random,hard,C,0.75,0.38917426506280517,633.9105083402086,0.35,0,0,0.48,0.0
63,random,hard,E,0.9,0.9814719999999999,1359.9130158638363,0.6,0,0,0.46,0.0
64,random,simple,A,0.8,0.4620255411115654,1172.283384768747,1.0,1,0,0.46,0.0
65,random,simple,B,0.95,0.5590662691936537,444.4115204112689,0.1,1,0,0.48,0.0
66,random,hard,C,0.75,0.5333860009895743,711.4586430154169,0.35,0,0,0.46,0.0
67,random,hard,A,0.6649999999999999,0.6148574695523807,1134.4720087857656,1.0,0,0,0.44,0.0
68,random,hard,D,0.55,0.586523954291716,635.4761228041837,0.22,1,0,0.44,0.0
69,random,hard,D,0.55,0.8161410797767101,759.4748594223489,0.22,0,0,0.44,0.0
70,random,hard,E,0.9,0.7011036549203781,1292.4302334557347,0.6,0,0,0.42,0.0
71,random,simple,E,0.6,0.9169712163299326,1166.8165591995078,0.6,1,0,0.42,0.0
72,random,simple,D,0.85,0.8561772939175942,720.9236616684691,0.22,1,0,0.44,0.0
73,random,hard,B,0.2,0.5010595320562599,401.6072705488871,0.1,0,0,0.44,0.0
74,random,hard,D,0.55,0.9630236964097849,731.1658102228281,0.22,0,0,0.42,0.0
75,random,hard,A,0.6649999999999999,0.5211239738856008,1083.509501891213,1.0,0,0,0.4,0.0
76,random,simple,C,0.75,0.4485485218653484,612.2404094876861,0.35,1,0,0.42,0.0
77,random,hard,E,0.9,0.7258451803269161,1149.6062965178667,0.6,1,0,0.44,0.0
78,random,hard,A,0.6649999999999999,0.6551313967317682,1152.4663943793184,1.0,0,0,0.42,0.0
79,random,hard,E,0.9,0.8620945076451638,1175.0707160579818,0.6,0,0,0.42,0.0
80,random,hard,E,0.9,1.0,1335.833690030274,0.6,1,0,0.42,0.0
81,random,hard,C,0.75,0.5367133712218071,730.2842142231134,0.35,1,0,0.42,0.0
82,random,hard,D,0.55,0.6463365694347976,617.5359640757939,0.22,0,0,0.42,0.0
83,random,simple,C,0.75,0.7156308346741673,780.9670155263374,0.35,1,0,0.42,0.0
84,random,hard,A,0.6649999999999999,0.6042456980227432,1322.8915445763776,1.0,0,0,0.42,0.0
85,random,hard,E,0.9,0.8277319167999999,1236.5158489976457,0.6,1,0,0.44,0.0
86,random,simple,D,0.85,0.6876050416883659,640.8812219279218,0.22,1,0,0.46,0.0
87,random,hard,C,0.75,0.7291604910270253,978.8999852619089,0.35,1,0,0.48,0.0
88,random,hard,E,0.9,0.8640761248055295,1260.8844522847908,0.6,0,0,0.46,0.0
89,random,hard,D,0.55,0.7685835829694541,676.5443991160089,0.22,0,0,0.46,0.0
90,random,hard,E,0.9,0.969140551049402,1461.6082572059631,0.6,0,0,0.44,0.0
91,random,hard,C,0.75,0.7372741631642287,890.3803840596263,0.35,1,0,0.44,0.0
92,random,simple,D,0.85,0.8237681914533599,673.3057701595212,0.22,1,0,0.46,0.0
93,random,hard,E,0.9,0.960442149604738,1420.0006941689694,0.6,1,0,0.48,0.0
94,random,hard,E,0.9,1.0,1611.2375543758512,0.6,0,0,0.46,0.0
95,random,hard,A,0.6649999999999999,0.4480890546509585,1099.4004780481455,1.0,0,0,0.44,0.0
96,random,simple,A,0.8,0.6943183680928435,1390.5808233058074,1.0,1,0,0.46,0.0
97,random,hard,B,0.2,0.32330630685107326,363.7710726051859,0.1,1,0,0.48,0.0
98,random,simple,A,0.8,0.8376801442510979,1425.120535124298,1.0,1,0,0.48,0.0
99,random,simple,E,0.6,0.8277319167999999,1257.229974060868,0.6,1,0,0.5,0.0
100,random,hard,A,0.6649999999999999,0.9486995037080501,1538.941082136118,1.0,0,0,0.48,0.0
101,random,simple,E,0.6,0.9409955963699199,1394.853410480338,0.6,1,0,0.5,0.0
102,random,hard,B,0.2,0.47061905702804585,419.90061137069495,0.1,0,0,0.48,0.0
103,random,hard,D,0.55,0.5018898158862294,544.2685774886629,0.22,0,0,0.46,0.0
104,random,hard,E,0.9,0.9412621510494019,1362.0272458045115,0.6,0,0,0.46,0.0
105,random,hard,C,0.75,0.4231363922059399,565.1906316552194,0.35,0,0,0.46,0.0
106,random,hard,D,0.55,0.6420238566116205,587.8611489027436,0.22,1,0,0.46,0.0
107,random,hard,E,0.9,0.9414438005999379,1437.2092239224241,0.6,1,0,0.48,0.0
108,random,hard,C,0.75,0.5883556034693663,799.7893366388316,0.35,1,0,0.5,0.0
109,random,simple,D,0.85,0.7375212816128343,639.1852529439146,0.22,1,0,0.52,0.0
110,random,simple,D,0.85,0.9490187278192941,722.85272304848,0.22,1,0,0.52,0.0
111,random,hard,E,0.9,0.8645794789205479,1435.9698879694442,0.6,1,0,0.54,0.0
112,random,hard,A,0.6649999999999999,0.5046071184921702,1085.3736007797488,1.0,0,0,0.54,0.0
113,random,hard,E,0.9,0.9695303484760722,1297.8271632825436,0.6,0,0,0.54,0.0
114,random,simple,C,0.75,0.5732347467334402,756.4160025976724,0.35,1,0,0.54,0.0
115,random,simple,C,0.75,0.8044465771254274,843.6554526194874,0.35,1,0,0.54,0.0
116,random,hard,E,0.9,0.9607077856366859,1401.6588565508223,0.6,1,0,0.56,0.0
117,random,hard,A,0.6649999999999999,0.5662972818727977,1146.5654362188866,1.0,1,0,0.58,0.0
118,random,hard,C,0.75,0.8482078178068193,961.8091105181383,0.35,0,0,0.56,0.0
119,random,hard,A,0.6649999999999999,0.7385406150822945,1353.5660750477402,1.0,1,0,0.58,0.0
120,random,simple,A,0.8,0.9499157412724191,1583.6935472887658,1.0,0,0,0.58,0.0
121,random,hard,A,0.6649999999999999,1.0,1946.294693422596,1.0,0,0,0.56,0.0
122,random,simple,A,0.8,1.0,1649.2257996942167,1.0,0,0,0.54,0.0
123,random,hard,E,0.9,0.6926178272322978,1095.0700590144456,0.6,0,0,0.54,0.0
124,random,hard,C,0.75,0.6939111770316253,799.3083081772998,0.35,1,0,0.56,0.0
125,random,hard,B,0.2,0.3248754513080739,364.63423339794787,0.1,0,0,0.56,0.0
126,random,hard,B,0.2,0.585890397151105,484.1810250447244,0.1,0,0,0.54,0.0
127,random,simple,B,0.95,0.8155835494929724,559.6600067075751,0.1,1,0,0.54,0.0
128,random,simple,D,0.85,0.39505235504212954,449.56627264157726,0.22,0,0,0.54,0.0
129,random,simple,A,0.8,0.70867559636992,1202.942632088077,1.0,0,0,0.54,0.0
130,random,hard,E,0.9,0.5830560036005976,1014.7333693036383,0.6,0,0,0.52,0.0
131,random,hard,A,0.6649999999999999,0.848798381828866,1467.7419422589028,1.0,0,0,0.5,0.0
132,random,simple,E,0.6,0.7515185691883027,1194.430096979819,0.6,1,0,0.52,0.0
133,random,simple,A,0.8,0.9573094668882738,1542.6376609258452,1.0,1,0,0.52,0.0
134,random,hard,D,0.55,0.4834639281752087,589.8577512875844,0.22,0,0,0.52,0.0
135,random,hard,B,0.2,0.5933120022611122,397.07553431942756,0.1,0,0,0.5,0.0
136,random,hard,E,0.9,0.7506821988960641,1236.6038922331484,0.6,0,0,0.48,0.0
137,random,simple,A,0.8,0.8740940453769714,1560.51832117504,1.0,1,0,0.48,0.0
138,random,simple,B,0.95,0.7043255168048848,567.9842056119116,0.1,1,0,0.5,0.0
139,random,hard,B,0.2,0.9198064547882985,598.3973276067755,0.1,0,0,0.5,0.0
140,random,hard,D,0.55,0.5245226240572132,560.843398826273,0.22,1,0,0.52,0.0
141,random,hard,E,0.9,0.6961589557310588,1106.2913802481355,0.6,1,0,0.52,0.0
142,random,hard,A,0.6649999999999999,0.7612873260302553,1552.7914158016151,1.0,1,0,0.52,0.0
143,random,simple,D,0.85,0.6574474816615171,624.0017455050371,0.22,1,0,0.52,0.0
144,random,hard,E,0.9,0.774412835879956,1264.6197143636336,0.6,1,0,0.54,0.0
145,random,hard,B,0.2,0.7271618766539883,434.517500921473,0.1,0,0,0.54,0.0
146,random,hard,D,0.55,0.7480320502228375,627.2480197534294,0.22,1,0,0.54,0.0
147,random,simple,E,0.6,0.8277406640927853,1291.5773555035034,0.6,1,0,0.54,0.0
148,random,hard,D,0.55,0.8792760196925653,761.831730184852,0.22,0,0,0.52,0.0
149,random,hard,A,0.6649999999999999,0.6111195519742763,1304.212535743053,1.0,1,0,0.52,0.0
150,random,simple,E,0.6,0.8640820858406386,1338.4206895809707,0.6,1,0,0.54,0.0
151,random,hard,E,0.9,1.0,1405.8405190569863,0.6,0,0,0.52,0.0
152,random,hard,B,0.2,0.5971733135990389,489.51599690880903,0.1,0,0,0.52,0.0
153,random,hard,C,0.75,0.3170334011772595,514.9285381943224,0.35,1,0,0.54,0.0
154,random,hard,E,0.9,0.9814719999999999,1147.3060955136607,0.6,1,0,0.56,0.0
155,random,hard,E,0.9,1.0,1569.6651008559036,0.6,1,0,0.58,0.0
156,random,hard,B,0.2,0.6581220652811685,528.3510608708627,0.1,0,0,0.56,0.0
157,random,hard,D,0.55,0.5782718518932292,494.98660345387736,0.22,1,0,0.56,0.0
158,random,hard,E,0.9,0.9814719999999999,1270.2625603920276,0.6,0,0,0.54,0.0
159,random,hard,D,0.55,0.7478137221061167,571.4413671527319,0.22,1,0,0.54,0.0
160,random,hard,E,0.9,1.0,1491.590227650592,0.6,1,0,0.54,0.0
161,random,hard,E,0.9,1.0,1461.6368046156922,0.6,0,0,0.52,0.0
162,random,hard,D,0.55,0.8096141128310996,779.8578195435628,0.22,1,0,0.54,0.0
163,random,simple,E,0.6,1.0,1431.7604876203243,0.6,1,0,0.56,0.0
164,random,simple,A,0.8,0.38981859574736955,1000.5337229440564,1.0,1,0,0.56,0.0
165,random,hard,C,0.75,0.36837496006597825,600.5650879598278,0.35,0,0,0.54,0.0
166,random,hard,D,0.55,0.785521826855327,648.4211777814462,0.22,0,0,0.52,0.0
167,random,hard,E,0.9,0.8996953599999999,1437.4081216728011,0.6,0,0,0.5,0.0
168,random,hard,D,0.55,0.9083081027167652,642.8306405010896,0.22,0,0,0.5,0.0
169,random,hard,D,0.55,1.0,839.5824749631007,0.22,1,0,0.5,0.0
170,random,simple,D,0.85,1.0,854.7727852925885,0.22,1,0,0.52,0.0
171,random,hard,E,0.9,0.8395431328055296,1356.442384990433,0.6,0,0,0.52,0.0
172,random,hard,D,0.55,1.0,795.5985068965838,0.22,1,0,0.54,0.0
173,random,simple,C,0.75,0.43248035371358406,636.5678125519364,0.35,1,0,0.56,0.0
174,random,simple,B,0.95,0.36591656242012194,361.62883174666064,0.1,1,0,0.56,0.0
175,random,hard,A,0.6649999999999999,0.3955370762563861,924.0293751722581,1.0,0,0,0.56,0.0
176,random,hard,D,0.55,0.8996953599999999,795.6150601816043,0.22,0,0,0.56,0.0
177,random,hard,C,0.75,0.5593564614131952,663.599125602228,0.35,0,0,0.54,0.0
178,random,hard,B,0.2,0.5194384646304975,370.30519439456236,0.1,0,0,0.54,0.0
179,random,hard,E,0.9,0.6019286956202623,1082.945805261191,0.6,0,0,0.54,0.0
180,random,simple,A,0.8,0.5087375394182504,1054.1719771622547,1.0,0,0,0.54,0.0
181,random,hard,E,0.9,0.7661335818883311,1302.9583630971256,0.6,1,0,0.56,0.0
182,random,simple,B,0.95,0.6115048370444335,476.3664547531008,0.1,1,0,0.56,0.0
183,random,hard,A,0.6649999999999999,0.646690388462434,1150.803169137962,1.0,0,0,0.54,0.0
184,random,hard,C,0.75,0.5285953354514057,752.3264877540252,0.35,0,0,0.54,0.0
185,random,hard,E,0.9,0.7594467541986123,1270.5349277831695,0.6,0,0,0.54,0.0
186,random,simple,E,0.6,0.9683131436947787,1354.6518380113973,0.6,1,0,0.56,0.0
187,random,hard,E,0.9,1.0,1815.526597120892,0.6,0,0,0.54,0.0
188,random,hard,E,0.9,1.0,1592.9991625565224,0.6,0,0,0.52,0.0
189,random,hard,B,0.2,0.5499071039622246,452.8940177452282,0.1,0,0,0.52,0.0
190,random,hard,E,0.9,1.0,1723.0583954012159,0.6,0,0,0.5,0.0
191,random,hard,D,0.55,0.4322316943952492,467.12463185981215,0.22,1,0,0.5,0.0
192,random,hard,E,0.9,1.0,1441.8738931380497,0.6,0,0,0.48,0.0
193,random,simple,A,0.8,0.48010390436268724,992.4366198437202,1.0,0,0,0.46,0.0
194,random,hard,D,0.55,0.5945537972429193,604.760877731028,0.22,0,0,0.44,0.0
195,random,simple,B,0.95,0.5553791064316111,438.31477601606355,0.1,1,0,0.46,0.0
196,random,hard,D,0.55,0.7604224605849168,607.6297373425041,0.22,0,0,0.44,0.0
197,random,hard,C,0.75,0.4003224349237034,652.7757764728842,0.35,1,0,0.44,0.0
198,random,simple,C,0.75,0.6522837427328589,701.2529305997735,0.35,0,0,0.44,0.0
199,random,simple,A,0.8,0.5229622152669866,1037.5450121261786,1.0,1,0,0.44,0.0
200,random,simple,D,0.85,0.7560218212525576,665.5684870129497,0.22,1,0,0.44,0.0
201,random,simple,B,0.95,0.5579203267412862,503.375727949557,0.1,1,0,0.46,0.0
202,random,simple,B,0.95,0.7909698875323319,622.925979908542,0.1,1,0,0.48,0.0
203,random,hard,C,0.75,0.6442309498498897,853.883004710331,0.35,1,0,0.48,0.0
204,random,hard,B,0.2,0.9125270809050379,573.593875297077,0.1,0,0,0.46,0.0
205,random,hard,B,0.2,1.0,648.630613134471,0.1,0,0,0.44,0.0
206,random,hard,D,0.55,0.6510996234875703,604.3629871478075,0.22,1,0,0.46,0.0
207,random,hard,D,0.55,0.872967668669062,636.6763970564393,0.22,1,0,0.46,0.0
208,random,hard,B,0.2,0.9814719999999999,712.0910259437588,0.1,0,0,0.46,0.0
209,random,simple,D,0.85,0.9760261626173214,760.6158875487088,0.22,1,0,0.46,0.0
210,random,hard,C,0.75,0.5632814676298638,723.2956417042109,0.35,1,0,0.46,0.0
211,random,simple,B,0.95,0.9688456867839998,612.2739049109088,0.1,1,0,0.48,0.0
212,random,hard,D,0.55,0.9651345010911512,695.2998601380389,0.22,1,0,0.48,0.0
213,random,hard,E,0.9,0.36825525840160683,851.4801857354408,0.6,0,0,0.46,0.0
214,random,simple,D,0.85,1.0,778.2938084630247,0.22,1,0,0.46,0.0
215,random,simple,A,0.8,0.3676383595552978,859.0658010036777,1.0,1,0,0.48,0.0
216,random,hard,B,0.2,0.8112907913699325,636.9879422255425,0.1,0,0,0.48,0.0
217,random,simple,D,0.85,0.9814719999999999,803.7490552914703,0.22,1,0,0.5,0.0
218,random,hard,C,0.75,0.5025754629428274,753.5030522893237,0.35,1,0,0.52,0.0
219,random,hard,A,0.6649999999999999,0.5204710183833238,1018.7002977493959,1.0,0,0,0.5,0.0
220,random,simple,B,0.95,0.7865273231952766,570.7245945710505,0.1,1,0,0.5,0.0
221,random,hard,B,0.2,0.9921440444118435,751.190070360953,0.1,1,0,0.52,0.0
222,random,hard,D,0.55,0.8179540998455295,634.7132930834867,0.22,0,0,0.5,0.0
223,random,simple,C,0.75,0.5652251123954657,727.4543029622711,0.35,1,0,0.5,0.0
224,random,hard,A,0.6649999999999999,0.5746691681702796,1052.1615402703185,1.0,0,0,0.48,0.0
225,random,hard,D,0.55,0.8574128163299326,714.1644404654604,0.22,0,0,0.48,0.0
226,random,hard,E,0.9,0.36989139275085997,812.1265243972563,0.6,0,0,0.48,0.0
227,random,simple,C,0.75,0.6389628772590392,647.9961766834588,0.35,1,0,0.5,0.0
228,random,hard,A,0.6649999999999999,0.6446264336867764,1154.271725926466,1.0,1,0,0.52,0.0
229,random,simple,B,0.95,0.6568092519506896,518.1079463140812,0.1,1,0,0.54,0.0
230,random,hard,B,0.2,0.8779921417166068,598.0153954237811,0.1,0,0,0.54,0.0
231,random,hard,A,0.6649999999999999,0.7392948650173949,1284.0723245376942,1.0,0,0,0.52,0.0
232,random,hard,C,0.75,0.6372011039799559,680.0962411750252,0.35,0,0,0.5,0.0
233,random,hard,B,0.2,0.8983270607998994,581.0904063700892,0.1,1,0,0.52,0.0
234,random,hard,E,0.9,0.43302571526161104,951.8446896149129,0.6,1,0,0.54,0.0
235,random,hard,D,0.55,0.5387903061908564,577.918187242521,0.22,0,0,0.54,0.0
236,random,simple,A,0.8,0.6901494961960271,1436.9388409496025,1.0,0,0,0.52,0.0
237,random,hard,D,0.55,0.7172392131141991,625.5118147408091,0.22,0,0,0.52,0.0
238,random,hard,E,0.9,0.5596835122030693,1040.394193476877,0.6,1,0,0.54,0.0
239,random,hard,A,0.6649999999999999,0.7703175574716989,1388.5294824927778,1.0,0,0,0.54,0.0
240,random,hard,A,0.6649999999999999,0.977879450575095,1573.3235259519695,1.0,1,0,0.56,0.0
241,random,hard,C,0.75,0.5016603742871435,731.9351964237312,0.35,0,0,0.54,0.0
242,random,hard,E,0.9,0.6356396053366841,1153.456823516563,0.6,1,0,0.56,0.0
243,random,simple,C,0.75,0.6884857938479639,865.9096507604855,0.35,1,0,0.58,0.0
244,random,hard,D,0.55,0.5931181631593374,446.0574482578959,0.22,1,0,0.6,0.0
245,random,simple,B,0.95,0.4937432355086078,358.4769086101924,0.1,1,0,0.6,0.0
246,random,hard,A,0.6649999999999999,0.7541312132291667,1272.7550550135957,1.0,0,0,0.6,0.0
247,random,hard,C,0.75,0.7128817359965405,864.8494392197481,0.35,0,0,0.58,0.0
248,random,hard,B,0.2,0.636472190188522,519.6355821387158,0.1,0,0,0.58,0.0
249,random,hard,E,0.9,0.5597703947873098,1162.0349338570593,0.6,0,0,0.56,0.0
250,random,hard,C,0.75,0.7858089423930344,876.5779741496777,0.35,0,0,0.54,0.0
251,random,simple,C,0.75,0.9915118693058702,1144.4682570099976,0.35,1,0,0.54,0.0
252,random,hard,A,0.6649999999999999,0.6502216173950011,1223.0782815669154,1.0,0,0,0.52,0.0
253,random,hard,B,0.2,0.6358866889180828,534.6480803546525,0.1,1,0,0.52,0.0
254,random,simple,E,0.6,0.5954087034089998,1190.840121616534,0.6,1,0,0.54,0.0
255,random,simple,C,0.75,0.8946050674076569,965.2805424875153,0.35,1,0,0.56,0.0
256,random,hard,B,0.2,0.7333389736703837,575.4100470235419,0.1,0,0,0.54,0.0
257,random,hard,E,0.9,0.7057543599295379,1191.525881954595,0.6,0,0,0.52,0.0
258,random,hard,B,0.2,0.8678977012103453,591.6363832287288,0.1,0,0,0.52,0.0
259,random,simple,E,0.6,0.8465361763294341,1163.9158745826514,0.6,1,0,0.52,0.0
260,random,simple,C,0.75,0.772111647002036,897.3347385299802,0.35,1,0,0.52,0.0
261,random,simple,C,0.75,0.9794582493617918,1112.5361038892418,0.35,1,0,0.52,0.0
262,random,hard,B,0.2,0.8204742243705105,549.5199217388065,0.1,0,0,0.5,0.0
263,random,hard,D,0.55,0.352277161013852,409.173841844463,0.22,0,0,0.5,0.0
264,random,simple,C,0.75,0.9674733721090789,879.6974277210202,0.35,1,0,0.5,0.0
265,random,simple,A,0.8,0.423405962032164,1069.3431412202196,1.0,1,0,0.5,0.0
266,random,hard,D,0.55,0.5400670214704317,592.5885405391396,0.22,0,0,0.5,0.0
267,random,simple,A,0.8,0.6278855769977079,1440.1683035979913,1.0,1,0,0.5,0.0
268,random,hard,D,0.55,0.7182279014267023,594.8930098389042,0.22,0,0,0.48,0.0
269,random,hard,A,0.6649999999999999,0.786234590827025,1420.7466154246772,1.0,0,0,0.48,0.0
270,random,simple,C,0.75,0.7492985878621539,761.3178501660191,0.35,1,0,0.48,0.0
271,random,hard,A,0.6649999999999999,0.9088600671364482,1567.7169124446154,1.0,0,0,0.46,0.0
272,random,hard,E,0.9,0.4606646233225752,900.4442005752342,0.6,0,0,0.46,0.0
273,random,simple,B,0.95,0.5010825276044151,431.47733719200033,0.1,1,0,0.46,0.0
274,random,hard,E,0.9,0.6567386843010022,1155.8105916832417,0.6,1,0,0.48,0.0
275,random,hard,A,0.6649999999999999,0.8450391651510165,1498.0105108857383,1.0,0,0,0.48,0.0
276,random,hard,A,0.6649999999999999,1.0,1819.9500591580615,1.0,0,0,0.48,0.0
277,random,hard,D,0.55,0.527303604027865,566.6624731668372,0.22,0,0,0.46,0.0
278,random,hard,C,0.75,0.5694736415832601,800.9830686789269,0.35,1,0,0.46,0.0
279,random,hard,C,0.75,0.801136804593269,896.9120116670344,0.35,0,0,0.44,0.0
280,random,simple,B,0.95,0.5047802007992812,407.66500607618786,0.1,1,0,0.46,0.0
281,random,hard,B,0.2,0.7442065767033674,503.89535111039027,0.1,0,0,0.46,0.0
282,random,hard,A,0.6649999999999999,0.764404086784,1577.0696341982054,1.0,0,0,0.46,0.0
283,random,hard,D,0.55,0.5448819486864726,564.1745529095645,0.22,1,0,0.46,0.0
284,random,hard,E,0.9,0.4829023645609597,1010.8103090101429,0.6,1,0,0.46,0.0
285,random,simple,B,0.95,0.7462972309304935,477.7880093484854,0.1,1,0,0.48,0.0
286,random,simple,A,0.8,0.7584095840094021,1497.9650118309646,1.0,0,0,0.48,0.0
287,random,hard,C,0.75,0.5881164540241207,735.7721633588152,0.35,1,0,0.5,0.0
288,random,hard,B,0.2,0.8085806665566653,626.0789431807841,0.1,0,0,0.48,0.0
289,random,hard,B,0.2,1.0,565.1621278868885,0.1,1,0,0.5,0.0
290,random,hard,A,0.6649999999999999,0.7548147085099686,1539.3137912585005,1.0,0,0,0.48,0.0
291,random,simple,D,0.85,0.49595836069097055,461.56075625520725,0.22,0,0,0.48,0.0
292,random,hard,B,0.2,0.9814719999999999,647.8974591714232,0.1,0,0,0.46,0.0
293,random,hard,E,0.9,0.45282815891758565,1073.2874718841135,0.6,0,0,0.44,0.0
294,random,simple,B,0.95,1.0,692.6891486939353,0.1,1,0,0.44,0.0
295,random,hard,B,0.2,1.0,829.0853480449963,0.1,0,0,0.42,0.0
296,random,hard,C,0.75,0.48612614369648444,746.9231324160952,0.35,0,0,0.42,0.0
297,random,hard,D,0.55,0.5303250895795798,504.3463768480938,0.22,0,0,0.42,0.0
298,random,hard,E,0.9,0.5389718722865925,1036.2522685761683,0.6,0,0,0.42,0.0
299,random,simple,B,0.95,0.8996953599999999,618.8901399060871,0.1,0,0,0.42,0.0
300,random,simple,A,0.8,0.5102166330262786,1195.2036487476564,1.0,1,0,0.44,0.0
301,random,hard,E,0.9,0.6672942397508888,912.1002212326689,0.6,0,0,0.42,0.0
302,random,simple,E,0.6,0.8872189309807821,1336.4216065325797,0.6,1,0,0.44,0.0
303,random,hard,E,0.9,1.0,1727.5935839398985,0.6,1,0,0.44,0.0
304,random,hard,D,0.55,0.516730922253866,665.4592399646763,0.22,0,0,0.42,0.0
305,random,hard,E,0.9,1.0,1481.164936058875,0.6,0,0,0.4,0.0
306,random,hard,A,0.6649999999999999,0.5369466895225762,1293.2733982904595,1.0,0,0,0.4,0.0
307,random,simple,D,0.85,0.6521376550501865,557.2359086853621,0.22,1,0,0.42,0.0
308,random,simple,B,0.95,0.5847341316717392,498.21880225671316,0.1,1,0,0.44,0.0
309,random,simple,B,0.95,0.8145660358711304,569.8908337740946,0.1,0,0,0.42,0.0
310,random,simple,A,0.8,0.6220044382740495,1243.8176619682658,1.0,0,0,0.4,0.0
311,random,hard,E,0.9,0.764404086784,1307.8816576186011,0.6,1,0,0.4,0.0
312,random,hard,E,0.9,0.9726755963699198,1358.451660945128,0.6,0,0,0.4,0.0
313,random,hard,C,0.75,0.3553292017363286,572.3281366357935,0.35,1,0,0.42,0.0
314,random,simple,D,0.85,0.5665127450929162,516.0611947340101,0.22,0,0,0.4,0.0
315,random,simple,E,0.6,0.9628511840094021,1425.4510675802032,0.6,1,0,0.4,0.0
316,random,hard,A,0.6649999999999999,0.5888614031322549,1293.977898760594,1.0,0,0,0.4,0.0
317,random,hard,A,0.6649999999999999,0.8181980347563842,1323.3905311399205,1.0,0,0,0.38,0.0
318,random,hard,B,0.2,0.5577925409252494,424.5175568612753,0.1,0,0,0.38,0.0
319,random,simple,B,0.95,0.7908574360142195,651.3950878280802,0.1,1,0,0.4,0.0
320,random,simple,E,0.6,0.8081273009304313,1393.445666164546,0.6,1,0,0.4,0.0
321,random,simple,B,0.95,0.9124399984494116,577.0443473134484,0.1,1,0,0.42,0.0
322,random,simple,D,0.85,0.503737541877767,473.1328912610755,0.22,1,0,0.44,0.0
323,random,simple,B,0.95,1.0,617.7257244630473,0.1,0,0,0.42,0.0
324,random,hard,E,0.9,0.7846301926573034,1394.1104637808137,0.6,0,0,0.4,0.0
325,random,simple,D,0.85,0.6432830301385256,562.4552438394442,0.22,1,0,0.42,0.0
326,random,hard,A,0.6649999999999999,0.5589419900552587,1323.3986617896987,1.0,1,0,0.44,0.0
327,random,simple,C,0.75,0.3593455706618623,590.2368341209624,0.35,0,0,0.44,0.0
328,random,simple,E,0.6,0.770539085852491,1219.7003678771698,0.6,1,0,0.44,0.0
329,random,simple,C,0.75,0.5782772099205462,570.3936866261736,0.35,1,0,0.46,0.0
330,random,simple,D,0.85,0.6394809865399163,567.6512031350522,0.22,1,0,0.46,0.0
331,random,hard,A,0.6649999999999999,0.5949715277918682,1087.6320512596803,1.0,0,0,0.46,0.0
332,random,simple,A,0.8,0.8235749444568441,1583.0328636540519,1.0,1,0,0.48,0.0
333,random,hard,A,0.6649999999999999,1.0,1582.5052742277878,1.0,0,0,0.46,0.0
334,random,simple,B,0.95,0.5450808588882738,438.9102680458268,0.1,1,0,0.46,0.0
335,random,simple,B,0.95,0.7796711558216809,526.0271208502223,0.1,0,0,0.44,0.0
336,random,hard,E,0.9,0.5771124579846478,1096.797392558181,0.6,0,0,0.44,0.0
337,random,simple,D,0.85,0.561340273541425,581.7424497994143,0.22,1,0,0.44,0.0
338,random,hard,A,0.6649999999999999,0.8277319167999999,1495.0061046701587,1.0,0,0,0.44,0.0
339,random,hard,C,0.75,0.461050767366866,670.3609786524254,0.35,1,0,0.44,0.0
340,random,simple,C,0.75,0.7057246752828421,870.2946455958875,0.35,1,0,0.46,0.0
341,random,hard,A,0.6649999999999999,0.8640761248055295,1623.4357626522124,1.0,0,0,0.46,0.0
342,random,hard,E,0.9,0.56801338402203,967.458485220227,0.6,0,0,0.46,0.0
343,random,hard,B,0.2,0.5803966656285082,445.0721064105857,0.1,0,0,0.46,0.0
344,random,hard,A,0.6649999999999999,0.8888436849234738,1538.9953562868993,1.0,0,0,0.44,0.0
345,random,simple,D,0.85,0.5018773425292764,489.49319917798965,0.22,1,0,0.46,0.0
346,random,simple,B,0.95,0.6955240765191907,460.00750205436276,0.1,1,0,0.48,0.0
347,random,hard,A,0.6649999999999999,0.9057220836521696,1564.931777246464,1.0,1,0,0.5,0.0
348,random,hard,A,0.6649999999999999,1.0,1871.852840664892,1.0,0,0,0.5,0.0
349,random,hard,D,0.55,0.6009735136039377,549.593802258887,0.22,0,0,0.5,0.0
350,random,simple,C,0.75,0.49654501086019,686.4551085781408,0.35,1,0,0.5,0.0
351,random,hard,D,0.55,0.7653938889348892,760.8372760163619,0.22,1,0,0.52,0.0
352,random,simple,B,0.95,0.6230042235921798,498.85940444099197,0.1,1,0,0.52,0.0
353,random,hard,B,0.2,0.8482437167611181,640.2088097392965,0.1,0,0,0.5,0.0
354,random,simple,C,0.75,0.5977757390440055,824.611090903182,0.35,1,0,0.52,0.0
355,random,hard,D,0.55,0.7590031637666085,706.0111291642371,0.22,0,0,0.52,0.0
356,random,simple,E,0.6,0.3948671774051845,952.208522507893,0.6,1,0,0.54,0.0
357,random,hard,A,0.6649999999999999,0.6164783818288659,1108.0272782508512,1.0,0,0,0.52,0.0
358,random,hard,B,0.2,0.7476452825599011,616.9674655221075,0.1,0,0,0.5,0.0
359,random,hard,B,0.2,0.957927848652713,675.2189859109745,0.1,0,0,0.5,0.0
360,random,simple,B,0.95,1.0,702.3607708412409,0.1,0,0,0.5,0.0
361,random,hard,B,0.2,1.0,741.6119977735416,0.1,0,0,0.48,0.0
362,random,hard,A,0.6649999999999999,0.6253353181083097,1319.0928755864688,1.0,0,0,0.48,0.0
363,random,hard,D,0.55,0.5729637421270979,561.9362883392718,0.22,1,0,0.48,0.0
364,random,hard,E,0.9,0.44200786970741424,855.662380953728,0.6,1,0,0.5,0.0
365,random,hard,E,0.9,0.6889669253425246,1013.3017059596916,0.6,0,0,0.48,0.0
366,random,hard,C,0.75,0.42892298456178024,545.9919776712678,0.35,0,0,0.48,0.0
367,random,simple,B,0.95,0.764404086784,571.5143133819781,0.1,1,0,0.5,0.0
368,random,hard,B,0.2,0.9726755963699198,678.77756770021,0.1,0,0,0.5,0.0
369,random,simple,D,0.85,0.5660867034228781,498.64070961912864,0.22,1,0,0.5,0.0
370,random,hard,C,0.75,0.5572231236390512,710.4448061895587,0.35,0,0,0.48,0.0
371,random,simple,C,0.75,0.790356348802365,806.2363827499313,0.35,1,0,0.48,0.0
372,random,simple,D,0.85,0.6857722379549955,643.0118429234205,0.22,1,0,0.48,0.0
373,random,hard,D,0.55,0.9034795694003961,805.1836137674975,0.22,0,0,0.48,0.0
374,random,hard,C,0.75,0.8386057217310454,865.7127432069948,0.35,0,0,0.48,0.0
375,random,hard,E,0.9,0.49187796114608995,1019.032554967241,0.6,0,0,0.46,0.0
376,random,hard,B,0.2,0.6498077258904312,473.36503261258827,0.1,0,0,0.44,0.0
377,random,hard,C,0.75,0.871486318399499,900.4125961850419,0.35,1,0,0.46,0.0
378,random,hard,E,0.9,0.6352010579381482,1055.998512925897,0.6,0,0,0.44,0.0
379,random,simple,E,0.6,0.8589769309855704,1533.7824239617762,0.6,1,0,0.44,0.0
380,random,simple,B,0.95,0.6896866781086435,492.66856686283234,0.1,1,0,0.44,0.0
381,random,hard,B,0.2,0.9069242767356063,599.4242148042338,0.1,1,0,0.46,0.0
382,random,hard,D,0.55,0.585931752139278,530.2749151540291,0.22,0,0,0.44,0.0
383,random,hard,A,0.6649999999999999,0.3426824237251337,859.8066569102194,1.0,0,0,0.44,0.0
384,random,hard,C,0.75,0.6561551909001412,862.743755434163,0.35,1,0,0.44,0.0
385,random,hard,A,0.6649999999999999,0.5653732689327435,1112.052458254341,1.0,0,0,0.44,0.0
386,random,hard,E,0.9,0.6510429095385315,1047.9311373396495,0.6,0,0,0.44,0.0
387,random,hard,E,0.9,0.8729177603939078,1415.1174555605062,0.6,0,0,0.42,0.0
388,random,simple,D,0.85,0.5721091002699903,539.3930016817519,0.22,0,0,0.42,0.0
389,random,hard,C,0.75,0.6462740366120014,809.5636433761626,0.35,0,0,0.4,0.0
390,random,simple,A,0.8,0.5983655189213586,1217.1701519700628,1.0,0,0,0.38,0.0
391,random,hard,D,0.55,0.6898763327791908,624.8244585331763,0.22,0,0,0.38,0.0
392,random,hard,E,0.9,0.7606665629014401,1078.675393899603,0.6,0,0,0.38,0.0
393,random,hard,D,0.55,0.8342402321042053,664.9958637840035,0.22,0,0,0.38,0.0
394,random,hard,A,0.6649999999999999,0.658837025281131,1251.4249561098327,1.0,0,0,0.38,0.0
395,random,hard,B,0.2,0.4514706319856866,365.4054255916435,0.1,1,0,0.38,0.0
396,random,hard,E,0.9,0.7561682082791417,1121.0763595316255,0.6,0,0,0.36,0.0
397,random,hard,A,0.6649999999999999,0.7489789852923829,1311.0440714899103,1.0,0,0,0.34,0.0
398,random,hard,A,0.6649999999999999,0.959101507057297,1564.2256630591014,1.0,0,0,0.34,0.0
399,random,hard,D,0.55,0.6874245731488255,602.2820001566688,0.22,0,0,0.34,0.0
400,random,hard,D,0.55,0.9049336243709665,713.226138615591,0.22,1,0,0.34,0.0
401,random,hard,C,0.75,0.4393826684536537,593.9463907531303,0.35,1,0,0.34,0.0
402,random,hard,A,0.6649999999999999,0.8751687235512684,1685.1463702957622,1.0,1,0,0.34,0.0
403,random,simple,C,0.75,0.6402579384505094,784.4599359043714,0.35,1,0,0.36,0.0
404,random,simple,A,0.8,0.9777306595181023,1540.7759347728627,1.0,1,0,0.36,0.0
405,random,hard,D,0.55,0.7775623561660613,669.2990217192541,0.22,0,0,0.36,0.0
406,random,hard,D,0.55,0.9842548734261338,696.226220280177,0.22,0,0,0.34,0.0
407,random,hard,D,0.55,1.0,821.1299587055616,0.22,1,0,0.36,0.0
408,random,hard,E,0.9,0.46308367147517204,957.1560057061096,0.6,0,0,0.36,0.0
409,random,hard,D,0.55,1.0,778.5876366155165,0.22,0,0,0.36,0.0
410,random,simple,B,0.95,0.3663543787056558,340.2015287288868,0.1,1,0,0.38,0.0
411,random,simple,E,0.6,0.6155785557675284,1043.5755322407135,0.6,1,0,0.4,0.0
412,random,hard,C,0.75,0.502627796313903,637.3944779878289,0.35,0,0,0.4,0.0
413,random,hard,B,0.2,0.5496602511653006,428.87452882040174,0.1,0,0,0.38,0.0
414,random,hard,A,0.6649999999999999,0.572298942950108,1050.2790842370428,1.0,1,0,0.38,0.0
415,random,hard,D,0.55,0.764404086784,618.4644655824867,0.22,0,0,0.38,0.0
416,random,hard,D,0.55,0.9726755963699198,833.4748487190533,0.22,0,0,0.38,0.0
417,random,hard,E,0.9,0.5858771970350327,1065.3075974288622,0.6,0,0,0.36,0.0
418,random,simple,E,0.6,0.8155719333908287,1216.8044500578378,0.6,1,0,0.38,0.0
419,random,hard,A,0.6649999999999999,0.6020204181456743,1324.8932251246056,1.0,0,0,0.36,0.0
420,random,hard,D,0.55,0.8833090419282739,855.2261819701149,0.22,0,0,0.36,0.0
421,random,hard,A,0.6649999999999999,0.7662046118120103,1295.4057161252733,1.0,0,0,0.34,0.0
422,random,hard,B,0.2,0.4739555868444424,405.9351085575531,0.1,0,0,0.32,0.0
423,random,hard,A,0.6649999999999999,0.8933488513872208,1533.9989725269745,1.0,0,0,0.32,0.0
424,random,hard,E,0.9,0.6787549389330292,933.5814096183166,0.6,0,0,0.32,0.0
425,random,hard,A,0.6649999999999999,0.9918093505142638,1578.829156025191,1.0,0,0,0.32,0.0
426,random,hard,D,0.55,0.71021232896475,678.5733381899363,0.22,0,0,0.32,0.0
427,random,hard,A,0.6649999999999999,1.0,1667.1134525414998,1.0,1,0,0.32,0.0
428,random,simple,B,0.95,0.520106911484668,420.89369988955036,0.1,1,0,0.34,0.0
429,random,simple,D,0.85,0.7839898162442661,722.1955277608196,0.22,1,0,0.34,0.0
430,random,hard,B,0.2,0.702770792253727,549.4358817030854,0.1,0,0,0.32,0.0
431,random,hard,E,0.9,0.5773905794574843,1193.6377346948393,0.6,0,0,0.3,0.0
432,random,hard,D,0.55,0.8342671080556125,707.774682662112,0.22,0,0,0.3,0.0
433,random,simple,E,0.6,0.7471312647318757,1276.9761897537328,0.6,1,0,0.32,0.0
434,random,hard,C,0.75,0.33019015130316737,654.9473427336842,0.35,0,0,0.3,0.0
435,random,hard,A,0.6649999999999999,0.6596345248055295,1399.214291955799,1.0,0,0,0.3,0.0
436,random,hard,A,0.6649999999999999,0.880478381828866,1469.4349350638058,1.0,0,0,0.3,0.0
437,random,simple,C,0.75,0.5250153427888721,780.8278187693528,0.35,1,0,0.32,0.0
438,random,hard,E,0.9,0.694285014438161,1121.433228005574,0.6,0,0,0.32,0.0
439,random,simple,E,0.6,0.9109708127055818,1357.400569894758,0.6,1,0,0.34,0.0
440,random,hard,A,0.6649999999999999,0.8280188001630793,1312.6991251148413,1.0,0,0,0.34,0.0
441,random,simple,E,0.6,1.0,1580.5317293861535,0.6,1,0,0.36,0.0
442,random,hard,C,0.75,0.5770673531993805,632.1270589248968,0.35,0,0,0.36,0.0
443,random,simple,B,0.95,0.4333793023579102,410.2715903780491,0.1,1,0,0.38,0.0
444,random,simple,E,0.6,0.9814719999999999,1368.516302520581,0.6,1,0,0.4,0.0
445,random,hard,E,0.9,1.0,1845.326542952923,0.6,0,0,0.38,0.0
446,random,simple,C,0.75,0.6460646141211497,649.3346930391549,0.35,1,0,0.4,0.0
447,random,hard,A,0.6649999999999999,0.638391076962152,1277.8115920640364,1.0,0,0,0.4,0.0
448,random,simple,D,0.85,0.4079015978066709,476.87523315442564,0.22,1,0,0.42,0.0
449,random,hard,A,0.6649999999999999,0.7943700499994906,1478.529138332758,1.0,0,0,0.42,0.0
450,random,simple,D,0.85,0.615878997341486,524.3310831704125,0.22,1,0,0.42,0.0
451,random,simple,D,0.85,0.8419735176605077,701.2783050059448,0.22,1,0,0.42,0.0
452,random,hard,D,0.55,1.0,792.8159271244989,0.22,1,0,0.42,0.0
453,random,hard,B,0.2,0.4206965586889518,445.99282192310017,0.1,0,0,0.4,0.0
454,random,hard,E,0.9,0.6164783818288659,1109.0961148480292,0.6,1,0,0.4,0.0
455,random,hard,C,0.75,0.5044654836339523,647.7233668588902,0.35,0,0,0.4,0.0
456,random,simple,C,0.75,0.743929625597878,819.2945285622368,0.35,1,0,0.42,0.0
457,random,hard,B,0.2,0.552289774213732,462.5316447050545,0.1,0,0,0.4,0.0
458,random,hard,A,0.6649999999999999,0.5514009479971542,964.463867175399,1.0,0,0,0.4,0.0
459,random,hard,E,0.9,0.6253353181083097,1005.8657690741934,0.6,1,0,0.42,0.0
460,random,hard,B,0.2,0.6763700170129805,501.11553834162015,0.1,0,0,0.4,0.0
461,random,hard,E,0.9,0.784259670343075,1195.355448610609,0.6,0,0,0.38,0.0
462,random,hard,A,0.6649999999999999,0.6306725900134946,1188.982734660358,1.0,0,0,0.38,0.0
463,random,hard,E,0.9,0.9073306887136774,1355.1019062752525,0.6,1,0,0.4,0.0
464,random,hard,B,0.2,0.7056159608458055,410.5488072548674,0.1,0,0,0.38,0.0
465,random,hard,A,0.6649999999999999,0.7297857112616762,1318.9244230127513,1.0,0,0,0.38,0.0
466,random,hard,E,0.9,0.9183204590990872,1369.640778356137,0.6,1,0,0.4,0.0
467,random,hard,E,0.9,1.0,1478.6478202169837,0.6,0,0,0.4,0.0
468,random,simple,B,0.95,0.7231546176611712,485.5097985666421,0.1,1,0,0.4,0.0
469,random,hard,A,0.6649999999999999,0.737649104837927,1312.9074735140337,1.0,0,0,0.4,0.0
470,random,hard,E,0.9,0.9814719999999999,1391.9447889253674,0.6,0,0,0.4,0.0
471,random,hard,E,0.9,1.0,1515.342493759364,0.6,0,0,0.4,0.0
472,random,hard,C,0.75,0.39621761961203744,599.2756822744067,0.35,1,0,0.42,0.0
473,random,hard,A,0.6649999999999999,0.7423647454794584,1366.1948099601539,1.0,0,0,0.42,0.0
474,random,hard,A,0.6649999999999999,0.9532809760219234,1303.509910441012,1.0,1,0,0.44,0.0
475,random,simple,C,0.75,0.5700112136722544,676.4161717726348,0.35,1,0,0.46,0.0
476,random,hard,B,0.2,0.5600713672834998,372.2707184027613,0.1,1,0,0.48,0.0
477,random,hard,B,0.2,0.7928628032094798,502.28596146152955,0.1,0,0,0.46,0.0
478,random,simple,E,0.6,0.70867559636992,1270.062480593859,0.6,1,0,0.46,0.0
479,random,simple,D,0.85,0.33169802094620415,463.1754135287425,0.22,1,0,0.46,0.0
480,random,hard,D,0.55,0.5918942584326596,596.469650145645,0.22,0,0,0.46,0.0
481,random,hard,D,0.55,0.8208669474207404,680.2983080677267,0.22,1,0,0.48,0.0
482,random,hard,E,0.9,0.7249894668882739,1163.8282690878975,0.6,0,0,0.48,0.0
483,random,simple,E,0.6,0.937990730861681,1216.8568197284947,0.6,1,0,0.48,0.0
484,random,simple,D,0.85,0.8593978403927067,675.6611357708224,0.22,1,0,0.5,0.0
485,random,simple,E,0.6,1.0,1454.6142630298923,0.6,1,0,0.52,0.0
486,random,hard,C,0.75,0.4396988378227435,580.1259251584734,0.35,0,0,0.52,0.0
487,random,simple,D,0.85,0.8856555650880986,720.2265285776518,0.22,1,0,0.52,0.0
488,random,hard,B,0.2,0.4943154967911437,492.0622137252941,0.1,1,0,0.54,0.0
489,random,hard,D,0.55,0.9858516696042237,775.4357900509143,0.22,0,0,0.52,0.0
490,random,hard,E,0.9,0.8277319167999999,1113.2665326290041,0.6,0,0,0.52,0.0
491,random,hard,E,0.9,1.0,1498.4230623425872,0.6,0,0,0.5,0.0
492,random,hard,D,0.55,0.9718303089885294,738.0955584443882,0.22,1,0,0.52,0.0
493,random,hard,E,0.9,1.0,1506.564366606138,0.6,0,0,0.5,0.0
494,random,hard,C,0.75,0.458130882597926,718.6586296219695,0.35,0,0,0.48,0.0
495,random,hard,A,0.6649999999999999,0.3650664393477123,896.0848844731944,1.0,0,0,0.48,0.0
496,random,hard,A,0.6649999999999999,0.6212584666259868,1411.2356630156808,1.0,1,0,0.48,0.0
497,random,hard,A,0.6649999999999999,0.8467074506308685,1630.927899734907,1.0,0,0,0.48,0.0
498,random,hard,B,0.2,0.43766734831290605,451.34308552393253,0.1,0,0,0.46,0.0
499,random,hard,B,0.2,0.6851472665153573,558.8661720463709,0.1,0,0,0.46,0.0
500,random,hard,E,0.9,0.70867559636992,1209.12548942136,0.6,0,0,0.44,0.0
501,random,hard,D,0.55,0.6075632836009366,526.0731838178444,0.22,1,0,0.44,0.0
502,random,hard,A,0.6649999999999999,0.7468345458902697,1502.6532934706236,1.0,0,0,0.42,0.0
503,random,hard,C,0.75,0.4449885203904218,717.1140937440673,0.35,1,0,0.44,0.0
504,random,hard,D,0.55,0.7140373660020976,666.1762006047019,0.22,0,0,0.42,0.0
505,random,hard,E,0.9,0.673990730861681,950.5359657597005,0.6,0,0,0.42,0.0
506,random,hard,C,0.75,0.6032472169675016,648.6029571462452,0.35,0,0,0.4,0.0
507,random,hard,E,0.9,0.8219384219792858,1232.9750537434809,0.6,1,0,0.42,0.0
508,random,hard,B,0.2,0.5168342982212512,365.54899690646624,0.1,1,0,0.44,0.0
509,random,hard,A,0.6649999999999999,0.6052130534313643,1305.736593647001,1.0,0,0,0.42,0.0
510,random,hard,B,0.2,0.700236480542537,468.97730647233254,0.1,0,0,0.42,0.0
511,random,hard,E,0.9,0.7929126578666996,1223.6654092871422,0.6,1,0,0.44,0.0
512,random,simple,A,0.8,0.7124357499479786,1186.613210060687,1.0,0,0,0.44,0.0
513,random,hard,C,0.75,0.5465324161526883,778.4245480590874,0.35,1,0,0.44,0.0
514,random,simple,A,0.8,0.8517102447597147,1663.7571559027783,1.0,1,0,0.46,0.0
515,random,simple,B,0.95,0.669537140089999,544.1629629494723,0.1,1,0,0.48,0.0
516,random,hard,C,0.75,0.6724465387004048,838.8712993050935,0.35,0,0,0.46,0.0
517,random,hard,C,0.75,0.8917529540563562,976.8089651643915,0.35,0,0,0.46,0.0
518,random,hard,D,0.55,0.41925548126137896,523.3418439177262,0.22,0,0,0.44,0.0
519,random,hard,E,0.9,0.58515876692418,1016.714981818101,0.6,1,0,0.46,0.0
520,random,simple,D,0.85,0.6246714446888119,606.2340489160157,0.22,1,0,0.48,0.0
521,random,hard,A,0.6649999999999999,0.648073192211547,1160.4102879679645,1.0,0,0,0.48,0.0
522,random,hard,B,0.2,0.573623490018091,488.5279484960807,0.1,1,0,0.48,0.0
523,random,simple,B,0.95,0.80478867121592,489.4883149601386,0.1,1,0,0.5,0.0
524,random,hard,A,0.6649999999999999,0.7416437344427873,1347.7228043757132,1.0,0,0,0.48,0.0
525,random,simple,A,0.8,0.9526464863096529,1503.6474518429125,1.0,1,0,0.48,0.0
526,random,simple,A,0.8,1.0,1952.4488281083986,1.0,0,0,0.46,0.0
527,random,hard,C,0.75,0.5483540680639627,782.988403813394,0.35,0,0,0.46,0.0
528,random,hard,A,0.6649999999999999,1.0,1781.5002932033597,1.0,1,0,0.46,0.0
529,random,hard,B,0.2,0.6737471479101382,518.3436512927408,0.1,0,0,0.44,0.0
530,random,hard,E,0.9,0.4434112131837813,916.4720610567047,0.6,0,0,0.44,0.0
531,random,hard,D,0.55,0.4530950141873129,476.27264693707355,0.22,0,0,0.42,0.0
532,random,hard,D,0.55,0.6987236124848353,675.1358363587518,0.22,0,0,0.42,0.0
533,random,hard,A,0.6649999999999999,0.8277319167999999,1284.8193065972919,1.0,1,0,0.42,0.0
534,random,hard,A,0.6649999999999999,1.0,1745.749703364786,1.0,0,0,0.4,0.0
535,random,simple,C,0.75,0.49720705469336224,642.6959175536762,0.35,1,0,0.4,0.0
536,random,hard,B,0.2,0.5753440174747084,499.89744782400595,0.1,0,0,0.4,0.0
537,random,hard,D,0.55,0.6687387513300425,555.5644072388119,0.22,1,0,0.4,0.0
538,random,simple,A,0.8,0.8996953599999999,1585.8828932145157,1.0,0,0,0.38,0.0
539,random,hard,A,0.6649999999999999,1.0,1701.9711414140386,1.0,0,0,0.38,0.0
540,random,simple,D,0.85,0.7557267343463866,701.1755335313867,0.22,1,0,0.4,0.0
541,random,simple,D,0.85,0.9650395262248201,764.1066566532439,0.22,1,0,0.42,0.0
542,random,hard,B,0.2,0.5671921130219797,411.03270589735456,0.1,0,0,0.4,0.0
543,random,hard,C,0.75,0.4788128228446043,694.4815300931305,0.35,0,0,0.4,0.0
544,random,hard,D,0.55,0.9576474160154806,824.9343379081743,0.22,1,0,0.42,0.0
545,random,hard,D,0.55,1.0,788.938480872326,0.22,0,0,0.42,0.0
546,random,simple,B,0.95,0.6401424784078769,485.02071992673046,0.1,1,0,0.42,0.0
547,random,hard,D,0.55,1.0,768.0493189880368,0.22,1,0,0.44,0.0
548,random,simple,B,0.95,0.7957263352790598,451.73566342066437,0.1,1,0,0.46,0.0
549,random,hard,E,0.9,0.33908205957390103,769.1187004581664,0.6,0,0,0.46,0.0
550,random,hard,E,0.9,0.5983922124250329,1078.231717840894,0.6,0,0,0.46,0.0
551,random,hard,C,0.75,0.47219762201451354,692.4584300302544,0.35,1,0,0.46,0.0
552,random,hard,B,0.2,0.7771933910966565,565.9725796432064,0.1,0,0,0.46,0.0
553,random,simple,E,0.6,0.7077875377857121,928.2116250578072,0.6,1,0,0.46,0.0
554,random,simple,D,0.85,0.70867559636992,655.2943785054262,0.22,1,0,0.48,0.0
555,random,hard,D,0.55,0.9236345248055295,792.116899554662,0.22,0,0,0.48,0.0
556,random,hard,E,0.9,0.7823373889499048,1234.476292386042,0.6,1,0,0.5,0.0
557,random,simple,A,0.8,0.40015856616501755,1037.7804309303112,1.0,1,0,0.5,0.0
558,random,simple,A,0.8,0.6521395382252154,1256.1258574599776,1.0,1,0,0.5,0.0
559,random,hard,B,0.2,0.6176199726011866,457.47596153013836,0.1,0,0,0.5,0.0
560,random,hard,B,0.2,0.8435055758890442,561.4188432745069,0.1,0,0,0.5,0.0
561,random,hard,B,0.2,1.0,649.6534233787293,0.1,1,0,0.5,0.0
562,random,hard,B,0.2,1.0,608.0790170601549,0.1,0,0,0.5,0.0
563,random,hard,C,0.75,0.4018394069161194,658.3061697832125,0.35,0,0,0.48,0.0
564,random,simple,E,0.6,0.5813555351125979,991.9222972755236,0.6,1,0,0.48,0.0
565,random,simple,D,0.85,0.5572331166343203,598.3879440124377,0.22,1,0,0.48,0.0
566,random,hard,D,0.55,0.7903651426382019,613.0792790108375,0.22,1,0,0.5,0.0
567,random,simple,B,0.95,0.8277319167999999,518.8256623688105,0.1,1,0,0.52,0.0
568,random,hard,E,0.9,0.648636216917342,1046.187949523213,0.6,0,0,0.52,0.0
569,random,simple,D,0.85,0.8386117144839407,609.3287603793161,0.22,1,0,0.52,0.0
570,random,simple,B,0.95,0.8640761248055295,628.7602933186256,0.1,1,0,0.52,0.0
571,random,hard,A,0.6649999999999999,0.4237699654101236,905.0166002450924,1.0,0,0,0.52,0.0
572,random,simple,E,0.6,0.6889841296132835,1041.4993372235972,0.6,1,0,0.52,0.0
573,random,simple,B,0.95,0.8888436849234738,508.71374920524727,0.1,1,0,0.52,0.0
574,random,hard,C,0.75,0.39848314698215714,591.9787457613827,0.35,1,0,0.54,0.0
575,random,simple,D,0.85,0.6894547074312789,578.3134438432965,0.22,1,0,0.54,0.0
576,random,hard,E,0.9,0.7131805856427247,1292.3660364642756,0.6,0,0,0.54,0.0
577,random,hard,A,0.6649999999999999,0.49680050379277574,1057.3709730513733,1.0,0,0,0.54,0.0
578,random,hard,D,0.55,0.7698440783826086,682.2788838875097,0.22,1,0,0.54,0.0
579,random,simple,C,0.75,0.5102922749693899,654.9081512736188,0.35,1,0,0.56,0.0
580,random,hard,B,0.2,0.6632487230157379,495.17809565034577,0.1,0,0,0.56,0.0
581,random,simple,E,0.6,0.6763681574857816,1008.2747364523653,0.6,1,0,0.58,0.0
582,random,simple,E,0.6,0.8952039785874879,1189.4169127234038,0.6,1,0,0.6,0.0
583,random,hard,C,0.75,0.6060199095429872,732.0995542333475,0.35,1,0,0.6,0.0
584,random,simple,A,0.8,0.5030302421643893,1280.0365777076008,1.0,1,0,0.62,0.0
585,random,hard,E,0.9,0.9100564456959725,1382.2622860536146,0.6,0,0,0.6,0.0
586,random,hard,A,0.6649999999999999,0.6895466195321031,1219.1894646305466,1.0,0,0,0.6,0.0
587,random,hard,C,0.75,0.6634273278205491,935.3604885624437,0.35,1,0,0.6,0.0
588,random,hard,E,0.9,0.9201779861613257,1379.4210277608686,0.6,0,0,0.6,0.0
589,random,hard,C,0.75,0.8137581226642332,876.6606570889552,0.35,1,0,0.62,0.0
590,random,simple,D,0.85,0.466033162187254,524.2258280905631,0.22,0,0,0.6,0.0
591,random,hard,B,0.2,0.462549566693248,471.8722676426971,0.1,0,0,0.58,0.0
592,random,hard,E,0.9,0.8518264686750914,1338.8330787262514,0.6,0,0,0.58,0.0
593,random,simple,D,0.85,0.6175885511020723,571.4205863580253,0.22,1,0,0.6,0.0
594,random,hard,B,0.2,0.6152145783135811,508.5369270396656,0.1,0,0,0.58,0.0
595,random,simple,B,0.95,0.8413888289159512,617.8881772576958,0.1,0,0,0.58,0.0
596,random,simple,D,0.85,0.7208693050966314,649.5577354534363,0.22,1,0,0.58,0.0
597,random,hard,B,0.2,0.9515715091125128,643.2958137369739,0.1,0,0,0.56,0.0
598,random,hard,D,0.55,0.8582411898668314,725.4848102381054,0.22,0,0,0.54,0.0
599,random,simple,E,0.6,0.648120690089476,1181.5876615123373,0.6,1,0,0.56,0.0
600,random,hard,E,0.9,0.8703462072787389,1479.9040698074605,0.6,0,0,0.56,0.0
601,random,simple,A,0.8,0.40134532411642787,921.9336980615623,1.0,1,0,0.56,0.0
602,random,hard,E,0.9,0.9739961029166553,1521.2846889564466,0.6,0,0,0.56,0.0
603,random,simple,A,0.8,0.6108018189957618,1245.3588202694734,1.0,0,0,0.54,0.0
604,random,hard,D,0.55,0.6985707160205195,592.3042540200938,0.22,0,0,0.52,0.0
605,random,hard,B,0.2,0.6422179674981592,508.99195849708855,0.1,0,0,0.52,0.0
606,random,hard,D,0.55,0.8409731624862904,725.4576679045134,0.22,0,0,0.5,0.0
607,random,simple,A,0.8,0.6662950167313182,1308.9629632894785,1.0,1,0,0.5,0.0
608,random,hard,E,0.9,0.7523277707061842,1086.1610226283674,0.6,1,0,0.5,0.0
609,random,hard,A,0.6649999999999999,0.8159788609567329,1663.0590866793316,1.0,0,0,0.5,0.0
610,random,hard,C,0.75,0.3555432709388537,632.3823995199092,0.35,1,0,0.52,0.0
611,random,hard,B,0.2,0.5982486487122591,487.3147211392078,0.1,0,0,0.5,0.0
612,random,hard,B,0.2,0.8264588108667881,587.6591915494121,0.1,1,0,0.52,0.0
613,random,hard,D,0.55,0.6436852087101823,649.4418572345311,0.22,1,0,0.54,0.0
614,random,hard,A,0.6649999999999999,0.7306180883609774,1371.2249100810438,1.0,0,0,0.52,0.0
615,random,hard,C,0.75,0.487631531877903,597.492262230428,0.35,1,0,0.52,0.0
616,random,simple,B,0.95,0.7956235141079304,549.4824142993707,0.1,1,0,0.52,0.0
617,random,hard,C,0.75,0.6776218582862481,839.0884173923547,0.35,0,0,0.5,0.0
618,random,simple,E,0.6,0.50952401842065,872.8150947059313,0.6,1,0,0.52,0.0
619,random,hard,D,0.55,0.5989300415274207,503.12482958712405,0.22,1,0,0.52,0.0
620,random,hard,B,0.2,0.7771317297174205,562.6995407013411,0.1,0,0,0.5,0.0
621,random,hard,D,0.55,0.7638114241588345,713.3658165644144,0.22,0,0,0.5,0.0
622,random,hard,C,0.75,0.6576026821389797,813.3316538801655,0.35,1,0,0.5,0.0
623,random,hard,E,0.9,0.5688920868967682,1031.3632851340608,0.6,0,0,0.48,0.0
624,random,hard,E,0.9,0.8006250364691561,1239.7941835581448,0.6,0,0,0.46,0.0
625,random,simple,B,0.95,0.7101172173298739,518.7030322316258,0.1,1,0,0.46,0.0
626,random,hard,B,0.2,0.924903151250289,616.9414212243607,0.1,0,0,0.46,0.0
627,random,hard,A,0.6649999999999999,0.43866445787131436,1046.4797083729195,1.0,0,0,0.46,0.0
628,random,hard,A,0.6649999999999999,0.6860247229267566,1187.0962117564918,1.0,0,0,0.44,0.0
629,random,simple,A,0.8,0.9037017561755458,1721.3586960961084,1.0,0,0,0.42,0.0
630,random,simple,E,0.6,0.6718135389178651,1131.0768008816938,0.6,1,0,0.44,0.0
631,random,hard,E,0.9,0.8911959142477213,1169.5201297924036,0.6,0,0,0.42,0.0
632,random,hard,A,0.6649999999999999,0.9158474431844617,1691.142421461484,1.0,1,0,0.42,0.0
633,random,hard,A,0.6649999999999999,1.0,1866.8563742167503,1.0,0,0,0.4,0.0
634,random,hard,D,0.55,0.4449642415567633,454.9154301899875,0.22,0,0,0.38,0.0
635,random,hard,D,0.55,0.6915685325699517,555.4349323336319,0.22,0,0,0.38,0.0
636,random,hard,D,0.55,0.9085803086615574,828.811497745684,0.22,1,0,0.4,0.0
637,random,hard,C,0.75,0.39665040052901657,563.0566833658987,0.35,1,0,0.4,0.0
638,random,hard,A,0.6649999999999999,0.8277319167999999,1701.3253231389278,1.0,0,0,0.4,0.0
639,random,hard,E,0.9,0.6205048191291087,1050.683236424339,0.6,1,0,0.4,0.0
640,random,simple,A,0.8,0.9409955963699199,1464.5182701477813,1.0,1,0,0.42,0.0
641,random,hard,B,0.2,0.43593658062361373,380.5483435262857,0.1,0,0,0.42,0.0
642,random,hard,C,0.75,0.5093250761706656,667.3577042959317,0.35,1,0,0.44,0.0
643,random,hard,B,0.2,0.6375892880349265,500.8577173055685,0.1,0,0,0.42,0.0
644,random,simple,A,0.8,0.8643106929234738,1364.5392057848087,1.0,0,0,0.42,0.0
645,random,hard,B,0.2,0.7937491446542471,553.6575047586119,0.1,0,0,0.42,0.0
646,random,simple,B,0.95,0.9984992472957375,724.4621432085468,0.1,1,0,0.42,0.0
647,random,hard,D,0.55,0.5226756424157475,523.2368540505984,0.22,1,0,0.44,0.0
648,random,hard,A,0.6649999999999999,0.8183231121445922,1573.6948142183353,1.0,0,0,0.44,0.0
649,random,hard,D,0.55,0.7047600174867548,593.9693017062178,0.22,0,0,0.42,0.0
650,random,hard,E,0.9,0.45207385401647504,1028.3943540185212,0.6,1,0,0.44,0.0
651,random,hard,B,0.2,0.8269399216987368,589.305733450727,0.1,1,0,0.44,0.0
652,random,simple,B,0.95,1.0,619.9727721669948,0.1,1,0,0.46,0.0
653,random,hard,C,0.75,0.4248258271212422,679.2702130994402,0.35,0,0,0.46,0.0
654,random,simple,A,0.8,0.6800325975897502,1225.6956908681245,1.0,1,0,0.48,0.0
655,random,hard,C,0.75,0.62898512052269,760.3766242026635,0.35,0,0,0.48,0.0
656,random,hard,B,0.2,0.8996953599999999,545.1995554149178,0.1,0,0,0.48,0.0
657,random,hard,E,0.9,0.4847515518934311,1032.5106267941712,0.6,0,0,0.46,0.0
658,random,hard,B,0.2,0.9967240867839999,649.9098531085403,0.1,1,0,0.46,0.0
659,random,hard,D,0.55,0.49627635272246456,458.04621513434466,0.22,1,0,0.48,0.0
660,random,hard,E,0.9,0.6303446095719203,997.5912628486756,0.6,0,0,0.46,0.0
661,random,hard,E,0.9,0.8547032564232899,1310.6759842327112,0.6,1,0,0.48,0.0
662,random,simple,B,0.95,0.897730810044602,676.2681428565247,0.1,1,0,0.48,0.0
663,random,hard,C,0.75,0.5262047649289263,712.6028291279239,0.35,1,0,0.48,0.0
664,random,simple,B,0.95,0.9952027392985399,629.1555511584039,0.1,1,0,0.5,0.0
665,random,hard,C,0.75,0.7074929699609606,752.6084031359954,0.35,1,0,0.5,0.0
666,random,simple,C,0.75,0.9225938135656453,996.6887982550446,0.35,1,0,0.5,0.0
667,random,hard,D,0.55,0.47847811028356496,531.0629777376051,0.22,0,0,0.5,0.0
668,random,hard,C,0.75,1.0,921.3519043362293,0.35,0,0,0.48,0.0
669,random,hard,E,0.9,0.6073807994735285,1104.783686231904,0.6,0,0,0.46,0.0
670,random,hard,C,0.75,1.0,1210.3066515967457,0.35,0,0,0.46,0.0
671,random,simple,C,0.75,1.0,1163.0738489003943,0.35,1,0,0.48,0.0
672,random,simple,C,0.75,1.0,1286.0025824758718,0.35,1,0,0.48,0.0
673,random,hard,A,0.6649999999999999,0.3599377591296543,941.7806218737488,1.0,0,0,0.48,0.0
674,random,hard,E,0.9,0.6205342335336816,1079.528295600318,0.6,0,0,0.48,0.0
675,random,hard,A,0.6649999999999999,0.5787358006700043,1281.6139372515654,1.0,0,0,0.46,0.0
676,random,simple,A,0.8,0.8092875045896037,1576.608335865279,1.0,0,0,0.46,0.0
677,random,simple,B,0.95,0.48888014205404884,396.14023993366106,0.1,1,0,0.48,0.0
678,random,hard,D,0.55,0.41726582622753433,513.1363964924259,0.22,1,0,0.5,0.0
679,random,hard,D,0.55,0.6671939270802302,622.690320077753,0.22,0,0,0.5,0.0
680,random,hard,A,0.6649999999999999,0.7853259614083641,1432.2088734949466,1.0,0,0,0.48,0.0
681,random,hard,C,0.75,0.6164783818288659,783.5368384110602,0.35,1,0,0.5,0.0
682,random,hard,A,0.6649999999999999,0.9081564245146372,1549.7189097886542,1.0,0,0,0.48,0.0
683,random,hard,B,0.2,0.5270379359174427,471.47633608239084,0.1,0,0,0.48,0.0
684,random,hard,A,0.6649999999999999,1.0,1599.4762169076268,1.0,1,0,0.5,0.0
685,random,hard,D,0.55,0.609847586413525,583.9407319347685,0.22,1,0,0.52,0.0
686,random,hard,A,0.6649999999999999,1.0,1871.390523438604,1.0,0,0,0.5,0.0
687,random,hard,B,0.2,0.6160622047136678,519.8013843571154,0.1,1,0,0.5,0.0
688,random,hard,E,0.9,0.4036389861129519,812.9224504125427,0.6,0,0,0.5,0.0
689,random,simple,D,0.85,0.66572276787939,652.9651486629559,0.22,1,0,0.5,0.0
690,random,simple,B,0.95,0.7198291427706326,491.0016708176862,0.1,1,0,0.5,0.0
691,random,hard,E,0.9,0.5750686671443656,1071.95888217077,0.6,1,0,0.52,0.0
692,random,hard,D,0.55,0.7536714260723036,633.4898368357191,0.22,0,0,0.5,0.0
693,random,simple,A,0.8,0.70867559636992,1395.7691656287475,1.0,0,0,0.5,0.0
694,random,simple,E,0.6,0.691893194736205,1068.7510862224706,0.6,1,0,0.52,0.0
695,random,hard,A,0.6649999999999999,0.848798381828866,1408.7270923051822,1.0,1,0,0.54,0.0
696,random,hard,D,0.55,0.7519732571801436,614.3910910373219,0.22,0,0,0.52,0.0
697,random,simple,D,0.85,0.9617364663185264,778.5941080655138,0.22,1,0,0.52,0.0
698,random,hard,A,0.6649999999999999,0.878432330861681,1699.144367863018,1.0,0,0,0.52,0.0
699,random,hard,A,0.6649999999999999,1.0,1570.9876471842163,1.0,0,0,0.52,0.0
700,random,hard,E,0.9,0.6213180272535316,1079.278397471491,0.6,1,0,0.52,0.0
701,random,simple,D,0.85,0.8767488963940167,725.3757647965367,0.22,1,0,0.52,0.0
702,random,simple,C,0.75,0.3420778912507337,550.1011162304253,0.35,1,0,0.52,0.0
703,random,hard,E,0.9,0.7234108386685187,1112.1227633556693,0.6,0,0,0.52,0.0
704,random,hard,C,0.75,0.5649051189845682,632.8262550756584,0.35,1,0,0.52,0.0
705,random,hard,B,0.2,0.4057960632626142,357.705604353675,0.1,1,0,0.54,0.0
706,random,simple,B,0.95,0.6571005356711005,522.4151248859273,0.1,1,0,0.56,0.0
707,random,hard,E,0.9,0.7338261233232193,1423.5448961476748,0.6,0,0,0.56,0.0
708,random,hard,D,0.55,0.658305878100494,635.7646727278674,0.22,0,0,0.54,0.0
709,random,hard,C,0.75,0.5981184612518582,779.9894062968989,0.35,0,0,0.52,0.0
710,random,hard,A,0.6649999999999999,0.5450808588882738,1225.8291887633852,1.0,0,0,0.52,0.0
711,random,hard,B,0.2,0.6467729252200167,491.51632441836205,0.1,0,0,0.5,0.0
712,random,simple,C,0.75,0.7076009840262263,820.225639936309,0.35,0,0,0.48,0.0
713,random,hard,C,0.75,0.9226888659430792,988.0736436063412,0.35,0,0,0.46,0.0
714,random,hard,A,0.6649999999999999,0.6268824619001125,1129.209168575417,1.0,0,0,0.44,0.0
715,random,hard,D,0.55,0.5690335473265433,527.7385632053595,0.22,0,0,0.42,0.0
716,random,hard,E,0.9,0.5322401040530823,1019.9611052968374,0.6,1,0,0.42,0.0
717,random,hard,C,0.75,0.8533322316297267,899.9268479498742,0.35,0,0,0.42,0.0
718,random,hard,B,0.2,0.564320310930208,446.42802893195574,0.1,1,0,0.44,0.0
719,random,hard,B,0.2,0.7966018736185829,601.3667381367012,0.1,0,0,0.44,0.0
720,random,hard,B,0.2,1.0,600.027093342013,0.1,1,0,0.46,0.0
721,random,simple,C,0.75,0.8117393798467922,1109.203687548395,0.35,1,0,0.46,0.0
722,random,simple,C,0.75,1.0,1094.1197996970523,0.35,1,0,0.46,0.0
723,random,hard,A,0.6649999999999999,0.49839474713904336,1140.2703006450993,1.0,0,0,0.46,0.0
724,random,simple,B,0.95,0.8996953599999999,603.3027117522846,0.1,1,0,0.48,0.0
725,random,simple,A,0.8,0.6859568921844752,1313.0400948553965,1.0,0,0,0.48,0.0
726,random,hard,D,0.55,0.43945923051503044,530.977335383352,0.22,1,0,0.5,0.0
727,random,hard,C,0.75,0.8277319167999999,845.5306530136372,0.35,1,0,0.5,0.0
728,random,hard,C,0.75,1.0,1032.2435311142906,0.35,0,0,0.48,0.0
729,random,simple,A,0.8,0.71136516540305,1482.697765397028,1.0,1,0,0.5,0.0
730,random,hard,D,0.55,0.5635416614490342,651.364089239273,0.22,0,0,0.5,0.0
731,random,hard,B,0.2,0.6676835377992498,498.66489184834785,0.1,0,0,0.48,0.0
732,random,simple,B,0.95,0.8875615132633399,620.5455073567773,0.1,1,0,0.5,0.0
733,random,hard,A,0.6649999999999999,0.7266023889578417,1277.5348376005963,1.0,0,0,0.5,0.0
734,random,hard,C,0.75,0.764404086784,917.490216400104,0.35,0,0,0.48,0.0
735,random,hard,C,0.75,0.9726755963699198,951.304817379576,0.35,1,0,0.48,0.0
736,random,hard,B,0.2,0.8322665212186033,567.8638691128216,0.1,0,0,0.48,0.0
737,random,hard,E,0.9,0.3363281858338412,761.6839594721957,0.6,1,0,0.48,0.0
738,random,hard,A,0.6649999999999999,0.6834512714761809,1455.324615245031,1.0,1,0,0.5,0.0
739,random,hard,B,0.2,0.8671663307478841,525.2753063405163,0.1,0,0,0.48,0.0
740,random,hard,B,0.2,1.0,590.095593133325,0.1,0,0,0.46,0.0
741,random,simple,A,0.8,0.7657529048754159,1464.171018894925,1.0,1,0,0.46,0.0
742,random,hard,C,0.75,0.6975087794209446,876.3424391153001,0.35,0,0,0.46,0.0
743,random,hard,D,0.55,0.40695491970097764,408.8985760996494,0.22,1,0,0.48,0.0
744,random,hard,E,0.9,0.4374491219216583,981.3872296803105,0.6,1,0,0.48,0.0
745,random,simple,E,0.6,0.6849552272910593,930.4188866703258,0.6,1,0,0.48,0.0
746,random,simple,C,0.75,0.7182927785780039,887.7120349179581,0.35,0,0,0.48,0.0
747,random,hard,C,0.75,0.9320976451486434,862.7739755689113,0.35,0,0,0.46,0.0
748,random,hard,E,0.9,0.7667778086524928,1131.6430779717198,0.6,0,0,0.46,0.0
749,random,hard,A,0.6649999999999999,0.5753911820633242,1208.1647357829343,1.0,0,0,0.46,0.0
750,random,hard,E,0.9,0.8937927350204904,1353.47242290141,0.6,0,1,0.44,0.0
751,random,simple,C,0.75,0.858974632862568,919.757584528485,0.35,1,0,0.44,0.0
752,random,hard,E,0.9,0.9921530939998677,1253.913561625598,0.6,0,0,0.42,0.0
753,random,hard,E,0.9,1.0,1524.8926471602447,0.6,1,0,0.44,0.0
754,random,simple,E,0.6,1.0,1671.2682853795077,0.6,1,0,0.44,0.0
755,random,hard,E,0.9,1.0,1833.5469210959136,0.6,0,0,0.42,0.0
756,random,hard,C,0.75,0.7533083294831393,777.0118189871249,0.35,0,0,0.4,0.0
757,random,hard,A,0.4654999999999999,0.5069305343386356,1173.359450969401,1.0,0,0,0.4,0.0
758,random,hard,C,0.75,0.883361970351743,984.0629233748398,0.35,0,0,0.4,0.0
759,random,hard,A,0.4654999999999999,0.6925670057918394,1396.5443730002223,1.0,0,0,0.4,0.0
760,random,simple,A,0.8,0.9094589650968186,1558.9007743319676,1.0,0,0,0.4,0.0
761,random,hard,E,0.9,0.764404086784,1067.4144893192563,0.6,0,0,0.4,0.0
762,random,simple,B,0.95,0.360064627393414,346.5862501302143,0.1,1,0,0.42,0.0
763,random,hard,E,0.9,0.8919545248055296,1138.1095989808398,0.6,0,0,0.42,0.0
764,random,hard,B,0.2,0.5788340474534598,443.58188293594543,0.1,0,0,0.42,0.0
765,random,simple,B,0.95,0.8093739617590445,552.0389865898521,0.1,1,0,0.44,0.0
766,random,hard,B,0.2,1.0,664.397588506689,0.1,0,0,0.42,0.0
767,random,hard,D,0.55,0.3189291204463902,428.42530253415873,0.22,0,0,0.42,0.0
768,random,hard,A,0.4654999999999999,0.6270728427427231,1444.974429181686,1.0,0,0,0.4,0.0
769,random,simple,C,0.75,0.5164951104030431,762.4110056510814,0.35,1,0,0.42,0.0
770,random,hard,C,0.75,0.7545156971546779,909.7238339350235,0.35,0,0,0.4,0.0
771,random,hard,A,0.4654999999999999,0.727332584289569,1282.2191964465494,1.0,0,0,0.38,0.0
772,random,hard,A,0.4654999999999999,0.9400526741748207,1593.9744301302596,1.0,1,0,0.38,0.0
773,random,hard,C,0.75,0.8141813211713926,853.6221117517913,0.35,0,0,0.38,0.0
774,random,hard,A,0.4654999999999999,1.0,1571.6053617054417,1.0,0,0,0.36,0.0
775,random,hard,B,0.2,0.6164783818288659,459.30767411427564,0.1,0,0,0.36,0.0
776,random,simple,E,0.6,0.4692845997085644,1046.7034851687101,0.6,1,0,0.36,0.0
777,random,simple,C,0.75,0.7882607605051539,885.8880012864106,0.35,1,0,0.36,0.0
778,random,hard,A,0.4654999999999999,0.8996953599999999,1614.1405857720583,1.0,0,0,0.36,0.0
779,random,hard,D,0.55,0.3687838120318651,362.9672697601696,0.22,0,0,0.34,0.0
780,random,simple,C,0.75,0.8371776369829682,934.3559986596473,0.35,1,0,0.36,0.0
781,random,hard,D,0.55,0.5855861840374763,624.3036513615866,0.22,1,0,0.38,0.0
782,random,simple,D,0.85,0.8153158419529791,702.9788328643871,0.22,1,0,0.38,0.0
783,random,hard,D,0.55,1.0,759.5818844575065,0.22,0,0,0.38,0.0
784,random,hard,C,0.75,0.8020515443944505,845.3534600305594,0.35,1,0,0.4,0.0
785,random,simple,D,0.85,1.0,823.885130123347,0.22,0,0,0.38,0.0
786,random,simple,E,0.6,0.43069621904501676,881.1888012331393,0.6,1,0,0.4,0.0
787,random,hard,D,0.55,1.0,817.8562688424399,0.22,1,0,0.4,0.0
788,random,hard,B,0.2,0.41700181253033775,445.12647160400206,0.1,0,0,0.38,0.0
789,random,hard,E,0.9,0.5935074137850457,994.2699983446882,0.6,0,0,0.38,0.0
790,random,simple,E,0.6,0.8222865241308401,1267.1082375424305,0.6,1,0,0.4,0.0
791,random,hard,C,0.75,0.6277788932248175,742.5579815276991,0.35,1,0,0.4,0.0
792,random,simple,D,0.85,0.8277319167999999,752.1181723975114,0.22,1,0,0.42,0.0
793,random,simple,A,0.8,0.4322316943952492,909.2403570878271,1.0,0,0,0.4,0.0
794,random,hard,D,0.55,0.9409955963699199,840.6294352889968,0.22,1,0,0.4,0.0
795,random,simple,C,0.75,0.6764760893728585,793.5486360642849,0.35,1,0,0.4,0.0
796,random,hard,A,0.4654999999999999,0.5945537972429193,1202.0810983970932,1.0,0,0,0.4,0.0
797,random,simple,A,0.8,0.8232073415737691,1463.9514794929605,1.0,0,0,0.4,0.0
798,random,hard,A,0.4654999999999999,1.0,1504.0022885030824,1.0,0,0,0.4,0.0
799,random,simple,C,0.75,0.7056795719478486,770.5171969997173,0.35,1,0,0.42,0.0
800,random,hard,A,0.4654999999999999,1.0,1992.0920137174928,1.0,0,0,0.42,0.0
801,random,hard,B,0.2,0.3791430313415754,379.6707581508871,0.1,0,0,0.4,0.0
802,random,hard,E,0.9,0.47734348507589086,1008.7226541471267,0.6,0,0,0.4,0.0
803,random,simple,C,0.75,0.723192764943911,935.8430825293708,0.35,1,0,0.4,0.0
804,random,hard,D,0.55,0.562068192009572,543.4487750755881,0.22,1,0,0.4,0.0
805,random,hard,E,0.9,0.6252962194616375,1074.9986436369386,0.6,1,0,0.42,0.0
806,random,hard,A,0.4654999999999999,0.764404086784,1381.1980230183121,1.0,0,0,0.42,0.0
807,random,hard,D,0.55,0.6830337349451471,596.9081025037113,0.22,0,0,0.42,0.0
808,random,hard,A,0.4654999999999999,0.8919545248055296,1555.5891575611054,1.0,0,0,0.42,0.0
809,random,hard,D,0.55,0.828941324341522,747.8233506927485,0.22,0,0,0.42,0.0
810,random,hard,C,0.75,0.5955512345038643,751.167182964479,0.35,1,0,0.44,0.0
811,random,hard,C,0.75,0.8240850863634006,961.5048957281052,0.35,1,0,0.46,0.0
812,random,hard,E,0.9,0.5555433053963411,932.5820784697122,0.6,0,0,0.44,0.0
813,random,hard,B,0.2,0.3817702157911734,347.7128123680208,0.1,0,0,0.44,0.0
814,random,hard,C,0.75,0.8615909119742393,992.0080072873908,0.35,0,0,0.44,0.0
815,random,hard,A,0.4654999999999999,0.6645200473597483,1365.0408754823093,1.0,0,0,0.42,0.0
816,random,simple,B,0.95,0.5601657124956425,434.2171303204716,0.1,0,0,0.42,0.0
817,random,hard,B,0.2,0.7929458269961653,620.3021693100277,0.1,1,0,0.44,0.0
818,random,simple,C,0.75,0.8166920721291198,909.8658645975902,0.35,1,0,0.46,0.0
819,random,simple,B,0.95,0.9140572484258305,621.61208043509,0.1,1,0,0.46,0.0
820,random,simple,A,0.8,0.6506884383451867,1412.396718915352,1.0,1,0,0.48,0.0
821,random,hard,A,0.4654999999999999,0.8726058257437643,1631.392094430937,1.0,0,0,0.48,0.0
822,random,hard,A,0.4654999999999999,1.0,1879.9889409533212,1.0,0,0,0.46,0.0
823,random,simple,C,0.75,0.7309944726600643,835.0926198211063,0.35,1,0,0.48,0.0
824,random,simple,D,0.85,0.4218327010955367,421.646889264775,0.22,1,0,0.5,0.0
825,random,hard,D,0.55,0.6712127769640723,645.0223110252297,0.22,0,0,0.5,0.0
826,random,hard,B,0.2,0.6735528911166744,493.129742618029,0.1,0,0,0.48,0.0
827,random,hard,A,0.4654999999999999,0.8277319167999999,1416.0075352061424,1.0,0,0,0.46,0.0
828,random,hard,A,0.4654999999999999,1.0,1327.7898854149275,1.0,0,0,0.46,0.0
829,random,simple,E,0.6,0.3632300237625818,795.4329930412729,0.6,1,0,0.48,0.0
830,random,simple,A,0.8,1.0,1962.9084015319281,1.0,0,0,0.46,0.0
831,random,hard,C,0.75,0.5628908498105709,679.5454307728094,0.35,0,0,0.44,0.0
832,random,hard,C,0.75,0.7953439478333024,836.4525419873994,0.35,0,0,0.42,0.0
833,random,hard,B,0.2,0.5752646294637906,413.19946272165714,0.1,1,0,0.44,0.0
834,random,simple,A,0.8,0.8996953599999999,1379.3904815555911,1.0,1,0,0.44,0.0
835,random,hard,E,0.9,0.4686855074779924,896.6995512726154,0.6,0,0,0.44,0.0
836,random,hard,D,0.55,0.4645014038751382,554.4675192069537,0.22,0,0,0.42,0.0
837,random,hard,D,0.55,0.7087612354101216,718.1540462854879,0.22,1,0,0.42,0.0
838,random,hard,C,0.75,0.6693609797727063,823.6776739562132,0.35,1,0,0.44,0.0
839,random,simple,C,0.75,0.8890376621999816,1061.6932343852027,0.35,1,0,0.46,0.0
840,random,hard,E,0.9,0.5473403012377417,942.4617521830878,0.6,0,0,0.44,0.0
841,random,hard,E,0.9,0.7816594650892127,1168.9300556407047,0.6,0,0,0.42,0.0
842,random,hard,D,0.55,0.6740359253165196,622.744980944758,0.22,0,0,0.4,0.0
843,random,simple,A,0.8,0.5847341316717392,1071.3571422109922,1.0,1,0,0.42,0.0
844,random,simple,B,0.95,0.44098634947703047,456.12903209749777,0.1,1,0,0.42,0.0
845,random,simple,B,0.95,0.6880679875397868,512.0086465322464,0.1,1,0,0.42,0.0
846,random,hard,A,0.4654999999999999,0.6984799381786034,1285.4626033773645,1.0,0,0,0.42,0.0
847,random,hard,C,0.75,0.6197286371795093,814.6602215801823,0.35,0,0,0.42,0.0
848,random,simple,C,0.75,0.8453612007179683,902.5934068518787,0.35,1,0,0.44,0.0
849,random,simple,B,0.95,0.712631179492148,495.8526394285812,0.1,0,0,0.42,0.0
850,random,simple,A,0.8,0.7188751779787953,1234.8363258093889,1.0,0,0,0.42,0.0
851,random,hard,A,0.4654999999999999,0.9326101566213398,1605.6228464682035,1.0,0,0,0.42,0.0
852,random,hard,D,0.55,0.4877196630660512,468.04875894994694,0.22,1,0,0.44,0.0
853,random,hard,C,0.75,0.7461240868432428,942.9141499622256,0.35,0,0,0.42,0.0
854,random,simple,E,0.6,0.4483516322593777,929.8001235053846,0.6,1,0,0.42,0.0
855,random,simple,A,0.8,0.8592819836146908,1429.4845660994629,1.0,0,0,0.4,0.0
856,random,simple,D,0.85,0.5924832189214743,483.9502152183126,0.22,1,0,0.42,0.0
857,random,hard,C,0.75,0.7474471528641298,842.7822643751708,0.35,0,0,0.42,0.0
858,random,hard,A,0.4654999999999999,0.8855766119378705,1571.0728970205946,1.0,0,0,0.42,0.0
859,random,hard,B,0.2,0.4984684790232947,383.2874048724871,0.1,0,0,0.42,0.0
860,random,simple,C,0.75,0.8093643061566242,944.9658980894949,0.35,1,0,0.42,0.0
861,random,hard,A,0.4654999999999999,0.9034956648905244,1545.2720952936097,1.0,0,0,0.4,0.0
862,random,hard,C,0.75,0.9267717186876898,848.1660062664579,0.35,0,0,0.4,0.0
863,random,simple,B,0.95,0.5989292339765272,421.20843259085336,0.1,1,0,0.42,0.0
864,random,hard,B,0.2,0.8270577258993439,611.1239290156224,0.1,0,0,0.42,0.0
865,random,simple,B,0.95,1.0,739.0570691547754,0.1,1,0,0.44,0.0
866,random,hard,C,0.75,0.8557806994762329,795.5321412450726,0.35,0,0,0.44,0.0
867,random,hard,D,0.55,0.4452062961701641,457.3291066862186,0.22,1,0,0.44,0.0
868,random,hard,D,0.55,0.6917815406297444,622.9680040286667,0.22,0,0,0.42,0.0
869,random,hard,B,0.2,0.8996953599999999,607.5440683520383,0.1,0,0,0.4,0.0
870,random,hard,C,0.75,0.8132077146534513,902.6880887012275,0.35,0,0,0.38,0.0
871,random,simple,E,0.6,0.3510298370736869,905.7007214382568,0.6,1,0,0.4,0.0
872,random,hard,A,0.4654999999999999,0.5214294935532018,1199.768085750296,1.0,0,0,0.4,0.0
873,random,hard,E,0.9,0.5718375058298631,964.1996150031637,0.6,0,0,0.38,0.0
874,random,simple,A,0.8,0.7037949998075994,1313.3608247167547,1.0,1,0,0.38,0.0
875,random,hard,E,0.9,0.742830964514646,1236.792088770838,0.6,0,0,0.38,0.0
876,random,hard,E,0.9,0.9536912487728886,1490.8599568419497,0.6,1,0,0.4,0.0
877,random,simple,E,0.6,1.0,1699.1108043965937,0.6,1,0,0.42,0.0
878,random,hard,B,0.2,0.5847341316717392,498.2479873659392,0.1,1,0,0.44,0.0
879,random,hard,C,0.75,0.5573626616242745,686.0060452576276,0.35,0,0,0.42,0.0
880,random,hard,B,0.2,0.7528181115665948,458.4375443899808,0.1,0,0,0.42,0.0
881,random,hard,D,0.55,0.4312936455104737,426.2949560900872,0.22,1,0,0.44,0.0
882,random,hard,A,0.4654999999999999,0.5531089803163138,1156.6312991141394,1.0,0,0,0.44,0.0
883,random,simple,D,0.85,0.6339937990833109,664.093833086006,0.22,1,0,0.44,0.0
884,random,simple,D,0.85,0.8579145431933135,722.0082237794643,0.22,1,0,0.44,0.0
885,random,hard,C,0.75,0.5588414978791207,662.166772240987,0.35,0,0,0.44,0.0
886,random,hard,C,0.75,0.7917805181336263,871.311325244646,0.35,0,0,0.44,0.0
887,random,hard,A,0.4654999999999999,0.5918932623816218,1434.985901867038,1.0,0,0,0.42,0.0
888,random,hard,C,0.75,0.9131548332426802,901.5182066647303,0.35,0,0,0.4,0.0
889,random,hard,B,0.2,0.5382506577600588,484.4743250149262,0.1,0,0,0.38,0.0
890,random,hard,C,0.75,1.0,987.4872216186814,0.35,0,0,0.38,0.0
891,random,hard,A,0.4654999999999999,0.6549556430655211,1307.0386975715294,1.0,0,0,0.38,0.0
892,random,hard,A,0.4654999999999999,0.8763609658976586,1745.3772701271614,1.0,0,0,0.38,0.0
893,random,simple,B,0.95,0.6227864219756551,544.9705408090813,0.1,1,0,0.38,0.0
894,random,hard,E,0.9,0.4138165524602472,963.9264649648919,0.6,0,0,0.36,0.0
895,random,hard,C,0.75,0.8277319167999999,873.5859496844965,0.35,0,0,0.34,0.0
896,random,hard,B,0.2,0.7244115085565936,564.6524278922227,0.1,1,0,0.36,0.0
897,random,hard,E,0.9,0.5820043936381896,1060.498514588007,0.6,0,0,0.36,0.0
898,random,hard,A,0.4654999999999999,0.7069856140608463,1315.5709882412973,1.0,0,0,0.34,0.0
899,random,hard,C,0.75,0.796386989828866,913.7141986641765,0.35,1,0,0.36,0.0
900,random,simple,D,0.85,0.4109600859224668,486.5780184845813,0.22,1,0,0.38,0.0
901,random,hard,D,0.55,0.6616448756117708,541.5314178820403,0.22,0,0,0.38,0.0
902,random,simple,D,0.85,0.8822474905383582,704.5897908067938,0.22,1,0,0.38,0.0
903,random,hard,C,0.75,0.7775895825647382,845.3896635031246,0.35,1,0,0.4,0.0
904,random,hard,A,0.4654999999999999,0.6283270084673528,1217.3588046891257,1.0,0,0,0.38,0.0
905,random,hard,C,0.75,0.9021653727381334,856.0387772803188,0.35,0,0,0.38,0.0
906,random,hard,B,0.2,0.5017493121654547,462.8356845334879,0.1,0,0,0.36,0.0
907,random,simple,A,0.8,0.7281872631142638,1370.1303415056218,1.0,1,0,0.38,0.0
908,random,hard,D,0.55,0.7097193401609418,613.4660602145592,0.22,0,0,0.38,0.0
909,random,hard,E,0.9,0.4255215602692449,941.3793736686321,0.6,1,0,0.4,0.0
910,random,hard,A,0.4654999999999999,0.7962392305690036,1510.397762886075,1.0,0,0,0.38,0.0
911,random,simple,E,0.6,0.6295238962725033,1224.079619735922,0.6,1,0,0.4,0.0
912,random,hard,B,0.2,0.5330144311106981,446.45716086167846,0.1,0,0,0.4,0.0
913,random,simple,A,0.8,0.8426147409343201,1589.7013590287872,1.0,0,0,0.38,0.0
914,random,hard,D,0.55,0.6295965620403852,633.6048759243481,0.22,1,0,0.4,0.0
915,random,hard,C,0.75,0.5512539368294562,665.0513303931635,0.35,0,0,0.38,0.0
916,random,hard,C,0.75,0.7851034644099215,902.1170645439739,0.35,0,0,0.38,0.0
917,random,hard,C,0.75,0.990891048680731,951.1910459843311,0.35,1,0,0.38,0.0
918,random,hard,D,0.55,0.6775661369275712,668.7403681636504,0.22,1,0,0.4,0.0
919,random,simple,C,0.75,1.0,1120.1684284003259,0.35,1,0,0.42,0.0
920,random,hard,B,0.2,0.49169039164698564,474.0267186466712,0.1,0,0,0.42,0.0
921,random,simple,D,0.85,0.7617423504643057,702.4883982338961,0.22,1,0,0.42,0.0
922,random,hard,E,0.9,0.45428425718915766,881.455068141468,0.6,0,0,0.42,0.0
923,random,simple,A,0.8,0.5346690277501177,1219.0355190276537,1.0,0,0,0.42,0.0
924,random,hard,B,0.2,0.5948644464272801,491.42018371796655,0.1,0,0,0.4,0.0
925,random,hard,D,0.55,0.756813353088938,678.6567642286751,0.22,0,0,0.4,0.0
926,random,hard,C,0.75,0.70867559636992,894.1714168474446,0.35,0,0,0.38,0.0
927,random,hard,A,0.4654999999999999,0.6206385350774568,1206.2811327349905,1.0,0,0,0.36,0.0
928,random,simple,C,0.75,0.848798381828866,813.213563153543,0.35,1,0,0.36,0.0
929,random,hard,C,0.75,1.0,1045.3049112438753,0.35,0,0,0.36,0.0
930,random,hard,D,0.55,0.6993945614854604,690.6509805736046,0.22,0,0,0.36,0.0
931,random,simple,C,0.75,1.0,978.8782686240347,0.35,1,0,0.36,0.0
932,random,hard,E,0.9,0.42651860901288663,853.0621186920835,0.6,0,0,0.36,0.0
933,random,hard,B,0.2,0.48826173741282974,405.51857824347957,0.1,0,0,0.34,0.0
934,random,hard,B,0.2,0.7296703289232902,494.7267850355536,0.1,0,0,0.32,0.0
935,random,simple,C,0.75,0.8996953599999999,917.6760031790546,0.35,1,0,0.34,0.0
936,random,hard,C,0.75,1.0,948.9420660929354,0.35,0,0,0.34,0.0
937,random,simple,C,0.75,1.0,1084.2035485445192,0.35,1,0,0.36,0.0
938,random,simple,B,0.95,0.737579910584971,473.958148614752,0.1,1,0,0.38,0.0
939,random,hard,B,0.2,0.9490703213147744,598.8545188354029,0.1,0,0,0.38,0.0
940,random,simple,E,0.6,0.45339081727306496,860.5476336538713,0.6,0,0,0.38,0.0
941,random,hard,A,0.4654999999999999,0.4036564061127887,1051.2304423323935,1.0,0,0,0.38,0.0
942,random,simple,D,0.85,0.450839233450967,478.5703773988277,0.22,1,0,0.4,0.0
943,random,simple,D,0.85,0.696738525436851,594.056547379994,0.22,1,0,0.4,0.0
944,random,hard,E,0.9,0.571896369385265,1143.360826628423,0.6,0,0,0.4,0.0
945,random,hard,C,0.75,0.6596345248055295,838.258636303128,0.35,1,0,0.42,0.0
946,random,simple,C,0.75,0.880478381828866,962.5346625142025,0.35,1,0,0.42,0.0
947,random,hard,C,0.75,1.0,1105.010517719507,0.35,1,0,0.44,0.0
948,random,simple,D,0.85,0.667691157537195,668.5984042017838,0.22,1,0,0.46,0.0
949,random,simple,D,0.85,0.8875682186327316,745.4230160509338,0.22,1,0,0.46,0.0
950,random,simple,B,0.95,0.532598969493195,432.1423788627376,0.1,1,0,0.46,0.0
951,random,simple,C,0.75,0.8996953599999999,833.9689011471995,0.35,1,0,0.48,0.0
952,random,simple,C,0.75,1.0,912.0092374873107,0.35,1,0,0.48,0.0
953,random,simple,C,0.75,1.0,1087.6399755217303,0.35,1,0,0.48,0.0
954,random,hard,B,0.2,0.6193971307458506,525.8531980007991,0.1,0,0,0.48,0.0
955,random,simple,C,0.75,1.0,892.2870638588674,0.35,1,0,0.5,0.0
956,random,hard,E,0.9,0.4233415509955431,929.2752565448551,0.6,0,0,0.5,0.0
957,random,hard,D,0.55,0.6192001745404729,621.8048187921545,0.22,0,0,0.48,0.0
958,random,hard,C,0.75,0.9814719999999999,1010.0046264853772,0.35,0,0,0.48,0.0
959,random,hard,B,0.2,0.626875635068928,474.98356637400735,0.1,0,0,0.46,0.0
960,random,hard,A,0.4654999999999999,0.33557808923643123,876.3090926289246,1.0,0,0,0.46,0.0
961,random,hard,B,0.2,0.7854524917973777,579.7763059173873,0.1,1,0,0.46,0.0
962,random,simple,E,0.6,0.49660154638780735,805.2748121365114,0.6,1,0,0.48,0.0
963,random,simple,C,0.75,0.8179540998455295,945.766840036531,0.35,1,0,0.5,0.0
964,random,hard,C,0.75,1.0,1147.703588099906,0.35,0,0,0.48,0.0
965,random,hard,E,0.9,0.6384200490199918,1091.831880476976,0.6,0,0,0.48,0.0
966,random,hard,D,0.55,0.4959634692667203,486.56643309114264,0.22,1,0,0.5,0.0
967,random,simple,B,0.95,0.6647673471653786,498.294409194084,0.1,1,0,0.5,0.0
968,random,hard,E,0.9,0.7350653876457519,1229.288699084073,0.6,0,0,0.48,0.0
969,random,simple,C,0.75,0.8277319167999999,1013.5526127626495,0.35,1,0,0.48,0.0
970,random,hard,B,0.2,0.7530203336074848,508.34628376708423,0.1,1,0,0.5,0.0
971,random,hard,C,0.75,0.9409955963699199,1117.793035619923,0.35,0,0,0.48,0.0
972,random,simple,A,0.8,0.37237451437405233,930.8544034525962,1.0,0,0,0.48,0.0
973,random,simple,E,0.6,0.6879174659956276,1044.921307253978,0.6,1,0,0.5,0.0
974,random,hard,C,0.75,0.9412621510494019,932.7445266915462,0.35,0,0,0.5,0.0
975,random,hard,B,0.2,0.6973928640440534,481.01065803131206,0.1,0,0,0.5,0.0
976,random,hard,A,0.4654999999999999,0.5233112684523725,1200.9351378808126,1.0,0,0,0.5,0.0
977,random,simple,E,0.6,0.7125409124205357,1091.526467651227,0.6,1,0,0.52,0.0
978,random,hard,D,0.55,0.40696501466208435,434.36402971393886,0.22,0,0,0.5,0.0
979,random,hard,D,0.55,0.6581292129026342,656.5701126119818,0.22,0,0,0.5,0.0
980,random,hard,E,0.9,0.7855766806690474,1272.4570509121045,0.6,0,0,0.5,0.0
981,random,simple,A,0.8,0.5761680587834099,1227.7938853467426,1.0,0,0,0.48,0.0
982,random,hard,C,0.75,0.6385103664100823,811.6331035020406,0.35,0,0,0.48,0.0
983,random,hard,C,0.75,0.8618891224408725,991.2718851070746,0.35,0,0,0.48,0.0
984,random,hard,E,0.9,0.7711066903214294,1266.5816635021072,0.6,0,0,0.48,0.0
985,random,simple,E,0.6,0.9785738874828578,1477.8886998778983,0.6,1,0,0.48,0.0
986,random,simple,D,0.85,0.5689613485714501,623.3831644954829,0.22,1,0,0.5,0.0
987,random,hard,A,0.4654999999999999,0.5675748011734195,1245.8355939942162,1.0,0,0,0.48,0.0
988,random,simple,C,0.75,0.7548463986547915,857.5950125494813,0.35,1,0,0.48,0.0
989,random,hard,B,0.2,0.4164755873988543,371.8659042294168,0.1,0,0,0.48,0.0
990,random,hard,B,0.2,0.6664985169109918,501.48765054590876,0.1,0,0,0.48,0.0
991,random,hard,C,0.75,0.8144066849840781,916.5769728870204,0.35,0,0,0.48,0.0
992,random,hard,A,0.4654999999999999,0.5995273377506276,1199.7713809292225,1.0,0,0,0.46,0.0
993,random,hard,C,0.75,0.9306765368516701,1038.9209064647755,0.35,0,0,0.44,0.0
994,random,simple,E,0.6,0.6096974804105577,1026.000287310785,0.6,1,0,0.46,0.0
995,random,hard,B,0.2,0.651732539873795,481.4864820359756,0.1,0,0,0.44,0.0
996,random,hard,B,0.2,0.8735246350889396,572.9503500877265,0.1,0,0,0.42,0.0
997,random,hard,D,0.55,0.43944153598212154,462.170949679027,0.22,1,0,0.42,0.0
998,random,simple,C,0.75,0.7911477127135177,782.6915500464606,0.35,1,0,0.42,0.0
999,random,simple,E,0.6,0.6217568200051942,1046.323670702798,0.6,1,0,0.42,0.0
1000,random,hard,D,0.55,0.5994671024088083,528.4733002403141,0.22,1,0,0.42,0.0
1001,random,hard,A,0.4654999999999999,0.4897374417134867,1092.0989025998435,1.0,0,0,0.4,0.0
1002,random,hard,B,0.2,0.7056684104418058,513.3459988821785,0.1,0,0,0.38,0.0
1003,random,simple,A,0.8,0.6792526748629241,1469.4509930604308,1.0,0,0,0.36,0.0
1004,random,hard,A,0.4654999999999999,0.8977423538793732,1474.8182357511878,1.0,0,0,0.36,0.0
1005,random,hard,E,0.9,0.5887464081962361,1100.4329332679847,0.6,0,0,0.34,0.0
1006,random,hard,B,0.2,0.7231860714405265,557.2963646987239,0.1,0,0,0.34,0.0
1007,random,hard,E,0.9,0.7559252185071652,1179.2884335284887,0.6,0,0,0.34,0.0
1008,random,simple,D,0.85,0.5155890665113395,579.8303244166258,0.22,1,0,0.36,0.0
1009,random,hard,E,0.9,0.8853884892119488,1338.638228634982,0.6,1,0,0.38,0.0
1010,random,hard,E,0.9,1.0,1547.477944577321,0.6,0,0,0.38,0.0
1011,random,hard,A,0.4654999999999999,0.6668853918581885,1133.5577817038186,1.0,0,0,0.36,0.0
1012,random,hard,C,0.75,0.43213412311564187,539.0486922959517,0.35,0,0,0.34,0.0
1013,random,hard,D,0.55,0.5720928063511519,612.1676582523654,0.22,0,0,0.32,0.0
1014,random,simple,D,0.85,0.8034416695890136,717.0466663142286,0.22,1,0,0.34,0.0
1015,random,hard,B,0.2,0.5288727576506727,445.65383218790237,0.1,0,0,0.34,0.0
1016,random,hard,D,0.55,0.9221852289297321,742.2811985033024,0.22,1,0,0.34,0.0
1017,random,hard,D,0.55,1.0,830.3200274896454,0.22,0,0,0.32,0.0
1018,random,hard,E,0.9,0.6596345248055295,1078.5431401152653,0.6,0,0,0.32,0.0
1019,random,simple,E,0.6,0.880478381828866,1371.2061499033734,0.6,0,0,0.3,0.0
1020,random,hard,D,0.55,0.9814719999999999,803.2648397707253,0.22,0,0,0.28,0.0
1021,random,hard,E,0.9,0.9818424588882737,1349.729631915334,0.6,0,0,0.28,0.0
1022,random,simple,D,0.85,1.0,556.0403017451712,0.22,1,0,0.3,0.0
1023,random,hard,D,0.55,1.0,743.6005947542124,0.22,0,0,0.28,0.0
1024,random,hard,A,0.4654999999999999,0.4265685900711321,1098.1043088824044,1.0,0,0,0.28,0.0
1025,random,simple,E,0.6,0.8888063668462884,1457.4373150735887,0.6,1,0,0.3,0.0
1026,random,hard,D,0.55,0.9814719999999999,775.5630505795973,0.22,1,0,0.32,0.0
1027,random,simple,D,0.85,1.0,817.915148462597,0.22,1,0,0.32,0.0
1028,random,hard,C,0.75,0.3558909273789254,663.6498025568976,0.35,0,0,0.32,0.0
1029,random,hard,C,0.75,0.6131840160934543,806.0419369557192,0.35,0,0,0.32,0.0
1030,random,hard,E,0.9,0.7690514876398358,1149.4838807222852,0.6,0,0,0.32,0.0
1031,random,hard,C,0.75,0.7748497020627709,977.0147188125319,0.35,0,0,0.32,0.0
1032,random,hard,A,0.4654999999999999,0.4534087921871963,954.5549529000342,1.0,0,0,0.32,0.0
1033,random,hard,B,0.2,0.3529711370900302,312.96329606466946,0.1,0,0,0.32,0.0
1034,random,hard,A,0.4654999999999999,0.6511197686697647,1272.754383523197,1.0,0,0,0.32,0.0
1035,random,simple,D,0.85,0.6596345248055295,604.6354754896871,0.22,1,0,0.32,0.0
1036,random,hard,E,0.9,0.6571506538072545,1018.0580345131306,0.6,1,0,0.32,0.0
1037,random,hard,E,0.9,0.8782925753503839,1455.9169861190564,0.6,0,0,0.32,0.0
1038,random,hard,B,0.2,0.4862741347515972,474.61766200250736,0.1,1,0,0.32,0.0
1039,random,hard,C,0.75,0.5786627043970508,675.7773028366277,0.35,0,0,0.32,0.0
1040,random,simple,C,0.75,0.8092231798694047,973.8522732572443,0.35,1,0,0.34,0.0
1041,random,hard,D,0.55,0.6063369691035098,600.6541056660101,0.22,0,0,0.34,0.0
1042,random,simple,E,0.6,0.7635030243008665,1144.8915863780094,0.6,1,0,0.36,0.0
1043,random,hard,E,0.9,0.9718826613847624,1310.5545931171266,0.6,0,0,0.36,0.0
1044,random,simple,B,0.95,0.5258276954759953,444.0867624074007,0.1,0,0,0.34,0.0
1045,random,hard,D,0.55,0.6636174669678382,592.903246745334,0.22,1,0,0.36,0.0
1046,random,hard,C,0.75,0.6758065518516954,768.2601187788246,0.35,0,0,0.36,0.0
1047,random,hard,D,0.55,0.8139053664198939,646.2357875982347,0.22,0,0,0.34,0.0
1048,random,simple,E,0.6,0.8128934997972661,1166.537755601324,0.6,1,0,0.34,0.0
1049,random,hard,A,0.4654999999999999,0.39569758175194514,953.1008305510189,1.0,0,0,0.32,0.0
1050,random,simple,E,0.6,0.929504726243003,1324.7962075459955,0.6,1,0,0.32,0.0
1051,random,simple,A,0.8,0.6064282073087063,1057.60272785933,1.0,0,0,0.32,0.0
1052,random,hard,A,0.4654999999999999,0.8336568224316616,1391.1420902628322,1.0,0,0,0.32,0.0
1053,random,hard,D,0.55,0.6779809784208277,501.01877838222674,0.22,1,0,0.34,0.0
1054,random,simple,E,0.6,0.857419671425999,1280.2069616497506,0.6,1,0,0.36,0.0
1055,random,hard,A,0.4654999999999999,0.8681137820961493,1392.0273667131412,1.0,0,0,0.36,0.0
1056,random,hard,C,0.75,0.48821278428424575,650.894913583244,0.35,0,0,0.36,0.0
1057,random,hard,C,0.75,0.7296272501701362,829.886396640326,0.35,0,0,0.36,0.0
1058,random,hard,E,0.9,0.8141905985268962,1030.8897617544087,0.6,0,0,0.34,0.0
1059,random,hard,E,0.9,1.0,1182.4874814561113,0.6,0,0,0.32,0.0
1060,random,simple,D,0.85,0.5770742806835936,535.7035869845523,0.22,1,0,0.34,0.0
1061,random,hard,E,0.9,1.0,1586.4110178840065,0.6,1,0,0.36,0.0
1062,random,hard,B,0.2,0.35266614802873114,328.5165345785625,0.1,0,0,0.36,0.0
1063,random,hard,D,0.55,0.6932599642060099,563.2702835456201,0.22,1,0,0.38,0.0
1064,random,hard,A,0.4654999999999999,0.5747392450011262,1180.7128961663752,1.0,0,0,0.36,0.0
1065,random,hard,B,0.2,0.5403321052294355,447.7771168895353,0.1,1,0,0.38,0.0
1066,random,hard,E,0.9,0.8277319167999999,1361.7873350979105,0.6,0,0,0.36,0.0
1067,random,hard,E,0.9,1.0,1443.1728636677879,0.6,1,0,0.38,0.0
1068,random,hard,D,0.55,0.6658554097511369,605.4274957943949,0.22,0,0,0.38,0.0
1069,random,simple,B,0.95,0.6240346563651242,520.8218977803689,0.1,1,0,0.4,0.0
1070,random,hard,C,0.75,0.43847640607960553,539.8478501899132,0.35,1,0,0.42,0.0
1071,random,hard,B,0.2,0.7832524378891521,581.2062437788549,0.1,1,0,0.44,0.0
1072,random,hard,B,0.2,0.9892621453424539,699.0506690372124,0.1,1,0,0.44,0.0
1073,random,hard,D,0.55,0.6513931516996168,612.1119169883442,0.22,1,0,0.46,0.0
1074,random,simple,A,0.8,0.4600654406837205,1072.9449416593468,1.0,0,0,0.46,0.0
1075,random,simple,B,0.95,0.9741544527108128,555.7331383288014,0.1,1,0,0.46,0.0
1076,random,hard,D,0.55,0.7439061938750411,638.2603907697863,0.22,0,0,0.44,0.0
1077,random,simple,C,0.75,0.47919460674872194,721.5546215824427,0.35,1,0,0.44,0.0
1078,random,simple,C,0.75,0.7216912539388753,785.9507010666662,0.35,1,0,0.46,0.0
1079,random,hard,A,0.4654999999999999,0.5427912168654565,1279.0232225725108,1.0,0,0,0.46,0.0
1080,random,hard,B,0.2,0.8140923965883322,660.7856950157764,0.1,0,0,0.46,0.0
1081,random,hard,E,0.9,0.46701574306830973,862.0331992546726,0.6,1,0,0.48,0.0
1082,random,hard,A,0.4654999999999999,0.6698970161397364,1093.5943224913096,1.0,0,0,0.48,0.0
1083,random,hard,E,0.9,0.6616569914320991,1007.9654663291499,0.6,0,0,0.48,0.0
1084,random,hard,D,0.55,0.5675343505341406,551.5787285597949,0.22,1,0,0.5,0.0
1085,random,hard,B,0.2,0.7296225409038664,617.4094648212306,0.1,0,0,0.48,0.0
1086,random,hard,A,0.4654999999999999,0.701734132256845,1329.9725710233126,1.0,0,0,0.46,0.0
1087,random,hard,E,0.9,0.6967926276733896,1166.8708681235064,0.6,0,0,0.46,0.0
1088,random,hard,B,0.2,0.7972173321948396,592.3612856611993,0.1,0,0,0.44,0.0
1089,random,hard,A,0.4654999999999999,0.7782121625773367,1430.522689756251,1.0,0,0,0.44,0.0
1090,random,simple,D,0.85,0.5635652717783581,590.6073614749525,0.22,1,0,0.44,0.0
1091,random,hard,E,0.9,0.7178633056979393,1139.1823348856149,0.6,0,0,0.44,0.0
1092,random,simple,A,0.8,0.8303297988559029,1549.9562374778016,1.0,1,0,0.44,0.0
1093,random,hard,D,0.55,0.6840539528893412,590.8776385934706,0.22,0,0,0.44,0.0
1094,random,hard,B,0.2,0.6702309871263212,454.7590384461556,0.1,0,0,0.44,0.0
1095,random,simple,D,0.85,0.829731381117506,764.754115255674,0.22,0,0,0.42,0.0
1096,random,simple,A,0.8,0.7979449276436181,1392.8083554757898,1.0,0,0,0.42,0.0
1097,random,hard,E,0.9,0.6333786529183949,1126.9068473475797,0.6,0,0,0.42,0.0
1098,random,hard,A,0.4654999999999999,0.9179285519672178,1485.4061009033699,1.0,0,0,0.4,0.0
1099,random,hard,B,0.2,0.6537022835349297,476.5667977965574,0.1,1,0,0.42,0.0
1100,random,hard,C,0.75,0.34334811626092426,654.9897044253044,0.35,0,0,0.4,0.0
1101,random,hard,C,0.75,0.6021463423096134,719.4181509873589,0.35,0,0,0.4,0.0
1102,random,hard,D,0.55,0.6390909670050341,592.9977716269673,0.22,0,0,0.4,0.0
1103,random,hard,A,0.4654999999999999,0.7844201942151083,1545.1001081920276,1.0,0,0,0.38,0.0
1104,random,simple,D,0.85,0.7949120448486984,782.3199216512564,0.22,1,0,0.38,0.0
1105,random,simple,D,0.85,0.9995225994668546,676.6389157705343,0.22,0,0,0.38,0.0
1106,random,simple,C,0.75,0.6177718434211612,711.5676829534325,0.35,0,0,0.38,0.0
1107,random,simple,B,0.95,0.535093910103374,414.4825279277966,0.1,1,0,0.4,0.0
1108,random,hard,C,0.75,0.7784025155453472,834.0734410049363,0.35,0,0,0.4,0.0
1109,random,hard,E,0.9,0.43660150614768956,1051.4175917571156,0.6,0,0,0.4,0.0
1110,random,hard,B,0.2,0.6646515171059665,564.1984851364011,0.1,0,0,0.38,0.0
1111,random,hard,A,0.4654999999999999,0.5821045837944118,1236.022491292301,1.0,0,0,0.36,0.0
1112,random,hard,A,0.4654999999999999,0.8122520337390824,1463.1507110150405,1.0,0,0,0.36,0.0
1113,random,hard,E,0.9,0.5618278974057809,1040.6121688260687,0.6,0,0,0.34,0.0
1114,random,hard,E,0.9,0.7944085497170872,1273.7473263560316,0.6,0,0,0.34,0.0
1115,random,simple,D,0.85,0.5783680194949737,530.2142131358183,0.22,1,0,0.34,0.0
1116,random,hard,C,0.75,0.5799404187855799,817.0577673251092,0.35,0,0,0.34,0.0
1117,random,simple,E,0.6,0.8413671831928029,1172.5179020550895,0.6,1,0,0.34,0.0
1118,random,hard,D,0.55,0.6941416109812788,518.7345404295166,0.22,0,0,0.34,0.0
1119,random,simple,C,0.75,0.6952131570706468,733.453808219619,0.35,0,0,0.32,0.0
1120,random,simple,C,0.75,0.9117875782221692,802.031909185637,0.35,1,0,0.32,0.0
1121,random,simple,A,0.8,0.5570602092749504,1080.5581958272564,1.0,1,0,0.32,0.0
1122,random,simple,C,0.75,1.0,977.5119009069916,0.35,1,0,0.32,0.0
1123,random,hard,C,0.75,1.0,1113.4287388496123,0.35,0,0,0.3,0.0
1124,random,hard,C,0.75,1.0,1201.901274710402,0.35,1,0,0.32,0.0
1125,random,hard,A,0.4654999999999999,0.6340664227428167,1131.2461212562077,1.0,0,0,0.3,0.0
1126,random,simple,E,0.6,0.5662745246607693,1024.2561226899074,0.6,1,0,0.32,0.0
1127,random,simple,C,0.75,0.9814719999999999,1026.8265888716573,0.35,1,0,0.32,0.0
1128,random,hard,C,0.75,1.0,1216.4452341895599,0.35,0,0,0.3,0.0
1129,random,hard,A,0.4654999999999999,0.6802466916506656,1257.3782292938324,1.0,0,0,0.3,0.0
1130,random,simple,B,0.95,0.3515522284625997,399.57863297586727,0.1,1,0,0.32,0.0
1131,random,hard,D,0.55,0.4317415647189453,485.7771050339212,0.22,1,0,0.32,0.0
1132,random,hard,D,0.55,0.6799325769526718,574.5570281241529,0.22,0,0,0.32,0.0
1133,random,hard,A,0.4654999999999999,0.7079407846382549,1180.7843565789142,1.0,0,0,0.32,0.0
1134,random,simple,E,0.6,0.503651869585853,1139.997596316542,0.6,1,0,0.32,0.0
1135,random,hard,D,0.55,0.7633550130810912,715.4300239314359,0.22,0,0,0.32,0.0
1136,random,hard,D,0.55,0.9717524115113603,865.8765650822053,0.22,1,0,0.34,0.0
1137,random,hard,C,0.75,0.6164783818288659,741.2222559419546,0.35,0,0,0.34,0.0
1138,random,hard,E,0.9,0.6020376892459611,1110.8796642741775,0.6,0,0,0.34,0.0
1139,random,hard,A,0.4654999999999999,0.6287705935870772,1169.9287587454564,1.0,0,0,0.34,0.0
1140,random,simple,C,0.75,0.7201127558216809,878.7502726983374,0.35,1,0,0.34,0.0
1141,random,hard,E,0.9,0.7102718281658236,1243.7340280184599,0.6,1,0,0.36,0.0
1142,random,hard,A,0.4654999999999999,0.7284895539529727,1353.2340462741497,1.0,0,0,0.34,0.0
1143,random,hard,D,0.55,0.6971314962983131,675.7360360546518,0.22,0,0,0.34,0.0
1144,random,hard,B,0.2,0.3587147566640013,343.143509354124,0.1,0,0,0.34,0.0
1145,random,simple,E,0.6,0.7259467196897618,1161.3758379033602,0.6,1,0,0.36,0.0
1146,random,simple,B,0.95,0.5777887075606026,453.4342565498813,0.1,0,0,0.36,0.0
1147,random,hard,E,0.9,0.8621731397277514,1510.3570347356908,0.6,0,0,0.36,0.0
1148,random,hard,E,0.9,1.0,1326.3747482511408,0.6,0,0,0.36,0.0
1149,random,hard,D,0.55,0.6237507159067814,553.4535842214945,0.22,0,0,0.34,0.0
1150,random,hard,A,0.4654999999999999,0.5619899945616695,1104.4707768686824,1.0,0,0,0.34,0.0
1151,random,hard,A,0.4654999999999999,0.7945511952142692,1465.5863745398267,1.0,1,0,0.36,0.0
1152,random,hard,A,0.4654999999999999,0.9992050517885569,1875.7485568089032,1.0,0,0,0.36,0.0
1153,random,hard,B,0.2,0.5361281446381345,470.6728601595879,0.1,0,0,0.36,0.0
1154,random,hard,B,0.2,0.7717927672815583,527.5053035262628,0.1,1,0,0.36,0.0
1155,random,hard,E,0.9,0.70867559636992,1067.6086796327143,0.6,0,0,0.36,0.0
1156,random,hard,D,0.55,0.5549116958093685,570.520876623174,0.22,0,0,0.36,0.0
1157,random,hard,C,0.75,0.3819607512502715,634.9102399696704,0.35,0,0,0.34,0.0
1158,random,simple,E,0.6,0.7829425760094022,1183.0986783756346,0.6,1,0,0.36,0.0
1159,random,hard,B,0.2,0.7072996764498731,492.3282232235299,0.1,0,0,0.36,0.0
1160,random,hard,B,0.2,0.9224237152758883,609.2603318248538,0.1,0,0,0.36,0.0
1161,random,hard,B,0.2,1.0,730.4446999404634,0.1,0,0,0.36,0.0
1162,random,hard,D,0.55,0.5577032593381106,611.3678029246607,0.22,0,0,0.36,0.0
1163,random,hard,E,0.9,0.7131837863817715,1238.4823323811006,0.6,0,0,0.36,0.0
1164,random,hard,C,0.75,0.45609803780710734,719.4601144103958,0.35,0,0,0.36,0.0
1165,random,hard,E,0.9,0.8522895241740438,1412.1834023385823,0.6,0,0,0.34,0.0
1166,random,hard,A,0.4654999999999999,0.4668829742020748,924.6111805245984,1.0,0,0,0.34,0.0
1167,random,hard,D,0.55,0.5943178100561086,585.7938296592906,0.22,1,0,0.34,0.0
1168,random,hard,A,0.4654999999999999,0.6615541752220867,1373.8752052867894,1.0,0,0,0.34,0.0
1169,random,hard,C,0.75,0.5406974917406636,758.6062844500188,0.35,1,0,0.36,0.0
1170,random,hard,E,0.9,0.7497803842609281,1224.0329946693148,0.6,0,0,0.34,0.0
1171,random,hard,A,0.4654999999999999,0.7508306468969459,1539.2199978074104,1.0,0,0,0.32,0.0
1172,random,hard,B,0.2,0.5450808588882738,506.28874334152954,0.1,1,0,0.32,0.0
1173,random,hard,A,0.4654999999999999,0.8814432529569949,1398.141687807859,1.0,0,0,0.32,0.0
1174,random,hard,A,0.4654999999999999,1.0,1570.015292054244,1.0,0,0,0.3,0.0
1175,random,simple,C,0.75,0.5511021248782223,700.8788667179724,0.35,1,0,0.32,0.0
1176,random,hard,D,0.55,0.4880887388186326,490.21513539922006,0.22,0,0,0.3,0.0
1177,random,hard,E,0.9,0.6064169456843026,1101.6123544747218,0.6,0,0,0.28,0.0
1178,random,simple,A,0.8,0.8996953599999999,1481.0277804682835,1.0,0,0,0.28,0.0
1179,random,hard,C,0.75,0.6304933871756104,755.653302231779,0.35,0,0,0.28,0.0
1180,random,simple,B,0.95,0.4960298956668743,424.6194689607521,0.1,1,0,0.28,0.0
1181,random,simple,B,0.95,0.7365063081868494,502.96174691656034,0.1,1,0,0.28,0.0
1182,random,hard,E,0.9,0.6200255771259785,1093.777762173815,0.6,0,0,0.28,0.0
1183,random,simple,A,0.8,0.774797956868866,1504.826355699986,1.0,0,0,0.28,0.0
1184,random,hard,E,0.9,0.7801478069263578,1290.678973449997,0.6,1,0,0.28,0.0
1185,random,hard,D,0.55,0.45446953425021286,514.7993215620421,0.22,1,0,0.3,0.0
1186,random,simple,E,0.6,0.9041464616837716,1352.252142800204,0.6,1,0,0.3,0.0
1187,random,simple,B,0.95,0.642036539464169,465.93277675835344,0.1,1,0,0.32,0.0
1188,random,hard,C,0.75,0.49953752692713793,675.9293487649973,0.35,1,0,0.34,0.0
1189,random,hard,B,0.2,0.7971930961610525,502.0017648942492,0.1,0,0,0.34,0.0
1190,random,simple,E,0.6,0.8422124378321756,1265.7353800411756,0.6,1,0,0.34,0.0
1191,random,hard,E,0.9,1.0,1559.6377062476763,0.6,0,0,0.32,0.0
1192,random,hard,E,0.9,1.0,1668.6071895489845,0.6,1,0,0.34,0.0
1193,random,hard,E,0.9,1.0,1525.9698917992127,0.6,0,0,0.34,0.0
1194,random,hard,A,0.4654999999999999,0.48988814873430153,1218.0156605837033,1.0,0,0,0.34,0.0
1195,random,simple,D,0.85,0.4265702088552227,471.0713688170543,0.22,1,0,0.34,0.0
1196,random,hard,D,0.55,0.675381783792596,586.2971305978242,0.22,1,0,0.36,0.0
1197,random,simple,B,0.95,0.586698160316129,451.38157652572517,0.1,1,0,0.38,0.0
1198,random,simple,B,0.95,0.8162943810781935,562.9152472409216,0.1,1,0,0.4,0.0
1199,random,hard,D,0.55,0.760253774964708,721.2669329842074,0.22,0,0,0.4,0.0
1200,random,simple,E,0.6,0.70867559636992,1257.1336932758347,0.6,1,0,0.42,0.0
1201,random,hard,E,0.9,0.9236345248055295,1466.5256710334463,0.6,0,0,0.4,0.0
1202,random,hard,A,0.4654999999999999,0.47618069157792114,1059.2615519907963,1.0,0,0,0.4,0.0
1203,random,hard,C,0.75,0.37341895550021276,595.5716944067011,0.35,0,0,0.4,0.0
1204,random,hard,D,0.55,0.7012101819165613,693.9573826791701,0.22,0,0,0.38,0.0
1205,random,hard,A,0.4654999999999999,0.6245038082509891,1128.6305193628884,1.0,0,0,0.38,0.0
1206,random,hard,D,0.55,0.843017164876185,766.6668688241834,0.22,0,0,0.38,0.0
1207,random,hard,B,0.2,0.5583395248196223,490.4542253239506,0.1,0,0,0.38,0.0
1208,random,hard,C,0.75,0.49706510115558117,737.0415260402438,0.35,0,0,0.36,0.0
1209,random,hard,A,0.4654999999999999,0.6745120361104479,1228.0151656736975,1.0,0,0,0.36,0.0
1210,random,hard,D,0.55,0.805553482176603,711.7313879762323,0.22,0,0,0.36,0.0
1211,random,hard,B,0.2,0.6348336223389324,381.6957257530542,0.1,0,0,0.36,0.0
1212,random,simple,C,0.75,0.5980876347809326,837.4224732581306,0.35,1,0,0.38,0.0
1213,random,hard,D,0.55,0.848962142605854,705.217509101278,0.22,0,0,0.38,0.0
1214,random,simple,D,0.85,1.0,851.2109393215558,0.22,1,0,0.4,0.0
1215,random,simple,B,0.95,0.6807067776886501,598.1377982736582,0.1,1,0,0.42,0.0
1216,random,simple,A,0.8,0.5756566086161263,1145.5996262309206,1.0,0,0,0.42,0.0
1217,random,hard,C,0.75,0.6156299339173199,769.6286208903306,0.35,1,0,0.42,0.0
1218,random,hard,D,0.55,0.8996953599999999,612.5130768770082,0.22,0,0,0.42,0.0
1219,random,hard,B,0.2,0.708216696100435,520.1759181762656,0.1,0,0,0.4,0.0
1220,random,hard,D,0.55,0.9967240867839999,755.384749149958,0.22,0,0,0.4,0.0
1221,random,simple,D,0.85,1.0,908.6937885448045,0.22,1,0,0.42,0.0
1222,random,hard,A,0.4654999999999999,0.5673372816255466,998.1355843519236,1.0,0,0,0.4,0.0
1223,random,hard,E,0.9,0.35547776358013716,865.3957039652955,0.6,0,0,0.4,0.0
1224,random,simple,A,0.8,0.7393459908908233,1315.0747282787054,1.0,0,0,0.4,0.0
1225,random,hard,A,0.4654999999999999,0.9506244719839245,1507.69901654571,1.0,0,0,0.38,0.0
1226,random,simple,C,0.75,0.49483356529156514,698.4157882467291,0.35,1,0,0.4,0.0
1227,random,simple,A,0.8,1.0,1801.7272735186314,1.0,0,0,0.4,0.0
1228,random,hard,B,0.2,0.5241352739660514,493.0144376963477,0.1,0,0,0.4,0.0
1229,random,simple,A,0.8,1.0,1519.0037351986502,1.0,0,0,0.4,0.0
1230,random,hard,D,0.55,0.6164783818288659,537.4587293030183,0.22,0,0,0.38,0.0
1231,random,hard,D,0.55,0.842500976009402,626.4717813782725,0.22,0,0,0.36,0.0
1232,random,hard,C,0.75,0.5298027299993001,744.3916640234545,0.35,0,0,0.36,0.0
1233,random,simple,E,0.6,0.3990009041067077,849.921553947883,0.6,1,0,0.38,0.0
1234,random,hard,B,0.2,0.5434105632574857,463.34598939404236,0.1,0,0,0.36,0.0
1235,random,hard,B,0.2,0.7782012956665874,496.12892760490166,0.1,0,0,0.34,0.0
1236,random,hard,D,0.55,0.7446146549753125,673.6178183497782,0.22,0,0,0.32,0.0
1237,random,hard,C,0.75,0.5795938102284035,705.8264113919323,0.35,0,0,0.3,0.0
1238,random,hard,D,0.55,0.8766295888128819,610.6223717538386,0.22,0,0,0.28,0.0
1239,random,hard,C,0.75,0.7488374466408757,915.2728525569185,0.35,0,0,0.28,0.0
1240,random,hard,B,0.2,0.7106816614183716,521.9523696940167,0.1,0,0,0.26,0.0
1241,random,hard,C,0.75,0.8798997186786941,1001.6665722739301,0.35,0,0,0.26,0.0
1242,random,hard,D,0.55,0.8257106968497931,688.2619234195656,0.22,1,0,0.26,0.0
1243,random,hard,D,0.55,1.0,862.8885605911803,0.22,1,0,0.28,0.0
1244,random,hard,B,0.2,0.7261924947896885,617.9232075302817,0.1,1,0,0.3,0.0
1245,random,simple,C,0.75,0.8276717785569181,992.6330137947524,0.35,1,0,0.3,0.0
1246,random,hard,A,0.4654999999999999,0.4138165524602472,1035.2415399892482,1.0,0,0,0.28,0.0
1247,random,simple,E,0.6,0.3666394324843092,978.9746446693841,0.6,1,0,0.28,0.0
1248,random,simple,E,0.6,0.6226427005861921,1113.3216971472332,0.6,1,0,0.28,0.0
1249,random,hard,C,0.75,0.7963509252035312,834.9505340434977,0.35,0,0,0.28,0.0
1250,random,hard,A,0.4654999999999999,0.5481638664016067,1111.7859726692852,1.0,0,0,0.26,0.0
1251,random,hard,D,0.55,0.6596345248055295,610.0500690173352,0.22,0,0,0.26,0.0
1252,random,hard,A,0.4654999999999999,0.7244980981414042,1430.3004972601339,1.0,0,0,0.26,0.0
1253,random,simple,D,0.85,0.8108209760094021,634.8184969815429,0.22,0,0,0.26,0.0
1254,random,simple,B,0.95,0.502245318569631,417.68458572645847,0.1,1,0,0.28,0.0
1255,random,hard,A,0.4654999999999999,0.793725167936619,1510.3778237272159,1.0,0,0,0.28,0.0
1256,random,simple,A,0.8,0.9984781477842246,1588.4986371548912,1.0,0,0,0.28,0.0
1257,random,hard,E,0.9,0.49705295433907326,1029.3296334685672,0.6,0,0,0.28,0.0
1258,random,hard,D,0.55,0.7278961078510886,552.8332433056705,0.22,0,0,0.28,0.0
1259,random,hard,E,0.9,0.6849178078401783,1140.8428231202288,0.6,0,0,0.28,0.0
1260,random,hard,D,0.55,0.863682745919883,647.7489732153931,0.22,0,0,0.28,0.0
1261,random,hard,D,0.55,1.0,812.5582433858141,0.22,0,0,0.28,0.0
1262,random,hard,B,0.2,0.480624756479591,405.9672169043581,0.1,0,0,0.26,0.0
1263,random,simple,D,0.85,1.0,842.2700524825312,0.22,0,0,0.26,0.0
1264,random,hard,D,0.55,1.0,910.7310224214949,0.22,1,0,0.26,0.0
1265,random,simple,D,0.85,1.0,886.8961477275608,0.22,0,0,0.24,0.0
1266,random,hard,A,0.4654999999999999,0.5780771386819666,1216.838194468814,1.0,0,0,0.24,0.0
1267,random,hard,C,0.75,0.3797613668325708,586.6446132272492,0.35,0,0,0.22,0.0
1268,random,hard,C,0.75,0.6341900028126624,787.1800636793647,0.35,0,0,0.22,0.0
1269,random,hard,A,0.4654999999999999,0.6939433838518771,1279.2291816950706,1.0,0,0,0.22,0.0
1270,random,hard,B,0.2,0.4728492559063111,508.0022411959097,0.1,0,0,0.22,0.0
1271,random,hard,D,0.55,0.764404086784,655.9783950681217,0.22,1,0,0.22,0.0
1272,random,hard,B,0.2,0.6661744637738474,512.5550540747739,0.1,0,0,0.22,0.0
1273,random,hard,A,0.4654999999999999,0.7161546273986696,1269.9387064626492,1.0,0,0,0.22,0.0
1274,random,hard,C,0.75,0.5945204291037569,639.7097421966251,0.35,0,0,0.22,0.0
1275,random,hard,C,0.75,0.8231779776113062,938.8637765427894,0.35,0,0,0.22,0.0
1276,random,hard,E,0.9,0.3779549836069992,870.7385300629394,0.6,0,0,0.2,0.0
1277,random,hard,A,0.4654999999999999,0.729474607093511,1273.688618777388,1.0,0,0,0.2,0.0
1278,random,simple,E,0.6,0.5926883393052602,1086.2297264630529,0.6,1,0,0.22,0.0
1279,random,hard,B,0.2,0.5722492462691888,486.3790566250376,0.1,1,0,0.24,0.0
1280,random,hard,E,0.9,0.7589778499579936,1078.1625152160314,0.6,0,0,0.24,0.0
1281,random,hard,C,0.75,0.6822872169532787,872.2617362625176,0.35,0,0,0.24,0.0
1282,random,hard,A,0.4654999999999999,0.6849670326583854,1323.0523413947603,1.0,0,0,0.24,0.0
1283,random,hard,D,0.55,0.4648599129115218,462.33064090471345,0.22,1,0,0.24,0.0
1284,random,simple,E,0.6,0.7551554949625849,1183.566322426231,0.6,1,0,0.26,0.0
1285,random,hard,E,0.9,0.9645368355670747,1507.637661814105,0.6,0,0,0.26,0.0
1286,random,simple,E,0.6,1.0,1763.2674764629512,0.6,0,0,0.26,0.0
1287,random,simple,B,0.95,0.5058005857523422,455.23821914838857,0.1,1,0,0.28,0.0
1288,random,hard,A,0.4654999999999999,0.6181014892788639,1183.855108121964,1.0,0,0,0.28,0.0
1289,random,hard,A,0.4654999999999999,0.8439293105654002,1541.4196229119152,1.0,0,0,0.28,0.0
1290,random,hard,E,0.9,0.8996953599999999,1217.3587992800271,0.6,0,0,0.28,0.0
1291,random,hard,C,0.75,0.4900176558402268,668.7209449113299,0.35,0,0,0.28,0.0
1292,random,simple,D,0.85,0.447118113015346,480.75525853130557,0.22,1,0,0.28,0.0
1293,random,hard,E,0.9,0.9131171963699201,1356.1733140779577,0.6,0,0,0.26,0.0
1294,random,hard,A,0.4654999999999999,0.7453684327083812,1493.4846619474451,1.0,0,0,0.24,0.0
1295,random,hard,B,0.2,0.48190335330340206,462.7042762125174,0.1,0,0,0.22,0.0
1296,random,simple,B,0.95,0.7240749509069938,492.14182372151856,0.1,1,0,0.24,0.0
1297,random,hard,E,0.9,0.8475921457992499,1466.650983918783,0.6,0,0,0.22,0.0
1298,random,hard,A,0.4654999999999999,0.7469939905856884,1371.0805758404429,1.0,0,0,0.2,0.0
1299,random,simple,A,0.8,0.9573547117154058,1459.3032385737629,1.0,1,0,0.22,0.0
1300,random,simple,A,0.8,1.0,1756.6924894495362,1.0,0,0,0.22,0.0
1301,random,hard,B,0.2,0.6821174617490138,484.3793836790284,0.1,0,0,0.22,0.0
1302,random,simple,B,0.95,0.9002633663391322,665.6149727461426,0.1,1,0,0.24,0.0
1303,random,simple,B,0.95,1.0,612.9716968973828,0.1,1,0,0.26,0.0
1304,random,hard,E,0.9,0.6463902256629686,1126.3977167095618,0.6,1,0,0.26,0.0
1305,random,hard,C,0.75,0.3818406629067468,673.223499223938,0.35,1,0,0.28,0.0
1306,random,hard,B,0.2,0.9814719999999999,750.2506201258876,0.1,0,0,0.28,0.0
1307,random,hard,E,0.9,0.7404968398629945,1074.7021207567464,0.6,0,0,0.28,0.0
1308,random,hard,D,0.55,0.3578289115522021,383.2087895306021,0.22,0,0,0.28,0.0
1309,random,hard,E,0.9,0.8734407527899029,1187.473134119273,0.6,0,0,0.28,0.0
1310,random,hard,A,0.4654999999999999,0.5785009760094021,1136.4166156776453,1.0,0,0,0.28,0.0
1311,random,hard,B,0.2,0.8179540998455295,564.4126970728805,0.1,0,0,0.28,0.0
1312,random,simple,E,0.6,0.8952254166852407,1448.6417846002157,0.6,0,0,0.28,0.0
1313,random,hard,C,0.75,0.4373230853558963,591.2250947115007,0.35,0,0,0.28,0.0
1314,random,hard,B,0.2,0.8574128163299326,680.7040188075551,0.1,0,0,0.26,0.0
1315,random,hard,D,0.55,0.4462359438269955,529.2338990416029,0.22,1,0,0.28,0.0
1316,random,hard,B,0.2,0.9639804849658997,573.7263469487958,0.1,0,0,0.28,0.0
1317,random,simple,A,0.8,0.5364192313712232,1031.2870877612784,1.0,1,0,0.3,0.0
1318,random,hard,E,0.9,0.7157463421015351,1114.281394349865,0.6,0,0,0.3,0.0
1319,random,simple,D,0.85,0.5676056249782698,521.6679201397257,0.22,1,0,0.32,0.0
1320,random,simple,E,0.6,0.8542739673234288,1490.3905555874787,0.6,1,0,0.34,0.0
1321,random,simple,A,0.8,0.6216881240680889,1269.3392059731777,1.0,1,0,0.34,0.0
1322,random,hard,B,0.2,0.747676476798186,588.8236973386412,0.1,0,0,0.34,0.0
1323,random,hard,A,0.4654999999999999,0.781435283278328,1420.3966880428793,1.0,0,0,0.34,0.0
1324,random,simple,A,0.8,0.9876630492849285,1776.823633257276,1.0,0,0,0.34,0.0
1325,random,hard,A,0.4654999999999999,1.0,1569.4213367182779,1.0,0,0,0.34,0.0
1326,random,hard,C,0.75,0.38299981825186463,551.9784500754546,0.35,0,0,0.34,0.0
1327,random,hard,D,0.55,0.5041305792160058,489.2735187856073,0.22,1,0,0.36,0.0
1328,random,simple,A,0.8,0.9814719999999999,1654.2990714938837,1.0,0,0,0.34,0.0
1329,random,simple,A,0.8,1.0,1978.7396035337954,1.0,1,0,0.34,0.0
1330,random,simple,C,0.75,0.5296832138864865,677.400347352189,0.35,1,0,0.36,0.0
1331,random,hard,D,0.55,0.6023247691899511,524.6913854227646,0.22,0,0,0.36,0.0
1332,random,hard,A,0.4654999999999999,0.9814719999999999,1740.87880628195,1.0,0,0,0.36,0.0
1333,random,hard,C,0.75,0.6609642791336517,767.9695567869763,0.35,0,0,0.34,0.0
1334,random,hard,A,0.4654999999999999,1.0,1588.7969662820328,1.0,0,0,0.32,0.0
1335,random,hard,C,0.75,0.8118507377611,903.8044811996369,0.35,0,0,0.32,0.0
1336,random,hard,D,0.55,0.6178660049807305,597.163348351549,0.22,0,0,0.32,0.0
1337,random,hard,B,0.2,0.4098888932654875,383.46686281709543,0.1,1,0,0.32,0.0
1338,random,simple,D,0.85,0.7784754342570777,675.5143150739171,0.22,1,0,0.34,0.0
1339,random,hard,B,0.2,0.6174179589447935,484.0933182145673,0.1,0,0,0.34,0.0
1340,random,hard,A,0.4654999999999999,0.764404086784,1442.431965750895,1.0,1,0,0.36,0.0
1341,random,hard,C,0.75,0.6770268004748603,832.3217421792497,0.35,0,0,0.36,0.0
1342,random,simple,D,0.85,0.7668481057979546,626.7220719985761,0.22,1,0,0.36,0.0
1343,random,hard,C,0.75,0.8242895542877318,899.5282066602333,0.35,0,0,0.36,0.0
1344,random,simple,D,0.85,0.893847173129936,751.7447854985169,0.22,1,0,0.38,0.0
1345,random,hard,A,0.4654999999999999,0.7034004339282738,1393.8211615004282,1.0,0,0,0.38,0.0
1346,random,simple,B,0.95,0.5523236525812623,467.5881535050029,0.1,1,0,0.38,0.0
1347,random,simple,C,0.75,0.7943226210028209,892.9329208560712,0.35,0,0,0.38,0.0
1348,random,hard,B,0.2,0.7277194365589295,517.7717131815665,0.1,0,0,0.38,0.0
1349,random,hard,E,0.9,0.3209698181587956,650.2129404648545,0.6,0,0,0.36,0.0
1350,random,hard,C,0.75,0.8413086251800344,982.5603468092102,0.35,1,0,0.38,0.0
1351,random,hard,A,0.4654999999999999,0.6266620361619293,1310.4505729165332,1.0,0,0,0.38,0.0
1352,random,simple,B,0.95,0.7364099694862043,533.6027512621797,0.1,1,0,0.38,0.0
1353,random,simple,B,0.95,0.9480407731478597,641.5248485929592,0.1,0,0,0.36,0.0
1354,random,simple,C,0.75,0.8045288788484457,829.2032950544066,0.35,1,0,0.36,0.0
1355,random,hard,B,0.2,1.0,633.2659928088249,0.1,0,0,0.34,0.0
1356,random,hard,B,0.2,1.0,703.1232025130909,0.1,0,0,0.34,0.0
1357,random,hard,E,0.9,0.4154318280304557,868.4886133774934,0.6,0,0,0.34,0.0
1358,random,simple,A,0.8,0.5561014813508649,1119.496715581648,1.0,0,0,0.34,0.0
1359,random,hard,C,0.75,0.7245755673556452,979.1895020408725,0.35,0,0,0.34,0.0
1360,random,hard,C,0.75,0.9376264992729677,920.6572107244169,0.35,0,0,0.34,0.0
1361,random,simple,D,0.85,0.401734603671987,487.25331356811796,0.22,1,0,0.36,0.0
1362,random,simple,C,0.75,1.0,1008.4700645528213,0.35,1,0,0.38,0.0
1363,random,hard,B,0.2,0.70867559636992,503.33823691779185,0.1,0,0,0.38,0.0
1364,random,simple,B,0.95,0.9236345248055295,583.6461838723676,0.1,0,0,0.38,0.0
1365,random,hard,E,0.9,0.4494036280628254,761.2213510904917,0.6,0,0,0.36,0.0
1366,random,simple,D,0.85,0.5120081724407061,479.6691496031512,0.22,1,0,0.38,0.0
1367,random,hard,A,0.4654999999999999,0.47599409695055706,1052.4605974734202,1.0,0,0,0.36,0.0
1368,random,hard,B,0.2,0.8538993388616809,517.6383984415062,0.1,0,0,0.36,0.0
1369,random,simple,C,0.75,0.70867559636992,773.2567239105778,0.35,1,0,0.36,0.0
1370,random,hard,B,0.2,0.9612596480144857,604.2479090194505,0.1,0,0,0.34,0.0
1371,random,hard,A,0.4654999999999999,0.5854514513286393,1269.433369846583,1.0,0,0,0.32,0.0
1372,random,hard,A,0.4654999999999999,0.8151972771692026,1587.3481438747272,1.0,0,0,0.32,0.0
1373,random,hard,B,0.2,0.9550715348517276,680.6544864641407,0.1,0,0,0.32,0.0
1374,random,hard,D,0.55,0.48413581579226095,457.7616192951043,0.22,0,0,0.32,0.0
1375,random,hard,C,0.75,0.6291118431582793,751.4399485362698,0.35,1,0,0.34,0.0
1376,random,hard,B,0.2,0.9508545089984766,581.0068579700935,0.1,0,0,0.34,0.0
1377,random,simple,B,0.95,1.0,594.5855180541033,0.1,1,0,0.34,0.0
1378,random,hard,C,0.75,0.7287221059807589,782.6211374036507,0.35,0,0,0.34,0.0
1379,random,hard,B,0.2,1.0,649.8035009269048,0.1,0,0,0.32,0.0
1380,random,simple,E,0.6,0.36605058317308625,905.0185798122445,0.6,1,0,0.32,0.0
1381,random,simple,A,0.8,0.5579923151498067,1167.9926152243827,1.0,1,0,0.34,0.0
1382,random,hard,E,0.9,0.583469571609238,946.0435859903653,0.6,0,0,0.34,0.0
1383,random,simple,C,0.75,0.6845699138037586,897.6936833813658,0.35,1,0,0.36,0.0
1384,random,hard,A,0.4654999999999999,0.680256138989769,1189.7226632802344,1.0,0,0,0.36,0.0
1385,random,hard,A,0.4654999999999999,0.8986254023109967,1377.119806341044,1.0,0,0,0.36,0.0
1386,random,simple,C,0.75,0.766515228299675,859.883887383456,0.35,0,0,0.36,0.0
1387,random,hard,D,0.55,0.39188443525059863,455.0998918724485,0.22,0,0,0.34,0.0
1388,random,hard,A,0.4654999999999999,0.9123880501636796,1432.723784699824,1.0,0,0,0.32,0.0
1389,random,simple,D,0.85,0.6034753066580636,531.3105070296587,0.22,1,0,0.34,0.0
1390,random,hard,C,0.75,0.7596756257806558,913.0393790125491,0.35,0,0,0.32,0.0
1391,random,hard,E,0.9,0.4846555058692733,998.4807127589165,0.6,0,0,0.32,0.0
1392,random,hard,C,0.75,0.88829280460454,869.9375132260734,0.35,0,0,0.3,0.0
1393,random,hard,E,0.9,0.6753172237451652,1099.987990267243,0.6,0,0,0.3,0.0
1394,random,simple,B,0.95,0.44697385390011257,380.0758197494303,0.1,1,0,0.3,0.0
1395,random,hard,E,0.9,0.8229656580682558,1427.118970891349,0.6,0,0,0.3,0.0
1396,random,simple,B,0.95,0.6461365524602471,523.3988290234585,0.1,1,0,0.3,0.0
1397,random,hard,C,0.75,0.7687804644536018,741.8307118009592,0.35,0,0,0.3,0.0
1398,random,hard,E,0.9,0.8608280529350905,1404.7343315807534,0.6,1,0,0.32,0.0
1399,random,hard,C,0.75,0.8953435916728691,758.0638964842328,0.35,0,0,0.32,0.0
1400,random,hard,E,0.9,0.9666252441929342,1447.7517648762737,0.6,0,0,0.3,0.0
1401,random,hard,E,0.9,1.0,1644.934930177675,0.6,1,0,0.32,0.0
1402,random,hard,E,0.9,1.0,1404.3577801720194,0.6,0,0,0.3,0.0
1403,random,simple,B,0.95,0.5640602409130957,410.57458849665085,0.1,1,0,0.32,0.0
1404,random,hard,A,0.4654999999999999,0.41800552542676944,1011.8888445311253,1.0,0,0,0.3,0.0
1405,random,hard,E,0.9,0.9814719999999999,1509.2705941384363,0.6,0,0,0.3,0.0
1406,random,simple,C,0.75,0.665905076282896,756.6613618753447,0.35,0,0,0.3,0.0
1407,random,hard,B,0.2,0.6382643092360657,498.12725362879695,0.1,1,0,0.32,0.0
1408,random,hard,B,0.2,0.8616725921277377,668.523430572126,0.1,0,0,0.32,0.0
1409,random,hard,D,0.55,0.34680723067606256,457.6512716172836,0.22,1,0,0.34,0.0
1410,random,hard,C,0.75,0.6993401844472988,759.6715862728638,0.35,0,0,0.34,0.0
1411,random,hard,C,0.75,0.9154193623136229,1015.5090482429193,0.35,1,0,0.34,0.0
1412,random,hard,D,0.55,0.5363394171032777,457.020121950861,0.22,1,0,0.34,0.0
1413,random,hard,A,0.4654999999999999,0.43228971228258894,1007.5648408419221,1.0,0,0,0.34,0.0
1414,random,hard,A,0.4654999999999999,0.6804149468086782,1279.0375476315548,1.0,0,0,0.34,0.0
1415,random,hard,E,0.9,0.5733409099258999,1120.7405191122937,0.6,1,0,0.36,0.0
1416,random,hard,A,0.4654999999999999,0.8269133348086404,1414.9062148561907,1.0,0,0,0.34,0.0
1417,random,hard,B,0.2,0.5727007476228709,436.4835396800766,0.1,0,0,0.34,0.0
1418,random,simple,C,0.75,0.6741095538220917,847.7851101945685,0.35,1,0,0.36,0.0
1419,random,hard,B,0.2,0.7434994589591513,532.6673951119493,0.1,1,0,0.36,0.0
1420,random,hard,B,0.2,0.9542795238840531,522.3294310946171,0.1,0,0,0.36,0.0
1421,random,hard,E,0.9,0.5662618616900452,958.0804889335426,0.6,0,0,0.36,0.0
1422,random,simple,C,0.75,0.7042603715587787,745.2496088615594,0.35,1,0,0.38,0.0
1423,random,hard,B,0.2,0.9503147757003134,546.6445091036169,0.1,0,0,0.38,0.0
1424,random,hard,C,0.75,0.8453792317351183,1005.8923605489756,0.35,1,0,0.4,0.0
1425,random,hard,E,0.9,0.6395846110004819,1099.154449731919,0.6,0,0,0.38,0.0
1426,random,hard,D,0.55,0.38957712628432806,463.3173303286645,0.22,1,0,0.4,0.0
1427,random,simple,B,0.95,0.8698993615269186,655.0634637570179,0.1,1,0,0.4,0.0
1428,random,hard,A,0.4654999999999999,0.47834135468254013,1051.149551968951,1.0,0,0,0.4,0.0
1429,random,hard,E,0.9,0.683555923544394,1115.3834107613259,0.6,1,0,0.42,0.0
1430,random,simple,E,0.6,0.9015292127190666,1487.872874556363,0.6,1,0,0.42,0.0
1431,random,hard,A,0.4654999999999999,0.62597623965822,1303.936736839894,1.0,0,0,0.4,0.0
1432,random,simple,E,0.6,0.9981442223296453,1220.3386853153456,0.6,1,0,0.42,0.0
1433,random,hard,E,0.9,1.0,1718.4570753901892,0.6,0,0,0.4,0.0
1434,random,simple,E,0.6,1.0,1506.222034906311,0.6,1,0,0.42,0.0
1435,random,simple,A,0.8,0.6753950463932825,1292.5274919924025,1.0,1,0,0.44,0.0
1436,random,hard,E,0.9,1.0,1335.1384286494813,0.6,0,0,0.44,0.0
1437,random,hard,D,0.55,0.3954778967129886,386.2324476401031,0.22,0,0,0.44,0.0
1438,random,hard,A,0.4654999999999999,0.760262813055723,1430.580458054111,1.0,0,0,0.44,0.0
1439,random,simple,D,0.85,0.6062580832145383,603.2191500373401,0.22,1,0,0.44,0.0
1440,random,hard,A,0.4654999999999999,0.8887475224303518,1552.2156910621807,1.0,1,0,0.46,0.0
1441,random,simple,E,0.6,0.8277319167999999,1262.740813592487,0.6,1,0,0.48,0.0
1442,random,hard,C,0.75,0.38467197171627354,523.8996591916798,0.35,0,0,0.48,0.0
1443,random,hard,C,0.75,0.6385113351103207,796.4856093789955,0.35,0,0,0.48,0.0
1444,random,hard,B,0.2,0.3990089463163641,397.34908944178017,0.1,0,0,0.46,0.0
1445,random,simple,B,0.95,0.6511278727584004,519.7162058731408,0.1,1,0,0.48,0.0
1446,random,hard,B,0.2,0.8729925280273925,640.245847125896,0.1,0,0,0.46,0.0
1447,random,simple,D,0.85,0.5180313376663718,492.51385397071255,0.22,1,0,0.48,0.0
1448,random,hard,A,0.4654999999999999,0.6196242929013314,1193.0978834395041,1.0,0,0,0.46,0.0
1449,random,hard,E,0.9,0.5976809745647381,996.1643568347581,0.6,0,0,0.46,0.0
1450,random,hard,A,0.4654999999999999,0.7798370524227911,1331.2992582517923,1.0,0,0,0.46,0.0
1451,random,hard,A,0.4654999999999999,0.9862566061320561,1541.4352823002998,1.0,0,0,0.44,0.0
1452,random,hard,D,0.55,0.5733816707891424,582.0507170953086,0.22,1,0,0.46,0.0
1453,random,simple,A,0.8,1.0,1641.7995644623138,1.0,1,0,0.46,0.0
1454,random,hard,C,0.75,0.4564869064187359,604.7972084599971,0.35,1,0,0.48,0.0
1455,random,simple,B,0.95,0.5762832626188001,549.1824028706123,0.1,1,0,0.5,0.0
1456,random,hard,A,0.4654999999999999,0.9814719999999999,1646.5555272431159,1.0,0,0,0.5,0.0
1457,random,hard,B,0.2,0.7462737585719987,490.47264059702,0.1,0,0,0.48,0.0
1458,random,simple,A,0.8,1.0,1459.5487388281533,1.0,1,0,0.5,0.0
1459,random,hard,A,0.4654999999999999,1.0,1873.2618741392353,1.0,0,0,0.48,0.0
1460,random,hard,A,0.4654999999999999,1.0,1912.992242739078,1.0,0,0,0.48,0.0
1461,random,simple,B,0.95,0.7475369103053879,502.93795960860905,0.1,0,0,0.46,0.0
1462,random,simple,D,0.85,0.4596873549406778,508.37436331485486,0.22,1,0,0.46,0.0
1463,random,hard,B,0.2,0.8788925833404924,529.7539008939507,0.1,1,0,0.48,0.0
1464,random,hard,D,0.55,0.6559818876660609,613.9072348088514,0.22,1,0,0.5,0.0
1465,random,hard,D,0.55,0.8772640611461335,626.1263446141363,0.22,1,0,0.5,0.0
1466,random,simple,E,0.6,0.3680259879960392,859.4077164636531,0.6,1,0,0.52,0.0
1467,random,simple,B,0.95,0.8270678041677066,565.4695323470654,0.1,1,0,0.54,0.0
1468,random,simple,E,0.6,0.5849993251041328,1017.6293503892741,0.6,1,0,0.54,0.0
1469,random,hard,B,0.2,0.9404813075474721,576.795891042238,0.1,0,0,0.52,0.0
1470,random,simple,B,0.95,1.0,612.4211056129045,0.1,0,0,0.52,0.0
1471,random,hard,B,0.2,1.0,715.9614692460857,0.1,0,0,0.52,0.0
1472,random,hard,A,0.4654999999999999,0.515671155821681,1002.8470675113525,1.0,0,0,0.5,0.0
1473,random,simple,E,0.6,0.6087228151639104,1056.3416779046906,0.6,1,0,0.52,0.0
1474,random,hard,D,0.55,0.5776351105081479,602.1413873750636,0.22,0,0,0.5,0.0
1475,random,simple,B,0.95,0.8996953599999999,607.2145951595538,0.1,1,0,0.52,0.0
1476,random,simple,A,0.8,0.6092455994320991,1306.2341059039802,1.0,1,0,0.52,0.0
1477,random,hard,C,0.75,0.324128470030732,557.5770871919132,0.35,0,0,0.5,0.0
1478,random,hard,A,0.4654999999999999,0.7717997922002175,1396.301011905811,1.0,0,0,0.5,0.0
1479,random,simple,E,0.6,0.5826933630807815,852.50729313472,0.6,0,0,0.48,0.0
1480,random,hard,B,0.2,0.774797956868866,543.4811295998777,0.1,1,0,0.48,0.0
1481,random,hard,C,0.75,0.49437833952132904,832.1229975600586,0.35,0,0,0.48,0.0
1482,random,hard,A,0.4654999999999999,0.7628447542314347,1469.1275978313706,1.0,0,0,0.46,0.0
1483,random,hard,A,0.4654999999999999,0.9713033837236626,1628.267002041805,1.0,0,0,0.46,0.0
1484,random,hard,A,0.4654999999999999,1.0,1714.4187792586133,1.0,0,0,0.44,0.0
1485,random,hard,D,0.55,0.44156730900735985,543.5245417749345,0.22,1,0,0.44,0.0
1486,random,hard,D,0.55,0.6885792319264767,648.0123386148821,0.22,1,0,0.46,0.0
1487,random,hard,C,0.75,0.529591321291193,658.8897431386015,0.35,0,0,0.46,0.0
1488,random,hard,D,0.55,0.8332357572038636,601.0619691002519,0.22,0,0,0.46,0.0
1489,random,hard,C,0.75,0.7101155192078998,792.1224180613428,0.35,0,0,0.44,0.0
1490,random,simple,B,0.95,0.5157819871980699,443.2009105000019,0.1,0,0,0.42,0.0
1491,random,hard,A,0.4654999999999999,0.70867559636992,1251.4548727214565,1.0,0,0,0.4,0.0
1492,random,simple,B,0.95,0.6994215708861853,489.6547467568414,0.1,1,0,0.42,0.0
1493,random,hard,A,0.4654999999999999,0.848798381828866,1401.9438046002122,1.0,0,0,0.42,0.0
1494,random,simple,D,0.85,0.686958090900035,592.2195536218827,0.22,1,0,0.44,0.0
1495,random,simple,B,0.95,0.7766362167549503,505.82239391873526,0.1,1,0,0.44,0.0
1496,random,hard,A,0.4654999999999999,0.878432330861681,1560.8898764048863,1.0,0,0,0.44,0.0
1497,random,hard,D,0.55,0.7681427041218287,641.3587612122528,0.22,0,0,0.42,0.0
1498,random,hard,C,0.75,0.5247362104304812,681.2328286808928,0.35,0,0,0.42,0.0
1499,random,simple,B,0.95,0.765745135595898,584.4227401377269,0.1,1,0,0.44,0.0
