t,policy,task_difficulty,chosen_agent,match_score,load,latency_ms,call_cost,success,is_shock,rolling_success,reward_used_for_update
0,linucb_frozen,hard,C,0.75,0.3,573.6314203436815,0.35,0,0,0.0,0.0
1,linucb_frozen,hard,C,0.75,0.5640000000000001,861.8008652940011,0.35,0,0,0.0,0.0
2,linucb_frozen,hard,C,0.75,0.79632,869.5907628231122,0.35,1,0,0.3333333333333333,1.0
3,linucb_frozen,hard,C,0.75,1.0,845.5660096495551,0.35,0,0,0.25,0.0
4,linucb_frozen,simple,B,0.95,0.3,358.62260199847617,0.1,0,0,0.2,0.0
5,linucb_frozen,hard,C,0.75,1.0,904.4108990958273,0.35,0,0,0.16666666666666666,0.0
6,linucb_frozen,simple,A,0.8,0.3,869.8517972250099,1.0,0,0,0.14285714285714285,0.0
7,linucb_frozen,hard,C,0.75,1.0,1012.8762993807608,0.35,0,0,0.125,0.0
8,linucb_frozen,hard,C,0.75,1.0,1123.9676685265692,0.35,0,0,0.1111111111111111,0.0
9,linucb_frozen,hard,D,0.55,0.3,393.72434300330957,0.22,0,0,0.1,0.0
10,linucb_frozen,hard,E,0.9,0.3,826.5916863786044,0.6,0,0,0.09090909090909091,0.0
11,linucb_frozen,hard,C,0.75,0.9814719999999999,1094.4657815607602,0.35,0,0,0.08333333333333333,0.0
12,linucb_frozen,hard,C,0.75,1.0,1102.7088122928446,0.35,0,0,0.07692307692307693,0.0
13,linucb_frozen,hard,C,0.75,1.0,1080.21456494133,0.35,0,0,0.07142857142857142,0.0
14,linucb_frozen,hard,C,0.75,1.0,1041.997687016191,0.35,0,0,0.06666666666666667,0.0
15,linucb_frozen,hard,D,0.55,0.43932122603519996,482.83002724289554,0.22,0,0,0.0625,0.0
16,linucb_frozen,hard,C,0.75,1.0,1024.1150050506556,0.35,0,0,0.058823529411764705,0.0
17,linucb_frozen,hard,C,0.75,1.0,1138.4435513376457,0.35,0,0,0.05555555555555555,0.0
18,linucb_frozen,simple,B,0.95,0.35010472292049294,351.91043034404004,0.1,1,0,0.10526315789473684,1.0
19,linucb_frozen,hard,E,0.9,0.39494351454865984,899.4917206055477,0.6,0,0,0.1,0.0
20,linucb_frozen,simple,A,0.8,0.35010472292049294,1015.0681152063034,1.0,0,0,0.09523809523809523,0.0
21,linucb_frozen,hard,D,0.55,0.5040225727817044,634.6225890191611,0.22,0,0,0.09090909090909091,0.0
22,linucb_frozen,hard,D,0.55,0.7435398640478998,630.8842984486724,0.22,0,0,0.08695652173913043,0.0
23,linucb_frozen,hard,D,0.55,0.9543150803621518,832.1521443036245,0.22,1,0,0.125,1.0
24,linucb_frozen,simple,B,0.95,0.4625900641266568,446.5716822176437,0.1,1,0,0.16,1.0
25,linucb_frozen,hard,D,0.55,1.0,826.8873543369745,0.22,0,0,0.15384615384615385,0.0
26,linucb_frozen,hard,D,0.55,1.0,754.5156693576507,0.22,0,0,0.14814814814814814,0.0
27,linucb_frozen,hard,D,0.55,1.0,793.2140527578216,0.22,1,0,0.17857142857142858,1.0
28,linucb_frozen,simple,B,0.95,0.5774131150388586,517.8058150385314,0.1,0,0,0.1724137931034483,0.0
29,linucb_frozen,hard,C,0.75,0.515671155821681,753.4916139166689,0.35,0,0,0.16666666666666666,0.0
30,linucb_frozen,simple,A,0.8,0.39750450703885853,1049.0281951236934,1.0,0,0,0.16129032258064516,0.0
31,linucb_frozen,simple,B,0.95,0.693490870331761,490.7494083840389,0.1,1,0,0.1875,1.0
32,linucb_frozen,hard,E,0.9,0.37495657335494803,960.4285372627834,0.6,0,0,0.18181818181818182,0.0
33,linucb_frozen,simple,B,0.95,0.8370393299849157,573.6948690954947,0.1,1,0,0.20588235294117646,1.0
34,linucb_frozen,hard,C,0.75,0.5721361275002472,691.0965035550414,0.35,0,0,0.2,0.0
35,linucb_frozen,hard,C,0.75,0.8034797922002175,828.1595255790697,0.35,0,0,0.19444444444444445,0.0
36,linucb_frozen,simple,B,0.95,0.8704188662834804,600.2999359125449,0.1,1,0,0.21621621621621623,1.0
37,linucb_frozen,hard,C,0.75,0.9222147510798484,948.5349447994855,0.35,0,0,0.21052631578947367,0.0
38,linucb_frozen,simple,B,0.95,0.9740523700499273,506.6943281570291,0.1,1,0,0.23076923076923078,1.0
39,linucb_frozen,hard,C,0.75,1.0,1038.0968858184383,0.35,0,0,0.225,0.0
40,linucb_frozen,simple,B,0.95,1.0,590.8142672825497,0.1,1,0,0.24390243902439024,1.0
41,linucb_frozen,hard,C,0.75,1.0,1214.3366507861406,0.35,1,0,0.2619047619047619,1.0
42,linucb_frozen,hard,C,0.75,1.0,1097.735930303396,0.35,0,0,0.2558139534883721,0.0
43,linucb_frozen,hard,C,0.75,1.0,1062.3785433565565,0.35,0,0,0.25,0.0
44,linucb_frozen,hard,D,0.55,0.4138165524602472,499.49625013801807,0.22,0,0,0.24444444444444444,0.0
45,linucb_frozen,hard,E,0.9,0.37116323945139074,924.6536801617561,0.6,0,0,0.2391304347826087,0.0
46,linucb_frozen,hard,C,0.75,0.9814719999999999,1059.1702814954087,0.35,0,0,0.23404255319148937,0.0
47,linucb_frozen,hard,C,0.75,1.0,1091.6253112498955,0.35,0,0,0.22916666666666666,0.0
48,linucb_frozen,hard,C,0.75,1.0,1097.2910400175222,0.35,0,0,0.22448979591836735,0.0
49,linucb_frozen,hard,C,0.75,1.0,1222.3706800975053,0.35,0,0,0.22,0.0
50,linucb_frozen,hard,C,0.75,1.0,1131.8231019762688,0.35,0,0,0.22,0.0
51,linucb_frozen,hard,C,0.75,1.0,1188.7410913681695,0.35,0,0,0.22,0.0
52,linucb_frozen,hard,D,0.55,0.4488227192007035,566.1837779530721,0.22,0,0,0.2,0.0
53,linucb_frozen,simple,B,0.95,0.48979061712307925,402.44648639871724,0.1,1,0,0.22,1.0
54,linucb_frozen,hard,E,0.9,0.41746514141593605,931.3193175131075,0.6,0,0,0.22,0.0
55,linucb_frozen,hard,C,0.75,0.8996953599999999,856.6169060039994,0.35,0,0,0.22,0.0
56,linucb_frozen,hard,C,0.75,1.0,1175.7481529683732,0.35,0,0,0.22,0.0
57,linucb_frozen,simple,B,0.95,0.5937251604602471,449.1432609495535,0.1,1,0,0.24,1.0
58,linucb_frozen,hard,D,0.55,0.5084351050383143,555.9208174231173,0.22,1,0,0.26,1.0
59,linucb_frozen,hard,C,0.75,0.9814719999999999,1024.3631150544275,0.35,0,0,0.26,0.0
60,linucb_frozen,simple,B,0.95,0.7046070725491655,518.2961948376808,0.1,0,0,0.26,0.0
61,linucb_frozen,hard,E,0.9,0.47060781563181064,949.3969345409671,0.6,0,0,0.26,0.0
62,linucb_frozen,hard,D,0.55,0.6049061733525898,525.4932078451293,0.22,0,0,0.26,0.0
63,linucb_frozen,hard,C,0.75,0.8885842043699199,1009.2687846126844,0.35,0,0,0.26,0.0
64,linucb_frozen,simple,A,0.8,0.3051493559116567,1045.1344559409383,1.0,0,0,0.26,0.0
65,linucb_frozen,simple,B,0.95,0.6718436409872077,527.955738316332,0.1,1,0,0.28,1.0
66,linucb_frozen,hard,C,0.75,0.9055452549203782,832.3980709706561,0.35,0,0,0.28,0.0
67,linucb_frozen,hard,C,0.75,1.0,1104.3066947625366,0.35,0,0,0.28,0.0
68,linucb_frozen,hard,C,0.75,1.0,1019.0366346959935,0.35,0,0,0.26,0.0
69,linucb_frozen,hard,C,0.75,1.0,1243.0041466131195,0.35,0,0,0.26,0.0
70,linucb_frozen,hard,D,0.55,0.51754514420559,487.88091583469424,0.22,0,0,0.26,0.0
71,linucb_frozen,simple,B,0.95,0.6120069325543018,451.87035713649203,0.1,1,0,0.28,1.0
72,linucb_frozen,simple,B,0.95,0.8385661006477856,642.7630074118907,0.1,1,0,0.3,1.0
73,linucb_frozen,hard,E,0.9,0.40149653153602916,993.3923903834502,0.6,0,0,0.28,0.0
74,linucb_frozen,hard,D,0.55,0.6103694215706232,527.38370978536,0.22,1,0,0.28,1.0
75,linucb_frozen,hard,D,0.55,0.8371250909821484,635.6509660756179,0.22,0,0,0.28,0.0
76,linucb_frozen,simple,B,0.95,0.8028841996117699,564.4187384811444,0.1,1,0,0.3,1.0
77,linucb_frozen,hard,C,0.75,0.6596345248055295,778.1375954333499,0.35,0,0,0.28,0.0
78,linucb_frozen,hard,D,0.55,0.8704773100017866,709.1904632626139,0.22,0,0,0.28,0.0
79,linucb_frozen,hard,D,0.55,1.0,863.7459645672674,0.22,1,0,0.3,1.0
80,linucb_frozen,hard,D,0.55,1.0,867.9081148352423,0.22,1,0,0.32,1.0
81,linucb_frozen,hard,D,0.55,1.0,868.1110395896918,0.22,1,0,0.32,1.0
82,linucb_frozen,hard,D,0.55,1.0,926.142155742219,0.22,1,0,0.34,1.0
83,linucb_frozen,simple,B,0.95,0.628119179092326,481.53834112528233,0.1,0,0,0.32,0.0
84,linucb_frozen,hard,D,0.55,1.0,809.3703004462545,0.22,0,0,0.32,0.0
85,linucb_frozen,hard,D,0.55,1.0,773.1859815730122,0.22,1,0,0.34,1.0
86,linucb_frozen,simple,B,0.95,0.7280456332144055,506.337392736984,0.1,0,0,0.32,0.0
87,linucb_frozen,hard,C,0.75,0.4837088589678382,651.0562520086485,0.35,0,0,0.32,0.0
88,linucb_frozen,hard,E,0.9,0.3590094925673783,791.4164283504401,0.6,0,0,0.3,0.0
89,linucb_frozen,hard,D,0.55,0.8996953599999999,711.0454137246858,0.22,0,0,0.3,0.0
90,linucb_frozen,hard,D,0.55,1.0,847.1484705741344,0.22,1,0,0.3,1.0
91,linucb_frozen,hard,D,0.55,1.0,762.1171310704171,0.22,1,0,0.3,1.0
92,linucb_frozen,simple,B,0.95,0.638107367430015,519.6314938714728,0.1,1,0,0.32,1.0
93,linucb_frozen,hard,D,0.55,1.0,779.9772611828218,0.22,0,0,0.32,0.0
94,linucb_frozen,hard,D,0.55,1.0,833.6229779044522,0.22,1,0,0.34,1.0
95,linucb_frozen,hard,D,0.55,1.0,844.0728686488529,0.22,1,0,0.36,1.0
96,linucb_frozen,simple,B,0.95,0.6826700274295951,537.4194125693618,0.1,1,0,0.38,1.0
97,linucb_frozen,hard,D,0.55,1.0,729.9844080493039,0.22,0,0,0.38,0.0
98,linucb_frozen,simple,B,0.95,0.8286596692414785,596.3392425026747,0.1,1,0,0.4,1.0
99,linucb_frozen,simple,B,0.95,1.0,509.4190917557488,0.1,1,0,0.42,1.0
100,linucb_frozen,hard,C,0.75,0.3918034028514065,668.8237487564925,0.35,0,0,0.42,0.0
101,linucb_frozen,simple,B,0.95,1.0,628.7381275124588,0.1,1,0,0.44,1.0
102,linucb_frozen,hard,E,0.9,0.3599602371697175,805.87707560788,0.6,0,0,0.44,0.0
103,linucb_frozen,hard,D,0.55,0.764404086784,640.4486740836967,0.22,0,0,0.42,0.0
104,linucb_frozen,hard,C,0.75,0.5349626827221993,578.795047717722,0.35,0,0,0.42,0.0
105,linucb_frozen,hard,D,0.55,0.8919545248055296,671.4634696795474,0.22,0,0,0.42,0.0
106,linucb_frozen,hard,D,0.55,1.0,765.3915620045775,0.22,0,0,0.42,0.0
107,linucb_frozen,hard,D,0.55,1.0,802.7035677840777,0.22,1,0,0.42,1.0
108,linucb_frozen,hard,D,0.55,1.0,903.3732361988934,0.22,1,0,0.42,1.0
109,linucb_frozen,simple,B,0.95,0.6596345248055295,508.70833436500845,0.1,1,0,0.44,1.0
110,linucb_frozen,simple,B,0.95,0.880478381828866,575.2728472190182,0.1,1,0,0.46,1.0
111,linucb_frozen,hard,C,0.75,0.5186261933971471,709.2191730852104,0.35,0,0,0.46,0.0
112,linucb_frozen,hard,D,0.55,0.8996953599999999,775.7995323325356,0.22,1,0,0.48,1.0
113,linucb_frozen,hard,D,0.55,1.0,800.197284966184,0.22,1,0,0.5,1.0
114,linucb_frozen,simple,B,0.95,0.8280188001630793,615.1118501539536,0.1,1,0,0.52,1.0
115,linucb_frozen,simple,B,0.95,1.0,624.4711485144566,0.1,0,0,0.5,0.0
116,linucb_frozen,hard,D,0.55,0.9814719999999999,794.0912009761072,0.22,1,0,0.52,1.0
117,linucb_frozen,hard,D,0.55,1.0,867.8081503566233,0.22,1,0,0.54,1.0
118,linucb_frozen,hard,D,0.55,1.0,840.3423307304884,0.22,0,0,0.54,0.0
119,linucb_frozen,hard,D,0.55,1.0,773.6740667107417,0.22,0,0,0.54,0.0
120,linucb_frozen,simple,B,0.95,0.8277319167999999,588.0754131721136,0.1,0,0,0.54,0.0
121,linucb_frozen,hard,D,0.55,1.0,816.4878948283881,0.22,0,0,0.52,0.0
122,linucb_frozen,simple,B,0.95,0.9409955963699199,664.2908830167752,0.1,1,0,0.52,1.0
123,linucb_frozen,hard,C,0.75,0.41185271056936135,608.6779900051655,0.35,0,0,0.52,0.0
124,linucb_frozen,hard,E,0.9,0.321620877522044,776.8905109909724,0.6,0,0,0.5,0.0
125,linucb_frozen,hard,C,0.75,0.6189387390649135,810.2567625057178,0.35,0,0,0.5,0.0
126,linucb_frozen,hard,C,0.75,0.8446660903771239,1003.6102263072256,0.35,0,0,0.48,0.0
127,linucb_frozen,simple,B,0.95,0.7965934097726569,556.4566500587241,0.1,0,0,0.48,0.0
128,linucb_frozen,simple,B,0.95,1.0,632.800599583979,0.1,1,0,0.5,1.0
129,linucb_frozen,simple,B,0.95,1.0,730.7280183395516,0.1,1,0,0.5,1.0
130,linucb_frozen,hard,D,0.55,0.6164783818288659,530.6749480289623,0.22,1,0,0.5,1.0
131,linucb_frozen,hard,D,0.55,0.842500976009402,720.4713039068258,0.22,1,0,0.5,1.0
132,linucb_frozen,simple,B,0.95,0.9814719999999999,614.8315475138684,0.1,1,0,0.5,1.0
133,linucb_frozen,simple,B,0.95,1.0,744.9406407638018,0.1,1,0,0.52,1.0
134,linucb_frozen,hard,D,0.55,0.8741408251230791,568.1336402193747,0.22,1,0,0.54,1.0
135,linucb_frozen,hard,D,0.55,1.0,848.3867250458782,0.22,1,0,0.54,1.0
136,linucb_frozen,hard,D,0.55,1.0,897.8835677807441,0.22,1,0,0.56,1.0
137,linucb_frozen,simple,B,0.95,0.8996953599999999,546.5722269415901,0.1,1,0,0.58,1.0
138,linucb_frozen,simple,B,0.95,1.0,621.0948236660065,0.1,1,0,0.6,1.0
139,linucb_frozen,hard,D,0.55,0.9814719999999999,775.464329672107,0.22,0,0,0.6,0.0
140,linucb_frozen,hard,D,0.55,1.0,738.5116475600138,0.22,0,0,0.58,0.0
141,linucb_frozen,hard,D,0.55,1.0,812.0534809742489,0.22,1,0,0.58,1.0
142,linucb_frozen,hard,D,0.55,1.0,828.7420242065633,0.22,0,0,0.56,0.0
143,linucb_frozen,simple,B,0.95,0.8277319167999999,613.653752019279,0.1,1,0,0.58,1.0
144,linucb_frozen,hard,D,0.55,1.0,803.5942791002406,0.22,0,0,0.56,0.0
145,linucb_frozen,hard,D,0.55,1.0,761.013577140967,0.22,1,0,0.56,1.0
146,linucb_frozen,hard,D,0.55,1.0,777.3018205540048,0.22,0,0,0.54,0.0
147,linucb_frozen,simple,B,0.95,0.796386989828866,496.69775851644977,0.1,1,0,0.56,1.0
148,linucb_frozen,hard,C,0.75,0.3507345539903537,678.0497949656798,0.35,1,0,0.56,1.0
149,linucb_frozen,hard,E,0.9,0.3131647021079937,807.4157249462314,0.6,0,0,0.54,0.0
150,linucb_frozen,simple,B,0.95,0.8427154347326571,622.4876992865446,0.1,0,0,0.54,0.0
151,linucb_frozen,hard,D,0.55,0.8277319167999999,690.3395389161831,0.22,1,0,0.54,1.0
152,linucb_frozen,hard,D,0.55,1.0,740.486997070573,0.22,0,0,0.54,0.0
153,linucb_frozen,hard,D,0.55,1.0,770.436297285507,0.22,0,0,0.54,0.0
154,linucb_frozen,hard,D,0.55,1.0,838.0266533591235,0.22,1,0,0.56,1.0
155,linucb_frozen,hard,D,0.55,1.0,825.7999306226611,0.22,0,0,0.56,0.0
156,linucb_frozen,hard,D,0.55,1.0,1018.5199349202775,0.22,0,0,0.56,0.0
157,linucb_frozen,hard,C,0.75,0.4109999040983362,619.9929068983205,0.35,0,0,0.54,0.0
158,linucb_frozen,hard,E,0.9,0.39910985816905675,874.1770171764771,0.6,0,0,0.52,0.0
159,linucb_frozen,hard,C,0.75,0.6182783257337515,789.6415694382987,0.35,0,0,0.5,0.0
160,linucb_frozen,hard,C,0.75,0.8440849266457013,905.1480104661641,0.35,0,0,0.48,0.0
161,linucb_frozen,hard,C,0.75,1.0,1207.4933181979172,0.35,0,0,0.48,0.0
162,linucb_frozen,hard,C,0.75,1.0,1182.1604973788253,0.35,0,0,0.46,0.0
163,linucb_frozen,simple,B,0.95,0.45993948241705507,454.1518801879514,0.1,1,0,0.46,1.0
164,linucb_frozen,simple,B,0.95,0.7047467445270085,517.4250877564103,0.1,1,0,0.46,1.0
165,linucb_frozen,hard,D,0.55,0.6164783818288659,567.6461755982986,0.22,1,0,0.48,1.0
166,linucb_frozen,hard,E,0.9,0.443533684187831,916.4071988234922,0.6,1,0,0.48,1.0
167,linucb_frozen,hard,D,0.55,0.7774008588882738,708.9120022862552,0.22,1,0,0.48,1.0
168,linucb_frozen,hard,D,0.55,0.9841127558216809,787.0946722224745,0.22,1,0,0.5,1.0
169,linucb_frozen,hard,D,0.55,1.0,798.6993150315394,0.22,0,0,0.5,0.0
170,linucb_frozen,simple,B,0.95,0.6272872683060623,403.0749052334329,0.1,1,0,0.52,1.0
171,linucb_frozen,hard,D,0.55,1.0,750.40846157546,0.22,1,0,0.54,1.0
172,linucb_frozen,hard,D,0.55,1.0,988.0456004741258,0.22,1,0,0.54,1.0
173,linucb_frozen,simple,B,0.95,0.7274787093070689,463.57036161870235,0.1,1,0,0.56,1.0
174,linucb_frozen,simple,B,0.95,0.9401812641902207,566.8865299931103,0.1,1,0,0.58,1.0
175,linucb_frozen,hard,D,0.55,0.9814719999999999,858.3237432469057,0.22,0,0,0.58,0.0
176,linucb_frozen,hard,D,0.55,1.0,763.153302218805,0.22,1,0,0.6,1.0
177,linucb_frozen,hard,D,0.55,1.0,802.281916122684,0.22,1,0,0.62,1.0
178,linucb_frozen,hard,D,0.55,1.0,838.2632076782706,0.22,1,0,0.62,1.0
179,linucb_frozen,hard,D,0.55,1.0,825.8529073564648,0.22,0,0,0.6,0.0
180,linucb_frozen,simple,B,0.95,0.7366240214076861,601.9743096256269,0.1,0,0,0.58,0.0
181,linucb_frozen,hard,D,0.55,1.0,880.4815769718314,0.22,0,0,0.56,0.0
182,linucb_frozen,simple,B,0.95,0.870441642178112,599.8401434716635,0.1,1,0,0.56,1.0
183,linucb_frozen,hard,C,0.75,0.36825525840160683,571.9107500824982,0.35,0,0,0.54,0.0
184,linucb_frozen,hard,E,0.9,0.34442369785414084,759.1047893773936,0.6,0,0,0.52,0.0
185,linucb_frozen,hard,D,0.55,0.8996953599999999,828.5588846033547,0.22,1,0,0.52,1.0
186,linucb_frozen,simple,B,0.95,0.821999813964994,606.0332858458779,0.1,1,0,0.52,1.0
187,linucb_frozen,hard,D,0.55,0.9967240867839999,833.0802230098305,0.22,1,0,0.52,1.0
188,linucb_frozen,hard,D,0.55,1.0,863.0853008652971,0.22,0,0,0.5,0.0
189,linucb_frozen,hard,D,0.55,1.0,962.8769337296181,0.22,1,0,0.52,1.0
190,linucb_frozen,hard,D,0.55,1.0,837.2790372044361,0.22,0,0,0.52,0.0
191,linucb_frozen,hard,D,0.55,1.0,901.670021523977,0.22,0,0,0.5,0.0
192,linucb_frozen,hard,D,0.55,1.0,910.0766239137437,0.22,0,0,0.5,0.0
193,linucb_frozen,simple,B,0.95,0.6359312641881073,494.7177342111453,0.1,1,0,0.5,1.0
194,linucb_frozen,hard,C,0.75,0.390252315019189,595.054014231982,0.35,0,0,0.5,0.0
195,linucb_frozen,simple,B,0.95,0.7924651709872703,569.9131899490022,0.1,0,0,0.48,0.0
196,linucb_frozen,hard,E,0.9,0.37428225700858,916.9034242176665,0.6,0,0,0.48,0.0
197,linucb_frozen,hard,D,0.55,0.8277319167999999,705.6604947815478,0.22,1,0,0.48,1.0
198,linucb_frozen,simple,B,0.95,0.8400428250030372,652.8662815909564,0.1,1,0,0.48,1.0
199,linucb_frozen,simple,B,0.95,1.0,609.3488326196176,0.1,1,0,0.5,1.0
200,linucb_frozen,simple,B,0.95,1.0,784.0057406098557,0.1,1,0,0.52,1.0
201,linucb_frozen,simple,B,0.95,1.0,657.5600627485236,0.1,1,0,0.52,1.0
202,linucb_frozen,simple,B,0.95,1.0,696.5945834685299,0.1,1,0,0.54,1.0
203,linucb_frozen,hard,D,0.55,0.6844020849234738,616.2296250295161,0.22,0,0,0.54,0.0
204,linucb_frozen,hard,C,0.75,0.4086856506227728,575.9757389451411,0.35,0,0,0.52,0.0
205,linucb_frozen,hard,E,0.9,0.41845224304533113,922.7920461681445,0.6,0,0,0.52,0.0
206,linucb_frozen,hard,D,0.55,0.7664008576169696,597.943375066945,0.22,1,0,0.54,1.0
207,linucb_frozen,hard,D,0.55,0.9744327547029332,788.5620364598187,0.22,0,0,0.54,0.0
208,linucb_frozen,hard,D,0.55,1.0,711.5244122001559,0.22,1,0,0.56,1.0
209,linucb_frozen,simple,B,0.95,0.70867559636992,557.7328872690528,0.1,0,0,0.56,0.0
210,linucb_frozen,hard,D,0.55,1.0,814.6127969645321,0.22,1,0,0.58,1.0
211,linucb_frozen,simple,B,0.95,0.848798381828866,667.8045361207754,0.1,1,0,0.6,1.0
212,linucb_frozen,hard,D,0.55,1.0,818.6332097577636,0.22,0,0,0.6,0.0
213,linucb_frozen,hard,D,0.55,1.0,804.4365197711874,0.22,0,0,0.58,0.0
214,linucb_frozen,simple,B,0.95,0.878432330861681,669.2541221352401,0.1,1,0,0.58,1.0
215,linucb_frozen,simple,B,0.95,1.0,697.2748577623366,0.1,1,0,0.58,1.0
216,linucb_frozen,hard,C,0.75,0.3881417066375491,642.0205412069773,0.35,0,0,0.56,0.0
217,linucb_frozen,simple,B,0.95,1.0,644.9572007931542,0.1,1,0,0.56,1.0
218,linucb_frozen,hard,E,0.9,0.37941830944411015,940.6837248418311,0.6,0,0,0.54,0.0
219,linucb_frozen,hard,D,0.55,0.764404086784,736.9814975468154,0.22,0,0,0.54,0.0
220,linucb_frozen,simple,B,0.95,0.9814719999999999,611.7512537104352,0.1,1,0,0.54,1.0
221,linucb_frozen,hard,C,0.75,0.5048347668338571,688.3758224785627,0.35,0,0,0.52,0.0
222,linucb_frozen,hard,C,0.75,0.7442545948137942,831.2667253657694,0.35,0,0,0.5,0.0
223,linucb_frozen,simple,B,0.95,0.9688456867839998,666.0313181219167,0.1,1,0,0.5,1.0
224,linucb_frozen,hard,C,0.75,0.8763507582238022,974.3311360366769,0.35,0,0,0.48,0.0
225,linucb_frozen,hard,C,0.75,1.0,1021.5493066900091,0.35,0,0,0.48,0.0
226,linucb_frozen,hard,C,0.75,1.0,1129.2918346526765,0.35,0,0,0.46,0.0
227,linucb_frozen,simple,B,0.95,0.881012262920378,552.5346487519237,0.1,0,0,0.44,0.0
228,linucb_frozen,hard,D,0.55,0.5419173684487724,519.3539697809415,0.22,0,0,0.42,0.0
229,linucb_frozen,simple,B,0.95,0.9822558964055408,545.314683868332,0.1,1,0,0.44,1.0
230,linucb_frozen,hard,E,0.9,0.3818295853377195,778.8921045729758,0.6,0,0,0.44,0.0
231,linucb_frozen,hard,D,0.55,0.6693015129115218,549.8571144502229,0.22,1,0,0.46,1.0
232,linucb_frozen,hard,D,0.55,0.8889853313621392,711.8638043120873,0.22,0,0,0.44,0.0
233,linucb_frozen,hard,D,0.55,1.0,779.6545473963337,0.22,1,0,0.46,1.0
234,linucb_frozen,hard,D,0.55,1.0,852.4040113855209,0.22,0,0,0.46,0.0
235,linucb_frozen,hard,D,0.55,1.0,821.6105093497964,0.22,0,0,0.44,0.0
236,linucb_frozen,simple,B,0.95,0.7014240142514048,466.0016382286714,0.1,1,0,0.44,1.0
237,linucb_frozen,hard,D,0.55,1.0,828.7311210950412,0.22,1,0,0.44,1.0
238,linucb_frozen,hard,D,0.55,1.0,908.4403206717767,0.22,0,0,0.44,0.0
239,linucb_frozen,hard,D,0.55,1.0,826.3570068365001,0.22,0,0,0.42,0.0
240,linucb_frozen,hard,D,0.55,1.0,868.1223670646124,0.22,0,0,0.42,0.0
241,linucb_frozen,hard,D,0.55,1.0,841.1451984897742,0.22,1,0,0.44,1.0
242,linucb_frozen,hard,D,0.55,1.0,829.9825383665615,0.22,0,0,0.44,0.0
243,linucb_frozen,simple,B,0.95,0.5866548773323761,487.10756527512103,0.1,1,0,0.44,1.0
244,linucb_frozen,hard,E,0.9,0.3637715519206438,867.5482929485142,0.6,0,0,0.44,0.0
245,linucb_frozen,simple,B,0.95,0.7543055370061921,507.60404065154927,0.1,1,0,0.46,1.0
246,linucb_frozen,hard,C,0.75,0.37756279363818956,679.5371547888226,0.35,0,0,0.46,0.0
247,linucb_frozen,hard,E,0.9,0.547900127030465,1043.1206534097817,0.6,0,0,0.44,0.0
248,linucb_frozen,hard,E,0.9,0.7821521117868091,1320.2980288853482,0.6,0,0,0.42,0.0
249,linucb_frozen,hard,E,0.9,0.9882938583723919,1553.3877444969391,0.6,0,0,0.4,0.0
250,linucb_frozen,hard,E,0.9,1.0,1550.0915161820558,0.6,0,0,0.38,0.0
251,linucb_frozen,simple,B,0.95,0.6503025740694753,495.6430720011059,0.1,1,0,0.38,1.0
252,linucb_frozen,hard,E,0.9,1.0,1473.3616636908976,0.6,0,0,0.36,0.0
253,linucb_frozen,hard,E,0.9,1.0,1603.6897787059972,0.6,0,0,0.36,0.0
254,linucb_frozen,simple,B,0.95,0.7431629957562735,523.7185823805654,0.1,0,0,0.36,0.0
255,linucb_frozen,simple,B,0.95,0.9539834362655206,658.8200771224612,0.1,1,0,0.38,1.0
256,linucb_frozen,hard,D,0.55,0.46701574306830973,518.4935466769696,0.22,0,0,0.36,0.0
257,linucb_frozen,hard,E,0.9,0.8996953599999999,1410.6137954053775,0.6,0,0,0.36,0.0
258,linucb_frozen,hard,E,0.9,1.0,1534.1097593604277,0.6,0,0,0.34,0.0
259,linucb_frozen,simple,B,0.95,0.8720994402452884,658.8589687651623,0.1,1,0,0.36,1.0
260,linucb_frozen,simple,B,0.95,1.0,638.5075671960761,0.1,1,0,0.36,1.0
261,linucb_frozen,simple,B,0.95,1.0,839.8583684484367,0.1,1,0,0.36,1.0
262,linucb_frozen,hard,E,0.9,0.8996953599999999,1300.4351235064285,0.6,0,0,0.36,0.0
263,linucb_frozen,hard,E,0.9,1.0,1603.1082563085045,0.6,0,0,0.36,0.0
264,linucb_frozen,simple,B,0.95,0.9814719999999999,639.9992013619357,0.1,1,0,0.36,1.0
265,linucb_frozen,simple,B,0.95,1.0,636.2447997054315,0.1,1,0,0.36,1.0
266,linucb_frozen,hard,D,0.55,0.43006434025628043,482.715019259154,0.22,1,0,0.38,1.0
267,linucb_frozen,simple,B,0.95,1.0,688.4193527261687,0.1,1,0,0.38,1.0
268,linucb_frozen,hard,E,0.9,0.8277319167999999,1245.2399993210995,0.6,0,0,0.38,0.0
269,linucb_frozen,hard,E,0.9,1.0,1638.1760863600366,0.6,0,0,0.38,0.0
270,linucb_frozen,simple,B,0.95,0.9814719999999999,755.4857493439468,0.1,1,0,0.38,1.0
271,linucb_frozen,hard,E,0.9,1.0,1626.6211970416432,0.6,0,0,0.38,0.0
272,linucb_frozen,hard,E,0.9,1.0,1716.481652321927,0.6,0,0,0.38,0.0
273,linucb_frozen,simple,B,0.95,0.9688456867839998,601.2529659006616,0.1,1,0,0.38,1.0
274,linucb_frozen,hard,D,0.55,0.454665984643871,500.33206498748086,0.22,0,0,0.38,0.0
275,linucb_frozen,hard,E,0.9,0.9814719999999999,1370.5336501306342,0.6,0,0,0.38,0.0
276,linucb_frozen,hard,E,0.9,1.0,1440.7781027931692,0.6,0,0,0.38,0.0
277,linucb_frozen,hard,E,0.9,1.0,1661.815017552025,0.6,0,0,0.38,0.0
278,linucb_frozen,hard,E,0.9,1.0,1639.360998048623,0.6,0,0,0.38,0.0
279,linucb_frozen,hard,E,0.9,1.0,1732.8821649704184,0.6,0,0,0.36,0.0
280,linucb_frozen,simple,B,0.95,0.6959435888368758,514.8781861070769,0.1,1,0,0.38,1.0
281,linucb_frozen,hard,D,0.55,0.4858108924234509,422.25182749287654,0.22,0,0,0.36,0.0
282,linucb_frozen,hard,E,0.9,0.9814719999999999,1525.3367774524038,0.6,0,0,0.36,0.0
283,linucb_frozen,hard,E,0.9,1.0,1581.020617433607,0.6,0,0,0.34,0.0
284,linucb_frozen,hard,E,0.9,1.0,1669.4153095687318,0.6,0,0,0.34,0.0
285,linucb_frozen,simple,B,0.95,0.6672716441215556,522.1909098704283,0.1,0,0,0.34,0.0
286,linucb_frozen,simple,B,0.95,0.8871990468269688,654.4050614311095,0.1,0,0,0.32,0.0
287,linucb_frozen,hard,D,0.55,0.5256125638456328,520.4729163802219,0.22,1,0,0.32,1.0
288,linucb_frozen,hard,E,0.9,0.8996953599999999,1223.5292253078705,0.6,0,0,0.32,0.0
289,linucb_frozen,hard,D,0.55,0.707034369442058,601.3422403918738,0.22,1,0,0.34,1.0
290,linucb_frozen,hard,D,0.55,0.9221902451090109,720.4398791880769,0.22,0,0,0.34,0.0
291,linucb_frozen,simple,B,0.95,0.7682032535651292,526.7537520059677,0.1,0,0,0.32,0.0
292,linucb_frozen,hard,D,0.55,1.0,704.171905737542,0.22,0,0,0.32,0.0
293,linucb_frozen,hard,D,0.55,1.0,871.0963595144343,0.22,1,0,0.32,1.0
294,linucb_frozen,simple,B,0.95,0.8235090076135356,561.05251555362,0.1,1,0,0.34,1.0
295,linucb_frozen,hard,D,0.55,1.0,923.375930199036,0.22,1,0,0.34,1.0
296,linucb_frozen,hard,D,0.55,1.0,928.4245397085301,0.22,0,0,0.34,0.0
297,linucb_frozen,hard,D,0.55,1.0,904.470787590737,0.22,0,0,0.34,0.0
298,linucb_frozen,hard,E,0.9,0.5505660358711304,1260.915762581394,0.6,0,0,0.34,0.0
299,linucb_frozen,simple,B,0.95,0.7345919870899569,584.8920061933313,0.1,1,0,0.36,1.0
300,linucb_frozen,simple,B,0.95,0.9464409486391621,665.4874093746087,0.1,1,0,0.38,1.0
301,linucb_frozen,hard,C,0.75,0.3003338382991812,672.0876295904609,0.35,0,0,0.36,0.0
302,linucb_frozen,simple,B,0.95,1.0,704.6583682802194,0.1,1,0,0.38,1.0
303,linucb_frozen,hard,E,0.9,0.5905512694352493,1047.941251957586,0.6,0,0,0.38,0.0
304,linucb_frozen,hard,D,0.55,0.70867559636992,589.1255668034825,0.22,1,0,0.4,1.0
305,linucb_frozen,hard,D,0.55,0.9236345248055295,759.4654073889171,0.22,0,0,0.38,0.0
306,linucb_frozen,hard,D,0.55,1.0,914.1390220379246,0.22,0,0,0.38,0.0
307,linucb_frozen,simple,B,0.95,0.8277319167999999,561.5480349194559,0.1,0,0,0.38,0.0
308,linucb_frozen,simple,B,0.95,1.0,670.6266176111338,0.1,1,0,0.4,1.0
309,linucb_frozen,simple,B,0.95,1.0,670.6776861583443,0.1,1,0,0.4,1.0
310,linucb_frozen,simple,B,0.95,1.0,718.2663146277611,0.1,1,0,0.4,1.0
311,linucb_frozen,hard,E,0.9,0.5123826251566481,968.0682620575674,0.6,0,0,0.38,0.0
312,linucb_frozen,hard,C,0.75,0.3736060750435753,664.0057323369807,0.35,0,0,0.38,0.0
313,linucb_frozen,hard,D,0.55,0.70867559636992,621.9991739567206,0.22,1,0,0.4,1.0
314,linucb_frozen,simple,B,0.95,0.8996953599999999,650.5289525769874,0.1,1,0,0.4,1.0
315,linucb_frozen,simple,B,0.95,1.0,744.1205888960126,0.1,1,0,0.4,1.0
316,linucb_frozen,hard,D,0.55,0.7829425760094022,594.0146964649722,0.22,1,0,0.4,1.0
317,linucb_frozen,hard,D,0.55,0.9889894668882739,749.7349424445201,0.22,0,0,0.38,0.0
318,linucb_frozen,hard,D,0.55,1.0,757.8605150600653,0.22,1,0,0.4,1.0
319,linucb_frozen,simple,B,0.95,0.8996953599999999,646.5926847050923,0.1,1,0,0.42,1.0
320,linucb_frozen,simple,B,0.95,1.0,624.6901764798654,0.1,0,0,0.4,0.0
321,linucb_frozen,simple,B,0.95,1.0,670.2980666602402,0.1,1,0,0.42,1.0
322,linucb_frozen,simple,B,0.95,1.0,787.6490328261704,0.1,1,0,0.44,1.0
323,linucb_frozen,simple,B,0.95,1.0,760.8938300680738,0.1,1,0,0.44,1.0
324,linucb_frozen,hard,D,0.55,0.764404086784,704.2824007295762,0.22,0,0,0.44,0.0
325,linucb_frozen,simple,B,0.95,1.0,688.6792832999453,0.1,0,0,0.44,0.0
326,linucb_frozen,hard,C,0.75,0.3623980962382374,607.857888076623,0.35,0,0,0.44,0.0
327,linucb_frozen,simple,B,0.95,1.0,713.2681565915824,0.1,0,0,0.44,0.0
328,linucb_frozen,simple,B,0.95,1.0,789.9993753140495,0.1,1,0,0.46,1.0
329,linucb_frozen,simple,B,0.95,1.0,699.6690884626607,0.1,0,0,0.46,0.0
330,linucb_frozen,simple,B,0.95,1.0,762.4685697303569,0.1,1,0,0.46,1.0
331,linucb_frozen,hard,D,0.55,0.6123932960340552,540.8376514474041,0.22,1,0,0.48,1.0
332,linucb_frozen,simple,B,0.95,1.0,679.8143305603398,0.1,1,0,0.5,1.0
333,linucb_frozen,hard,D,0.55,0.7742373684487723,744.1666181101106,0.22,1,0,0.52,1.0
334,linucb_frozen,simple,B,0.95,1.0,624.6951735316871,0.1,1,0,0.54,1.0
335,linucb_frozen,simple,B,0.95,1.0,728.8412378786472,0.1,1,0,0.56,1.0
336,linucb_frozen,hard,D,0.55,0.8276210879515218,668.0306200754874,0.22,0,0,0.56,0.0
337,linucb_frozen,simple,B,0.95,1.0,599.6132222168537,0.1,1,0,0.56,1.0
338,linucb_frozen,hard,D,0.55,0.9409097705096585,808.3212057043476,0.22,1,0,0.58,1.0
339,linucb_frozen,hard,D,0.55,1.0,848.7311592250286,0.22,1,0,0.58,1.0
340,linucb_frozen,simple,B,0.95,0.9814719999999999,644.419036245114,0.1,0,0,0.58,0.0
341,linucb_frozen,hard,D,0.55,1.0,738.5808595930463,0.22,1,0,0.6,1.0
342,linucb_frozen,hard,D,0.55,1.0,956.3469851577627,0.22,0,0,0.6,0.0
343,linucb_frozen,hard,D,0.55,1.0,833.7818938270146,0.22,0,0,0.58,0.0
344,linucb_frozen,hard,D,0.55,1.0,870.4787778805423,0.22,0,0,0.56,0.0
345,linucb_frozen,simple,B,0.95,0.8179540998455295,430.7442568093801,0.1,1,0,0.56,1.0
346,linucb_frozen,simple,B,0.95,1.0,588.3645564741539,0.1,1,0,0.58,1.0
347,linucb_frozen,hard,C,0.75,0.3247355757029913,595.1455480288604,0.35,0,0,0.58,0.0
348,linucb_frozen,hard,E,0.9,0.3045232778308067,731.783120324902,0.6,0,0,0.58,0.0
349,linucb_frozen,hard,D,0.55,0.8277319167999999,713.0427661752992,0.22,1,0,0.58,1.0
350,linucb_frozen,simple,B,0.95,0.8996953599999999,671.2104434161499,0.1,1,0,0.58,1.0
351,linucb_frozen,hard,D,0.55,0.9409955963699199,778.7811246608142,0.22,0,0,0.58,0.0
352,linucb_frozen,simple,B,0.95,0.9967240867839999,641.2938949052708,0.1,1,0,0.58,1.0
353,linucb_frozen,hard,D,0.55,1.0,708.8843841537548,0.22,1,0,0.6,1.0
354,linucb_frozen,simple,B,0.95,1.0,706.5464312547878,0.1,0,0,0.58,0.0
355,linucb_frozen,hard,D,0.55,1.0,919.011205467109,0.22,0,0,0.58,0.0
356,linucb_frozen,simple,B,0.95,1.0,703.7250577743608,0.1,1,0,0.6,1.0
357,linucb_frozen,hard,C,0.75,0.3904391747782582,584.3955707467866,0.35,0,0,0.6,0.0
358,linucb_frozen,hard,C,0.75,0.6435864738048671,737.4136376367092,0.35,0,0,0.58,0.0
359,linucb_frozen,hard,C,0.75,0.8663560969482831,725.5825451459714,0.35,0,0,0.56,0.0
360,linucb_frozen,simple,B,0.95,0.8996953599999999,614.0855008062251,0.1,1,0,0.56,1.0
361,linucb_frozen,hard,C,0.75,0.9709061614767505,1025.5445740218756,0.35,0,0,0.56,0.0
362,linucb_frozen,hard,C,0.75,1.0,1129.9039585054907,0.35,0,0,0.56,0.0
363,linucb_frozen,hard,C,0.75,1.0,1011.9525983055231,0.35,0,0,0.54,0.0
364,linucb_frozen,hard,D,0.55,0.6164783818288659,552.1288305093004,0.22,0,0,0.52,0.0
365,linucb_frozen,hard,C,0.75,1.0,1026.6527743971224,0.35,0,0,0.5,0.0
366,linucb_frozen,hard,C,0.75,1.0,1161.5852731544292,0.35,0,0,0.48,0.0
367,linucb_frozen,simple,B,0.95,0.6676835377992498,484.49861967132205,0.1,1,0,0.5,1.0
368,linucb_frozen,hard,D,0.55,0.6696992251230792,621.3944144531503,0.22,0,0,0.48,0.0
369,linucb_frozen,simple,B,0.95,0.817054131671739,536.8941811027252,0.1,1,0,0.48,1.0
370,linucb_frozen,hard,E,0.9,0.31829107721552846,842.8138670007461,0.6,0,0,0.48,0.0
371,linucb_frozen,simple,B,0.95,0.9327267195665947,666.3700103618756,0.1,1,0,0.48,1.0
372,linucb_frozen,simple,B,0.95,1.0,671.0824434047533,0.1,1,0,0.48,1.0
373,linucb_frozen,hard,D,0.55,0.6534216557536773,538.515547412055,0.22,0,0,0.46,0.0
374,linucb_frozen,hard,D,0.55,0.8750110570632359,760.1120005469581,0.22,0,0,0.46,0.0
375,linucb_frozen,hard,D,0.55,1.0,721.9136413759672,0.22,0,0,0.46,0.0
376,linucb_frozen,hard,D,0.55,1.0,896.4393555114565,0.22,0,0,0.46,0.0
377,linucb_frozen,hard,D,0.55,1.0,898.6975326612308,0.22,0,0,0.46,0.0
378,linucb_frozen,hard,D,0.55,1.0,883.3662439423645,0.22,1,0,0.46,1.0
379,linucb_frozen,simple,B,0.95,0.70867559636992,546.0742533451196,0.1,1,0,0.48,1.0
380,linucb_frozen,simple,B,0.95,0.9236345248055295,659.2168699481774,0.1,1,0,0.48,1.0
381,linucb_frozen,hard,E,0.9,0.3780070505804556,916.32317764578,0.6,0,0,0.46,0.0
382,linucb_frozen,hard,D,0.55,0.8996953599999999,707.9588096721893,0.22,1,0,0.46,1.0
383,linucb_frozen,hard,D,0.55,1.0,742.8588767617373,0.22,0,0,0.44,0.0
384,linucb_frozen,hard,D,0.55,1.0,851.8217453609993,0.22,1,0,0.44,1.0
385,linucb_frozen,hard,D,0.55,1.0,876.2437096769994,0.22,0,0,0.42,0.0
386,linucb_frozen,hard,D,0.55,1.0,799.2361170965232,0.22,0,0,0.42,0.0
387,linucb_frozen,hard,D,0.55,1.0,915.5849684344198,0.22,0,0,0.4,0.0
388,linucb_frozen,simple,B,0.95,0.6321708634224178,513.2393932439339,0.1,1,0,0.4,1.0
389,linucb_frozen,hard,D,0.55,1.0,760.7694405813219,0.22,1,0,0.4,1.0
390,linucb_frozen,simple,B,0.95,0.7895531166343204,519.2346229184836,0.1,1,0,0.42,1.0
391,linucb_frozen,hard,D,0.55,1.0,864.3623600009714,0.22,1,0,0.42,1.0
392,linucb_frozen,hard,D,0.55,1.0,860.8493317593554,0.22,0,0,0.42,0.0
393,linucb_frozen,hard,D,0.55,1.0,815.1599613127967,0.22,1,0,0.44,1.0
394,linucb_frozen,hard,D,0.55,1.0,847.2819100516256,0.22,0,0,0.44,0.0
395,linucb_frozen,hard,D,0.55,1.0,918.8655139864255,0.22,0,0,0.42,0.0
396,linucb_frozen,hard,D,0.55,1.0,838.8707008971891,0.22,1,0,0.42,1.0
397,linucb_frozen,hard,D,0.55,1.0,921.0204620689144,0.22,0,0,0.42,0.0
398,linucb_frozen,hard,D,0.55,1.0,871.5301898764586,0.22,1,0,0.44,1.0
399,linucb_frozen,hard,D,0.55,1.0,922.0942310338919,0.22,0,0,0.42,0.0
400,linucb_frozen,hard,D,0.55,1.0,957.9838785171421,0.22,0,0,0.4,0.0
401,linucb_frozen,hard,D,0.55,1.0,874.1783747434134,0.22,0,0,0.4,0.0
402,linucb_frozen,hard,D,0.55,1.0,992.9933998489407,0.22,1,0,0.4,1.0
403,linucb_frozen,simple,B,0.95,0.4498497732574783,409.0944666451988,0.1,1,0,0.4,1.0
404,linucb_frozen,simple,B,0.95,0.6958678004665809,536.612990370756,0.1,1,0,0.42,1.0
405,linucb_frozen,hard,E,0.9,0.3175826378884417,916.4346703788971,0.6,0,0,0.42,0.0
406,linucb_frozen,hard,C,0.75,0.30601598695696036,584.7763709706254,0.35,0,0,0.4,0.0
407,linucb_frozen,hard,D,0.55,0.8277319167999999,672.7212501478533,0.22,0,0,0.4,0.0
408,linucb_frozen,hard,D,0.55,1.0,799.9365514439274,0.22,0,0,0.4,0.0
409,linucb_frozen,hard,D,0.55,1.0,826.3634971334243,0.22,1,0,0.42,1.0
410,linucb_frozen,simple,B,0.95,0.6231638503980732,468.99314808897077,0.1,1,0,0.42,1.0
411,linucb_frozen,simple,B,0.95,0.8483841883503045,567.4436687834373,0.1,1,0,0.44,1.0
412,linucb_frozen,hard,E,0.9,0.4297882739357913,782.0161258079313,0.6,0,0,0.44,0.0
413,linucb_frozen,hard,D,0.55,0.8996953599999999,690.0190818527853,0.22,0,0,0.44,0.0
414,linucb_frozen,hard,D,0.55,1.0,787.449427660985,0.22,0,0,0.44,0.0
415,linucb_frozen,hard,D,0.55,1.0,859.9182724462673,0.22,1,0,0.46,1.0
416,linucb_frozen,hard,D,0.55,1.0,930.6618092699289,0.22,1,0,0.48,1.0
417,linucb_frozen,hard,D,0.55,1.0,838.2218484604493,0.22,0,0,0.46,0.0
418,linucb_frozen,simple,B,0.95,0.6467139141248712,539.6513139851315,0.1,1,0,0.48,1.0
419,linucb_frozen,hard,D,0.55,1.0,926.467230861251,0.22,0,0,0.46,0.0
420,linucb_frozen,hard,D,0.55,1.0,819.4019818903286,0.22,1,0,0.48,1.0
421,linucb_frozen,hard,D,0.55,1.0,816.6826129437895,0.22,0,0,0.46,0.0
422,linucb_frozen,hard,D,0.55,1.0,813.963205194582,0.22,0,0,0.44,0.0
423,linucb_frozen,hard,D,0.55,1.0,903.215886029979,0.22,0,0,0.44,0.0
424,linucb_frozen,hard,D,0.55,1.0,923.094911535066,0.22,0,0,0.44,0.0
425,linucb_frozen,hard,D,0.55,1.0,874.0597575177461,0.22,0,0,0.44,0.0
426,linucb_frozen,hard,E,0.9,0.37178140793343245,857.6439246395721,0.6,0,0,0.44,0.0
427,linucb_frozen,hard,C,0.75,0.3208872002647701,589.3662752062301,0.35,0,0,0.44,0.0
428,linucb_frozen,simple,B,0.95,0.48011045628263727,404.4287822240716,0.1,1,0,0.44,1.0
429,linucb_frozen,simple,B,0.95,0.7224972015287208,553.9518513961774,0.1,1,0,0.44,1.0
430,linucb_frozen,hard,E,0.9,0.5229555852719466,952.4014248935489,0.6,0,0,0.42,0.0
431,linucb_frozen,hard,E,0.9,0.760200915039313,1140.9140933216333,0.6,0,0,0.42,0.0
432,linucb_frozen,hard,E,0.9,0.9689768052345955,1437.6566716869354,0.6,0,0,0.4,0.0
433,linucb_frozen,simple,B,0.95,0.7332782193697587,521.9107474307605,0.1,1,0,0.42,1.0
434,linucb_frozen,hard,E,0.9,1.0,1397.5208724175313,0.6,0,0,0.4,0.0
435,linucb_frozen,hard,E,0.9,1.0,1640.5353930077754,0.6,0,0,0.4,0.0
436,linucb_frozen,hard,E,0.9,1.0,1535.7520845464937,0.6,0,0,0.4,0.0
437,linucb_frozen,simple,B,0.95,0.7397435457451064,482.0147774587978,0.1,1,0,0.42,1.0
438,linucb_frozen,hard,D,0.55,0.48979061712307925,548.579916001447,0.22,0,0,0.4,0.0
439,linucb_frozen,simple,B,0.95,0.8728574018250104,559.1452225319438,0.1,1,0,0.4,1.0
440,linucb_frozen,hard,C,0.75,0.36090137976514786,519.6858727322077,0.35,0,0,0.38,0.0
441,linucb_frozen,simple,B,0.95,0.975940771973288,557.2358597505433,0.1,1,0,0.38,1.0
442,linucb_frozen,hard,D,0.55,0.5937251604602471,599.9425194324078,0.22,0,0,0.38,0.0
443,linucb_frozen,simple,B,0.95,1.0,607.7437839481448,0.1,1,0,0.38,1.0
444,linucb_frozen,simple,B,0.95,1.0,681.8514092325929,0.1,1,0,0.4,1.0
445,linucb_frozen,hard,C,0.75,0.49045917691922625,694.1657781241377,0.35,0,0,0.4,0.0
446,linucb_frozen,simple,B,0.95,1.0,603.4178301928697,0.1,1,0,0.4,1.0
447,linucb_frozen,hard,D,0.55,0.6133277169820737,663.76618256051,0.22,0,0,0.4,0.0
448,linucb_frozen,simple,B,0.95,1.0,722.289142527705,0.1,1,0,0.4,1.0
449,linucb_frozen,hard,E,0.9,0.48979061712307925,1002.2748744463574,0.6,0,0,0.4,0.0
450,linucb_frozen,simple,B,0.95,1.0,653.5174860590892,0.1,1,0,0.42,1.0
451,linucb_frozen,simple,B,0.95,1.0,698.5647806484342,0.1,1,0,0.44,1.0
452,linucb_frozen,hard,D,0.55,0.6236726117095177,581.5216274691534,0.22,1,0,0.44,1.0
453,linucb_frozen,hard,C,0.75,0.4763860530278571,665.7407196266846,0.35,0,0,0.42,0.0
454,linucb_frozen,hard,C,0.75,0.7192197266645142,845.270350398731,0.35,0,0,0.4,0.0
455,linucb_frozen,hard,C,0.75,0.9329133594647725,1018.0081847907555,0.35,0,0,0.4,0.0
456,linucb_frozen,simple,B,0.95,0.8277319167999999,580.078786872468,0.1,1,0,0.42,1.0
457,linucb_frozen,hard,C,0.75,1.0,911.8420899135865,0.35,0,0,0.42,0.0
458,linucb_frozen,hard,C,0.75,1.0,1087.3212176429347,0.35,0,0,0.42,0.0
459,linucb_frozen,hard,C,0.75,1.0,1266.448469321792,0.35,0,0,0.4,0.0
460,linucb_frozen,hard,D,0.55,0.524294203346376,511.97262102456756,0.22,0,0,0.38,0.0
461,linucb_frozen,hard,D,0.55,0.7613788989448109,627.2312510004878,0.22,0,0,0.36,0.0
462,linucb_frozen,hard,D,0.55,0.9700134310714337,734.9720465061424,0.22,1,0,0.38,1.0
463,linucb_frozen,hard,D,0.55,1.0,746.8564853987142,0.22,0,0,0.38,0.0
464,linucb_frozen,hard,D,0.55,1.0,947.229620903676,0.22,0,0,0.38,0.0
465,linucb_frozen,hard,D,0.55,1.0,864.4121666535302,0.22,0,0,0.36,0.0
466,linucb_frozen,hard,D,0.55,1.0,923.7689635116626,0.22,1,0,0.36,1.0
467,linucb_frozen,hard,D,0.55,1.0,778.3188468824371,0.22,0,0,0.36,0.0
468,linucb_frozen,simple,B,0.95,0.4785178992067515,375.2209193208798,0.1,0,0,0.34,0.0
469,linucb_frozen,hard,E,0.9,0.3379895285618389,718.4278952713404,0.6,0,0,0.34,0.0
470,linucb_frozen,hard,D,0.55,0.9814719999999999,665.9335530988117,0.22,0,0,0.32,0.0
471,linucb_frozen,hard,D,0.55,1.0,961.1022539703032,0.22,0,0,0.32,0.0
472,linucb_frozen,hard,D,0.55,1.0,809.423666394856,0.22,1,0,0.34,1.0
473,linucb_frozen,hard,D,0.55,1.0,948.3861606995862,0.22,0,0,0.34,0.0
474,linucb_frozen,hard,D,0.55,1.0,861.5417516317975,0.22,1,0,0.36,1.0
475,linucb_frozen,simple,B,0.95,0.49555858783200046,432.7639948638021,0.1,1,0,0.38,1.0
476,linucb_frozen,hard,D,0.55,1.0,830.4600619331407,0.22,1,0,0.4,1.0
477,linucb_frozen,hard,D,0.55,1.0,900.7596492097238,0.22,0,0,0.4,0.0
478,linucb_frozen,simple,B,0.95,0.637709301967049,511.4007667026173,0.1,1,0,0.4,1.0
479,linucb_frozen,simple,B,0.95,0.8611841857310032,490.1510838946448,0.1,1,0,0.4,1.0
480,linucb_frozen,hard,E,0.9,0.38283476395517824,786.2917869570988,0.6,0,0,0.4,0.0
481,linucb_frozen,hard,D,0.55,0.8996953599999999,645.5717749768264,0.22,0,0,0.4,0.0
482,linucb_frozen,hard,D,0.55,1.0,708.5742315505178,0.22,1,0,0.42,1.0
483,linucb_frozen,simple,B,0.95,0.816448160288261,616.5345083727047,0.1,1,0,0.42,1.0
484,linucb_frozen,simple,B,0.95,1.0,573.5624817519927,0.1,1,0,0.44,1.0
485,linucb_frozen,simple,B,0.95,1.0,609.7141314772566,0.1,1,0,0.46,1.0
486,linucb_frozen,hard,D,0.55,0.8996953599999999,718.5826156436698,0.22,0,0,0.46,0.0
487,linucb_frozen,simple,B,0.95,1.0,629.9086402268983,0.1,1,0,0.46,1.0
488,linucb_frozen,hard,D,0.55,0.9967240867839999,682.394625254877,0.22,1,0,0.48,1.0
489,linucb_frozen,hard,D,0.55,1.0,841.7875422170913,0.22,1,0,0.48,1.0
490,linucb_frozen,hard,D,0.55,1.0,931.7079260995066,0.22,0,0,0.48,0.0
491,linucb_frozen,hard,D,0.55,1.0,778.3885697227157,0.22,0,0,0.46,0.0
492,linucb_frozen,hard,D,0.55,1.0,857.334855904322,0.22,0,0,0.46,0.0
493,linucb_frozen,hard,D,0.55,1.0,819.2368661713986,0.22,0,0,0.44,0.0
494,linucb_frozen,hard,D,0.55,1.0,957.4942759138873,0.22,0,0,0.42,0.0
495,linucb_frozen,hard,D,0.55,1.0,944.8839892925943,0.22,0,0,0.42,0.0
496,linucb_frozen,hard,D,0.55,1.0,902.4341544789878,0.22,0,0,0.4,0.0
497,linucb_frozen,hard,D,0.55,1.0,896.7193378829961,0.22,1,0,0.42,1.0
498,linucb_frozen,hard,D,0.55,1.0,918.8378004842218,0.22,1,0,0.42,1.0
499,linucb_frozen,hard,D,0.55,1.0,906.0429136265099,0.22,0,0,0.42,0.0
500,linucb_frozen,hard,D,0.55,1.0,913.6016535683333,0.22,1,0,0.42,1.0
501,linucb_frozen,hard,D,0.55,1.0,932.2494827172408,0.22,0,0,0.4,0.0
502,linucb_frozen,hard,D,0.55,1.0,872.6759024465712,0.22,1,0,0.4,1.0
503,linucb_frozen,hard,D,0.55,1.0,884.3235069064282,0.22,0,0,0.4,0.0
504,linucb_frozen,hard,D,0.55,1.0,732.5995726996805,0.22,0,0,0.4,0.0
505,linucb_frozen,hard,D,0.55,1.0,828.796322012476,0.22,0,0,0.4,0.0
506,linucb_frozen,hard,D,0.55,1.0,905.496101224607,0.22,1,0,0.4,1.0
507,linucb_frozen,hard,D,0.55,1.0,761.8063524646284,0.22,0,0,0.4,0.0
508,linucb_frozen,hard,D,0.55,1.0,973.4763565547673,0.22,0,0,0.4,0.0
509,linucb_frozen,hard,E,0.9,0.30939742482163934,696.5757373901642,0.6,0,0,0.4,0.0
510,linucb_frozen,hard,C,0.75,0.3014744032504725,548.3252532139869,0.35,0,0,0.4,0.0
511,linucb_frozen,hard,E,0.9,0.5395973657818776,976.8891332527324,0.6,0,0,0.4,0.0
512,linucb_frozen,simple,B,0.95,0.3409323617590446,332.80850494096245,0.1,1,0,0.4,1.0
513,linucb_frozen,hard,E,0.9,0.717864200061486,1281.2058731690906,0.6,0,0,0.4,0.0
514,linucb_frozen,simple,B,0.95,0.5640180209462041,492.92148070361645,0.1,1,0,0.42,1.0
515,linucb_frozen,simple,B,0.95,0.7963358584326596,573.0761964293882,0.1,1,0,0.44,1.0
516,linucb_frozen,hard,D,0.55,0.6596345248055295,666.3801381538487,0.22,0,0,0.42,0.0
517,linucb_frozen,hard,E,0.9,0.7304998298869849,1316.0402137649405,0.6,0,0,0.42,0.0
518,linucb_frozen,hard,E,0.9,0.9428398503005466,1200.5290921201731,0.6,0,0,0.42,0.0
519,linucb_frozen,hard,E,0.9,1.0,1340.624263154837,0.6,0,0,0.42,0.0
520,linucb_frozen,simple,B,0.95,0.7202518489872408,475.93593759806475,0.1,1,0,0.44,1.0
521,linucb_frozen,hard,E,0.9,1.0,1440.9689849681215,0.6,0,0,0.44,0.0
522,linucb_frozen,hard,E,0.9,1.0,1548.972169237384,0.6,0,0,0.42,0.0
523,linucb_frozen,simple,B,0.95,0.790831468033033,494.8495719611916,0.1,1,0,0.44,1.0
524,linucb_frozen,hard,D,0.55,0.537227348873758,529.1857551744641,0.22,0,0,0.42,0.0
525,linucb_frozen,simple,B,0.95,0.9124198888447808,680.8718668015042,0.1,0,0,0.4,0.0
526,linucb_frozen,simple,B,0.95,1.0,696.6933271070692,0.1,1,0,0.4,1.0
527,linucb_frozen,hard,D,0.55,0.6661053958916976,630.8465519090885,0.22,0,0,0.4,0.0
528,linucb_frozen,hard,C,0.75,0.33019524396502165,545.7940635021243,0.35,0,0,0.38,0.0
529,linucb_frozen,hard,D,0.55,0.8158320185785306,640.727794092116,0.22,0,0,0.36,0.0
530,linucb_frozen,hard,D,0.55,1.0,768.1098430709786,0.22,1,0,0.38,1.0
531,linucb_frozen,hard,D,0.55,1.0,821.401886560603,0.22,0,0,0.38,0.0
532,linucb_frozen,hard,D,0.55,1.0,852.870886422935,0.22,1,0,0.38,1.0
533,linucb_frozen,hard,D,0.55,1.0,823.4720946901281,0.22,0,0,0.36,0.0
534,linucb_frozen,hard,D,0.55,1.0,925.3022614951543,0.22,0,0,0.34,0.0
535,linucb_frozen,simple,B,0.95,0.6164783818288659,381.7693822457504,0.1,1,0,0.34,1.0
536,linucb_frozen,hard,E,0.9,0.46701574306830973,979.1269472567539,0.6,0,0,0.34,0.0
537,linucb_frozen,hard,C,0.75,0.4044996564976377,541.7247391896888,0.35,0,0,0.32,0.0
538,linucb_frozen,simple,B,0.95,0.7201127558216809,541.7273748306892,0.1,1,0,0.32,1.0
539,linucb_frozen,hard,C,0.75,0.6132445339917707,897.7422733467818,0.35,0,0,0.3,0.0
540,linucb_frozen,simple,B,0.95,0.8576553181083097,663.9752029498922,0.1,1,0,0.32,1.0
541,linucb_frozen,simple,B,0.95,1.0,653.4303240026406,0.1,1,0,0.34,1.0
542,linucb_frozen,hard,D,0.55,0.6596345248055295,608.5791587442683,0.22,1,0,0.36,1.0
543,linucb_frozen,hard,D,0.55,0.880478381828866,711.0377019024768,0.22,0,0,0.36,0.0
544,linucb_frozen,hard,D,0.55,1.0,894.1900650128408,0.22,0,0,0.36,0.0
545,linucb_frozen,hard,D,0.55,1.0,799.9438396104374,0.22,1,0,0.38,1.0
546,linucb_frozen,simple,B,0.95,0.8277319167999999,573.4697281436518,0.1,1,0,0.4,1.0
547,linucb_frozen,hard,D,0.55,1.0,793.1504414696464,0.22,1,0,0.4,1.0
548,linucb_frozen,simple,B,0.95,0.9409955963699199,635.1481131748545,0.1,1,0,0.4,1.0
549,linucb_frozen,hard,D,0.55,1.0,664.9195873071365,0.22,1,0,0.42,1.0
550,linucb_frozen,hard,D,0.55,1.0,890.3068962460898,0.22,0,0,0.4,0.0
551,linucb_frozen,hard,D,0.55,1.0,764.190579716543,0.22,0,0,0.4,0.0
552,linucb_frozen,hard,D,0.55,1.0,866.9455786667273,0.22,0,0,0.38,0.0
553,linucb_frozen,simple,B,0.95,0.7965934097726569,540.2360739195176,0.1,1,0,0.4,1.0
554,linucb_frozen,simple,B,0.95,1.0,564.438882988549,0.1,1,0,0.42,1.0
555,linucb_frozen,hard,E,0.9,0.34116255193794665,796.8198281128696,0.6,0,0,0.42,0.0
556,linucb_frozen,hard,C,0.75,0.36979737867403417,488.10055265651977,0.35,1,0,0.42,1.0
557,linucb_frozen,simple,B,0.95,0.9814719999999999,676.7488600671298,0.1,0,0,0.42,0.0
558,linucb_frozen,simple,B,0.95,1.0,666.2084672762609,0.1,1,0,0.44,1.0
559,linucb_frozen,hard,D,0.55,0.70867559636992,596.3157532201071,0.22,0,0,0.44,0.0
560,linucb_frozen,hard,C,0.75,0.5217657721309813,751.2676295513116,0.35,0,0,0.44,0.0
561,linucb_frozen,hard,C,0.75,0.7591538794752635,815.6447234203887,0.35,0,0,0.44,0.0
562,linucb_frozen,hard,C,0.75,0.9680554139382318,919.978995689742,0.35,0,0,0.42,0.0
563,linucb_frozen,hard,C,0.75,1.0,1336.2484394175306,0.35,0,0,0.42,0.0
564,linucb_frozen,simple,B,0.95,0.764404086784,478.6716455599921,0.1,0,0,0.4,0.0
565,linucb_frozen,simple,B,0.95,0.9726755963699198,659.533506101556,0.1,1,0,0.4,1.0
566,linucb_frozen,hard,D,0.55,0.5896184219792857,629.644704309369,0.22,0,0,0.4,0.0
567,linucb_frozen,simple,B,0.95,1.0,659.6973098070065,0.1,1,0,0.42,1.0
568,linucb_frozen,hard,D,0.55,0.7566005059807588,587.5909084751785,0.22,1,0,0.44,1.0
569,linucb_frozen,simple,B,0.95,1.0,685.8985873062506,0.1,0,0,0.44,0.0
570,linucb_frozen,simple,B,0.95,1.0,631.68778388304,0.1,1,0,0.44,1.0
571,linucb_frozen,hard,D,0.55,0.8156020600117198,777.3871404530363,0.22,0,0,0.44,0.0
572,linucb_frozen,simple,B,0.95,1.0,626.0636068814863,0.1,1,0,0.46,1.0
573,linucb_frozen,simple,B,0.95,1.0,665.3608272951135,0.1,1,0,0.46,1.0
574,linucb_frozen,hard,D,0.55,0.8558099670403068,792.6438605172367,0.22,1,0,0.48,1.0
575,linucb_frozen,simple,B,0.95,1.0,671.0741181656814,0.1,1,0,0.5,1.0
576,linucb_frozen,hard,D,0.55,0.9627392384760136,810.0667321585205,0.22,0,0,0.48,0.0
577,linucb_frozen,hard,D,0.55,1.0,843.6833838707931,0.22,0,0,0.48,0.0
578,linucb_frozen,hard,D,0.55,1.0,847.0838783785708,0.22,0,0,0.48,0.0
579,linucb_frozen,simple,B,0.95,0.8996953599999999,513.5305090076245,0.1,0,0,0.48,0.0
580,linucb_frozen,hard,E,0.9,0.31396458899456287,731.2868976994172,0.6,0,0,0.46,0.0
581,linucb_frozen,simple,B,0.95,0.9967240867839999,633.4748708893021,0.1,1,0,0.48,1.0
582,linucb_frozen,simple,B,0.95,1.0,704.1716943210481,0.1,1,0,0.48,1.0
583,linucb_frozen,hard,D,0.55,0.8277319167999999,749.7023382027155,0.22,1,0,0.5,1.0
584,linucb_frozen,simple,B,0.95,1.0,617.6832896421255,0.1,1,0,0.52,1.0
585,linucb_frozen,hard,D,0.55,0.9409955963699199,631.2012402740011,0.22,0,0,0.5,0.0
586,linucb_frozen,hard,D,0.55,1.0,803.1125164421317,0.22,0,0,0.5,0.0
587,linucb_frozen,hard,D,0.55,1.0,698.9132686557324,0.22,1,0,0.52,1.0
588,linucb_frozen,hard,D,0.55,1.0,875.3112457104914,0.22,0,0,0.5,0.0
589,linucb_frozen,hard,D,0.55,1.0,877.7175228592675,0.22,1,0,0.52,1.0
590,linucb_frozen,simple,B,0.95,0.764404086784,564.4414580488069,0.1,1,0,0.52,1.0
591,linucb_frozen,hard,D,0.55,1.0,825.1278697959173,0.22,1,0,0.52,1.0
592,linucb_frozen,hard,D,0.55,1.0,904.4625203587987,0.22,0,0,0.5,0.0
593,linucb_frozen,simple,B,0.95,0.8209199818288659,642.1725904858655,0.1,1,0,0.52,1.0
594,linucb_frozen,hard,D,0.55,1.0,781.4973028435336,0.22,1,0,0.54,1.0
595,linucb_frozen,simple,B,0.95,0.9357204339282739,692.3446894591528,0.1,0,0,0.52,0.0
596,linucb_frozen,simple,B,0.95,1.0,706.9341215817171,0.1,1,0,0.52,1.0
597,linucb_frozen,hard,D,0.55,0.9814719999999999,890.3124990349135,0.22,0,0,0.5,0.0
598,linucb_frozen,hard,D,0.55,1.0,801.3211599905387,0.22,0,0,0.48,0.0
599,linucb_frozen,simple,B,0.95,0.9814719999999999,641.9643019186724,0.1,1,0,0.48,1.0
600,linucb_frozen,hard,D,0.55,1.0,859.2765533667507,0.22,0,0,0.48,0.0
601,linucb_frozen,simple,B,0.95,1.0,633.2924844659958,0.1,1,0,0.5,1.0
602,linucb_frozen,hard,E,0.9,0.3188581660526848,733.3713430618478,0.6,0,0,0.5,0.0
603,linucb_frozen,simple,B,0.95,1.0,711.5915090339796,0.1,1,0,0.5,1.0
604,linucb_frozen,hard,C,0.75,0.30529406852212515,558.4786034956262,0.35,0,0,0.48,0.0
605,linucb_frozen,hard,D,0.55,0.8277319167999999,625.7143372606828,0.22,0,0,0.48,0.0
606,linucb_frozen,hard,D,0.55,1.0,835.5666244282786,0.22,0,0,0.46,0.0
607,linucb_frozen,simple,B,0.95,0.8996953599999999,567.7310872975286,0.1,1,0,0.48,1.0
608,linucb_frozen,hard,D,0.55,1.0,758.7932716559724,0.22,1,0,0.48,1.0
609,linucb_frozen,hard,D,0.55,1.0,841.3785917676641,0.22,1,0,0.5,1.0
610,linucb_frozen,hard,D,0.55,1.0,850.2005946867841,0.22,0,0,0.5,0.0
611,linucb_frozen,hard,D,0.55,1.0,841.3210398266797,0.22,0,0,0.5,0.0
612,linucb_frozen,hard,D,0.55,1.0,897.0063366550762,0.22,0,0,0.5,0.0
613,linucb_frozen,hard,D,0.55,1.0,908.2413381633626,0.22,0,0,0.5,0.0
614,linucb_frozen,hard,D,0.55,1.0,782.9814429912559,0.22,1,0,0.52,1.0
615,linucb_frozen,hard,D,0.55,1.0,841.7282006075814,0.22,0,0,0.5,0.0
616,linucb_frozen,simple,B,0.95,0.5847341316717392,454.6953402177171,0.1,1,0,0.52,1.0
617,linucb_frozen,hard,E,0.9,0.3468638135122851,782.076021215401,0.6,1,0,0.52,1.0
618,linucb_frozen,simple,B,0.95,0.7528181115665948,562.732855550454,0.1,1,0,0.52,1.0
619,linucb_frozen,hard,C,0.75,0.3448702458235418,630.940810352309,0.35,0,0,0.52,0.0
620,linucb_frozen,hard,E,0.9,0.536377976721844,999.2252597243219,0.6,0,0,0.5,0.0
621,linucb_frozen,hard,D,0.55,0.764404086784,641.0271650993155,0.22,0,0,0.5,0.0
622,linucb_frozen,hard,E,0.9,0.715371105173396,1204.315280925572,0.6,0,0,0.48,0.0
623,linucb_frozen,hard,E,0.9,0.9295265725525885,1344.319637521344,0.6,0,0,0.46,0.0
624,linucb_frozen,hard,E,0.9,1.0,1648.1050852942947,0.6,0,0,0.44,0.0
625,linucb_frozen,simple,B,0.95,0.6076583907025552,486.41006272283823,0.1,1,0,0.44,1.0
626,linucb_frozen,hard,E,0.9,1.0,1513.6864654302155,0.6,0,0,0.44,0.0
627,linucb_frozen,hard,E,0.9,1.0,1568.2967345879345,0.6,0,0,0.44,0.0
628,linucb_frozen,hard,E,0.9,1.0,1556.4772630556747,0.6,0,0,0.44,0.0
629,linucb_frozen,simple,B,0.95,0.6644099173693895,468.8306111512379,0.1,1,0,0.46,1.0
630,linucb_frozen,simple,B,0.95,0.8846807272850628,564.4549502709972,0.1,1,0,0.48,1.0
631,linucb_frozen,hard,D,0.55,0.5128872842349197,484.00976025104364,0.22,0,0,0.46,0.0
632,linucb_frozen,hard,E,0.9,0.8996953599999999,1180.5253935044277,0.6,0,0,0.44,0.0
633,linucb_frozen,hard,E,0.9,1.0,1414.0181152258476,0.6,0,0,0.42,0.0
634,linucb_frozen,hard,E,0.9,1.0,1929.8473645516074,0.6,0,0,0.4,0.0
635,linucb_frozen,hard,E,0.9,1.0,1701.8426128896174,0.6,0,0,0.4,0.0
636,linucb_frozen,hard,E,0.9,1.0,1577.1232011704283,0.6,0,0,0.4,0.0
637,linucb_frozen,hard,E,0.9,1.0,1423.082702979702,0.6,0,0,0.38,0.0
638,linucb_frozen,hard,D,0.55,0.5096045167552545,598.4405326244082,0.22,1,0,0.4,1.0
639,linucb_frozen,hard,E,0.9,1.0,1739.8968870451483,0.6,0,0,0.38,0.0
640,linucb_frozen,simple,B,0.95,0.5463844460055978,521.9935361187588,0.1,0,0,0.36,0.0
641,linucb_frozen,hard,E,0.9,1.0,1535.7694960730037,0.6,0,0,0.34,0.0
642,linucb_frozen,hard,E,0.9,1.0,1490.3436273215646,0.6,0,0,0.34,0.0
643,linucb_frozen,hard,D,0.55,0.5689345684371883,666.4720614942903,0.22,0,0,0.32,0.0
644,linucb_frozen,simple,B,0.95,0.6276642170457275,535.3659987361076,0.1,1,0,0.32,1.0
645,linucb_frozen,hard,E,0.9,0.9814719999999999,1608.0744164871796,0.6,0,0,0.32,0.0
646,linucb_frozen,simple,B,0.95,0.7860631696802114,530.0433573776204,0.1,1,0,0.32,1.0
647,linucb_frozen,hard,E,0.9,1.0,1576.519262972709,0.6,0,0,0.32,0.0
648,linucb_frozen,hard,E,0.9,1.0,1702.2743415477848,0.6,0,0,0.32,0.0
649,linucb_frozen,hard,D,0.55,0.5642155386949215,582.9953185193508,0.22,0,0,0.3,0.0
650,linucb_frozen,hard,E,0.9,1.0,1645.9877622549616,0.6,0,0,0.3,0.0
651,linucb_frozen,hard,E,0.9,1.0,1582.3245840240959,0.6,0,0,0.28,0.0
652,linucb_frozen,simple,B,0.95,0.665050948469875,464.7579723459144,0.1,1,0,0.3,1.0
653,linucb_frozen,hard,E,0.9,1.0,1561.635746862592,0.6,0,0,0.28,0.0
654,linucb_frozen,simple,B,0.95,0.8150154544950712,601.3582306573434,0.1,1,0,0.3,1.0
655,linucb_frozen,hard,D,0.55,0.5620240019969576,611.7372109642467,0.22,0,0,0.3,0.0
656,linucb_frozen,hard,E,0.9,0.9814719999999999,1401.8003821778282,0.6,0,0,0.3,0.0
657,linucb_frozen,hard,E,0.9,1.0,1599.261945415788,0.6,0,0,0.28,0.0
658,linucb_frozen,hard,E,0.9,1.0,1661.2325980898372,0.6,0,0,0.26,0.0
659,linucb_frozen,hard,E,0.9,1.0,1463.9317572703576,0.6,0,0,0.24,0.0
660,linucb_frozen,hard,D,0.55,0.5965980038614614,559.7075064393132,0.22,1,0,0.26,1.0
661,linucb_frozen,hard,D,0.55,0.825006243398086,710.1443850593278,0.22,1,0,0.28,1.0
662,linucb_frozen,simple,B,0.95,0.5931076956864976,521.5724221596852,0.1,1,0,0.3,1.0
663,linucb_frozen,hard,D,0.55,0.9388848348874779,674.7712741295377,0.22,1,0,0.32,1.0
664,linucb_frozen,simple,B,0.95,0.7593025995396236,519.062505635224,0.1,1,0,0.32,1.0
665,linucb_frozen,hard,D,0.55,1.0,755.8542285910853,0.22,1,0,0.34,1.0
666,linucb_frozen,simple,B,0.95,0.8880039330834846,630.8087090273137,0.1,1,0,0.34,1.0
667,linucb_frozen,hard,D,0.55,1.0,738.4860828357345,0.22,1,0,0.34,1.0
668,linucb_frozen,hard,D,0.55,1.0,933.3650145083726,0.22,0,0,0.32,0.0
669,linucb_frozen,hard,D,0.55,1.0,808.2863443359391,0.22,0,0,0.32,0.0
670,linucb_frozen,hard,D,0.55,1.0,873.9137177073346,0.22,0,0,0.32,0.0
671,linucb_frozen,simple,B,0.95,0.7686280177320862,459.6258429669559,0.1,1,0,0.34,1.0
672,linucb_frozen,simple,B,0.95,0.9763926556042359,694.709523862799,0.1,1,0,0.36,1.0
673,linucb_frozen,hard,E,0.9,0.46701574306830973,953.0950473882039,0.6,0,0,0.36,0.0
674,linucb_frozen,hard,C,0.75,0.3003049317841796,645.8241347267001,0.35,0,0,0.36,0.0
675,linucb_frozen,hard,D,0.55,0.8277319167999999,643.0342251008313,0.22,1,0,0.36,1.0
676,linucb_frozen,simple,B,0.95,0.8855381451039384,594.2246439366962,0.1,0,0,0.36,0.0
677,linucb_frozen,simple,B,0.95,1.0,763.47765056139,0.1,1,0,0.38,1.0
678,linucb_frozen,hard,D,0.55,0.8640761248055295,839.4278217268294,0.22,0,0,0.38,0.0
679,linucb_frozen,hard,D,0.55,1.0,736.9131055649561,0.22,1,0,0.38,1.0
680,linucb_frozen,hard,D,0.55,1.0,858.5458249851753,0.22,1,0,0.38,1.0
681,linucb_frozen,hard,D,0.55,1.0,922.1347945966673,0.22,0,0,0.38,0.0
682,linucb_frozen,hard,D,0.55,1.0,796.2332066266547,0.22,0,0,0.38,0.0
683,linucb_frozen,hard,D,0.55,1.0,748.1100559367832,0.22,0,0,0.38,0.0
684,linucb_frozen,hard,D,0.55,1.0,903.665764288507,0.22,0,0,0.38,0.0
685,linucb_frozen,hard,D,0.55,1.0,932.8815114616025,0.22,1,0,0.4,1.0
686,linucb_frozen,hard,D,0.55,1.0,848.7394040901465,0.22,0,0,0.4,0.0
687,linucb_frozen,hard,D,0.55,1.0,834.6449856873166,0.22,0,0,0.4,0.0
688,linucb_frozen,hard,C,0.75,0.35015565132901283,545.6478942432352,0.35,0,0,0.38,0.0
689,linucb_frozen,simple,B,0.95,0.515671155821681,400.58792342275916,0.1,1,0,0.4,1.0
690,linucb_frozen,simple,B,0.95,0.7537906171230793,482.6884808662559,0.1,1,0,0.42,1.0
691,linucb_frozen,hard,E,0.9,0.3467756272022121,827.7144675823339,0.6,0,0,0.42,0.0
692,linucb_frozen,hard,C,0.75,0.5099867193797869,775.5853108616916,0.35,0,0,0.42,0.0
693,linucb_frozen,simple,B,0.95,0.8136871994320991,479.71313188033525,0.1,1,0,0.44,1.0
694,linucb_frozen,simple,B,0.95,1.0,501.28943879802074,0.1,0,0,0.42,0.0
695,linucb_frozen,hard,D,0.55,0.6596345248055295,607.6873822004351,0.22,1,0,0.44,1.0
696,linucb_frozen,hard,D,0.55,0.880478381828866,650.9462987596975,0.22,1,0,0.44,1.0
697,linucb_frozen,simple,B,0.95,0.9814719999999999,629.3132429291906,0.1,1,0,0.46,1.0
698,linucb_frozen,hard,D,0.55,0.9818424588882737,781.0690145330502,0.22,1,0,0.48,1.0
699,linucb_frozen,hard,D,0.55,1.0,813.235313140899,0.22,1,0,0.5,1.0
700,linucb_frozen,hard,D,0.55,1.0,822.8615575613592,0.22,0,0,0.5,0.0
701,linucb_frozen,simple,B,0.95,0.8885842043699199,612.3912631849432,0.1,1,0,0.52,1.0
702,linucb_frozen,simple,B,0.95,1.0,621.4055214332586,0.1,0,0,0.5,0.0
703,linucb_frozen,hard,D,0.55,0.9814719999999999,811.4603810008668,0.22,1,0,0.52,1.0
704,linucb_frozen,hard,D,0.55,1.0,759.3957257187252,0.22,0,0,0.5,0.0
705,linucb_frozen,hard,D,0.55,1.0,882.7373944122721,0.22,1,0,0.52,1.0
706,linucb_frozen,simple,B,0.95,0.8996953599999999,562.5024683380461,0.1,1,0,0.54,1.0
707,linucb_frozen,hard,D,0.55,1.0,717.6063944818951,0.22,1,0,0.56,1.0
708,linucb_frozen,hard,D,0.55,1.0,779.4604825848227,0.22,0,0,0.56,0.0
709,linucb_frozen,hard,D,0.55,1.0,848.8602264706774,0.22,0,0,0.56,0.0
710,linucb_frozen,hard,D,0.55,1.0,873.6744224053818,0.22,1,0,0.56,1.0
711,linucb_frozen,hard,D,0.55,1.0,845.4184733536293,0.22,1,0,0.56,1.0
712,linucb_frozen,simple,B,0.95,0.7178222020446021,503.10586536826844,0.1,1,0,0.56,1.0
713,linucb_frozen,hard,D,0.55,1.0,851.324408352684,0.22,0,0,0.54,0.0
714,linucb_frozen,hard,D,0.55,1.0,807.4332045845849,0.22,0,0,0.52,0.0
715,linucb_frozen,hard,D,0.55,1.0,854.7085315385748,0.22,0,0,0.5,0.0
716,linucb_frozen,hard,D,0.55,1.0,868.7161922470357,0.22,0,0,0.48,0.0
717,linucb_frozen,hard,C,0.75,0.3208749608899618,512.8157182723614,0.35,1,0,0.48,1.0
718,linucb_frozen,hard,C,0.75,0.5823699655831664,780.8437099962839,0.35,0,0,0.48,0.0
719,linucb_frozen,hard,C,0.75,0.8124855697131865,921.7248130800642,0.35,0,0,0.48,0.0
720,linucb_frozen,hard,C,0.75,1.0,1156.3952508057328,0.35,0,0,0.48,0.0
721,linucb_frozen,simple,B,0.95,0.527175208943909,437.07154948306885,0.1,1,0,0.48,1.0
722,linucb_frozen,simple,B,0.95,0.7639141838706399,556.8660386691525,0.1,1,0,0.48,1.0
723,linucb_frozen,hard,D,0.55,0.70867559636992,526.1053047313768,0.22,1,0,0.5,1.0
724,linucb_frozen,simple,B,0.95,0.8915751439894235,637.1012431761142,0.1,1,0,0.52,1.0
725,linucb_frozen,simple,B,0.95,1.0,706.1846557728509,0.1,0,0,0.5,0.0
726,linucb_frozen,hard,D,0.55,0.7829425760094022,736.8206605062071,0.22,1,0,0.52,1.0
727,linucb_frozen,hard,D,0.55,0.9889894668882739,811.0569890384392,0.22,1,0,0.52,1.0
728,linucb_frozen,hard,D,0.55,1.0,842.3520262788019,0.22,1,0,0.54,1.0
729,linucb_frozen,simple,B,0.95,0.8996953599999999,560.6315332634589,0.1,0,0,0.52,0.0
730,linucb_frozen,hard,D,0.55,1.0,838.7592029111984,0.22,0,0,0.5,0.0
731,linucb_frozen,hard,D,0.55,1.0,906.8684320969819,0.22,1,0,0.52,1.0
732,linucb_frozen,simple,B,0.95,0.9131171963699201,514.385265619939,0.1,1,0,0.54,1.0
733,linucb_frozen,hard,D,0.55,1.0,846.2203058841985,0.22,0,0,0.54,0.0
734,linucb_frozen,hard,D,0.55,1.0,976.6675697851799,0.22,0,0,0.54,0.0
735,linucb_frozen,hard,D,0.55,1.0,889.5768746411653,0.22,1,0,0.54,1.0
736,linucb_frozen,hard,D,0.55,1.0,768.9548668928321,0.22,0,0,0.54,0.0
737,linucb_frozen,hard,D,0.55,1.0,917.9628389969097,0.22,1,0,0.56,1.0
738,linucb_frozen,hard,D,0.55,1.0,826.2076296783769,0.22,1,0,0.58,1.0
739,linucb_frozen,hard,D,0.55,1.0,940.1201685324459,0.22,0,0,0.56,0.0
740,linucb_frozen,hard,D,0.55,1.0,780.1342391355321,0.22,0,0,0.54,0.0
741,linucb_frozen,simple,B,0.95,0.5889818527272632,521.9854865282872,0.1,1,0,0.56,1.0
742,linucb_frozen,hard,D,0.55,1.0,856.7192013605058,0.22,0,0,0.56,0.0
743,linucb_frozen,hard,D,0.55,1.0,760.1275602726387,0.22,0,0,0.54,0.0
744,linucb_frozen,hard,D,0.55,1.0,911.0542050310901,0.22,0,0,0.54,0.0
745,linucb_frozen,simple,B,0.95,0.653209684204743,515.9376702000369,0.1,0,0,0.52,0.0
746,linucb_frozen,simple,B,0.95,0.8748245221001738,621.9433309819051,0.1,1,0,0.52,1.0
747,linucb_frozen,hard,E,0.9,0.3002698225276148,775.1139460150127,0.6,0,0,0.5,0.0
748,linucb_frozen,hard,D,0.55,0.8996953599999999,709.4434221110464,0.22,1,0,0.5,1.0
749,linucb_frozen,hard,D,0.55,1.0,822.1975293119983,0.22,0,0,0.48,0.0
750,linucb_frozen,hard,D,0.55,1.0,928.541690848261,0.22,0,1,0.48,0.0
751,linucb_frozen,simple,B,0.95,0.7616728219115686,504.035931699785,0.1,1,0,0.48,0.0
752,linucb_frozen,hard,C,0.75,0.31672805735270687,510.75927374783896,0.35,0,0,0.48,0.0
753,linucb_frozen,hard,D,0.55,0.9814719999999999,805.680196685888,0.22,0,0,0.46,0.0
754,linucb_frozen,simple,B,0.95,0.8190587012937205,545.7960056940607,0.1,1,0,0.48,0.0
755,linucb_frozen,hard,D,0.55,1.0,754.3335775835028,0.22,0,0,0.46,0.0
756,linucb_frozen,hard,D,0.55,1.0,885.237869469545,0.22,1,0,0.46,0.0
757,linucb_frozen,hard,D,0.55,1.0,798.8914915287447,0.22,1,0,0.46,0.0
758,linucb_frozen,hard,D,0.55,1.0,910.233557633972,0.22,1,0,0.48,0.0
759,linucb_frozen,hard,D,0.55,1.0,685.9977411997536,0.22,1,0,0.5,0.0
760,linucb_frozen,simple,B,0.95,0.6803742081967994,505.53071760946875,0.1,1,0,0.5,0.0
761,linucb_frozen,hard,D,0.55,1.0,843.8100775669843,0.22,1,0,0.5,0.0
762,linucb_frozen,simple,B,0.95,0.8268817868276015,669.0146348747832,0.1,1,0,0.5,0.0
763,linucb_frozen,hard,D,0.55,1.0,821.4752950998036,0.22,0,0,0.5,0.0
764,linucb_frozen,hard,D,0.55,1.0,839.0604140883379,0.22,1,0,0.52,0.0
765,linucb_frozen,simple,B,0.95,0.8634967850329791,639.2498642535786,0.1,1,0,0.54,0.0
766,linucb_frozen,hard,D,0.55,1.0,794.8257667100818,0.22,1,0,0.56,0.0
767,linucb_frozen,hard,D,0.55,1.0,797.2538290856006,0.22,1,0,0.56,0.0
768,linucb_frozen,hard,D,0.55,1.0,697.847844138781,0.22,0,0,0.56,0.0
769,linucb_frozen,simple,B,0.95,0.8178350153591951,580.3241686768354,0.1,1,0,0.58,0.0
770,linucb_frozen,hard,D,0.55,1.0,842.0545154001662,0.22,1,0,0.6,0.0
771,linucb_frozen,hard,D,0.55,1.0,940.3141252995479,0.22,1,0,0.6,0.0
772,linucb_frozen,hard,D,0.55,1.0,1021.093816817062,0.22,1,0,0.6,0.0
773,linucb_frozen,hard,D,0.55,1.0,888.1163028112081,0.22,1,0,0.6,0.0
774,linucb_frozen,hard,D,0.55,1.0,832.5690330878423,0.22,1,0,0.6,0.0
775,linucb_frozen,hard,D,0.55,1.0,1003.1599333183088,0.22,1,0,0.62,0.0
776,linucb_frozen,simple,B,0.95,0.6342292126341218,485.5813534051908,0.1,1,0,0.62,0.0
777,linucb_frozen,simple,B,0.95,0.8581217071180272,553.11250676344,0.1,0,0,0.6,0.0
778,linucb_frozen,hard,D,0.55,0.9814719999999999,755.9822969267835,0.22,1,0,0.6,0.0
779,linucb_frozen,hard,D,0.55,1.0,931.1749447458982,0.22,1,0,0.62,0.0
780,linucb_frozen,simple,B,0.95,0.8847859159931362,696.3278350107503,0.1,1,0,0.64,0.0
781,linucb_frozen,hard,D,0.55,1.0,796.1470204672005,0.22,0,0,0.62,0.0
782,linucb_frozen,simple,B,0.95,0.9851782133450846,670.4995219966778,0.1,1,0,0.62,0.0
783,linucb_frozen,hard,D,0.55,1.0,885.800747115674,0.22,1,0,0.64,0.0
784,linucb_frozen,hard,D,0.55,1.0,894.5946133248981,0.22,1,0,0.66,0.0
785,linucb_frozen,simple,B,0.95,0.9713713674047015,675.3481044150122,0.1,1,0,0.66,0.0
786,linucb_frozen,simple,B,0.95,1.0,692.8818659948256,0.1,1,0,0.68,0.0
787,linucb_frozen,hard,D,0.55,0.9814719999999999,853.2491272107262,0.22,0,0,0.66,0.0
788,linucb_frozen,hard,D,0.55,1.0,874.5489554414056,0.22,0,0,0.64,0.0
789,linucb_frozen,hard,D,0.55,1.0,850.1572003271077,0.22,0,0,0.64,0.0
790,linucb_frozen,simple,B,0.95,0.8996953599999999,594.2155993877302,0.1,0,0,0.64,0.0
791,linucb_frozen,hard,D,0.55,1.0,792.9315850260535,0.22,1,0,0.64,0.0
792,linucb_frozen,simple,B,0.95,0.9967240867839999,644.1483427209624,0.1,1,0,0.66,0.0
793,linucb_frozen,simple,B,0.95,1.0,731.4134297689936,0.1,1,0,0.68,0.0
794,linucb_frozen,hard,D,0.55,0.9814719999999999,640.9852157912339,0.22,0,0,0.68,0.0
795,linucb_frozen,simple,B,0.95,1.0,722.5830455529795,0.1,1,0,0.7,0.0
796,linucb_frozen,hard,D,0.55,1.0,687.4871550493335,0.22,0,0,0.68,0.0
797,linucb_frozen,simple,B,0.95,1.0,699.8674362955225,0.1,0,0,0.68,0.0
798,linucb_frozen,hard,D,0.55,1.0,885.4135513523803,0.22,1,0,0.68,0.0
799,linucb_frozen,simple,B,0.95,1.0,697.7070163253512,0.1,1,0,0.7,0.0
800,linucb_frozen,hard,D,0.55,1.0,824.2005409038159,0.22,0,0,0.7,0.0
801,linucb_frozen,hard,D,0.55,1.0,1032.012823842295,0.22,0,0,0.68,0.0
802,linucb_frozen,hard,D,0.55,1.0,988.4249955758172,0.22,0,0,0.68,0.0
803,linucb_frozen,simple,B,0.95,0.8996953599999999,592.0396094896402,0.1,1,0,0.7,0.0
804,linucb_frozen,hard,D,0.55,1.0,792.9217764485501,0.22,1,0,0.7,0.0
805,linucb_frozen,hard,D,0.55,1.0,874.2429120090408,0.22,0,0,0.7,0.0
806,linucb_frozen,hard,D,0.55,1.0,802.2112480330915,0.22,1,0,0.7,0.0
807,linucb_frozen,hard,D,0.55,1.0,857.4467892582841,0.22,1,0,0.7,0.0
808,linucb_frozen,hard,D,0.55,1.0,861.9008453902434,0.22,1,0,0.7,0.0
809,linucb_frozen,hard,D,0.55,1.0,889.7925995452283,0.22,0,0,0.68,0.0
810,linucb_frozen,hard,D,0.55,1.0,790.7510197113419,0.22,0,0,0.66,0.0
811,linucb_frozen,hard,D,0.55,1.0,829.0096882541548,0.22,1,0,0.66,0.0
812,linucb_frozen,hard,D,0.55,1.0,883.1159163134467,0.22,0,0,0.64,0.0
813,linucb_frozen,hard,D,0.55,1.0,796.7354578026485,0.22,0,0,0.64,0.0
814,linucb_frozen,hard,D,0.55,1.0,789.336908497776,0.22,1,0,0.64,0.0
815,linucb_frozen,hard,D,0.55,1.0,792.273041345311,0.22,0,0,0.62,0.0
816,linucb_frozen,simple,B,0.95,0.470753737597171,438.19587537298855,0.1,1,0,0.62,0.0
817,linucb_frozen,hard,D,0.55,1.0,873.9134050846058,0.22,0,0,0.6,0.0
818,linucb_frozen,simple,B,0.95,0.6645516943952492,482.1372348230244,0.1,1,0,0.62,0.0
819,linucb_frozen,simple,B,0.95,0.8848054910678194,551.0060089469092,0.1,1,0,0.62,0.0
820,linucb_frozen,simple,B,0.95,1.0,690.0645231576038,0.1,1,0,0.62,0.0
821,linucb_frozen,hard,D,0.55,0.8996953599999999,785.8987134686982,0.22,0,0,0.6,0.0
822,linucb_frozen,hard,C,0.75,0.3000411598314413,603.2819917174014,0.35,0,0,0.58,0.0
823,linucb_frozen,simple,B,0.95,0.9814719999999999,542.4223871295991,0.1,1,0,0.58,0.0
824,linucb_frozen,simple,B,0.95,1.0,698.1041419916344,0.1,1,0,0.58,0.0
825,linucb_frozen,hard,D,0.55,0.8395431328055296,662.197465305534,0.22,1,0,0.58,0.0
826,linucb_frozen,hard,D,0.55,1.0,826.6939754388973,0.22,1,0,0.58,0.0
827,linucb_frozen,hard,D,0.55,1.0,782.2868516508294,0.22,1,0,0.6,0.0
828,linucb_frozen,hard,D,0.55,1.0,935.0784790472708,0.22,0,0,0.58,0.0
829,linucb_frozen,simple,B,0.95,0.8277319167999999,549.5515133957565,0.1,1,0,0.58,0.0
830,linucb_frozen,simple,B,0.95,1.0,629.3638599059245,0.1,1,0,0.58,0.0
831,linucb_frozen,hard,D,0.55,0.9814719999999999,752.5210508593611,0.22,1,0,0.6,0.0
832,linucb_frozen,hard,D,0.55,1.0,831.5617193337512,0.22,1,0,0.6,0.0
833,linucb_frozen,hard,D,0.55,1.0,842.1546015031956,0.22,0,0,0.58,0.0
834,linucb_frozen,simple,B,0.95,0.8996953599999999,553.8682389750278,0.1,1,0,0.58,0.0
835,linucb_frozen,hard,D,0.55,1.0,676.2265130975594,0.22,1,0,0.58,0.0
836,linucb_frozen,hard,D,0.55,1.0,924.7481297230377,0.22,0,0,0.56,0.0
837,linucb_frozen,hard,D,0.55,1.0,804.9388802215547,0.22,0,0,0.56,0.0
838,linucb_frozen,hard,D,0.55,1.0,832.4375307111322,0.22,1,0,0.58,0.0
839,linucb_frozen,simple,B,0.95,0.774797956868866,598.4091539821817,0.1,0,0,0.58,0.0
840,linucb_frozen,hard,D,0.55,1.0,819.5828791902159,0.22,1,0,0.6,0.0
841,linucb_frozen,hard,D,0.55,1.0,882.8195801229898,0.22,0,0,0.58,0.0
842,linucb_frozen,hard,D,0.55,1.0,805.0834768707823,0.22,0,0,0.56,0.0
843,linucb_frozen,simple,B,0.95,0.7646427396717391,548.4195399863039,0.1,1,0,0.56,0.0
844,linucb_frozen,simple,B,0.95,0.9728856109111303,548.2600235570685,0.1,1,0,0.58,0.0
845,linucb_frozen,simple,B,0.95,1.0,759.1204779515533,0.1,1,0,0.58,0.0
846,linucb_frozen,hard,D,0.55,0.8996953599999999,728.9315538532834,0.22,0,0,0.58,0.0
847,linucb_frozen,hard,C,0.75,0.31228139329682386,571.9522796110282,0.35,0,0,0.58,0.0
848,linucb_frozen,simple,B,0.95,0.9814719999999999,736.7365914599332,0.1,1,0,0.58,0.0
849,linucb_frozen,simple,B,0.95,1.0,748.4580478348925,0.1,1,0,0.58,0.0
850,linucb_frozen,simple,B,0.95,1.0,669.4220936280124,0.1,1,0,0.6,0.0
851,linucb_frozen,hard,D,0.55,0.774797956868866,665.5604386270637,0.22,0,0,0.6,0.0
852,linucb_frozen,hard,C,0.75,0.46480085826550754,703.3359298289324,0.35,0,0,0.6,0.0
853,linucb_frozen,hard,D,0.55,0.9000035377992499,699.6000797502876,0.22,1,0,0.6,0.0
854,linucb_frozen,simple,B,0.95,0.8996953599999999,689.0138556743841,0.1,0,0,0.58,0.0
855,linucb_frozen,simple,B,0.95,1.0,697.1547167899172,0.1,1,0,0.6,0.0
856,linucb_frozen,simple,B,0.95,1.0,752.4568878606547,0.1,0,0,0.58,0.0
857,linucb_frozen,hard,D,0.55,0.8397279456017948,688.0382653202063,0.22,1,0,0.58,0.0
858,linucb_frozen,hard,D,0.55,1.0,779.2707407510469,0.22,0,0,0.56,0.0
859,linucb_frozen,hard,D,0.55,1.0,854.1642250790376,0.22,0,0,0.56,0.0
860,linucb_frozen,simple,B,0.95,0.8996953599999999,552.144088449513,0.1,1,0,0.58,0.0
861,linucb_frozen,hard,C,0.75,0.447099423496536,590.0319950856788,0.35,0,0,0.56,0.0
862,linucb_frozen,hard,C,0.75,0.6934474926769516,912.7558313509616,0.35,0,0,0.56,0.0
863,linucb_frozen,simple,B,0.95,0.9131171963699201,629.0410237067939,0.1,1,0,0.58,0.0
864,linucb_frozen,hard,D,0.55,0.8277319167999999,671.0639945270627,0.22,0,0,0.56,0.0
865,linucb_frozen,simple,B,0.95,1.0,651.1730621205427,0.1,0,0,0.56,0.0
866,linucb_frozen,hard,D,0.55,0.9409955963699199,771.9236997174127,0.22,1,0,0.56,0.0
867,linucb_frozen,hard,D,0.55,1.0,879.363049082161,0.22,0,0,0.56,0.0
868,linucb_frozen,hard,D,0.55,1.0,797.9855603743953,0.22,0,0,0.54,0.0
869,linucb_frozen,hard,D,0.55,1.0,874.350232569725,0.22,0,0,0.52,0.0
870,linucb_frozen,hard,D,0.55,1.0,833.6724035882964,0.22,1,0,0.52,0.0
871,linucb_frozen,simple,B,0.95,0.764404086784,532.9509518642385,0.1,0,0,0.52,0.0
872,linucb_frozen,hard,D,0.55,1.0,865.3334713465142,0.22,1,0,0.54,0.0
873,linucb_frozen,hard,D,0.55,1.0,863.7239302611656,0.22,0,0,0.52,0.0
874,linucb_frozen,simple,B,0.95,0.8209199818288659,597.8098428418087,0.1,1,0,0.52,0.0
875,linucb_frozen,hard,C,0.75,0.4316098275776107,501.75969572299573,0.35,0,0,0.5,0.0
876,linucb_frozen,hard,C,0.75,0.6798166482682975,782.3502024701861,0.35,0,0,0.48,0.0
877,linucb_frozen,simple,B,0.95,0.859433981856881,551.7447999502498,0.1,1,0,0.48,0.0
878,linucb_frozen,hard,D,0.55,0.8277319167999999,651.2452641672756,0.22,1,0,0.5,0.0
879,linucb_frozen,hard,D,0.55,1.0,905.6432135305852,0.22,1,0,0.5,0.0
880,linucb_frozen,hard,D,0.55,1.0,739.3375848946417,0.22,1,0,0.5,0.0
881,linucb_frozen,hard,D,0.55,1.0,748.7232666943643,0.22,0,0,0.48,0.0
882,linucb_frozen,hard,D,0.55,1.0,878.2250143368012,0.22,0,0,0.46,0.0
883,linucb_frozen,simple,B,0.95,0.6991246534953817,564.5126270225081,0.1,1,0,0.48,0.0
884,linucb_frozen,simple,B,0.95,0.9152296950759358,486.10298072388366,0.1,1,0,0.48,0.0
885,linucb_frozen,hard,D,0.55,0.9814719999999999,735.0205349903059,0.22,0,0,0.46,0.0
886,linucb_frozen,hard,D,0.55,1.0,851.3396234299724,0.22,1,0,0.48,0.0
887,linucb_frozen,hard,D,0.55,1.0,808.0565727409312,0.22,0,0,0.48,0.0
888,linucb_frozen,hard,D,0.55,1.0,953.568197160036,0.22,1,0,0.48,0.0
889,linucb_frozen,hard,D,0.55,1.0,805.8285172037392,0.22,0,0,0.48,0.0
890,linucb_frozen,hard,D,0.55,1.0,754.3241173318744,0.22,1,0,0.48,0.0
891,linucb_frozen,hard,D,0.55,1.0,855.4374592738802,0.22,0,0,0.48,0.0
892,linucb_frozen,hard,C,0.75,0.3879254400124751,524.9627299397332,0.35,1,0,0.5,0.0
893,linucb_frozen,simple,B,0.95,0.5896504128993587,508.268444462125,0.1,1,0,0.5,0.0
894,linucb_frozen,hard,C,0.75,0.6004094607456607,690.7820730755916,0.35,0,0,0.48,0.0
895,linucb_frozen,hard,C,0.75,0.8283603254561813,834.7834424965317,0.35,0,0,0.46,0.0
896,linucb_frozen,hard,C,0.75,1.0,1076.0873618104665,0.35,0,0,0.46,0.0
897,linucb_frozen,hard,D,0.55,0.764404086784,662.6966905235157,0.22,0,0,0.46,0.0
898,linucb_frozen,hard,C,0.75,1.0,916.282245955612,0.35,0,0,0.44,0.0
899,linucb_frozen,hard,C,0.75,1.0,1124.2257525760679,0.35,0,0,0.42,0.0
900,linucb_frozen,simple,B,0.95,0.540975734141415,481.11676037536364,0.1,1,0,0.42,0.0
901,linucb_frozen,hard,D,0.55,0.7584095840094021,735.6334346321315,0.22,1,0,0.44,0.0
902,linucb_frozen,simple,B,0.95,0.7189316085191118,513.8207597739827,0.1,1,0,0.46,0.0
903,linucb_frozen,hard,D,0.55,0.8873123818568809,755.8538160499769,0.22,0,0,0.44,0.0
904,linucb_frozen,hard,D,0.55,1.0,806.1240950189954,0.22,1,0,0.46,0.0
905,linucb_frozen,hard,D,0.55,1.0,847.8441778199409,0.22,0,0,0.44,0.0
906,linucb_frozen,hard,D,0.55,1.0,918.3718195081087,0.22,1,0,0.46,0.0
907,linucb_frozen,simple,B,0.95,0.679403155811898,540.6590258905129,0.1,0,0,0.44,0.0
908,linucb_frozen,hard,D,0.55,1.0,783.3008404901611,0.22,0,0,0.44,0.0
909,linucb_frozen,hard,D,0.55,1.0,925.1584313404383,0.22,0,0,0.44,0.0
910,linucb_frozen,hard,D,0.55,1.0,983.7055505265411,0.22,0,0,0.42,0.0
911,linucb_frozen,simple,B,0.95,0.7074349201097523,554.1206511530763,0.1,1,0,0.44,0.0
912,linucb_frozen,hard,D,0.55,1.0,823.0690904376268,0.22,1,0,0.46,0.0
913,linucb_frozen,simple,B,0.95,0.8478376021329921,536.083925443704,0.1,0,0,0.44,0.0
914,linucb_frozen,hard,D,0.55,1.0,794.1598976354686,0.22,0,0,0.44,0.0
915,linucb_frozen,hard,D,0.55,1.0,833.7711870903844,0.22,0,0,0.44,0.0
916,linucb_frozen,hard,D,0.55,1.0,938.344318000708,0.22,1,0,0.44,0.0
917,linucb_frozen,hard,D,0.55,1.0,895.2384285211214,0.22,0,0,0.44,0.0
918,linucb_frozen,hard,D,0.55,1.0,865.0511736262159,0.22,1,0,0.46,0.0
919,linucb_frozen,simple,B,0.95,0.6937392473597086,470.87445728085055,0.1,1,0,0.48,0.0
920,linucb_frozen,hard,D,0.55,1.0,701.6294518761266,0.22,1,0,0.48,0.0
921,linucb_frozen,simple,B,0.95,0.8372316731553584,622.1517643826102,0.1,0,0,0.48,0.0
922,linucb_frozen,hard,D,0.55,1.0,798.8050550869021,0.22,0,0,0.46,0.0
923,linucb_frozen,simple,B,0.95,0.9483522076915094,616.1881461395213,0.1,1,0,0.48,0.0
924,linucb_frozen,hard,D,0.55,1.0,771.4946655347014,0.22,1,0,0.48,0.0
925,linucb_frozen,hard,D,0.55,1.0,907.2151397212266,0.22,1,0,0.5,0.0
926,linucb_frozen,hard,D,0.55,1.0,793.9011191475884,0.22,0,0,0.5,0.0
927,linucb_frozen,hard,D,0.55,1.0,804.7223397306993,0.22,0,0,0.48,0.0
928,linucb_frozen,simple,B,0.95,0.800475728366552,527.9937432768418,0.1,1,0,0.48,0.0
929,linucb_frozen,hard,D,0.55,1.0,760.1559732420184,0.22,0,0,0.46,0.0
930,linucb_frozen,hard,D,0.55,1.0,835.7367888522492,0.22,0,0,0.44,0.0
931,linucb_frozen,simple,B,0.95,0.845501795561411,519.7164001272948,0.1,1,0,0.46,0.0
932,linucb_frozen,hard,D,0.55,1.0,659.2001613833611,0.22,0,0,0.46,0.0
933,linucb_frozen,hard,D,0.55,1.0,1014.7181346957931,0.22,0,0,0.44,0.0
934,linucb_frozen,hard,D,0.55,1.0,736.6218631385323,0.22,0,0,0.42,0.0
935,linucb_frozen,simple,B,0.95,0.8070435036698467,586.8764909577947,0.1,1,0,0.44,0.0
936,linucb_frozen,hard,C,0.75,0.3088279297710843,589.6065184534269,0.35,1,0,0.44,0.0
937,linucb_frozen,simple,B,0.95,0.9249744892419294,670.3696951864999,0.1,1,0,0.46,0.0
938,linucb_frozen,simple,B,0.95,1.0,762.9491126472494,0.1,1,0,0.46,0.0
939,linucb_frozen,hard,E,0.9,0.3000000000065794,714.2869495381789,0.6,0,0,0.46,0.0
940,linucb_frozen,simple,B,0.95,1.0,701.0649306902022,0.1,0,0,0.44,0.0
941,linucb_frozen,hard,D,0.55,0.70867559636992,560.1844142418175,0.22,0,0,0.44,0.0
942,linucb_frozen,simple,B,0.95,1.0,745.8444646140641,0.1,1,0,0.44,0.0
943,linucb_frozen,simple,B,0.95,1.0,750.4928613909201,0.1,1,0,0.44,0.0
944,linucb_frozen,hard,C,0.75,0.41106518576989937,584.4273855460563,0.35,0,0,0.44,0.0
945,linucb_frozen,hard,D,0.55,0.7249894668882739,626.6593804448895,0.22,0,0,0.44,0.0
946,linucb_frozen,simple,B,0.95,0.9814719999999999,672.5150024571778,0.1,1,0,0.46,0.0
947,linucb_frozen,hard,D,0.55,0.8614318431582793,712.6424807745644,0.22,1,0,0.48,0.0
948,linucb_frozen,simple,B,0.95,1.0,691.1772176118031,0.1,0,0,0.48,0.0
949,linucb_frozen,simple,B,0.95,1.0,724.7897677084229,0.1,1,0,0.5,0.0
950,linucb_frozen,simple,B,0.95,1.0,778.9890157531997,0.1,1,0,0.5,0.0
951,linucb_frozen,simple,B,0.95,1.0,661.3140886817414,0.1,1,0,0.5,0.0
952,linucb_frozen,simple,B,0.95,1.0,742.4924273395314,0.1,1,0,0.5,0.0
953,linucb_frozen,simple,B,0.95,1.0,691.4221006026446,0.1,1,0,0.52,0.0
954,linucb_frozen,hard,D,0.55,0.6520461722347493,609.9840541914634,0.22,0,0,0.5,0.0
955,linucb_frozen,simple,B,0.95,1.0,587.5241513215688,0.1,1,0,0.52,0.0
956,linucb_frozen,hard,C,0.75,0.3886549037330482,580.9856954923666,0.35,0,0,0.5,0.0
957,linucb_frozen,hard,D,0.55,0.7443512090851591,527.7956080622657,0.22,0,0,0.5,0.0
958,linucb_frozen,hard,D,0.55,0.9550290639949399,751.3696110525201,0.22,1,0,0.52,0.0
959,linucb_frozen,hard,D,0.55,1.0,790.0712199339326,0.22,0,0,0.52,0.0
960,linucb_frozen,hard,D,0.55,1.0,893.0746320715172,0.22,1,0,0.54,0.0
961,linucb_frozen,hard,D,0.55,1.0,873.2709000274469,0.22,0,0,0.52,0.0
962,linucb_frozen,simple,B,0.95,0.70867559636992,552.2202798705133,0.1,1,0,0.52,0.0
963,linucb_frozen,simple,B,0.95,0.9236345248055295,584.7470156379238,0.1,1,0,0.54,0.0
964,linucb_frozen,hard,C,0.75,0.43977372161737366,598.64268956403,0.35,0,0,0.54,0.0
965,linucb_frozen,hard,C,0.75,0.6870008750232888,727.3481051668357,0.35,0,0,0.54,0.0
966,linucb_frozen,hard,C,0.75,0.9045607700204941,1026.387879307912,0.35,0,0,0.52,0.0
967,linucb_frozen,simple,B,0.95,0.8538993388616809,608.7448589989225,0.1,1,0,0.54,0.0
968,linucb_frozen,hard,D,0.55,0.70867559636992,651.9695685536341,0.22,0,0,0.52,0.0
969,linucb_frozen,simple,B,0.95,0.9612596480144857,595.3594433055305,0.1,1,0,0.52,0.0
970,linucb_frozen,hard,E,0.9,0.3057027468249115,687.9268279196123,0.6,0,0,0.5,0.0
971,linucb_frozen,hard,D,0.55,0.7829425760094022,642.3392065384153,0.22,1,0,0.52,0.0
972,linucb_frozen,simple,B,0.95,0.9550715348517276,594.0192011141166,0.1,1,0,0.54,0.0
973,linucb_frozen,simple,B,0.95,1.0,741.0817949472519,0.1,0,0,0.52,0.0
974,linucb_frozen,hard,D,0.55,0.8335534431582794,720.3418540440475,0.22,1,0,0.52,0.0
975,linucb_frozen,hard,D,0.55,1.0,805.3885483756604,0.22,1,0,0.52,0.0
976,linucb_frozen,hard,D,0.55,1.0,781.4337480689389,0.22,0,0,0.52,0.0
977,linucb_frozen,simple,B,0.95,0.8996953599999999,566.4797495730462,0.1,1,0,0.54,0.0
978,linucb_frozen,hard,D,0.55,1.0,806.5197018248,0.22,0,0,0.52,0.0
979,linucb_frozen,hard,D,0.55,1.0,991.5993551579519,0.22,1,0,0.54,0.0
980,linucb_frozen,hard,D,0.55,1.0,821.6201004808324,0.22,1,0,0.56,0.0
981,linucb_frozen,simple,B,0.95,0.8395431328055296,611.249519792633,0.1,1,0,0.56,0.0
982,linucb_frozen,hard,D,0.55,1.0,770.037975292561,0.22,1,0,0.58,0.0
983,linucb_frozen,hard,D,0.55,1.0,849.4766323249613,0.22,0,0,0.58,0.0
984,linucb_frozen,hard,D,0.55,1.0,848.9974794424571,0.22,1,0,0.6,0.0
985,linucb_frozen,simple,B,0.95,0.8034701212633399,556.1412050054198,0.1,1,0,0.6,0.0
986,linucb_frozen,simple,B,0.95,1.0,606.6602801793096,0.1,1,0,0.6,0.0
987,linucb_frozen,hard,D,0.55,0.9814719999999999,801.773496906198,0.22,1,0,0.6,0.0
988,linucb_frozen,simple,B,0.95,1.0,671.7296888917875,0.1,0,0,0.58,0.0
989,linucb_frozen,hard,D,0.55,1.0,753.3746586705693,0.22,0,0,0.58,0.0
990,linucb_frozen,hard,D,0.55,1.0,769.0402917090405,0.22,0,0,0.58,0.0
991,linucb_frozen,hard,D,0.55,1.0,950.1123896671611,0.22,1,0,0.6,0.0
992,linucb_frozen,hard,D,0.55,1.0,879.9951400870858,0.22,0,0,0.58,0.0
993,linucb_frozen,hard,D,0.55,1.0,858.491411349852,0.22,0,0,0.56,0.0
994,linucb_frozen,simple,B,0.95,0.764404086784,652.9709469861422,0.1,0,0,0.56,0.0
995,linucb_frozen,hard,C,0.75,0.32220420566055763,648.2382005590548,0.35,0,0,0.56,0.0
996,linucb_frozen,hard,D,0.55,0.9814719999999999,759.3021555889648,0.22,0,0,0.54,0.0
997,linucb_frozen,hard,D,0.55,1.0,817.9377373425548,0.22,0,0,0.52,0.0
998,linucb_frozen,simple,B,0.95,0.7584095840094021,487.5339152358342,0.1,1,0,0.54,0.0
999,linucb_frozen,simple,B,0.95,0.9674004339282738,649.5085110828617,0.1,1,0,0.54,0.0
1000,linucb_frozen,hard,C,0.75,0.4700374430542675,596.1946007176668,0.35,0,0,0.52,0.0
1001,linucb_frozen,hard,C,0.75,0.7136329498877554,776.9565402974339,0.35,0,0,0.5,0.0
1002,linucb_frozen,hard,C,0.75,0.9279969959012246,950.2008175377587,0.35,0,0,0.48,0.0
1003,linucb_frozen,simple,B,0.95,0.8801455514887724,624.4731654347652,0.1,0,0,0.46,0.0
1004,linucb_frozen,hard,D,0.55,0.70867559636992,635.3349575006878,0.22,1,0,0.48,0.0
1005,linucb_frozen,hard,D,0.55,0.9236345248055295,739.3193080916465,0.22,0,0,0.46,0.0
1006,linucb_frozen,hard,D,0.55,1.0,753.0281415726824,0.22,1,0,0.48,0.0
1007,linucb_frozen,hard,D,0.55,1.0,844.6718047041406,0.22,0,0,0.48,0.0
1008,linucb_frozen,simple,B,0.95,0.764480898950163,623.4234321203837,0.1,1,0,0.48,0.0
1009,linucb_frozen,hard,D,0.55,1.0,737.5730576301858,0.22,0,0,0.48,0.0
1010,linucb_frozen,hard,D,0.55,1.0,800.0309559906872,0.22,0,0,0.46,0.0
1011,linucb_frozen,hard,D,0.55,1.0,864.1885997847468,0.22,0,0,0.46,0.0
1012,linucb_frozen,hard,D,0.55,1.0,972.1114546024714,0.22,0,0,0.44,0.0
1013,linucb_frozen,hard,D,0.55,1.0,934.0850842453478,0.22,1,0,0.44,0.0
1014,linucb_frozen,simple,B,0.95,0.6550280537407618,455.43038724264875,0.1,1,0,0.46,0.0
1015,linucb_frozen,hard,E,0.9,0.30097055374064063,819.8949648585832,0.6,0,0,0.46,0.0
1016,linucb_frozen,hard,C,0.75,0.45499010783560223,630.668614049746,0.35,1,0,0.48,0.0
1017,linucb_frozen,hard,D,0.55,0.8996953599999999,808.5746829662464,0.22,1,0,0.48,0.0
1018,linucb_frozen,hard,D,0.55,1.0,842.8186394243678,0.22,1,0,0.5,0.0
1019,linucb_frozen,simple,B,0.95,0.6456792103583856,514.7893590803537,0.1,1,0,0.5,0.0
1020,linucb_frozen,hard,D,0.55,1.0,696.4505887451401,0.22,0,0,0.5,0.0
1021,linucb_frozen,hard,D,0.55,1.0,757.2492222751306,0.22,1,0,0.5,0.0
1022,linucb_frozen,simple,B,0.95,0.7400123028413499,567.7237912594919,0.1,1,0,0.5,0.0
1023,linucb_frozen,hard,D,0.55,1.0,883.3891349694977,0.22,1,0,0.52,0.0
1024,linucb_frozen,hard,D,0.55,1.0,827.9902601785321,0.22,0,0,0.5,0.0
1025,linucb_frozen,simple,B,0.95,0.8042976640419004,552.5916686511412,0.1,1,0,0.5,0.0
1026,linucb_frozen,hard,D,0.55,1.0,811.7358138580734,0.22,1,0,0.52,0.0
1027,linucb_frozen,simple,B,0.95,0.9228481110340476,613.552583231292,0.1,0,0,0.5,0.0
1028,linucb_frozen,hard,D,0.55,1.0,845.2416299409192,0.22,0,0,0.5,0.0
1029,linucb_frozen,hard,D,0.55,1.0,668.4469542028602,0.22,0,0,0.48,0.0
1030,linucb_frozen,hard,D,0.55,1.0,830.4259200471784,0.22,0,0,0.46,0.0
1031,linucb_frozen,hard,C,0.75,0.3668716496350263,539.692913058982,0.35,0,0,0.44,0.0
1032,linucb_frozen,hard,D,0.55,1.0,766.6891826346478,0.22,0,0,0.42,0.0
1033,linucb_frozen,hard,D,0.55,1.0,891.3223694936055,0.22,0,0,0.42,0.0
1034,linucb_frozen,hard,C,0.75,0.5500127568200806,789.9423638206013,0.35,0,0,0.4,0.0
1035,linucb_frozen,simple,B,0.95,0.6318880418794104,469.7070113946765,0.1,1,0,0.4,0.0
1036,linucb_frozen,hard,C,0.75,0.7259298788814703,922.8472043683979,0.35,0,0,0.38,0.0
1037,linucb_frozen,hard,C,0.75,0.9388182934156939,846.3864761447164,0.35,0,0,0.36,0.0
1038,linucb_frozen,hard,C,0.75,1.0,1066.9275832498226,0.35,0,0,0.36,0.0
1039,linucb_frozen,hard,C,0.75,1.0,1347.523573300144,0.35,0,0,0.36,0.0
1040,linucb_frozen,simple,B,0.95,0.6334674875440199,433.48460067876886,0.1,1,0,0.38,0.0
1041,linucb_frozen,hard,D,0.55,0.6596345248055295,629.5033434629474,0.22,1,0,0.38,0.0
1042,linucb_frozen,simple,B,0.95,0.7905572223540891,537.4116944385903,0.1,0,0,0.38,0.0
1043,linucb_frozen,hard,D,0.55,0.8108209760094021,629.7116269015215,0.22,0,0,0.38,0.0
1044,linucb_frozen,simple,B,0.95,0.9122075129910066,612.8671161800256,0.1,1,0,0.4,0.0
1045,linucb_frozen,hard,D,0.55,0.927899763821681,718.8398949763309,0.22,0,0,0.4,0.0
1046,linucb_frozen,hard,D,0.55,1.0,793.7855748026137,0.22,1,0,0.42,0.0
1047,linucb_frozen,hard,D,0.55,1.0,839.465296497006,0.22,1,0,0.44,0.0
1048,linucb_frozen,simple,B,0.95,0.8470466128978464,594.0961263225922,0.1,1,0,0.44,0.0
1049,linucb_frozen,hard,D,0.55,1.0,719.3700636339496,0.22,0,0,0.42,0.0
1050,linucb_frozen,simple,B,0.95,0.9559528970280922,547.0227953863011,0.1,1,0,0.44,0.0
1051,linucb_frozen,simple,B,0.95,1.0,632.8269442946178,0.1,1,0,0.46,0.0
1052,linucb_frozen,hard,D,0.55,0.9814719999999999,814.9138916007141,0.22,1,0,0.48,0.0
1053,linucb_frozen,hard,D,0.55,1.0,865.9501973196789,0.22,1,0,0.5,0.0
1054,linucb_frozen,simple,B,0.95,0.9814719999999999,657.6310010245927,0.1,0,0,0.48,0.0
1055,linucb_frozen,hard,D,0.55,1.0,796.2329430471453,0.22,0,0,0.48,0.0
1056,linucb_frozen,hard,D,0.55,1.0,844.0204905111209,0.22,1,0,0.48,0.0
1057,linucb_frozen,hard,D,0.55,1.0,699.0206862920821,0.22,0,0,0.48,0.0
1058,linucb_frozen,hard,D,0.55,1.0,848.8658596636843,0.22,0,0,0.46,0.0
1059,linucb_frozen,hard,D,0.55,1.0,749.8332125141173,0.22,1,0,0.48,0.0
1060,linucb_frozen,simple,B,0.95,0.755799607864066,497.21652792767645,0.1,1,0,0.5,0.0
1061,linucb_frozen,hard,D,0.55,1.0,793.4831704244023,0.22,0,0,0.5,0.0
1062,linucb_frozen,hard,D,0.55,1.0,903.821184988577,0.22,0,0,0.5,0.0
1063,linucb_frozen,hard,D,0.55,1.0,805.5822824973126,0.22,1,0,0.5,0.0
1064,linucb_frozen,hard,D,0.55,1.0,887.4415841060569,0.22,0,0,0.48,0.0
1065,linucb_frozen,hard,D,0.55,1.0,848.1908647181581,0.22,1,0,0.5,0.0
1066,linucb_frozen,hard,D,0.55,1.0,848.635786710134,0.22,0,0,0.48,0.0
1067,linucb_frozen,hard,D,0.55,1.0,857.195176316879,0.22,1,0,0.48,0.0
1068,linucb_frozen,hard,D,0.55,1.0,777.7367236553255,0.22,0,0,0.46,0.0
1069,linucb_frozen,simple,B,0.95,0.539194236883711,485.6159490234672,0.1,1,0,0.46,0.0
1070,linucb_frozen,hard,D,0.55,1.0,808.3626961013422,0.22,1,0,0.48,0.0
1071,linucb_frozen,hard,D,0.55,1.0,799.9936502186913,0.22,0,0,0.46,0.0
1072,linucb_frozen,hard,D,0.55,1.0,835.4853640760325,0.22,1,0,0.46,0.0
1073,linucb_frozen,hard,D,0.55,1.0,998.6197259327263,0.22,1,0,0.46,0.0
1074,linucb_frozen,simple,B,0.95,0.584550008158154,474.0239092846683,0.1,1,0,0.48,0.0
1075,linucb_frozen,simple,B,0.95,0.8144040071791756,609.4760801308444,0.1,1,0,0.48,0.0
1076,linucb_frozen,hard,D,0.55,0.9814719999999999,806.9199425493111,0.22,0,0,0.46,0.0
1077,linucb_frozen,simple,B,0.95,0.9306744631595536,648.9112558296813,0.1,1,0,0.48,0.0
1078,linucb_frozen,simple,B,0.95,1.0,638.5957508883454,0.1,1,0,0.5,0.0
1079,linucb_frozen,hard,D,0.55,0.9688456867839998,736.401452854862,0.22,0,0,0.5,0.0
1080,linucb_frozen,hard,D,0.55,1.0,885.8184965480395,0.22,1,0,0.52,0.0
1081,linucb_frozen,hard,D,0.55,1.0,803.7842972233661,0.22,0,0,0.52,0.0
1082,linucb_frozen,hard,D,0.55,1.0,945.7424850347533,0.22,0,0,0.52,0.0
1083,linucb_frozen,hard,D,0.55,1.0,1011.7589076991089,0.22,1,0,0.54,0.0
1084,linucb_frozen,hard,D,0.55,1.0,890.0759019942209,0.22,0,0,0.54,0.0
1085,linucb_frozen,hard,D,0.55,1.0,826.8682652929659,0.22,0,0,0.52,0.0
1086,linucb_frozen,hard,D,0.55,1.0,806.4317590855397,0.22,1,0,0.54,0.0
1087,linucb_frozen,hard,D,0.55,1.0,912.3621649099045,0.22,0,0,0.54,0.0
1088,linucb_frozen,hard,D,0.55,1.0,959.0697571154092,0.22,1,0,0.56,0.0
1089,linucb_frozen,hard,D,0.55,1.0,897.2663482494124,0.22,1,0,0.58,0.0
1090,linucb_frozen,simple,B,0.95,0.515671155821681,456.5546857279717,0.1,1,0,0.58,0.0
1091,linucb_frozen,hard,D,0.55,1.0,834.5568169138463,0.22,0,0,0.56,0.0
1092,linucb_frozen,simple,B,0.95,0.6993357430683098,513.8641187019906,0.1,1,0,0.58,0.0
1093,linucb_frozen,hard,D,0.55,1.0,809.7621387415073,0.22,1,0,0.6,0.0
1094,linucb_frozen,hard,D,0.55,1.0,858.6341147313917,0.22,0,0,0.58,0.0
1095,linucb_frozen,simple,B,0.95,0.7765777275002472,497.6939456140728,0.1,1,0,0.6,0.0
1096,linucb_frozen,simple,B,0.95,0.9833884002002176,607.4320109574904,0.1,1,0,0.6,0.0
1097,linucb_frozen,hard,D,0.55,0.9814719999999999,684.7249575057357,0.22,1,0,0.6,0.0
1098,linucb_frozen,hard,D,0.55,1.0,799.4200450282008,0.22,1,0,0.6,0.0
1099,linucb_frozen,hard,D,0.55,1.0,740.5152698077769,0.22,0,0,0.6,0.0
1100,linucb_frozen,hard,D,0.55,1.0,702.6396095217358,0.22,1,0,0.6,0.0
1101,linucb_frozen,hard,D,0.55,1.0,960.5931173428663,0.22,0,0,0.58,0.0
1102,linucb_frozen,hard,D,0.55,1.0,841.1256595937183,0.22,1,0,0.58,0.0
1103,linucb_frozen,hard,D,0.55,1.0,967.1729216494579,0.22,0,0,0.56,0.0
1104,linucb_frozen,simple,B,0.95,0.6536604200052751,509.13443506015733,0.1,1,0,0.58,0.0
1105,linucb_frozen,simple,B,0.95,0.8752211696046421,633.0015536981656,0.1,0,0,0.58,0.0
1106,linucb_frozen,simple,B,0.95,1.0,679.5040004033207,0.1,1,0,0.58,0.0
1107,linucb_frozen,simple,B,0.95,1.0,676.2522032714568,0.1,1,0,0.6,0.0
1108,linucb_frozen,hard,D,0.55,0.8277319167999999,676.0669607128544,0.22,1,0,0.62,0.0
1109,linucb_frozen,hard,D,0.55,1.0,894.9368553785121,0.22,0,0,0.6,0.0
1110,linucb_frozen,hard,D,0.55,1.0,874.4362664877987,0.22,1,0,0.6,0.0
1111,linucb_frozen,hard,D,0.55,1.0,982.9142982899441,0.22,1,0,0.62,0.0
1112,linucb_frozen,hard,D,0.55,1.0,897.4594874165113,0.22,0,0,0.62,0.0
1113,linucb_frozen,hard,D,0.55,1.0,809.7300660392524,0.22,0,0,0.6,0.0
1114,linucb_frozen,hard,D,0.55,1.0,757.4066057449725,0.22,0,0,0.6,0.0
1115,linucb_frozen,simple,B,0.95,0.6596345248055295,518.6189386279887,0.1,1,0,0.6,0.0
1116,linucb_frozen,hard,D,0.55,1.0,659.664577824467,0.22,1,0,0.62,0.0
1117,linucb_frozen,simple,B,0.95,0.8108209760094021,636.7520460434318,0.1,1,0,0.62,0.0
1118,linucb_frozen,hard,D,0.55,1.0,767.4899949862114,0.22,1,0,0.64,0.0
1119,linucb_frozen,simple,B,0.95,0.927899763821681,571.4692904176509,0.1,1,0,0.64,0.0
1120,linucb_frozen,simple,B,0.95,1.0,788.0878761848422,0.1,1,0,0.64,0.0
1121,linucb_frozen,simple,B,0.95,1.0,622.4697852974651,0.1,1,0,0.66,0.0
1122,linucb_frozen,simple,B,0.95,1.0,670.0219011018618,0.1,1,0,0.66,0.0
1123,linucb_frozen,hard,D,0.55,0.8277319167999999,718.8175384064441,0.22,1,0,0.66,0.0
1124,linucb_frozen,hard,D,0.55,1.0,761.5168988648254,0.22,0,0,0.64,0.0
1125,linucb_frozen,hard,D,0.55,1.0,822.9118192682815,0.22,0,0,0.62,0.0
1126,linucb_frozen,simple,B,0.95,0.8996953599999999,617.612502331338,0.1,1,0,0.64,0.0
1127,linucb_frozen,simple,B,0.95,1.0,666.0728108333285,0.1,1,0,0.64,0.0
1128,linucb_frozen,hard,D,0.55,0.9814719999999999,711.196509798004,0.22,0,0,0.62,0.0
1129,linucb_frozen,hard,D,0.55,1.0,881.5714790710881,0.22,0,0,0.62,0.0
1130,linucb_frozen,simple,B,0.95,0.9814719999999999,641.136464720303,0.1,1,0,0.62,0.0
1131,linucb_frozen,hard,D,0.55,1.0,931.2245684748686,0.22,0,0,0.62,0.0
1132,linucb_frozen,hard,D,0.55,1.0,909.7911815023232,0.22,0,0,0.62,0.0
1133,linucb_frozen,hard,D,0.55,1.0,915.80247147096,0.22,1,0,0.62,0.0
1134,linucb_frozen,simple,B,0.95,0.8885842043699199,625.2470341883009,0.1,1,0,0.64,0.0
1135,linucb_frozen,hard,D,0.55,1.0,837.8705373013362,0.22,0,0,0.64,0.0
1136,linucb_frozen,hard,D,0.55,1.0,833.8212879095503,0.22,0,0,0.62,0.0
1137,linucb_frozen,hard,D,0.55,1.0,816.3257591980707,0.22,0,0,0.62,0.0
1138,linucb_frozen,hard,D,0.55,1.0,783.5942228636947,0.22,1,0,0.62,0.0
1139,linucb_frozen,hard,D,0.55,1.0,875.7030080914885,0.22,0,0,0.6,0.0
1140,linucb_frozen,simple,B,0.95,0.7126621359611,459.1494279656675,0.1,1,0,0.6,0.0
1141,linucb_frozen,hard,C,0.75,0.300002173864945,589.2924786850969,0.35,0,0,0.6,0.0
1142,linucb_frozen,hard,E,0.9,0.30000002678078913,771.1473732321853,0.6,0,0,0.58,0.0
1143,linucb_frozen,hard,D,0.55,0.8996953599999999,710.4413916573519,0.22,0,0,0.56,0.0
1144,linucb_frozen,hard,D,0.55,1.0,840.130786456496,0.22,1,0,0.58,0.0
1145,linucb_frozen,simple,B,0.95,0.6760945550415335,502.85134888528387,0.1,1,0,0.58,0.0
1146,linucb_frozen,simple,B,0.95,0.8949632084365495,649.5120709831434,0.1,0,0,0.56,0.0
1147,linucb_frozen,hard,D,0.55,0.9814719999999999,685.9364093646301,0.22,1,0,0.56,0.0
1148,linucb_frozen,hard,D,0.55,1.0,752.3867420590475,0.22,0,0,0.54,0.0
1149,linucb_frozen,hard,D,0.55,1.0,870.495944231122,0.22,1,0,0.56,0.0
1150,linucb_frozen,hard,D,0.55,1.0,998.2574044025149,0.22,1,0,0.56,0.0
1151,linucb_frozen,hard,D,0.55,1.0,818.2233670196439,0.22,1,0,0.58,0.0
1152,linucb_frozen,hard,D,0.55,1.0,978.9478523214997,0.22,0,0,0.56,0.0
1153,linucb_frozen,hard,D,0.55,1.0,847.92913514484,0.22,0,0,0.56,0.0
1154,linucb_frozen,hard,D,0.55,1.0,792.889081287408,0.22,1,0,0.56,0.0
1155,linucb_frozen,hard,D,0.55,1.0,832.6910115921147,0.22,0,0,0.56,0.0
1156,linucb_frozen,hard,D,0.55,1.0,838.2057690448419,0.22,1,0,0.56,0.0
1157,linucb_frozen,hard,D,0.55,1.0,878.0068900664204,0.22,0,0,0.54,0.0
1158,linucb_frozen,simple,B,0.95,0.49301774958139066,434.8597722361495,0.1,1,0,0.54,0.0
1159,linucb_frozen,hard,D,0.55,1.0,808.7849362484218,0.22,0,0,0.54,0.0
1160,linucb_frozen,hard,D,0.55,1.0,825.6674952293125,0.22,0,0,0.52,0.0
1161,linucb_frozen,hard,D,0.55,1.0,878.0496193740679,0.22,0,0,0.5,0.0
1162,linucb_frozen,hard,D,0.55,1.0,955.4250648917508,0.22,0,0,0.5,0.0
1163,linucb_frozen,hard,C,0.75,0.3180195187904121,565.1691493017871,0.35,1,0,0.52,0.0
1164,linucb_frozen,hard,E,0.9,0.31801938982660233,782.2195847227204,0.6,0,0,0.52,0.0
1165,linucb_frozen,hard,E,0.9,0.57985706304741,1086.5304200753199,0.6,0,0,0.5,0.0
1166,linucb_frozen,hard,D,0.55,0.8996953599999999,681.6454094908738,0.22,0,0,0.48,0.0
1167,linucb_frozen,hard,D,0.55,1.0,915.8830847197155,0.22,1,0,0.48,0.0
1168,linucb_frozen,hard,D,0.55,1.0,886.186741568457,0.22,1,0,0.48,0.0
1169,linucb_frozen,hard,D,0.55,1.0,813.302175850291,0.22,1,0,0.48,0.0
1170,linucb_frozen,hard,D,0.55,1.0,827.1484741486796,0.22,1,0,0.48,0.0
1171,linucb_frozen,hard,D,0.55,1.0,991.0047044779874,0.22,0,0,0.46,0.0
1172,linucb_frozen,hard,D,0.55,1.0,923.7667274645326,0.22,0,0,0.44,0.0
1173,linucb_frozen,hard,D,0.55,1.0,733.4294970025135,0.22,0,0,0.42,0.0
1174,linucb_frozen,hard,D,0.55,1.0,922.8079123364786,0.22,0,0,0.42,0.0
1175,linucb_frozen,simple,B,0.95,0.3561135805590634,398.3460807483643,0.1,1,0,0.44,0.0
1176,linucb_frozen,hard,C,0.75,0.360357120728417,597.1904252087938,0.35,0,0,0.42,0.0
1177,linucb_frozen,hard,D,0.55,0.9814719999999999,762.9619849922528,0.22,1,0,0.42,0.0
1178,linucb_frozen,simple,B,0.95,0.5426814339707461,496.9578253860909,0.1,1,0,0.44,0.0
1179,linucb_frozen,hard,D,0.55,1.0,744.867062207522,0.22,1,0,0.46,0.0
1180,linucb_frozen,simple,B,0.95,0.7202525024669457,531.5066675537836,0.1,1,0,0.46,0.0
1181,linucb_frozen,simple,B,0.95,0.9338222021709122,644.0092454922003,0.1,1,0,0.48,0.0
1182,linucb_frozen,hard,D,0.55,0.9814719999999999,779.3577454751788,0.22,0,0,0.48,0.0
1183,linucb_frozen,simple,B,0.95,1.0,614.460409585764,0.1,1,0,0.48,0.0
1184,linucb_frozen,hard,D,0.55,1.0,834.1422792438094,0.22,1,0,0.48,0.0
1185,linucb_frozen,hard,D,0.55,1.0,834.9435092818683,0.22,0,0,0.48,0.0
1186,linucb_frozen,simple,B,0.95,0.9814719999999999,729.589383617898,0.1,1,0,0.5,0.0
1187,linucb_frozen,simple,B,0.95,1.0,737.5327415309757,0.1,1,0,0.52,0.0
1188,linucb_frozen,hard,C,0.75,0.37771863673607076,600.174839900384,0.35,0,0,0.5,0.0
1189,linucb_frozen,hard,D,0.55,0.8996953599999999,748.6397471157396,0.22,0,0,0.5,0.0
1190,linucb_frozen,simple,B,0.95,0.9814719999999999,713.9816681701112,0.1,1,0,0.5,0.0
1191,linucb_frozen,hard,D,0.55,0.9967240867839999,636.2765537087027,0.22,0,0,0.5,0.0
1192,linucb_frozen,hard,D,0.55,1.0,950.1432911400759,0.22,0,0,0.5,0.0
1193,linucb_frozen,hard,D,0.55,1.0,825.9592438708962,0.22,0,0,0.5,0.0
1194,linucb_frozen,hard,C,0.75,0.4754140785547124,597.4897969320257,0.35,0,0,0.48,0.0
1195,linucb_frozen,simple,B,0.95,0.8179540998455295,513.6394217192558,0.1,1,0,0.48,0.0
1196,linucb_frozen,hard,E,0.9,0.31102259341707866,803.4652673442222,0.6,1,0,0.5,0.0
1197,linucb_frozen,simple,B,0.95,0.933423654920378,611.3624534433718,0.1,1,0,0.5,0.0
1198,linucb_frozen,simple,B,0.95,1.0,678.8956903318157,0.1,1,0,0.52,0.0
1199,linucb_frozen,hard,C,0.75,0.5508911829493841,754.3876280895525,0.35,0,0,0.5,0.0
1200,linucb_frozen,simple,B,0.95,1.0,781.4228027519398,0.1,0,0,0.48,0.0
1201,linucb_frozen,hard,D,0.55,0.6596345248055295,559.3676261370009,0.22,0,0,0.46,0.0
1202,linucb_frozen,hard,C,0.75,0.6754169162268827,771.7940906510586,0.35,0,0,0.46,0.0
1203,linucb_frozen,hard,C,0.75,0.8943668862796568,913.418769243844,0.35,0,0,0.46,0.0
1204,linucb_frozen,hard,C,0.75,1.0,1082.0572148067545,0.35,0,0,0.44,0.0
1205,linucb_frozen,hard,C,0.75,1.0,1043.1331264837056,0.35,0,0,0.44,0.0
1206,linucb_frozen,hard,D,0.55,0.6481101921630792,631.6406038165167,0.22,1,0,0.44,0.0
1207,linucb_frozen,hard,E,0.9,0.37622568432831605,864.0441285097288,0.6,0,0,0.44,0.0
1208,linucb_frozen,hard,D,0.55,0.8018965328110885,631.6161973158555,0.22,0,0,0.42,0.0
1209,linucb_frozen,hard,D,0.55,1.0,715.5082153158172,0.22,0,0,0.42,0.0
1210,linucb_frozen,hard,D,0.55,1.0,764.3787924087785,0.22,1,0,0.44,0.0
1211,linucb_frozen,hard,D,0.55,1.0,865.9938634685076,0.22,0,0,0.44,0.0
1212,linucb_frozen,simple,B,0.95,0.515671155821681,432.7862811158876,0.1,1,0,0.46,0.0
1213,linucb_frozen,hard,D,0.55,1.0,764.2243190128416,0.22,0,0,0.44,0.0
1214,linucb_frozen,simple,B,0.95,0.6993357430683098,544.6424052737982,0.1,1,0,0.46,0.0
1215,linucb_frozen,simple,B,0.95,0.9154154539001127,589.9030106505163,0.1,1,0,0.48,0.0
1216,linucb_frozen,simple,B,0.95,1.0,645.4018805700315,0.1,0,0,0.48,0.0
1217,linucb_frozen,hard,E,0.9,0.4047792202852412,942.6216049629061,0.6,0,0,0.46,0.0
1218,linucb_frozen,hard,D,0.55,0.8277319167999999,729.2108223933494,0.22,0,0,0.44,0.0
1219,linucb_frozen,hard,D,0.55,1.0,884.9090055209889,0.22,0,0,0.42,0.0
1220,linucb_frozen,hard,D,0.55,1.0,845.4752723533422,0.22,0,0,0.4,0.0
1221,linucb_frozen,simple,B,0.95,0.8277319167999999,570.2291709431386,0.1,1,0,0.42,0.0
1222,linucb_frozen,hard,E,0.9,0.5136149138019398,974.2265071264089,0.6,0,0,0.42,0.0
1223,linucb_frozen,hard,E,0.9,0.7519811241457071,1149.952439592423,0.6,0,0,0.42,0.0
1224,linucb_frozen,simple,B,0.95,0.8640761248055295,558.2171271221193,0.1,1,0,0.44,0.0
1225,linucb_frozen,hard,C,0.75,0.37756279363818956,609.1443987429803,0.35,0,0,0.42,0.0
1226,linucb_frozen,simple,B,0.95,0.969140551049402,630.8351284286163,0.1,1,0,0.44,0.0
1227,linucb_frozen,simple,B,0.95,1.0,744.1681149912644,0.1,1,0,0.44,0.0
1228,linucb_frozen,hard,D,0.55,0.6596345248055295,603.7352403064104,0.22,0,0,0.42,0.0
1229,linucb_frozen,simple,B,0.95,1.0,744.7807112846475,0.1,1,0,0.42,0.0
1230,linucb_frozen,hard,D,0.55,0.8108209760094021,721.682590440453,0.22,0,0,0.4,0.0
1231,linucb_frozen,hard,D,0.55,1.0,711.1944964054559,0.22,0,0,0.38,0.0
1232,linucb_frozen,hard,D,0.55,1.0,858.8804412075393,0.22,0,0,0.38,0.0
1233,linucb_frozen,simple,B,0.95,0.8996953599999999,600.3839968369901,0.1,0,0,0.36,0.0
1234,linucb_frozen,hard,C,0.75,0.4194904619694003,648.6377939919647,0.35,0,0,0.34,0.0
1235,linucb_frozen,hard,E,0.9,0.46218063820059163,929.3799731551386,0.6,0,0,0.34,0.0
1236,linucb_frozen,hard,C,0.75,0.6248534137491035,694.1964405760272,0.35,0,0,0.32,0.0
1237,linucb_frozen,hard,C,0.75,0.849871004099211,956.3895490355609,0.35,0,0,0.3,0.0
1238,linucb_frozen,hard,C,0.75,1.0,986.6004654477061,0.35,0,0,0.3,0.0
1239,linucb_frozen,hard,C,0.75,1.0,1119.206631410248,0.35,0,0,0.3,0.0
1240,linucb_frozen,hard,C,0.75,1.0,1186.8623365487438,0.35,0,0,0.28,0.0
1241,linucb_frozen,hard,D,0.55,0.6164783818288659,554.0249089011212,0.22,0,0,0.28,0.0
1242,linucb_frozen,hard,D,0.55,0.842500976009402,585.7419108679717,0.22,0,0,0.28,0.0
1243,linucb_frozen,hard,D,0.55,1.0,806.6852937893334,0.22,1,0,0.3,0.0
1244,linucb_frozen,hard,D,0.55,1.0,841.8961268145758,0.22,0,0,0.3,0.0
1245,linucb_frozen,simple,B,0.95,0.4940383381786034,480.86526867941,0.1,1,0,0.3,0.0
1246,linucb_frozen,hard,D,0.55,1.0,868.2529432336419,0.22,1,0,0.3,0.0
1247,linucb_frozen,simple,B,0.95,0.6825832890855104,557.5194819580217,0.1,1,0,0.3,0.0
1248,linucb_frozen,simple,B,0.95,0.9006732943952491,582.1179831607399,0.1,1,0,0.3,0.0
1249,linucb_frozen,hard,E,0.9,0.3771914427208575,830.6800525042394,0.6,0,0,0.3,0.0
1250,linucb_frozen,hard,E,0.9,0.6319284695943546,1080.7823874541236,0.6,0,0,0.3,0.0
1251,linucb_frozen,hard,E,0.9,0.8560970532430321,1146.5487162545817,0.6,0,0,0.3,0.0
1252,linucb_frozen,hard,E,0.9,1.0,1284.13956976879,0.6,0,0,0.3,0.0
1253,linucb_frozen,simple,B,0.95,0.7753140440617756,533.4019994538373,0.1,0,0,0.3,0.0
1254,linucb_frozen,simple,B,0.95,0.9822763587743626,646.934022290645,0.1,1,0,0.32,0.0
1255,linucb_frozen,hard,D,0.55,0.6164783818288659,554.0333048629288,0.22,0,0,0.32,0.0
1256,linucb_frozen,simple,B,0.95,1.0,587.5065220186182,0.1,1,0,0.32,0.0
1257,linucb_frozen,hard,D,0.55,0.7774008588882738,585.4736760914237,0.22,1,0,0.34,0.0
1258,linucb_frozen,hard,D,0.55,0.9841127558216809,793.9146066585636,0.22,0,0,0.34,0.0
1259,linucb_frozen,hard,D,0.55,1.0,842.5298632554426,0.22,1,0,0.36,0.0
1260,linucb_frozen,hard,D,0.55,1.0,912.1447399911547,0.22,0,0,0.34,0.0
1261,linucb_frozen,hard,D,0.55,1.0,900.740182268717,0.22,0,0,0.34,0.0
1262,linucb_frozen,hard,D,0.55,1.0,970.4743157128421,0.22,0,0,0.32,0.0
1263,linucb_frozen,simple,B,0.95,0.70867559636992,594.5221418744494,0.1,1,0,0.34,0.0
1264,linucb_frozen,hard,C,0.75,0.3465140474534598,663.4316842600622,0.35,0,0,0.32,0.0
1265,linucb_frozen,simple,B,0.95,0.848798381828866,564.37897037198,0.1,1,0,0.32,0.0
1266,linucb_frozen,hard,E,0.9,0.46701574306830973,969.1110071962833,0.6,0,0,0.32,0.0
1267,linucb_frozen,hard,D,0.55,0.8277319167999999,644.7752802045234,0.22,0,0,0.32,0.0
1268,linucb_frozen,hard,D,0.55,1.0,875.4288361527726,0.22,0,0,0.32,0.0
1269,linucb_frozen,hard,D,0.55,1.0,827.8903098719873,0.22,0,0,0.32,0.0
1270,linucb_frozen,hard,D,0.55,1.0,845.5425983800915,0.22,1,0,0.34,0.0
1271,linucb_frozen,hard,D,0.55,1.0,918.9083804771492,0.22,1,0,0.34,0.0
1272,linucb_frozen,hard,D,0.55,1.0,779.380716871874,0.22,0,0,0.34,0.0
1273,linucb_frozen,hard,D,0.55,1.0,854.5123890822946,0.22,1,0,0.36,0.0
1274,linucb_frozen,hard,D,0.55,1.0,829.3675096480905,0.22,0,0,0.34,0.0
1275,linucb_frozen,hard,D,0.55,1.0,826.1434601696594,0.22,1,0,0.36,0.0
1276,linucb_frozen,hard,D,0.55,1.0,752.0915074650889,0.22,0,0,0.34,0.0
1277,linucb_frozen,hard,D,0.55,1.0,899.8460214213588,0.22,0,0,0.32,0.0
1278,linucb_frozen,simple,B,0.95,0.4610939687003716,391.305933880536,0.1,0,0,0.32,0.0
1279,linucb_frozen,hard,C,0.75,0.35092850498476147,618.9226392387674,0.35,0,0,0.3,0.0
1280,linucb_frozen,hard,E,0.9,0.3779989813531526,863.3264100512305,0.6,0,0,0.3,0.0
1281,linucb_frozen,hard,D,0.55,0.8996953599999999,703.4211154771187,0.22,1,0,0.32,0.0
1282,linucb_frozen,hard,D,0.55,1.0,728.0211703050785,0.22,0,0,0.32,0.0
1283,linucb_frozen,hard,D,0.55,1.0,762.1126825753576,0.22,0,0,0.32,0.0
1284,linucb_frozen,simple,B,0.95,0.5141339234559064,442.5147464285276,0.1,1,0,0.34,0.0
1285,linucb_frozen,hard,D,0.55,1.0,936.4586711894727,0.22,0,0,0.34,0.0
1286,linucb_frozen,simple,B,0.95,0.6981453103242539,478.96483289555704,0.1,1,0,0.36,0.0
1287,linucb_frozen,simple,B,0.95,0.9143678730853433,609.6670847656684,0.1,1,0,0.38,0.0
1288,linucb_frozen,hard,C,0.75,0.4110612853952005,588.2673174644731,0.35,0,0,0.38,0.0
1289,linucb_frozen,hard,E,0.9,0.4196285059516054,1184.303967570142,0.6,0,0,0.38,0.0
1290,linucb_frozen,hard,C,0.75,0.6183258594100433,809.1664733963022,0.35,0,0,0.38,0.0
1291,linucb_frozen,hard,D,0.55,0.764404086784,709.4509897713389,0.22,1,0,0.4,0.0
1292,linucb_frozen,simple,B,0.95,0.7825411103236674,519.8918884174551,0.1,1,0,0.42,0.0
1293,linucb_frozen,hard,D,0.55,0.8919545248055296,601.5017090845538,0.22,1,0,0.42,0.0
1294,linucb_frozen,hard,D,0.55,1.0,783.641620712563,0.22,0,0,0.42,0.0
1295,linucb_frozen,hard,D,0.55,1.0,830.278681307922,0.22,1,0,0.42,0.0
1296,linucb_frozen,simple,B,0.95,0.7692862728703513,515.71277607039,0.1,1,0,0.42,0.0
1297,linucb_frozen,hard,D,0.55,1.0,879.5624617602666,0.22,1,0,0.42,0.0
1298,linucb_frozen,hard,D,0.55,1.0,794.1024631683695,0.22,1,0,0.42,0.0
1299,linucb_frozen,simple,B,0.95,0.8242470549455041,589.2733067523469,0.1,1,0,0.44,0.0
1300,linucb_frozen,simple,B,0.95,1.0,592.8835782680262,0.1,1,0,0.46,0.0
1301,linucb_frozen,hard,D,0.55,0.9814719999999999,753.3025142327716,0.22,0,0,0.46,0.0
1302,linucb_frozen,simple,B,0.95,1.0,680.4507389440314,0.1,1,0,0.48,0.0
1303,linucb_frozen,simple,B,0.95,1.0,738.8401865403503,0.1,1,0,0.5,0.0
1304,linucb_frozen,hard,D,0.55,0.9688456867839998,795.7855813610261,0.22,0,0,0.48,0.0
1305,linucb_frozen,hard,D,0.55,1.0,891.7907929178947,0.22,1,0,0.5,0.0
1306,linucb_frozen,hard,D,0.55,1.0,914.2781090886235,0.22,0,0,0.48,0.0
1307,linucb_frozen,hard,D,0.55,1.0,892.5076550918028,0.22,0,0,0.46,0.0
1308,linucb_frozen,hard,D,0.55,1.0,791.4712130968037,0.22,1,0,0.48,0.0
1309,linucb_frozen,hard,D,0.55,1.0,890.0739395947764,0.22,0,0,0.46,0.0
1310,linucb_frozen,hard,D,0.55,1.0,833.7669984681762,0.22,0,0,0.46,0.0
1311,linucb_frozen,hard,C,0.75,0.3422039913104281,614.138514684774,0.35,0,0,0.46,0.0
1312,linucb_frozen,simple,B,0.95,0.6164783818288659,483.1826132878338,0.1,1,0,0.48,0.0
1313,linucb_frozen,hard,E,0.9,0.3195186202386574,820.995928717142,0.6,0,0,0.46,0.0
1314,linucb_frozen,hard,D,0.55,0.8996953599999999,795.6434273404466,0.22,1,0,0.48,0.0
1315,linucb_frozen,hard,D,0.55,1.0,863.8768051454325,0.22,0,0,0.46,0.0
1316,linucb_frozen,hard,D,0.55,1.0,898.2296594256866,0.22,0,0,0.46,0.0
1317,linucb_frozen,simple,B,0.95,0.6253353181083097,472.36236456672646,0.1,0,0,0.46,0.0
1318,linucb_frozen,hard,C,0.75,0.43985042022895615,695.7501307340062,0.35,0,0,0.46,0.0
1319,linucb_frozen,simple,B,0.95,0.784259670343075,552.4822530229917,0.1,1,0,0.48,0.0
1320,linucb_frozen,simple,B,0.95,0.9901485099019061,648.6347465366973,0.1,1,0,0.48,0.0
1321,linucb_frozen,simple,B,0.95,1.0,662.3893705133701,0.1,1,0,0.48,0.0
1322,linucb_frozen,hard,D,0.55,0.764404086784,678.3800802429346,0.22,0,0,0.48,0.0
1323,linucb_frozen,hard,C,0.75,0.5321231053727126,657.4846642117985,0.35,0,0,0.46,0.0
1324,linucb_frozen,simple,B,0.95,0.9814719999999999,598.0188558758301,0.1,1,0,0.48,0.0
1325,linucb_frozen,hard,C,0.75,0.7120761328006286,759.348470598072,0.35,0,0,0.46,0.0
1326,linucb_frozen,hard,C,0.75,0.9266269968645533,1012.5169836835876,0.35,0,0,0.46,0.0
1327,linucb_frozen,hard,C,0.75,1.0,1244.4475158133325,0.35,0,0,0.46,0.0
1328,linucb_frozen,simple,B,0.95,0.8885842043699199,543.1214109401418,0.1,1,0,0.48,0.0
1329,linucb_frozen,simple,B,0.95,1.0,674.8222058763472,0.1,1,0,0.5,0.0
1330,linucb_frozen,simple,B,0.95,1.0,707.4574210937951,0.1,1,0,0.52,0.0
1331,linucb_frozen,hard,D,0.55,0.5419173684487724,500.12178960273366,0.22,0,0,0.5,0.0
1332,linucb_frozen,hard,D,0.55,0.7768872842349197,555.2526011801366,0.22,1,0,0.52,0.0
1333,linucb_frozen,hard,D,0.55,0.9836608101267292,818.8034798729618,0.22,0,0,0.52,0.0
1334,linucb_frozen,hard,D,0.55,1.0,772.3725822375919,0.22,0,0,0.5,0.0
1335,linucb_frozen,hard,D,0.55,1.0,843.9862317643231,0.22,1,0,0.52,0.0
1336,linucb_frozen,hard,D,0.55,1.0,965.5065556166328,0.22,0,0,0.5,0.0
1337,linucb_frozen,hard,D,0.55,1.0,790.3879797912723,0.22,0,0,0.48,0.0
1338,linucb_frozen,simple,B,0.95,0.6596345248055295,467.65191943036217,0.1,1,0,0.5,0.0
1339,linucb_frozen,hard,E,0.9,0.3115092135420764,861.4310974404095,0.6,0,0,0.5,0.0
1340,linucb_frozen,hard,D,0.55,0.9814719999999999,794.0611868327367,0.22,0,0,0.5,0.0
1341,linucb_frozen,hard,D,0.55,1.0,854.0841104131298,0.22,0,0,0.48,0.0
1342,linucb_frozen,simple,B,0.95,0.695579763821681,524.3596998545011,0.1,1,0,0.48,0.0
1343,linucb_frozen,hard,D,0.55,1.0,825.0239049036463,0.22,1,0,0.48,0.0
1344,linucb_frozen,simple,B,0.95,0.8386569691035097,615.747393540973,0.1,0,0,0.48,0.0
1345,linucb_frozen,hard,D,0.55,1.0,852.7991449841428,0.22,0,0,0.46,0.0
1346,linucb_frozen,simple,B,0.95,0.949455956873758,590.8202368201737,0.1,1,0,0.46,0.0
1347,linucb_frozen,simple,B,0.95,1.0,713.8491922350712,0.1,1,0,0.46,0.0
1348,linucb_frozen,hard,E,0.9,0.398585931826579,861.5766908542482,0.6,0,0,0.44,0.0
1349,linucb_frozen,hard,C,0.75,0.360064627393414,540.5147662738538,0.35,0,0,0.42,0.0
1350,linucb_frozen,hard,D,0.55,0.8277319167999999,718.9529420176441,0.22,0,0,0.4,0.0
1351,linucb_frozen,hard,E,0.9,0.5716251521337224,1138.702715157084,0.6,0,0,0.4,0.0
1352,linucb_frozen,simple,B,0.95,0.8277319167999999,578.6310778879302,0.1,1,0,0.4,0.0
1353,linucb_frozen,simple,B,0.95,1.0,633.0950673831452,0.1,1,0,0.4,0.0
1354,linucb_frozen,simple,B,0.95,1.0,783.6295118610755,0.1,1,0,0.42,0.0
1355,linucb_frozen,hard,D,0.55,0.7368205510494021,557.2079664895256,0.22,0,0,0.4,0.0
1356,linucb_frozen,hard,C,0.75,0.4471496263317165,671.8037433609228,0.35,0,0,0.4,0.0
1357,linucb_frozen,hard,C,0.75,0.6934916711719106,668.3130190538517,0.35,0,0,0.4,0.0
1358,linucb_frozen,simple,B,0.95,0.8996953599999999,596.7357013859852,0.1,1,0,0.4,0.0
1359,linucb_frozen,hard,C,0.75,0.8370399501555275,860.4229359725759,0.35,0,0,0.4,0.0
1360,linucb_frozen,hard,C,0.75,1.0,1166.404567807882,0.35,0,0,0.4,0.0
1361,linucb_frozen,simple,B,0.95,0.9131171963699201,591.0144176759759,0.1,1,0,0.42,0.0
1362,linucb_frozen,simple,B,0.95,1.0,650.8538062254805,0.1,1,0,0.42,0.0
1363,linucb_frozen,hard,D,0.55,0.5649861087436002,509.16737518361214,0.22,0,0,0.42,0.0
1364,linucb_frozen,simple,B,0.95,1.0,696.6688252675652,0.1,1,0,0.42,0.0
1365,linucb_frozen,hard,D,0.55,0.7375252426110439,654.0594186788718,0.22,1,0,0.44,0.0
1366,linucb_frozen,simple,B,0.95,1.0,648.8024918272778,0.1,1,0,0.46,0.0
1367,linucb_frozen,hard,D,0.55,0.8711395478779924,712.9002832684415,0.22,0,0,0.46,0.0
1368,linucb_frozen,hard,D,0.55,1.0,878.319339247113,0.22,0,0,0.46,0.0
1369,linucb_frozen,simple,B,0.95,0.9814719999999999,667.322980725031,0.1,1,0,0.46,0.0
1370,linucb_frozen,hard,D,0.55,1.0,851.0563773234455,0.22,0,0,0.44,0.0
1371,linucb_frozen,hard,D,0.55,1.0,750.8890759182972,0.22,0,0,0.42,0.0
1372,linucb_frozen,hard,D,0.55,1.0,820.7821622788251,0.22,0,0,0.42,0.0
1373,linucb_frozen,hard,D,0.55,1.0,890.8289474290362,0.22,0,0,0.42,0.0
1374,linucb_frozen,hard,D,0.55,1.0,952.6709039663108,0.22,1,0,0.42,0.0
1375,linucb_frozen,hard,E,0.9,0.32658859945193913,724.5736577436481,0.6,0,0,0.42,0.0
1376,linucb_frozen,hard,E,0.9,0.5873979675177065,1225.2617872394037,0.6,0,0,0.42,0.0
1377,linucb_frozen,simple,B,0.95,0.6529712163299327,493.00775870864703,0.1,1,0,0.44,0.0
1378,linucb_frozen,hard,C,0.75,0.40015856616501755,593.3957832030388,0.35,0,0,0.42,0.0
1379,linucb_frozen,hard,C,0.75,0.6521395382252154,686.4919802069228,0.35,1,0,0.42,0.0
1380,linucb_frozen,simple,B,0.95,0.7449816007347918,611.6452133616219,0.1,1,0,0.42,0.0
1381,linucb_frozen,simple,B,0.95,0.9555838086466169,599.1983441716714,0.1,0,0,0.42,0.0
1382,linucb_frozen,hard,D,0.55,0.6596345248055295,530.0120370295413,0.22,0,0,0.4,0.0
1383,linucb_frozen,simple,B,0.95,1.0,647.5105704903141,0.1,1,0,0.42,0.0
1384,linucb_frozen,hard,C,0.75,0.6441548485286598,769.4162081660699,0.35,0,0,0.42,0.0
1385,linucb_frozen,hard,C,0.75,0.8668562667052206,975.3001880229351,0.35,0,0,0.4,0.0
1386,linucb_frozen,simple,B,0.95,0.9814719999999999,603.626815013589,0.1,1,0,0.42,0.0
1387,linucb_frozen,hard,D,0.55,0.6481101921630792,745.7545896438482,0.22,0,0,0.42,0.0
1388,linucb_frozen,hard,E,0.9,0.42668479858184993,855.9307904473718,0.6,0,0,0.4,0.0
1389,linucb_frozen,simple,B,0.95,0.9688456867839998,618.4591526380902,0.1,1,0,0.42,0.0
1390,linucb_frozen,hard,D,0.55,0.741668948873758,672.8434342305466,0.22,0,0,0.42,0.0
1391,linucb_frozen,hard,D,0.55,0.9526686750089071,704.6535213675438,0.22,0,0,0.42,0.0
1392,linucb_frozen,hard,D,0.55,1.0,1028.276604252048,0.22,0,0,0.4,0.0
1393,linucb_frozen,hard,D,0.55,1.0,915.4893001038985,0.22,0,0,0.38,0.0
1394,linucb_frozen,simple,B,0.95,0.8112907913699325,484.0342697428117,0.1,1,0,0.4,0.0
1395,linucb_frozen,hard,E,0.9,0.4743756645224167,879.112332134683,0.6,0,0,0.4,0.0
1396,linucb_frozen,simple,B,0.95,0.9282635888368758,603.9847718831896,0.1,1,0,0.4,0.0
1397,linucb_frozen,hard,C,0.75,0.4869558929715823,672.0097270607175,0.35,1,0,0.4,0.0
1398,linucb_frozen,hard,E,0.9,0.6232737328534204,998.7254392827372,0.6,0,0,0.4,0.0
1399,linucb_frozen,hard,E,0.9,0.8484808849110099,1118.4798850008647,0.6,0,0,0.4,0.0
1400,linucb_frozen,hard,E,0.9,1.0,1241.6253537448356,0.6,0,0,0.4,0.0
1401,linucb_frozen,hard,E,0.9,1.0,1594.715900286655,0.6,0,0,0.4,0.0
1402,linucb_frozen,hard,E,0.9,1.0,1782.09895060873,0.6,0,0,0.38,0.0
1403,linucb_frozen,simple,B,0.95,0.6793586757563923,482.41604628444935,0.1,1,0,0.38,0.0
1404,linucb_frozen,hard,D,0.55,0.5450808588882738,543.3940474422424,0.22,0,0,0.36,0.0
1405,linucb_frozen,hard,C,0.75,0.47512615117008733,664.7714269233157,0.35,0,0,0.36,0.0
1406,linucb_frozen,simple,B,0.95,0.7629639154850603,513.9799417464428,0.1,1,0,0.38,0.0
1407,linucb_frozen,hard,D,0.55,0.6714573430683097,627.4735214144255,0.22,0,0,0.38,0.0
1408,linucb_frozen,hard,C,0.75,0.6237851684901817,768.7421565722226,0.35,0,0,0.36,0.0
1409,linucb_frozen,hard,C,0.75,0.8489309482713598,794.4351534768891,0.35,0,0,0.36,0.0
1410,linucb_frozen,hard,C,0.75,1.0,1036.9500967288866,0.35,0,0,0.36,0.0
1411,linucb_frozen,hard,C,0.75,1.0,1120.6926626671343,0.35,0,0,0.34,0.0
1412,linucb_frozen,hard,C,0.75,1.0,955.0986512257832,0.35,1,0,0.34,0.0
1413,linucb_frozen,hard,C,0.75,1.0,1066.3245139122278,0.35,0,0,0.34,0.0
1414,linucb_frozen,hard,D,0.55,0.5744082301154034,544.3301291533829,0.22,0,0,0.32,0.0
1415,linucb_frozen,hard,D,0.55,0.8054792425015551,552.7635073142286,0.22,0,0,0.3,0.0
1416,linucb_frozen,hard,D,0.55,1.0,721.4219540134409,0.22,1,0,0.3,0.0
1417,linucb_frozen,hard,D,0.55,1.0,861.6684612612985,0.22,0,0,0.3,0.0
1418,linucb_frozen,simple,B,0.95,0.4645493095028983,424.2775134929856,0.1,1,0,0.32,0.0
1419,linucb_frozen,hard,D,0.55,1.0,747.2652740364027,0.22,0,0,0.3,0.0
1420,linucb_frozen,hard,D,0.55,1.0,914.0206226319975,0.22,1,0,0.32,0.0
1421,linucb_frozen,hard,D,0.55,1.0,856.8525593112447,0.22,0,0,0.32,0.0
1422,linucb_frozen,simple,B,0.95,0.578588065400092,421.4930693567747,0.1,1,0,0.34,0.0
1423,linucb_frozen,hard,E,0.9,0.36825525840160683,954.716245471043,0.6,0,0,0.34,0.0
1424,linucb_frozen,hard,D,0.55,0.9814719999999999,738.6329971693964,0.22,1,0,0.34,0.0
1425,linucb_frozen,hard,D,0.55,1.0,843.134092959872,0.22,0,0,0.34,0.0
1426,linucb_frozen,hard,D,0.55,1.0,946.2608990810186,0.22,1,0,0.36,0.0
1427,linucb_frozen,simple,B,0.95,0.6053393887911943,466.9931846090654,0.1,1,0,0.36,0.0
1428,linucb_frozen,hard,D,0.55,1.0,843.7602705927924,0.22,1,0,0.38,0.0
1429,linucb_frozen,hard,D,0.55,1.0,895.2014657588601,0.22,0,0,0.36,0.0
1430,linucb_frozen,simple,B,0.95,0.7125218439583128,520.2042265669324,0.1,1,0,0.36,0.0
1431,linucb_frozen,hard,C,0.75,0.40015856616501755,673.8981675131047,0.35,0,0,0.36,0.0
1432,linucb_frozen,simple,B,0.95,0.8517769159613173,581.5400775057022,0.1,1,0,0.38,0.0
1433,linucb_frozen,hard,E,0.9,0.40255944888544204,837.3450983008357,0.6,0,0,0.36,0.0
1434,linucb_frozen,simple,B,0.95,0.9596160437204442,626.0439805909799,0.1,1,0,0.38,0.0
1435,linucb_frozen,simple,B,0.95,1.0,721.3448173124094,0.1,1,0,0.4,0.0
1436,linucb_frozen,hard,D,0.55,0.70867559636992,601.6700415696827,0.22,0,0,0.38,0.0
1437,linucb_frozen,hard,D,0.55,0.9236345248055295,711.3490284485619,0.22,1,0,0.4,0.0
1438,linucb_frozen,hard,D,0.55,1.0,840.899341116033,0.22,1,0,0.42,0.0
1439,linucb_frozen,simple,B,0.95,0.8996953599999999,641.0265846166942,0.1,1,0,0.42,0.0
1440,linucb_frozen,hard,D,0.55,1.0,749.2236721089591,0.22,1,0,0.44,0.0
1441,linucb_frozen,simple,B,0.95,0.9967240867839999,612.9994201125921,0.1,1,0,0.46,0.0
1442,linucb_frozen,hard,D,0.55,1.0,905.9558280010903,0.22,0,0,0.46,0.0
1443,linucb_frozen,hard,D,0.55,1.0,806.2377211049254,0.22,0,0,0.46,0.0
1444,linucb_frozen,hard,D,0.55,1.0,875.6349235217972,0.22,0,0,0.44,0.0
1445,linucb_frozen,simple,B,0.95,0.897730810044602,586.3788636026119,0.1,1,0,0.46,0.0
1446,linucb_frozen,hard,C,0.75,0.3588128466404158,563.0940140216097,0.35,0,0,0.44,0.0
1447,linucb_frozen,simple,B,0.95,0.9952027392985399,643.505182851657,0.1,0,0,0.42,0.0
1448,linucb_frozen,hard,E,0.9,0.35916571362659877,720.1854202566561,0.6,0,0,0.42,0.0
1449,linucb_frozen,hard,D,0.55,0.8277319167999999,652.1330504197841,0.22,0,0,0.42,0.0
1450,linucb_frozen,hard,D,0.55,1.0,781.6573230945403,0.22,1,0,0.44,0.0
1451,linucb_frozen,hard,D,0.55,1.0,870.4870491157508,0.22,0,0,0.44,0.0
1452,linucb_frozen,hard,D,0.55,1.0,899.2289039902769,0.22,0,0,0.44,0.0
1453,linucb_frozen,simple,B,0.95,0.7621762193088737,517.6178962551022,0.1,1,0,0.44,0.0
1454,linucb_frozen,hard,C,0.75,0.4290414875956453,704.2746295277717,0.35,0,0,0.44,0.0
1455,linucb_frozen,simple,B,0.95,0.8902292642327918,580.1122130039316,0.1,0,0,0.44,0.0
1456,linucb_frozen,hard,E,0.9,0.42916839074654073,873.5188188111114,0.6,0,0,0.42,0.0
1457,linucb_frozen,hard,D,0.55,0.8277319167999999,800.7008778233564,0.22,1,0,0.44,0.0
1458,linucb_frozen,simple,B,0.95,0.9066663171552491,579.9384892923786,0.1,1,0,0.46,0.0
1459,linucb_frozen,hard,D,0.55,0.9409955963699199,744.6073117217313,0.22,0,0,0.46,0.0
1460,linucb_frozen,hard,D,0.55,1.0,754.3263981277761,0.22,0,0,0.46,0.0
1461,linucb_frozen,simple,B,0.95,0.917867708484422,622.1753273660789,0.1,1,0,0.48,0.0
1462,linucb_frozen,simple,B,0.95,1.0,636.7104076410408,0.1,0,0,0.46,0.0
1463,linucb_frozen,hard,C,0.75,0.4357823557317193,564.7197595216536,0.35,0,0,0.46,0.0
1464,linucb_frozen,hard,C,0.75,0.683488473043913,764.8806375069166,0.35,0,0,0.46,0.0
1465,linucb_frozen,hard,C,0.75,0.9014698562786434,943.3858487961459,0.35,0,0,0.46,0.0
1466,linucb_frozen,simple,B,0.95,0.8996953599999999,607.1894864144008,0.1,1,0,0.46,0.0
1467,linucb_frozen,simple,B,0.95,1.0,635.9243617212991,0.1,1,0,0.48,0.0
1468,linucb_frozen,simple,B,0.95,1.0,665.7828506346561,0.1,1,0,0.48,0.0
1469,linucb_frozen,hard,D,0.55,0.6164783818288659,583.5388658605926,0.22,0,0,0.48,0.0
1470,linucb_frozen,simple,B,0.95,1.0,757.2726892679436,0.1,1,0,0.48,0.0
1471,linucb_frozen,hard,D,0.55,0.7774008588882738,610.1522950488448,0.22,0,0,0.48,0.0
1472,linucb_frozen,hard,D,0.55,0.9841127558216809,932.3308776734641,0.22,0,0,0.46,0.0
1473,linucb_frozen,simple,B,0.95,0.9814719999999999,630.8424409228054,0.1,1,0,0.48,0.0
1474,linucb_frozen,hard,E,0.9,0.34298489066052146,812.5211837161899,0.6,0,0,0.46,0.0
1475,linucb_frozen,simple,B,0.95,1.0,522.1470387307074,0.1,1,0,0.48,0.0
1476,linucb_frozen,simple,B,0.95,1.0,711.0357617629037,0.1,1,0,0.48,0.0
1477,linucb_frozen,hard,C,0.75,0.4944210458420196,700.8744541363787,0.35,0,0,0.46,0.0
1478,linucb_frozen,hard,D,0.55,0.7570259856598532,558.1173445750748,0.22,1,0,0.46,0.0
1479,linucb_frozen,simple,B,0.95,0.9814719999999999,617.8896996178867,0.1,1,0,0.48,0.0
1480,linucb_frozen,hard,D,0.55,0.8862409232949904,655.4572232414268,0.22,0,0,0.46,0.0
1481,linucb_frozen,hard,D,0.55,1.0,761.6766658309152,0.22,1,0,0.48,0.0
1482,linucb_frozen,hard,D,0.55,1.0,837.3006168595674,0.22,1,0,0.48,0.0
1483,linucb_frozen,hard,D,0.55,1.0,876.94255186659,0.22,1,0,0.5,0.0
1484,linucb_frozen,hard,D,0.55,1.0,818.394687647123,0.22,1,0,0.5,0.0
1485,linucb_frozen,hard,D,0.55,1.0,867.4441717387542,0.22,1,0,0.5,0.0
1486,linucb_frozen,hard,D,0.55,1.0,840.9078656801673,0.22,1,0,0.52,0.0
1487,linucb_frozen,hard,D,0.55,1.0,744.6592160798727,0.22,0,0,0.5,0.0
1488,linucb_frozen,hard,D,0.55,1.0,922.3928853726113,0.22,0,0,0.48,0.0
1489,linucb_frozen,hard,D,0.55,1.0,842.5542625186813,0.22,1,0,0.48,0.0
1490,linucb_frozen,simple,B,0.95,0.5405400007347919,456.0648914705554,0.1,1,0,0.48,0.0
1491,linucb_frozen,hard,D,0.55,1.0,857.3164753392489,0.22,1,0,0.48,0.0
1492,linucb_frozen,simple,B,0.95,0.7185941765690229,455.72530510702126,0.1,1,0,0.5,0.0
1493,linucb_frozen,hard,D,0.55,1.0,804.1018188678779,0.22,1,0,0.52,0.0
1494,linucb_frozen,simple,B,0.95,0.8564793303350513,562.8035850520391,0.1,0,0,0.52,0.0
1495,linucb_frozen,simple,B,0.95,1.0,683.7551507677746,0.1,1,0,0.52,0.0
1496,linucb_frozen,hard,D,0.55,0.9814719999999999,812.3793972840875,0.22,0,0,0.52,0.0
1497,linucb_frozen,hard,D,0.55,1.0,878.4860125975745,0.22,1,0,0.54,0.0
1498,linucb_frozen,hard,D,0.55,1.0,873.5439828302273,0.22,1,0,0.56,0.0
1499,linucb_frozen,simple,B,0.95,0.8996953599999999,666.291227270749,0.1,0,0,0.56,0.0
