t,policy,task_difficulty,chosen_agent,match_score,load,latency_ms,call_cost,success,is_shock,rolling_success,reward_used_for_update
0,linucb,hard,C,0.75,0.3,502.38856426411974,0.35,0,0,0.0,0.0
1,linucb,hard,C,0.75,0.5640000000000001,696.5367281550784,0.35,0,0,0.0,0.0
2,linucb,hard,C,0.75,0.79632,851.3667100537008,0.35,1,0,0.3333333333333333,1.0
3,linucb,hard,C,0.75,1.0,970.8066666994692,0.35,0,0,0.25,0.0
4,linucb,simple,B,0.95,0.3,306.7164783112096,0.1,1,0,0.4,1.0
5,linucb,hard,C,0.75,1.0,1134.0362596184548,0.35,0,0,0.3333333333333333,0.0
6,linucb,simple,A,0.8,0.3,954.2016076773014,1.0,0,0,0.2857142857142857,0.0
7,linucb,hard,C,0.75,1.0,1048.7547618397607,0.35,0,0,0.25,0.0
8,linucb,hard,D,0.55,0.3,418.5700524450035,0.22,0,0,0.2222222222222222,0.0
9,linucb,hard,C,0.75,1.0,1075.9675943218483,0.35,0,0,0.2,0.0
10,linucb,hard,C,0.75,1.0,1094.8925575600676,0.35,0,0,0.18181818181818182,0.0
11,linucb,hard,E,0.9,0.3,697.2401419321687,0.6,0,0,0.16666666666666666,0.0
12,linucb,hard,C,0.75,1.0,998.4676079567791,0.35,0,0,0.15384615384615385,0.0
13,linucb,hard,C,0.75,1.0,1109.9676456485404,0.35,0,0,0.14285714285714285,0.0
14,linucb,hard,D,0.55,0.43932122603519996,466.9879732265784,0.22,0,0,0.13333333333333333,0.0
15,linucb,hard,C,0.75,1.0,985.5241603101676,0.35,0,0,0.125,0.0
16,linucb,hard,C,0.75,1.0,1108.1611283047557,0.35,0,0,0.11764705882352941,0.0
17,linucb,hard,E,0.9,0.43932122603519996,1087.0448202378022,0.6,0,0,0.1111111111111111,0.0
18,linucb,simple,B,0.95,0.35010472292049294,353.17918097816363,0.1,1,0,0.15789473684210525,1.0
19,linucb,hard,D,0.55,0.5318438327064822,540.4452243695937,0.22,0,0,0.15,0.0
20,linucb,simple,A,0.8,0.35010472292049294,983.1408163629771,1.0,0,0,0.14285714285714285,0.0
21,linucb,hard,D,0.55,0.7118598640478997,632.9053731626793,0.22,1,0,0.18181818181818182,1.0
22,linucb,hard,D,0.55,0.9264366803621518,691.0215873521722,0.22,1,0,0.21739130434782608,1.0
23,linucb,hard,D,0.55,1.0,805.67763725613,0.22,0,0,0.20833333333333334,0.0
24,linucb,simple,B,0.95,0.4625900641266568,375.3671477830857,0.1,1,0,0.24,1.0
25,linucb,hard,D,0.55,1.0,701.2359186736045,0.22,0,0,0.23076923076923078,0.0
26,linucb,hard,D,0.55,1.0,866.6554946672259,0.22,0,0,0.2222222222222222,0.0
27,linucb,hard,E,0.9,0.4223513902324504,934.5979628950321,0.6,0,0,0.21428571428571427,0.0
28,linucb,simple,B,0.95,0.5774131150388586,514.7292426347993,0.1,0,0,0.20689655172413793,0.0
29,linucb,hard,C,0.75,0.48979061712307925,738.4018658734983,0.35,1,0,0.23333333333333334,1.0
30,linucb,simple,A,0.8,0.39750450703885853,1036.0342653981734,1.0,0,0,0.22580645161290322,0.0
31,linucb,simple,B,0.95,0.693490870331761,521.3796520886939,0.1,0,0,0.21875,0.0
32,linucb,hard,E,0.9,0.5228883087305158,1124.7453879642276,0.6,0,0,0.21212121212121213,0.0
33,linucb,simple,B,0.95,0.8370393299849157,548.6783160699549,0.1,1,0,0.23529411764705882,1.0
34,linucb,hard,C,0.75,0.5584781412050175,733.0106497986242,0.35,0,0,0.22857142857142856,0.0
35,linucb,hard,D,0.55,0.6164783818288659,632.738952549471,0.22,1,0,0.25,1.0
36,linucb,simple,B,0.95,0.8704188662834804,612.0027256561581,0.1,1,0,0.2702702702702703,1.0
37,linucb,hard,E,0.9,0.5759448494386653,1055.284079456236,0.6,0,0,0.2631578947368421,0.0
38,linucb,simple,B,0.95,0.9740523700499273,635.1559940700308,0.1,1,0,0.28205128205128205,1.0
39,linucb,hard,D,0.55,0.6696992251230792,648.5007220978393,0.22,0,0,0.275,0.0
40,linucb,simple,B,0.95,1.0,705.7952395753674,0.1,1,0,0.2926829268292683,1.0
41,linucb,hard,C,0.75,0.5282363874165249,772.5580508534143,0.35,1,0,0.30952380952380953,1.0
42,linucb,hard,E,0.9,0.6039444793653543,1134.110720581789,0.6,0,0,0.3023255813953488,0.0
43,linucb,hard,E,0.9,0.8314711418415117,1111.7050231132964,0.6,1,0,0.3181818181818182,1.0
44,linucb,hard,E,0.9,1.0,1660.3710927304994,0.6,0,0,0.3111111111111111,0.0
45,linucb,hard,E,0.9,1.0,1858.1908331340298,0.6,0,0,0.30434782608695654,0.0
46,linucb,hard,E,0.9,1.0,1623.0747602451577,0.6,0,0,0.2978723404255319,0.0
47,linucb,hard,E,0.9,1.0,1639.828752511013,0.6,0,0,0.2916666666666667,0.0
48,linucb,hard,E,0.9,1.0,1669.2976561500677,0.6,0,0,0.2857142857142857,0.0
49,linucb,hard,E,0.9,1.0,1772.7752550850378,0.6,0,0,0.28,0.0
50,linucb,hard,E,0.9,1.0,1771.8271714355121,0.6,0,0,0.28,0.0
51,linucb,hard,E,0.9,1.0,1681.9971372465463,0.6,0,0,0.28,0.0
52,linucb,hard,E,0.9,1.0,1766.052578025318,0.6,0,0,0.26,0.0
53,linucb,simple,A,0.8,0.3210108448901927,1037.1832662888803,1.0,1,0,0.28,1.0
54,linucb,hard,D,0.55,0.398428276070258,479.2328616345643,0.22,1,0,0.28,1.0
55,linucb,hard,E,0.9,0.9814719999999999,1422.968823804076,0.6,0,0,0.28,0.0
56,linucb,hard,C,0.75,0.3776369376288796,459.412009841344,0.35,0,0,0.28,0.0
57,linucb,simple,B,0.95,0.4138165524602472,413.18386072523185,0.1,1,0,0.3,1.0
58,linucb,hard,E,0.9,0.9688456867839998,1370.8601753607334,0.6,0,0,0.3,0.0
59,linucb,hard,D,0.55,0.5102633178378768,497.9348497928307,0.22,0,0,0.3,0.0
60,linucb,simple,B,0.95,0.5820043936381896,550.8621004828228,0.1,1,0,0.32,1.0
61,linucb,hard,E,0.9,0.9602412078640659,1540.8923231277138,0.6,1,0,0.34,1.0
62,linucb,hard,E,0.9,1.0,1443.931380380442,0.6,0,0,0.34,0.0
63,linucb,hard,E,0.9,1.0,1596.6088076091849,0.6,0,0,0.34,0.0
64,linucb,simple,B,0.95,0.6490253343644359,576.0310570932173,0.1,1,0,0.36,1.0
65,linucb,simple,B,0.95,0.8711422942407037,616.0315542345716,0.1,1,0,0.38,1.0
66,linucb,hard,D,0.55,0.5085321657230883,569.6203623857966,0.22,1,0,0.4,1.0
67,linucb,hard,C,0.75,0.3925515850220233,605.3064112081719,0.35,0,0,0.4,0.0
68,linucb,hard,E,0.9,0.8277319167999999,1194.259374479353,0.6,0,0,0.38,0.0
69,linucb,hard,D,0.55,0.6465504320396445,601.9909780640119,0.22,0,0,0.38,0.0
70,linucb,hard,D,0.55,0.8689643801948872,655.9468857669916,0.22,0,0,0.38,0.0
71,linucb,simple,A,0.8,0.3321519859476225,977.9169059776582,1.0,0,0,0.36,0.0
72,linucb,simple,B,0.95,0.6560145966218799,477.8182929511917,0.1,1,0,0.36,1.0
73,linucb,hard,E,0.9,0.7368205510494021,1192.1203809271863,0.6,0,0,0.36,0.0
74,linucb,hard,C,0.75,0.4604262531148327,605.0306171312355,0.35,0,0,0.34,0.0
75,linucb,hard,E,0.9,0.870593834732657,1435.2993124256234,0.6,0,0,0.34,0.0
76,linucb,simple,B,0.95,0.6934089096864131,512.1166283439377,0.1,1,0,0.36,1.0
77,linucb,hard,D,0.55,0.6551245363003634,587.5043261932175,0.22,1,0,0.38,1.0
78,linucb,hard,D,0.55,0.8765095919443198,629.4210846390221,0.22,0,0,0.38,0.0
79,linucb,hard,D,0.55,1.0,835.2346477801585,0.22,0,0,0.36,0.0
80,linucb,hard,D,0.55,1.0,825.5342694497733,0.22,1,0,0.38,1.0
81,linucb,hard,D,0.55,1.0,911.6491304460839,0.22,1,0,0.4,1.0
82,linucb,hard,D,0.55,1.0,1023.1149352876974,0.22,1,0,0.42,1.0
83,linucb,simple,B,0.95,0.5833792996943109,497.31545314731517,0.1,1,0,0.42,1.0
84,linucb,hard,E,0.9,0.5755241280463785,1030.9098350435547,0.6,0,0,0.42,0.0
85,linucb,hard,C,0.75,0.412841661568093,530.0563927127131,0.35,0,0,0.4,0.0
86,linucb,simple,B,0.95,0.6975566581212814,516.9508300370427,0.1,1,0,0.4,1.0
87,linucb,hard,E,0.9,0.6922035785880216,1103.5871559831194,0.6,0,0,0.4,0.0
88,linucb,hard,D,0.55,0.764404086784,601.067585910837,0.22,0,0,0.38,0.0
89,linucb,hard,D,0.55,0.9726755963699198,658.6606229993138,0.22,0,0,0.38,0.0
90,linucb,hard,D,0.55,1.0,822.5087299231861,0.22,0,0,0.36,0.0
91,linucb,hard,D,0.55,1.0,907.0850477865106,0.22,0,0,0.34,0.0
92,linucb,simple,B,0.95,0.6239481627949126,451.5202691216748,0.1,1,0,0.36,1.0
93,linucb,hard,C,0.75,0.44847211477796634,667.8908730793623,0.35,0,0,0.34,0.0
94,linucb,hard,E,0.9,0.5828867102888525,1005.3658329726967,0.6,0,0,0.34,0.0
95,linucb,hard,E,0.9,0.8129403050541901,1171.49997992054,0.6,0,0,0.34,0.0
96,linucb,simple,B,0.95,0.6741788181086337,549.4282990664566,0.1,1,0,0.36,1.0
97,linucb,hard,E,0.9,0.9295409722339649,1583.884573570776,0.6,0,0,0.36,0.0
98,linucb,simple,B,0.95,0.822084076743326,522.9841588980242,0.1,1,0,0.38,1.0
99,linucb,simple,B,0.95,1.0,705.1649730978872,0.1,1,0,0.4,1.0
100,linucb,hard,C,0.75,0.4832796089621646,620.2976955760887,0.35,1,0,0.42,1.0
101,linucb,simple,B,0.95,1.0,737.9609071280703,0.1,1,0,0.44,1.0
102,linucb,hard,D,0.55,0.5450808588882738,496.946007202184,0.22,1,0,0.46,1.0
103,linucb,hard,E,0.9,0.731682626338626,1000.3167000746676,0.6,0,0,0.44,0.0
104,linucb,hard,E,0.9,0.943880711177991,1154.4786596894646,0.6,0,0,0.42,0.0
105,linucb,hard,E,0.9,1.0,1519.3001033176995,0.6,0,0,0.42,0.0
106,linucb,hard,E,0.9,1.0,1781.1118430199667,0.6,0,0,0.42,0.0
107,linucb,hard,D,0.55,0.587656566472099,504.6638191008514,0.22,1,0,0.42,1.0
108,linucb,hard,C,0.75,0.47380403251731024,710.8984778174045,0.35,0,0,0.42,0.0
109,linucb,simple,B,0.95,0.6596345248055295,535.1620916128307,0.1,1,0,0.44,1.0
110,linucb,simple,B,0.95,0.880478381828866,558.245601962503,0.1,1,0,0.44,1.0
111,linucb,hard,D,0.55,0.6524149161868493,545.6540993613829,0.22,1,0,0.44,1.0
112,linucb,hard,D,0.55,0.8741251262444274,682.6697689244094,0.22,1,0,0.46,1.0
113,linucb,hard,D,0.55,1.0,866.4971545837317,0.22,0,0,0.46,0.0
114,linucb,simple,B,0.95,0.8280188001630793,551.5312164876598,0.1,1,0,0.46,1.0
115,linucb,simple,B,0.95,1.0,714.4306849750436,0.1,1,0,0.46,1.0
116,linucb,hard,D,0.55,0.9814719999999999,768.6016346603728,0.22,0,0,0.44,0.0
117,linucb,hard,D,0.55,1.0,780.151921934965,0.22,1,0,0.46,1.0
118,linucb,hard,D,0.55,1.0,886.3911540471648,0.22,1,0,0.48,1.0
119,linucb,hard,D,0.55,1.0,833.1736800869519,0.22,0,0,0.48,0.0
120,linucb,simple,B,0.95,0.8277319167999999,596.3092670309607,0.1,1,0,0.5,1.0
121,linucb,hard,E,0.9,0.44697385390011257,840.9245467839186,0.6,0,0,0.5,0.0
122,linucb,simple,B,0.95,0.9409955963699199,598.2786646664123,0.1,1,0,0.5,1.0
123,linucb,hard,C,0.75,0.3696368046524834,563.6011616280744,0.35,0,0,0.5,0.0
124,linucb,hard,E,0.9,0.6046001661650175,941.0098043737644,0.6,0,0,0.5,0.0
125,linucb,hard,D,0.55,0.764404086784,574.7067300015267,0.22,1,0,0.52,1.0
126,linucb,hard,D,0.55,0.9726755963699198,762.9390659104106,0.22,1,0,0.52,1.0
127,linucb,simple,B,0.95,0.7965934097726569,506.00152639031506,0.1,1,0,0.52,1.0
128,linucb,simple,B,0.95,1.0,665.8557304777281,0.1,1,0,0.54,1.0
129,linucb,simple,B,0.95,1.0,646.8463294895549,0.1,0,0,0.54,0.0
130,linucb,hard,D,0.55,0.8833090419282739,675.6629112514527,0.22,1,0,0.54,1.0
131,linucb,hard,D,0.55,1.0,851.8433960885161,0.22,0,0,0.52,0.0
132,linucb,simple,B,0.95,0.9814719999999999,584.3559694534956,0.1,0,0,0.5,0.0
133,linucb,simple,B,0.95,1.0,713.5817165677053,0.1,1,0,0.5,1.0
134,linucb,hard,C,0.75,0.3905909055609477,591.0025587039692,0.35,1,0,0.52,1.0
135,linucb,hard,E,0.9,0.44817592800771555,1061.9064151911107,0.6,0,0,0.52,0.0
136,linucb,hard,D,0.55,0.8277319167999999,650.1682082663639,0.22,0,0,0.5,0.0
137,linucb,simple,B,0.95,0.8996953599999999,602.9721855114194,0.1,1,0,0.52,1.0
138,linucb,simple,B,0.95,1.0,588.132971773465,0.1,0,0,0.52,0.0
139,linucb,hard,E,0.9,0.5687690244899211,1084.882930221473,0.6,0,0,0.52,0.0
140,linucb,hard,D,0.55,0.796386989828866,631.2629317733197,0.22,1,0,0.54,1.0
141,linucb,hard,D,0.55,1.0,848.2544382768588,0.22,0,0,0.54,0.0
142,linucb,hard,D,0.55,1.0,949.6039781350484,0.22,0,0,0.52,0.0
143,linucb,simple,B,0.95,0.8277319167999999,635.9430357888465,0.1,1,0,0.54,1.0
144,linucb,hard,C,0.75,0.40877994841912013,663.9577987987681,0.35,0,0,0.54,0.0
145,linucb,hard,E,0.9,0.5641386594092683,973.0060510373969,0.6,0,0,0.54,0.0
146,linucb,hard,D,0.55,0.8996953599999999,673.7884114431142,0.22,0,0,0.52,0.0
147,linucb,simple,B,0.95,0.796386989828866,533.717571467814,0.1,1,0,0.54,1.0
148,linucb,hard,D,0.55,0.9967240867839999,664.715746798608,0.22,0,0,0.52,0.0
149,linucb,hard,D,0.55,1.0,808.0939900157351,0.22,1,0,0.52,1.0
150,linucb,simple,B,0.95,0.8427154347326571,550.1686783608906,0.1,1,0,0.52,1.0
151,linucb,hard,D,0.55,1.0,796.949322153067,0.22,1,0,0.52,1.0
152,linucb,hard,D,0.55,1.0,815.9901682260935,0.22,0,0,0.5,0.0
153,linucb,hard,D,0.55,1.0,974.9883817434611,0.22,1,0,0.52,1.0
154,linucb,hard,D,0.55,1.0,833.2277462990583,0.22,0,0,0.52,0.0
155,linucb,hard,C,0.75,0.40018414085486226,618.2568844398916,0.35,0,0,0.52,0.0
156,linucb,hard,E,0.9,0.4382595871801029,977.4437640716994,0.6,0,0,0.52,0.0
157,linucb,hard,E,0.9,0.6856684367184905,1155.9626362409565,0.6,1,0,0.52,1.0
158,linucb,hard,C,0.75,0.5727142868366447,845.4734118664591,0.35,0,0,0.52,0.0
159,linucb,hard,D,0.55,0.8277319167999999,703.2620010194322,0.22,0,0,0.5,0.0
160,linucb,hard,D,0.55,1.0,655.179014039563,0.22,0,0,0.48,0.0
161,linucb,hard,D,0.55,1.0,1084.3022392186836,0.22,0,0,0.46,0.0
162,linucb,hard,D,0.55,1.0,890.3003370329434,0.22,1,0,0.46,1.0
163,linucb,simple,B,0.95,0.45993948241705507,349.4941120729484,0.1,1,0,0.48,1.0
164,linucb,simple,B,0.95,0.7047467445270085,535.7669266055307,0.1,1,0,0.48,1.0
165,linucb,hard,E,0.9,0.5465900424134047,987.8530704794971,0.6,0,0,0.46,0.0
166,linucb,hard,C,0.75,0.5059678303958345,576.8294349841821,0.35,1,0,0.48,1.0
167,linucb,hard,E,0.9,0.7232793288449406,1224.4523302386897,0.6,0,0,0.46,0.0
168,linucb,hard,E,0.9,0.9364858093835478,1295.8845390810106,0.6,0,0,0.44,0.0
169,linucb,hard,E,0.9,1.0,1629.575135281133,0.6,0,0,0.44,0.0
170,linucb,simple,B,0.95,0.6272872683060623,454.2650768404635,0.1,0,0,0.42,0.0
171,linucb,hard,D,0.55,0.6164783818288659,652.3375239608494,0.22,1,0,0.44,1.0
172,linucb,hard,C,0.75,0.5349735282170593,701.9498093806175,0.35,1,0,0.44,1.0
173,linucb,simple,B,0.95,0.7274787093070689,493.31509172892487,0.1,1,0,0.46,1.0
174,linucb,simple,B,0.95,0.9401812641902207,667.7473286653466,0.1,1,0,0.48,1.0
175,linucb,hard,D,0.55,0.6696992251230792,634.5345011481103,0.22,0,0,0.46,0.0
176,linucb,hard,D,0.55,0.8893353181083097,692.9969912701808,0.22,0,0,0.44,0.0
177,linucb,hard,D,0.55,1.0,984.5712780129436,0.22,1,0,0.44,1.0
178,linucb,hard,D,0.55,1.0,980.5175939382575,0.22,1,0,0.44,1.0
179,linucb,hard,D,0.55,1.0,936.6447958756962,0.22,0,0,0.44,0.0
180,linucb,simple,B,0.95,0.7366240214076861,607.1518376729049,0.1,1,0,0.44,1.0
181,linucb,hard,E,0.9,0.515671155821681,1127.6942159984037,0.6,0,0,0.44,0.0
182,linucb,simple,B,0.95,0.870441642178112,612.2723544472328,0.1,1,0,0.46,1.0
183,linucb,hard,C,0.75,0.43111177177792714,674.4740030782377,0.35,0,0,0.44,0.0
184,linucb,hard,D,0.55,0.8277319167999999,753.3098204015635,0.22,1,0,0.44,1.0
185,linucb,hard,D,0.55,1.0,879.8124484014371,0.22,1,0,0.46,1.0
186,linucb,simple,B,0.95,0.821999813964994,608.1390512043903,0.1,1,0,0.48,1.0
187,linucb,hard,D,0.55,1.0,828.1187200988157,0.22,0,0,0.46,0.0
188,linucb,hard,D,0.55,1.0,813.6866878800787,0.22,1,0,0.48,1.0
189,linucb,hard,D,0.55,1.0,779.6580318427324,0.22,1,0,0.5,1.0
190,linucb,hard,D,0.55,1.0,1001.1320158319074,0.22,0,0,0.48,0.0
191,linucb,hard,D,0.55,1.0,823.7263443832986,0.22,0,0,0.48,0.0
192,linucb,hard,E,0.9,0.4263811297726865,949.6944585421272,0.6,0,0,0.48,0.0
193,linucb,simple,B,0.95,0.6359312641881073,416.70036866933833,0.1,1,0,0.48,1.0
194,linucb,hard,C,0.75,0.4056572433041799,521.6711353149765,0.35,0,0,0.48,0.0
195,linucb,simple,B,0.95,0.7924651709872703,541.8967254804958,0.1,1,0,0.5,1.0
196,linucb,hard,D,0.55,0.8277319167999999,754.9020351130637,0.22,0,0,0.5,0.0
197,linucb,hard,E,0.9,0.5250149309022895,1000.5240591779643,0.6,0,0,0.48,0.0
198,linucb,simple,B,0.95,0.8400428250030372,573.328407223635,0.1,1,0,0.5,1.0
199,linucb,simple,B,0.95,1.0,557.3711697389397,0.1,1,0,0.5,1.0
200,linucb,simple,B,0.95,1.0,731.993120281573,0.1,1,0,0.5,1.0
201,linucb,simple,B,0.95,1.0,736.5727632241895,0.1,1,0,0.5,1.0
202,linucb,simple,B,0.95,1.0,679.1519511026416,0.1,1,0,0.52,1.0
203,linucb,hard,C,0.75,0.4283817479380655,643.9968161793236,0.35,0,0,0.5,0.0
204,linucb,hard,D,0.55,0.5976809745647381,599.2039869871232,0.22,1,0,0.52,1.0
205,linucb,hard,E,0.9,0.4888134951908528,873.7502375486511,0.6,0,0,0.52,0.0
206,linucb,hard,D,0.55,0.7628441467029332,717.0358421924996,0.22,1,0,0.54,1.0
207,linucb,hard,D,0.55,0.9713028490985811,789.0624909463006,0.22,1,0,0.54,1.0
208,linucb,hard,D,0.55,1.0,892.0973036250149,0.22,1,0,0.56,1.0
209,linucb,simple,B,0.95,0.70867559636992,441.06529019546167,0.1,1,0,0.58,1.0
210,linucb,hard,D,0.55,1.0,800.4735470961404,0.22,0,0,0.58,0.0
211,linucb,simple,B,0.95,0.848798381828866,594.6427672173229,0.1,1,0,0.6,1.0
212,linucb,hard,D,0.55,1.0,912.396003476276,0.22,0,0,0.58,0.0
213,linucb,hard,D,0.55,1.0,838.7764333807529,0.22,1,0,0.58,1.0
214,linucb,simple,B,0.95,0.878432330861681,556.2236321604518,0.1,1,0,0.58,1.0
215,linucb,simple,B,0.95,1.0,702.6591530071391,0.1,1,0,0.6,1.0
216,linucb,hard,C,0.75,0.3813028363054288,630.3950963718338,0.35,0,0,0.58,0.0
217,linucb,simple,B,0.95,1.0,690.2181771398356,0.1,1,0,0.6,1.0
218,linucb,hard,D,0.55,0.8277319167999999,720.1212210196422,0.22,0,0,0.6,0.0
219,linucb,hard,E,0.9,0.38163954912111797,863.9865260439934,0.6,0,0,0.6,0.0
220,linucb,simple,B,0.95,0.9814719999999999,610.9021512607189,0.1,1,0,0.62,1.0
221,linucb,hard,C,0.75,0.5012256766847406,693.2565929278493,0.35,0,0,0.6,0.0
222,linucb,hard,D,0.55,0.796386989828866,747.7288953547991,0.22,0,0,0.58,0.0
223,linucb,simple,B,0.95,0.9688456867839998,691.5367958358026,0.1,0,0,0.56,0.0
224,linucb,hard,E,0.9,0.5014033707843754,882.490767858393,0.6,0,0,0.54,0.0
225,linucb,hard,D,0.55,0.8427154347326571,668.0837454225245,0.22,1,0,0.56,1.0
226,linucb,hard,D,0.55,1.0,775.0010407738265,0.22,1,0,0.58,1.0
227,linucb,simple,B,0.95,0.881012262920378,630.2061125612055,0.1,1,0,0.58,1.0
228,linucb,hard,D,0.55,1.0,702.3244863665495,0.22,0,0,0.56,0.0
229,linucb,simple,B,0.95,0.9822558964055408,691.3013563085905,0.1,1,0,0.58,1.0
230,linucb,hard,D,0.55,1.0,819.4306890850016,0.22,0,0,0.56,0.0
231,linucb,hard,D,0.55,1.0,778.2609610206832,0.22,0,0,0.56,0.0
232,linucb,hard,D,0.55,1.0,893.9590652936386,0.22,0,0,0.54,0.0
233,linucb,hard,C,0.75,0.4080999210181022,635.5786361053816,0.35,0,0,0.54,0.0
234,linucb,hard,E,0.9,0.4396413281378527,801.7387757535276,0.6,0,0,0.52,0.0
235,linucb,hard,E,0.9,0.6868843687613104,1210.8726151003125,0.6,1,0,0.52,1.0
236,linucb,simple,B,0.95,0.7014240142514048,513.7591249323582,0.1,1,0,0.52,1.0
237,linucb,hard,C,0.75,0.5447356290509223,660.4229271106369,0.35,0,0,0.52,0.0
238,linucb,hard,C,0.75,0.7793673535648116,962.2039878039614,0.35,0,0,0.5,0.0
239,linucb,hard,C,0.75,0.9858432711370342,1069.7541239525574,0.35,0,0,0.48,0.0
240,linucb,hard,C,0.75,1.0,1027.6797163241786,0.35,0,0,0.48,0.0
241,linucb,hard,C,0.75,1.0,1213.2116945371083,0.35,0,0,0.48,0.0
242,linucb,hard,D,0.55,0.5785009760094021,512.1571704525568,0.22,0,0,0.48,0.0
243,linucb,simple,B,0.95,0.5866548773323761,427.82970052487155,0.1,1,0,0.48,1.0
244,linucb,hard,E,0.9,0.5173840535291216,1180.3078023376936,0.6,0,0,0.48,0.0
245,linucb,simple,B,0.95,0.7543055370061921,505.4569511311489,0.1,1,0,0.48,1.0
246,linucb,hard,D,0.55,0.6469243510683098,557.5140698698248,0.22,0,0,0.48,0.0
247,linucb,hard,D,0.55,0.8692934289401126,685.2764408812509,0.22,0,0,0.48,0.0
248,linucb,hard,D,0.55,1.0,717.9996188221512,0.22,1,0,0.48,1.0
249,linucb,hard,D,0.55,1.0,823.5728544711777,0.22,1,0,0.48,1.0
250,linucb,hard,D,0.55,1.0,938.7578522152581,0.22,0,0,0.46,0.0
251,linucb,simple,B,0.95,0.6503025740694753,548.0279625323213,0.1,0,0,0.44,0.0
252,linucb,hard,D,0.55,1.0,821.7272807316853,0.22,0,0,0.42,0.0
253,linucb,hard,D,0.55,1.0,922.8545498436948,0.22,1,0,0.44,1.0
254,linucb,simple,B,0.95,0.7431629957562735,536.1862944737264,0.1,1,0,0.44,1.0
255,linucb,simple,B,0.95,0.9539834362655206,627.283215909462,0.1,1,0,0.46,1.0
256,linucb,hard,E,0.9,0.41158481682833215,934.8674586837956,0.6,0,0,0.44,0.0
257,linucb,hard,C,0.75,0.4293369914320991,652.0895779884718,0.35,0,0,0.42,0.0
258,linucb,hard,D,0.55,0.8277319167999999,693.7824449152372,0.22,0,0,0.4,0.0
259,linucb,simple,B,0.95,0.8720994402452884,611.1832510620209,0.1,1,0,0.4,1.0
260,linucb,simple,B,0.95,1.0,729.579995294329,0.1,1,0,0.42,1.0
261,linucb,simple,B,0.95,1.0,643.1661962607898,0.1,1,0,0.42,1.0
262,linucb,hard,E,0.9,0.4911416709933215,938.9826356526046,0.6,0,0,0.42,0.0
263,linucb,hard,D,0.55,0.7368205510494021,631.1361548017678,0.22,1,0,0.42,1.0
264,linucb,simple,B,0.95,0.9814719999999999,642.0636275661184,0.1,1,0,0.42,1.0
265,linucb,simple,B,0.95,1.0,731.4641007267385,0.1,0,0,0.4,0.0
266,linucb,hard,D,0.55,0.8021225745647382,550.6954250604722,0.22,0,0,0.4,0.0
267,linucb,simple,B,0.95,1.0,702.6977073996587,0.1,1,0,0.4,1.0
268,linucb,hard,C,0.75,0.40522227861268634,658.1974364851154,0.35,0,0,0.4,0.0
269,linucb,hard,E,0.9,0.5007176152953147,994.8653415711981,0.6,0,0,0.4,0.0
270,linucb,simple,B,0.95,0.9814719999999999,605.4805828666298,0.1,0,0,0.38,0.0
271,linucb,hard,D,0.55,0.7233056837836003,665.4877357977266,0.22,0,0,0.38,0.0
272,linucb,hard,D,0.55,0.9365090017295683,706.1048130325225,0.22,1,0,0.4,1.0
273,linucb,simple,B,0.95,0.9688456867839998,607.3359206397342,0.1,1,0,0.42,1.0
274,linucb,hard,D,0.55,1.0,881.3270648778222,0.22,0,0,0.42,0.0
275,linucb,hard,D,0.55,1.0,834.08588820244,0.22,0,0,0.4,0.0
276,linucb,hard,D,0.55,1.0,773.9358654926089,0.22,1,0,0.4,1.0
277,linucb,hard,D,0.55,1.0,986.9492324467055,0.22,0,0,0.38,0.0
278,linucb,hard,D,0.55,1.0,985.8960314583237,0.22,1,0,0.4,1.0
279,linucb,hard,D,0.55,1.0,769.105810032079,0.22,0,0,0.38,0.0
280,linucb,simple,B,0.95,0.6959435888368758,513.6398008375016,0.1,1,0,0.4,1.0
281,linucb,hard,C,0.75,0.3769073863299221,575.9514711479571,0.35,0,0,0.4,0.0
282,linucb,hard,E,0.9,0.3950315052112944,880.9469859048618,0.6,0,0,0.4,0.0
283,linucb,hard,E,0.9,0.647627724585939,1103.3701458031862,0.6,1,0,0.42,1.0
284,linucb,hard,E,0.9,0.8699123976356262,1414.0910323450146,0.6,0,0,0.42,0.0
285,linucb,simple,B,0.95,0.6672716441215556,404.9767506709036,0.1,1,0,0.42,1.0
286,linucb,simple,B,0.95,0.8871990468269688,602.5472634696458,0.1,1,0,0.42,1.0
287,linucb,hard,D,0.55,0.6596345248055295,550.4913827623179,0.22,1,0,0.44,1.0
288,linucb,hard,C,0.75,0.45403285088460876,691.4603345662049,0.35,0,0,0.44,0.0
289,linucb,hard,D,0.55,0.8108209760094021,797.1948486057972,0.22,0,0,0.44,0.0
290,linucb,hard,D,0.55,1.0,654.0747083106222,0.22,0,0,0.44,0.0
291,linucb,simple,B,0.95,0.7682032535651292,581.680856959864,0.1,1,0,0.46,1.0
292,linucb,hard,D,0.55,1.0,836.8060387150484,0.22,0,0,0.46,0.0
293,linucb,hard,D,0.55,1.0,789.1141599753578,0.22,0,0,0.44,0.0
294,linucb,simple,B,0.95,0.8235090076135356,607.1489387221014,0.1,1,0,0.46,1.0
295,linucb,hard,D,0.55,1.0,702.5190968361238,0.22,1,0,0.46,1.0
296,linucb,hard,D,0.55,1.0,861.5258111458534,0.22,1,0,0.48,1.0
297,linucb,hard,D,0.55,1.0,881.5548596994149,0.22,0,0,0.48,0.0
298,linucb,hard,D,0.55,1.0,772.0071855910215,0.22,0,0,0.46,0.0
299,linucb,simple,B,0.95,0.7345919870899569,548.3537629311022,0.1,1,0,0.46,1.0
300,linucb,simple,B,0.95,0.9464409486391621,592.1751129002961,0.1,1,0,0.48,1.0
301,linucb,hard,C,0.75,0.3861711749635409,653.3903428068504,0.35,0,0,0.48,0.0
302,linucb,simple,B,0.95,1.0,638.1744216001773,0.1,1,0,0.5,1.0
303,linucb,hard,E,0.9,0.37667367702399407,752.5656715291636,0.6,0,0,0.48,0.0
304,linucb,hard,C,0.75,0.5631648429447542,740.6434948318057,0.35,1,0,0.48,1.0
305,linucb,hard,D,0.55,0.70867559636992,690.5263695077781,0.22,1,0,0.48,1.0
306,linucb,hard,D,0.55,0.9236345248055295,793.8001422110935,0.22,0,0,0.48,0.0
307,linucb,simple,B,0.95,0.8277319167999999,546.4262480228289,0.1,1,0,0.5,1.0
308,linucb,simple,B,0.95,1.0,652.2568070718938,0.1,1,0,0.52,1.0
309,linucb,simple,B,0.95,1.0,646.3379798961677,0.1,1,0,0.52,1.0
310,linucb,simple,B,0.95,1.0,621.1179450635539,0.1,1,0,0.52,1.0
311,linucb,hard,E,0.9,0.4354648588432756,862.9342282830235,0.6,0,0,0.5,0.0
312,linucb,hard,C,0.75,0.5025335206796174,721.6491536176413,0.35,0,0,0.5,0.0
313,linucb,hard,D,0.55,0.6774668902527474,681.2687073042121,0.22,1,0,0.5,1.0
314,linucb,simple,B,0.95,0.8996953599999999,628.3226076634792,0.1,0,0,0.48,0.0
315,linucb,simple,B,0.95,1.0,697.0233493475605,0.1,0,0,0.48,0.0
316,linucb,hard,D,0.55,0.7616747166343203,705.1244401328561,0.22,0,0,0.48,0.0
317,linucb,hard,E,0.9,0.5022316600976349,991.7386739875236,0.6,0,0,0.46,0.0
318,linucb,hard,C,0.75,0.5333786207495661,588.3972520421487,0.35,1,0,0.48,1.0
319,linucb,simple,B,0.95,0.8996953599999999,572.2386545943382,0.1,1,0,0.5,1.0
320,linucb,simple,B,0.95,1.0,797.2582613128723,0.1,0,0,0.5,0.0
321,linucb,simple,B,0.95,1.0,755.3664013431221,0.1,1,0,0.52,1.0
322,linucb,simple,B,0.95,1.0,753.4027447086314,0.1,1,0,0.52,1.0
323,linucb,simple,B,0.95,1.0,627.6617938119019,0.1,1,0,0.52,1.0
324,linucb,hard,D,0.55,0.5739245247731702,595.9303859383377,0.22,1,0,0.54,1.0
325,linucb,simple,B,0.95,1.0,619.4874948173485,0.1,1,0,0.56,1.0
326,linucb,hard,D,0.55,0.744447151984343,601.489683191421,0.22,0,0,0.54,0.0
327,linucb,simple,B,0.95,1.0,645.3587884105743,0.1,1,0,0.56,1.0
328,linucb,simple,B,0.95,1.0,802.4897457704601,0.1,1,0,0.56,1.0
329,linucb,simple,B,0.95,1.0,743.7886003541157,0.1,1,0,0.58,1.0
330,linucb,simple,B,0.95,1.0,625.6273821645211,0.1,1,0,0.58,1.0
331,linucb,hard,C,0.75,0.401230257592317,623.7679043040789,0.35,0,0,0.58,0.0
332,linucb,simple,B,0.95,1.0,634.1646134643773,0.1,1,0,0.6,1.0
333,linucb,hard,D,0.55,0.6042373838030899,623.6628000916911,0.22,0,0,0.58,0.0
334,linucb,simple,B,0.95,1.0,672.0013345850122,0.1,1,0,0.6,1.0
335,linucb,simple,B,0.95,1.0,759.249165579818,0.1,1,0,0.6,1.0
336,linucb,hard,E,0.9,0.3442664666030889,870.7946242354875,0.6,0,0,0.58,0.0
337,linucb,simple,B,0.95,1.0,644.1005238918274,0.1,1,0,0.58,1.0
338,linucb,hard,D,0.55,0.6188753527566219,598.2066459187944,0.22,1,0,0.6,1.0
339,linucb,hard,C,0.75,0.4442962530268132,658.9957610255595,0.35,0,0,0.6,0.0
340,linucb,simple,B,0.95,0.9814719999999999,643.0746853470187,0.1,1,0,0.62,1.0
341,linucb,hard,D,0.55,0.7217462243937606,687.6377023182896,0.22,0,0,0.6,0.0
342,linucb,hard,D,0.55,0.9351366774665093,754.1213602080041,0.22,0,0,0.6,0.0
343,linucb,hard,D,0.55,1.0,827.9431627804877,0.22,0,0,0.6,0.0
344,linucb,hard,D,0.55,1.0,765.0854669189605,0.22,1,0,0.6,1.0
345,linucb,simple,B,0.95,0.8179540998455295,603.5577685361083,0.1,1,0,0.6,1.0
346,linucb,simple,B,0.95,1.0,623.8132164822911,0.1,1,0,0.6,1.0
347,linucb,hard,C,0.75,0.45978427183017534,654.8492702533093,0.35,0,0,0.6,0.0
348,linucb,hard,E,0.9,0.37424834676293434,848.0321806055657,0.6,0,0,0.6,0.0
349,linucb,hard,C,0.75,0.6560569401052878,767.7180803684865,0.35,0,0,0.58,0.0
350,linucb,simple,B,0.95,0.8996953599999999,599.5932129271949,0.1,1,0,0.58,1.0
351,linucb,hard,C,0.75,0.8080504944175348,871.9471649779241,0.35,0,0,0.58,0.0
352,linucb,simple,B,0.95,0.9967240867839999,593.8079329110725,0.1,1,0,0.58,1.0
353,linucb,hard,D,0.55,0.6164783818288659,544.2068677827809,0.22,0,0,0.58,0.0
354,linucb,simple,B,0.95,1.0,609.0925564177483,0.1,1,0,0.58,1.0
355,linucb,hard,E,0.9,0.4529461663037988,877.7566995902479,0.6,0,0,0.56,0.0
356,linucb,simple,B,0.95,1.0,707.4149728941263,0.1,1,0,0.58,1.0
357,linucb,hard,D,0.55,0.6696992251230792,614.1606725429561,0.22,1,0,0.58,1.0
358,linucb,hard,D,0.55,0.8893353181083097,762.1612796865367,0.22,0,0,0.56,0.0
359,linucb,hard,D,0.55,1.0,790.2384997242048,0.22,0,0,0.54,0.0
360,linucb,simple,B,0.95,0.8996953599999999,619.8068610843485,0.1,1,0,0.54,1.0
361,linucb,hard,D,0.55,1.0,860.8429494568246,0.22,1,0,0.56,1.0
362,linucb,hard,D,0.55,1.0,867.5318414793699,0.22,0,0,0.56,0.0
363,linucb,hard,D,0.55,1.0,866.5508643623531,0.22,1,0,0.56,1.0
364,linucb,hard,D,0.55,1.0,949.9316092532231,0.22,0,0,0.56,0.0
365,linucb,hard,D,0.55,1.0,861.3165531564487,0.22,0,0,0.56,0.0
366,linucb,hard,D,0.55,1.0,952.5788515897507,0.22,1,0,0.58,1.0
367,linucb,simple,B,0.95,0.6676835377992498,478.506619180076,0.1,1,0,0.6,1.0
368,linucb,hard,E,0.9,0.38596493242633084,814.5951394394626,0.6,0,0,0.58,0.0
369,linucb,simple,B,0.95,0.817054131671739,525.8658288232617,0.1,0,0,0.56,0.0
370,linucb,hard,C,0.75,0.37122119744061854,580.0725931682912,0.35,1,0,0.58,1.0
371,linucb,simple,B,0.95,0.9327267195665947,626.4122250746334,0.1,1,0,0.58,1.0
372,linucb,simple,B,0.95,1.0,722.6777661733078,0.1,0,0,0.56,0.0
373,linucb,hard,D,0.55,0.70867559636992,599.0568305172989,0.22,0,0,0.54,0.0
374,linucb,hard,E,0.9,0.47924369197409844,1020.0401591942575,0.6,0,0,0.52,0.0
375,linucb,hard,E,0.9,0.7217344489372066,1188.889353931368,0.6,0,0,0.5,0.0
376,linucb,hard,E,0.9,0.9351263150647418,1319.446356120961,0.6,0,0,0.5,0.0
377,linucb,hard,E,0.9,1.0,1587.0254316514959,0.6,0,0,0.48,0.0
378,linucb,hard,E,0.9,1.0,1533.8812734387116,0.6,0,0,0.46,0.0
379,linucb,simple,B,0.95,0.70867559636992,549.5586415553389,0.1,1,0,0.46,1.0
380,linucb,simple,B,0.95,0.9236345248055295,544.5745564156018,0.1,1,0,0.46,1.0
381,linucb,hard,D,0.55,0.5548642113417714,572.7961110211447,0.22,0,0,0.46,0.0
382,linucb,hard,C,0.75,0.38006170471752665,584.1684759859711,0.35,0,0,0.44,0.0
383,linucb,hard,C,0.75,0.6344543001514235,746.7138776065236,0.35,0,0,0.44,0.0
384,linucb,hard,C,0.75,0.8583197841332526,967.1616250146274,0.35,0,0,0.42,0.0
385,linucb,hard,C,0.75,1.0,1144.5841081446342,0.35,0,0,0.4,0.0
386,linucb,hard,C,0.75,1.0,1152.8554077224414,0.35,0,0,0.4,0.0
387,linucb,hard,C,0.75,1.0,1166.1102985294278,0.35,0,0,0.38,0.0
388,linucb,simple,B,0.95,0.6321708634224178,491.4668061091729,0.1,0,0,0.36,0.0
389,linucb,hard,D,0.55,0.49954832697749296,551.0267500974762,0.22,0,0,0.36,0.0
390,linucb,simple,B,0.95,0.7895531166343204,471.9425537274696,0.1,1,0,0.36,1.0
391,linucb,hard,D,0.55,0.6868502244113706,654.518760956269,0.22,1,0,0.38,1.0
392,linucb,hard,D,0.55,0.9044281974820061,675.1354899867152,0.22,1,0,0.4,1.0
393,linucb,hard,D,0.55,1.0,761.9472753981948,0.22,0,0,0.4,0.0
394,linucb,hard,D,0.55,1.0,843.2196182041268,0.22,0,0,0.38,0.0
395,linucb,hard,D,0.55,1.0,762.1359720421283,0.22,1,0,0.38,1.0
396,linucb,hard,D,0.55,1.0,901.0288107774402,0.22,0,0,0.36,0.0
397,linucb,hard,D,0.55,1.0,876.4480530311247,0.22,1,0,0.38,1.0
398,linucb,hard,D,0.55,1.0,832.3085658675972,0.22,1,0,0.4,1.0
399,linucb,hard,D,0.55,1.0,809.428321657214,0.22,1,0,0.42,1.0
400,linucb,hard,D,0.55,1.0,863.5010963957715,0.22,0,0,0.4,0.0
401,linucb,hard,D,0.55,1.0,961.4785903193351,0.22,0,0,0.4,0.0
402,linucb,hard,D,0.55,1.0,862.0244012716041,0.22,1,0,0.4,1.0
403,linucb,simple,B,0.95,0.4498497732574783,406.19959395858376,0.1,0,0,0.4,0.0
404,linucb,simple,B,0.95,0.6958678004665809,489.62033047942697,0.1,1,0,0.4,1.0
405,linucb,hard,D,0.55,0.9814719999999999,850.8568354329002,0.22,0,0,0.4,0.0
406,linucb,hard,D,0.55,1.0,929.3694018152014,0.22,1,0,0.4,1.0
407,linucb,hard,D,0.55,1.0,926.7535617613644,0.22,1,0,0.4,1.0
408,linucb,hard,D,0.55,1.0,972.574852363396,0.22,0,0,0.4,0.0
409,linucb,hard,D,0.55,1.0,904.0157591057502,0.22,0,0,0.4,0.0
410,linucb,simple,B,0.95,0.6231638503980732,512.8036415701409,0.1,1,0,0.4,1.0
411,linucb,simple,B,0.95,0.8483841883503045,571.4816292341021,0.1,1,0,0.4,1.0
412,linucb,hard,E,0.9,0.3129542076139362,938.1996041110586,0.6,0,0,0.4,0.0
413,linucb,hard,D,0.55,0.8996953599999999,746.6808275002473,0.22,1,0,0.4,1.0
414,linucb,hard,D,0.55,1.0,855.8764352814824,0.22,0,0,0.4,0.0
415,linucb,hard,D,0.55,1.0,952.6722267693722,0.22,0,0,0.4,0.0
416,linucb,hard,D,0.55,1.0,746.8683323467787,0.22,1,0,0.4,1.0
417,linucb,hard,D,0.55,1.0,852.0305042238845,0.22,1,0,0.4,1.0
418,linucb,simple,B,0.95,0.6467139141248712,496.80686207913806,0.1,1,0,0.42,1.0
419,linucb,hard,D,0.55,1.0,768.2756677784758,0.22,1,0,0.44,1.0
420,linucb,hard,D,0.55,1.0,837.3448661778394,0.22,1,0,0.44,1.0
421,linucb,hard,D,0.55,1.0,875.9002035746834,0.22,0,0,0.42,0.0
422,linucb,hard,D,0.55,1.0,845.714848069725,0.22,0,0,0.42,0.0
423,linucb,hard,D,0.55,1.0,868.9639495582452,0.22,0,0,0.42,0.0
424,linucb,hard,D,0.55,1.0,870.5470105560191,0.22,1,0,0.44,1.0
425,linucb,hard,D,0.55,1.0,905.4407963041355,0.22,1,0,0.46,1.0
426,linucb,hard,D,0.55,1.0,839.8673647825982,0.22,0,0,0.46,0.0
427,linucb,hard,D,0.55,1.0,846.0277909720111,0.22,1,0,0.48,1.0
428,linucb,simple,B,0.95,0.48011045628263727,417.21764721824474,0.1,1,0,0.5,1.0
429,linucb,simple,B,0.95,0.7224972015287208,451.53334831163085,0.1,1,0,0.5,1.0
430,linucb,hard,D,0.55,0.9814719999999999,817.7934936815901,0.22,1,0,0.5,1.0
431,linucb,hard,D,0.55,1.0,891.4745781762973,0.22,0,0,0.5,0.0
432,linucb,hard,D,0.55,1.0,903.2155889744816,0.22,1,0,0.52,1.0
433,linucb,simple,B,0.95,0.7332782193697587,603.6238974828823,0.1,0,0,0.52,0.0
434,linucb,hard,D,0.55,1.0,808.3493890186357,0.22,0,0,0.52,0.0
435,linucb,hard,D,0.55,1.0,1008.5051321966528,0.22,0,0,0.52,0.0
436,linucb,hard,D,0.55,1.0,831.3079253938203,0.22,1,0,0.54,1.0
437,linucb,simple,B,0.95,0.7397435457451064,520.1774889232299,0.1,1,0,0.56,1.0
438,linucb,hard,D,0.55,1.0,783.6666302861747,0.22,1,0,0.58,1.0
439,linucb,simple,B,0.95,0.8728574018250104,597.7206636991878,0.1,1,0,0.6,1.0
440,linucb,hard,D,0.55,1.0,720.839682770765,0.22,0,0,0.58,0.0
441,linucb,simple,B,0.95,0.975940771973288,640.9552141260729,0.1,0,0,0.56,0.0
442,linucb,hard,D,0.55,1.0,825.8767259588817,0.22,1,0,0.56,1.0
443,linucb,simple,B,0.95,1.0,613.5949149053988,0.1,1,0,0.58,1.0
444,linucb,simple,B,0.95,1.0,721.0840474780609,0.1,1,0,0.6,1.0
445,linucb,hard,D,0.55,0.9814719999999999,655.3029502906165,0.22,0,0,0.58,0.0
446,linucb,simple,B,0.95,1.0,745.7768151145633,0.1,1,0,0.6,1.0
447,linucb,hard,D,0.55,1.0,849.8437427270433,0.22,0,0,0.58,0.0
448,linucb,simple,B,0.95,1.0,668.1630510481305,0.1,1,0,0.58,1.0
449,linucb,hard,D,0.55,1.0,783.4913498975995,0.22,0,0,0.56,0.0
450,linucb,simple,B,0.95,1.0,600.670182237654,0.1,1,0,0.58,1.0
451,linucb,simple,B,0.95,1.0,822.345264175275,0.1,1,0,0.6,1.0
452,linucb,hard,E,0.9,0.3018827284311313,787.4379528905442,0.6,0,0,0.58,0.0
453,linucb,hard,C,0.75,0.3002166987279248,582.6794211441583,0.35,0,0,0.58,0.0
454,linucb,hard,D,0.55,0.8277319167999999,637.7704559982201,0.22,1,0,0.58,1.0
455,linucb,hard,D,0.55,1.0,738.9785229502542,0.22,1,0,0.6,1.0
456,linucb,simple,B,0.95,0.8277319167999999,585.6111617061259,0.1,1,0,0.6,1.0
457,linucb,hard,D,0.55,1.0,922.8844495638928,0.22,1,0,0.6,1.0
458,linucb,hard,D,0.55,1.0,879.0674506757798,0.22,0,0,0.6,0.0
459,linucb,hard,D,0.55,1.0,908.2750410135114,0.22,0,0,0.6,0.0
460,linucb,hard,D,0.55,1.0,793.1601310954774,0.22,0,0,0.58,0.0
461,linucb,hard,D,0.55,1.0,859.8581654780002,0.22,0,0,0.56,0.0
462,linucb,hard,D,0.55,1.0,812.2870865022735,0.22,0,0,0.56,0.0
463,linucb,hard,D,0.55,1.0,727.3736342268361,0.22,0,0,0.54,0.0
464,linucb,hard,D,0.55,1.0,843.1695859947557,0.22,1,0,0.56,1.0
465,linucb,hard,D,0.55,1.0,908.2263429624818,0.22,1,0,0.58,1.0
466,linucb,hard,D,0.55,1.0,885.475070771555,0.22,0,0,0.56,0.0
467,linucb,hard,D,0.55,1.0,750.8120279477148,0.22,0,0,0.54,0.0
468,linucb,simple,B,0.95,0.4785178992067515,420.4332377813152,0.1,0,0,0.52,0.0
469,linucb,hard,E,0.9,0.3343592513973244,818.1871399061873,0.6,0,0,0.5,0.0
470,linucb,hard,C,0.75,0.3341696296402091,581.2126172125095,0.35,0,0,0.48,0.0
471,linucb,hard,D,0.55,0.8996953599999999,695.6375131211249,0.22,1,0,0.5,1.0
472,linucb,hard,D,0.55,1.0,831.0277929276522,0.22,0,0,0.5,0.0
473,linucb,hard,D,0.55,1.0,906.8942253399318,0.22,0,0,0.5,0.0
474,linucb,hard,D,0.55,1.0,837.5087297627628,0.22,1,0,0.5,1.0
475,linucb,simple,B,0.95,0.49555858783200046,341.026127624062,0.1,1,0,0.5,1.0
476,linucb,hard,D,0.55,1.0,778.7852892634406,0.22,1,0,0.52,1.0
477,linucb,hard,D,0.55,1.0,861.4279078777928,0.22,1,0,0.52,1.0
478,linucb,simple,B,0.95,0.637709301967049,461.568964249447,0.1,1,0,0.52,1.0
479,linucb,simple,B,0.95,0.8611841857310032,592.833546713244,0.1,0,0,0.5,0.0
480,linucb,hard,D,0.55,0.9814719999999999,703.9232468738113,0.22,0,0,0.48,0.0
481,linucb,hard,D,0.55,1.0,914.5374544709709,0.22,1,0,0.5,1.0
482,linucb,hard,D,0.55,1.0,880.1558456629423,0.22,1,0,0.5,1.0
483,linucb,simple,B,0.95,0.816448160288261,560.6250541899832,0.1,1,0,0.52,1.0
484,linucb,simple,B,0.95,1.0,630.2340582652864,0.1,1,0,0.54,1.0
485,linucb,simple,B,0.95,1.0,631.6214839307781,0.1,0,0,0.54,0.0
486,linucb,hard,D,0.55,0.8996953599999999,692.1570653970472,0.22,0,0,0.52,0.0
487,linucb,simple,B,0.95,1.0,598.9423030889158,0.1,1,0,0.52,1.0
488,linucb,hard,D,0.55,0.9967240867839999,687.6944558357237,0.22,0,0,0.5,0.0
489,linucb,hard,D,0.55,1.0,869.6680307949935,0.22,0,0,0.48,0.0
490,linucb,hard,D,0.55,1.0,764.1998529775192,0.22,0,0,0.48,0.0
491,linucb,hard,D,0.55,1.0,838.5344041512436,0.22,1,0,0.5,1.0
492,linucb,hard,D,0.55,1.0,858.0488091409667,0.22,1,0,0.5,1.0
493,linucb,hard,D,0.55,1.0,856.475001391478,0.22,1,0,0.5,1.0
494,linucb,hard,D,0.55,1.0,819.9154508499815,0.22,1,0,0.5,1.0
495,linucb,hard,D,0.55,1.0,887.1860944823693,0.22,1,0,0.52,1.0
496,linucb,hard,D,0.55,1.0,961.3459553715674,0.22,1,0,0.52,1.0
497,linucb,hard,D,0.55,1.0,932.9361724349051,0.22,1,0,0.54,1.0
498,linucb,hard,D,0.55,1.0,847.845169555346,0.22,0,0,0.52,0.0
499,linucb,hard,D,0.55,1.0,867.6417835524431,0.22,0,0,0.52,0.0
500,linucb,hard,D,0.55,1.0,814.3779372707527,0.22,0,0,0.5,0.0
501,linucb,hard,D,0.55,1.0,966.1141602106812,0.22,0,0,0.48,0.0
502,linucb,hard,D,0.55,1.0,863.6118277354259,0.22,1,0,0.5,1.0
503,linucb,hard,D,0.55,1.0,1014.4568870075506,0.22,1,0,0.52,1.0
504,linucb,hard,D,0.55,1.0,730.4686834929004,0.22,1,0,0.52,1.0
505,linucb,hard,D,0.55,1.0,745.8592400241351,0.22,0,0,0.5,0.0
506,linucb,hard,D,0.55,1.0,929.1487509918461,0.22,0,0,0.48,0.0
507,linucb,hard,D,0.55,1.0,897.0038954725928,0.22,0,0,0.46,0.0
508,linucb,hard,D,0.55,1.0,790.9083156566928,0.22,1,0,0.48,1.0
509,linucb,hard,D,0.55,1.0,832.8038370806289,0.22,1,0,0.5,1.0
510,linucb,hard,D,0.55,1.0,772.9864896851718,0.22,1,0,0.52,1.0
511,linucb,hard,D,0.55,1.0,1027.9631235058478,0.22,0,0,0.52,0.0
512,linucb,simple,B,0.95,0.3409323617590446,364.74886892196855,0.1,1,0,0.54,1.0
513,linucb,hard,D,0.55,1.0,829.4354742134107,0.22,1,0,0.56,1.0
514,linucb,simple,B,0.95,0.5640180209462041,467.4654220915976,0.1,1,0,0.56,1.0
515,linucb,simple,B,0.95,0.7963358584326596,498.4811502131679,0.1,1,0,0.56,1.0
516,linucb,hard,D,0.55,0.9814719999999999,739.8516665964186,0.22,0,0,0.56,0.0
517,linucb,hard,D,0.55,1.0,741.5664552255423,0.22,1,0,0.58,1.0
518,linucb,hard,D,0.55,1.0,993.7062915742364,0.22,0,0,0.58,0.0
519,linucb,hard,D,0.55,1.0,933.2417539633994,0.22,0,0,0.58,0.0
520,linucb,simple,B,0.95,0.7202518489872408,475.8917085593124,0.1,1,0,0.6,1.0
521,linucb,hard,C,0.75,0.3004927007881507,630.0128015965877,0.35,0,0,0.58,0.0
522,linucb,hard,D,0.55,0.9814719999999999,764.8143808510976,0.22,0,0,0.58,0.0
523,linucb,simple,B,0.95,0.790831468033033,485.4169185940751,0.1,1,0,0.6,1.0
524,linucb,hard,E,0.9,0.3002956380387124,730.704095309053,0.6,0,0,0.58,0.0
525,linucb,simple,B,0.95,0.9124198888447808,514.8993666455194,0.1,0,0,0.56,0.0
526,linucb,simple,B,0.95,1.0,715.4628023027116,0.1,1,0,0.56,1.0
527,linucb,hard,D,0.55,0.8179540998455295,668.720359572728,0.22,0,0,0.54,0.0
528,linucb,hard,C,0.75,0.4228040336994054,621.3770258656614,0.35,0,0,0.52,0.0
529,linucb,hard,E,0.9,0.45847559266884863,874.9153018601021,0.6,0,0,0.52,0.0
530,linucb,hard,E,0.9,0.7034585215485868,1259.9836715140668,0.6,0,0,0.52,0.0
531,linucb,hard,E,0.9,0.9190434989627563,1342.5781100992017,0.6,0,0,0.5,0.0
532,linucb,hard,E,0.9,1.0,1662.957927573105,0.6,0,0,0.48,0.0
533,linucb,hard,E,0.9,1.0,1457.6506895666198,0.6,0,0,0.46,0.0
534,linucb,hard,E,0.9,1.0,1442.1995116317005,0.6,0,0,0.44,0.0
535,linucb,simple,B,0.95,0.6164783818288659,522.96089297563,0.1,1,0,0.46,1.0
536,linucb,hard,D,0.55,0.5588647899293999,533.6555542635859,0.22,0,0,0.46,0.0
537,linucb,hard,E,0.9,0.9814719999999999,1484.8758715054946,0.6,0,0,0.44,0.0
538,linucb,simple,B,0.95,0.7201127558216809,535.3996923168702,0.1,1,0,0.46,1.0
539,linucb,hard,D,0.55,0.680850706122768,625.8703036300042,0.22,0,0,0.46,0.0
540,linucb,simple,B,0.95,0.8576553181083097,631.1270575433962,0.1,1,0,0.48,1.0
541,linucb,simple,B,0.95,1.0,663.8986952714249,0.1,1,0,0.48,1.0
542,linucb,hard,C,0.75,0.37061492986058486,637.511573691062,0.35,0,0,0.46,0.0
543,linucb,hard,D,0.55,0.7083030093145475,519.7651750690186,0.22,1,0,0.46,1.0
544,linucb,hard,D,0.55,0.9233066481968017,716.1546386128492,0.22,1,0,0.46,1.0
545,linucb,hard,D,0.55,1.0,792.5980551023608,0.22,0,0,0.44,0.0
546,linucb,simple,B,0.95,0.8277319167999999,567.7237514764988,0.1,1,0,0.44,1.0
547,linucb,hard,D,0.55,1.0,837.2084291776378,0.22,0,0,0.42,0.0
548,linucb,simple,B,0.95,0.9409955963699199,697.7511818820641,0.1,1,0,0.44,1.0
549,linucb,hard,C,0.75,0.4514612774843706,730.4674349873475,0.35,1,0,0.46,1.0
550,linucb,hard,E,0.9,0.48627417656902283,844.6883910468542,0.6,0,0,0.46,0.0
551,linucb,hard,D,0.55,0.8996953599999999,692.6887210769041,0.22,0,0,0.46,0.0
552,linucb,hard,D,0.55,1.0,891.6615940426997,0.22,1,0,0.46,1.0
553,linucb,simple,B,0.95,0.7965934097726569,520.0431847203921,0.1,0,0,0.44,0.0
554,linucb,simple,B,0.95,1.0,616.5043162346028,0.1,0,0,0.42,0.0
555,linucb,hard,C,0.75,0.5096604622884672,782.7975131665389,0.35,1,0,0.44,1.0
556,linucb,hard,D,0.55,0.8996953599999999,730.3110383572574,0.22,0,0,0.44,0.0
557,linucb,simple,B,0.95,0.9814719999999999,699.2583458005912,0.1,1,0,0.46,1.0
558,linucb,simple,B,0.95,1.0,803.9751975374717,0.1,1,0,0.46,1.0
559,linucb,hard,E,0.9,0.45389526452572865,991.7981092779022,0.6,0,0,0.44,0.0
560,linucb,hard,D,0.55,0.8395431328055296,678.4207494724795,0.22,0,0,0.42,0.0
561,linucb,hard,D,0.55,1.0,772.0917287456277,0.22,1,0,0.44,1.0
562,linucb,hard,D,0.55,1.0,836.6933964600044,0.22,0,0,0.42,0.0
563,linucb,hard,D,0.55,1.0,738.7871524958068,0.22,1,0,0.42,1.0
564,linucb,simple,B,0.95,0.764404086784,567.9523230316964,0.1,1,0,0.42,1.0
565,linucb,simple,B,0.95,0.9726755963699198,614.0340554557299,0.1,1,0,0.42,1.0
566,linucb,hard,C,0.75,0.42490802383905224,532.7754311896425,0.35,0,0,0.42,0.0
567,linucb,simple,B,0.95,1.0,712.4461662285942,0.1,0,0,0.4,0.0
568,linucb,hard,D,0.55,0.8277319167999999,708.1806708617115,0.22,0,0,0.4,0.0
569,linucb,simple,B,0.95,1.0,695.482998979073,0.1,1,0,0.42,1.0
570,linucb,simple,B,0.95,1.0,694.6847859203531,0.1,1,0,0.42,1.0
571,linucb,hard,C,0.75,0.5242375258842832,606.5324556860902,0.35,0,0,0.42,0.0
572,linucb,simple,B,0.95,1.0,692.6392032530318,0.1,0,0,0.42,0.0
573,linucb,simple,B,0.95,1.0,669.7213285545588,0.1,1,0,0.42,1.0
574,linucb,hard,D,0.55,0.6844020849234738,641.0443103269276,0.22,0,0,0.42,0.0
575,linucb,simple,B,0.95,1.0,679.9527960337947,0.1,1,0,0.44,1.0
576,linucb,hard,C,0.75,0.5766568743934024,749.7483447146964,0.35,0,0,0.42,0.0
577,linucb,hard,C,0.75,0.807458049466194,865.6418045881547,0.35,0,0,0.42,0.0
578,linucb,hard,C,0.75,1.0,982.6775831335739,0.35,0,0,0.42,0.0
579,linucb,simple,B,0.95,0.8996953599999999,583.3925668733322,0.1,1,0,0.44,1.0
580,linucb,hard,C,0.75,1.0,1025.0399755327662,0.35,0,0,0.44,0.0
581,linucb,simple,B,0.95,0.9967240867839999,682.5354952490497,0.1,1,0,0.46,1.0
582,linucb,simple,B,0.95,1.0,773.5048917911218,0.1,1,0,0.48,1.0
583,linucb,hard,D,0.55,0.5165984643568832,575.3237271086443,0.22,1,0,0.5,1.0
584,linucb,simple,B,0.95,1.0,695.730170812284,0.1,1,0,0.52,1.0
585,linucb,hard,D,0.55,0.7000538507979703,698.5700581274036,0.22,1,0,0.52,1.0
586,linucb,hard,D,0.55,0.9160473887022138,791.0070341201983,0.22,1,0,0.54,1.0
587,linucb,hard,D,0.55,1.0,733.0328984314403,0.22,0,0,0.54,0.0
588,linucb,hard,D,0.55,1.0,992.9039544820365,0.22,1,0,0.54,1.0
589,linucb,hard,D,0.55,1.0,917.5630781765176,0.22,0,0,0.54,0.0
590,linucb,simple,B,0.95,0.764404086784,510.1652375937894,0.1,1,0,0.54,1.0
591,linucb,hard,D,0.55,1.0,819.6374966574159,0.22,1,0,0.54,1.0
592,linucb,hard,D,0.55,1.0,891.1361035767735,0.22,1,0,0.56,1.0
593,linucb,simple,B,0.95,0.8209199818288659,582.7528350099897,0.1,1,0,0.56,1.0
594,linucb,hard,D,0.55,1.0,747.5042024094186,0.22,0,0,0.54,0.0
595,linucb,simple,B,0.95,0.9357204339282739,618.5632844305334,0.1,1,0,0.56,1.0
596,linucb,simple,B,0.95,1.0,745.0655035238713,0.1,1,0,0.56,1.0
597,linucb,hard,D,0.55,0.9814719999999999,609.5710629210957,0.22,0,0,0.56,0.0
598,linucb,hard,D,0.55,1.0,853.0981163434571,0.22,1,0,0.56,1.0
599,linucb,simple,B,0.95,0.9814719999999999,679.0717834823312,0.1,1,0,0.56,1.0
600,linucb,hard,D,0.55,1.0,782.1955929334179,0.22,0,0,0.56,0.0
601,linucb,simple,B,0.95,1.0,721.3134197500087,0.1,1,0,0.58,1.0
602,linucb,hard,D,0.55,1.0,744.1812816370222,0.22,0,0,0.56,0.0
603,linucb,simple,B,0.95,1.0,716.4594633300804,0.1,1,0,0.58,1.0
604,linucb,hard,D,0.55,1.0,706.1188825631376,0.22,1,0,0.6,1.0
605,linucb,hard,D,0.55,1.0,994.4431376454888,0.22,0,0,0.58,0.0
606,linucb,hard,D,0.55,1.0,822.4659517442383,0.22,1,0,0.6,1.0
607,linucb,simple,B,0.95,0.8996953599999999,664.1098626124387,0.1,1,0,0.6,1.0
608,linucb,hard,D,0.55,1.0,916.8852624850256,0.22,1,0,0.6,1.0
609,linucb,hard,D,0.55,1.0,922.4741560708828,0.22,1,0,0.62,1.0
610,linucb,hard,D,0.55,1.0,894.3340171103175,0.22,1,0,0.64,1.0
611,linucb,hard,D,0.55,1.0,955.9598054381568,0.22,0,0,0.62,0.0
612,linucb,hard,D,0.55,1.0,862.6759830077897,0.22,1,0,0.64,1.0
613,linucb,hard,D,0.55,1.0,849.4280355696623,0.22,0,0,0.62,0.0
614,linucb,hard,D,0.55,1.0,896.5358820951083,0.22,0,0,0.6,0.0
615,linucb,hard,D,0.55,1.0,834.5764212994436,0.22,1,0,0.6,1.0
616,linucb,simple,B,0.95,0.5847341316717392,530.0493705690742,0.1,1,0,0.62,1.0
617,linucb,hard,D,0.55,1.0,779.0215578172445,0.22,0,0,0.62,0.0
618,linucb,simple,B,0.95,0.7528181115665948,555.4857422642024,0.1,1,0,0.64,1.0
619,linucb,hard,D,0.55,1.0,823.8686441045772,0.22,0,0,0.62,0.0
620,linucb,hard,D,0.55,1.0,871.3471788937019,0.22,1,0,0.62,1.0
621,linucb,hard,D,0.55,1.0,767.9506206847601,0.22,1,0,0.64,1.0
622,linucb,hard,D,0.55,1.0,688.5050052602536,0.22,0,0,0.64,0.0
623,linucb,hard,D,0.55,1.0,937.0903821941747,0.22,0,0,0.62,0.0
624,linucb,hard,D,0.55,1.0,856.3928060625674,0.22,0,0,0.62,0.0
625,linucb,simple,B,0.95,0.6076583907025552,455.78785229423573,0.1,1,0,0.62,1.0
626,linucb,hard,C,0.75,0.30279384892885164,540.2640579228895,0.35,0,0,0.62,0.0
627,linucb,hard,E,0.9,0.30007616884287036,825.5299681935915,0.6,0,0,0.62,0.0
628,linucb,hard,D,0.55,0.8996953599999999,777.252643195986,0.22,0,0,0.62,0.0
629,linucb,simple,B,0.95,0.6644099173693895,491.8726448344755,0.1,1,0,0.62,1.0
630,linucb,simple,B,0.95,0.8846807272850628,629.4553606502473,0.1,1,0,0.64,1.0
631,linucb,hard,C,0.75,0.4597939782904725,686.975027096134,0.35,0,0,0.62,0.0
632,linucb,hard,D,0.55,0.8395431328055296,693.0161368607118,0.22,0,0,0.6,0.0
633,linucb,hard,D,0.55,1.0,742.2942811909345,0.22,1,0,0.6,1.0
634,linucb,hard,D,0.55,1.0,956.4283955876257,0.22,1,0,0.6,1.0
635,linucb,hard,D,0.55,1.0,937.4977677720929,0.22,0,0,0.58,0.0
636,linucb,hard,D,0.55,1.0,894.3406548233846,0.22,1,0,0.58,1.0
637,linucb,hard,D,0.55,1.0,827.710268476196,0.22,1,0,0.6,1.0
638,linucb,hard,D,0.55,1.0,896.7412969074145,0.22,1,0,0.6,1.0
639,linucb,hard,D,0.55,1.0,966.0958626474983,0.22,1,0,0.62,1.0
640,linucb,simple,B,0.95,0.5463844460055978,461.02599193998674,0.1,1,0,0.62,1.0
641,linucb,hard,D,0.55,1.0,716.5049071972599,0.22,1,0,0.62,1.0
642,linucb,hard,D,0.55,1.0,869.9496153777366,0.22,0,0,0.6,0.0
643,linucb,hard,D,0.55,1.0,838.649248436791,0.22,0,0,0.58,0.0
644,linucb,simple,B,0.95,0.6276642170457275,405.62403212832106,0.1,1,0,0.6,1.0
645,linucb,hard,D,0.55,1.0,749.8816286808532,0.22,1,0,0.6,1.0
646,linucb,simple,B,0.95,0.7860631696802114,511.48535811707484,0.1,1,0,0.6,1.0
647,linucb,hard,D,0.55,1.0,788.851394801097,0.22,1,0,0.62,1.0
648,linucb,hard,D,0.55,1.0,829.7982586708015,0.22,1,0,0.62,1.0
649,linucb,hard,D,0.55,1.0,832.7819145869149,0.22,1,0,0.62,1.0
650,linucb,hard,D,0.55,1.0,867.8450159960347,0.22,1,0,0.64,1.0
651,linucb,hard,D,0.55,1.0,813.3384504481867,0.22,0,0,0.62,0.0
652,linucb,simple,B,0.95,0.665050948469875,536.2582871963264,0.1,1,0,0.64,1.0
653,linucb,hard,D,0.55,1.0,841.9459509682006,0.22,0,0,0.62,0.0
654,linucb,simple,B,0.95,0.8150154544950712,621.9938038948892,0.1,1,0,0.62,1.0
655,linucb,hard,D,0.55,1.0,734.7723522525556,0.22,0,0,0.62,0.0
656,linucb,hard,D,0.55,1.0,916.6608041678652,0.22,1,0,0.62,1.0
657,linucb,hard,D,0.55,1.0,944.4441216549429,0.22,1,0,0.62,1.0
658,linucb,hard,D,0.55,1.0,939.1253141118243,0.22,0,0,0.6,0.0
659,linucb,hard,D,0.55,1.0,804.7942568657334,0.22,1,0,0.6,1.0
660,linucb,hard,D,0.55,1.0,790.1041664867872,0.22,1,0,0.6,1.0
661,linucb,hard,D,0.55,1.0,859.2669613898448,0.22,1,0,0.62,1.0
662,linucb,simple,B,0.95,0.5931076956864976,463.91505610251653,0.1,1,0,0.62,1.0
663,linucb,hard,D,0.55,1.0,820.7124499892248,0.22,1,0,0.64,1.0
664,linucb,simple,B,0.95,0.7593025995396236,508.8559593206032,0.1,1,0,0.66,1.0
665,linucb,hard,D,0.55,1.0,793.1657222275617,0.22,0,0,0.64,0.0
666,linucb,simple,B,0.95,0.8880039330834846,574.561427249157,0.1,1,0,0.64,1.0
667,linucb,hard,D,0.55,1.0,747.8808897853647,0.22,0,0,0.64,0.0
668,linucb,hard,D,0.55,1.0,849.9277156722973,0.22,0,0,0.62,0.0
669,linucb,hard,D,0.55,1.0,981.7540923187674,0.22,1,0,0.64,1.0
670,linucb,hard,D,0.55,1.0,860.3655374847493,0.22,1,0,0.64,1.0
671,linucb,simple,B,0.95,0.7686280177320862,558.7768742318572,0.1,1,0,0.64,1.0
672,linucb,simple,B,0.95,0.9763926556042359,571.0369749970482,0.1,1,0,0.66,1.0
673,linucb,hard,D,0.55,0.9814719999999999,658.6948466781192,0.22,1,0,0.68,1.0
674,linucb,hard,D,0.55,1.0,900.1245436596092,0.22,0,0,0.68,0.0
675,linucb,hard,D,0.55,1.0,817.8759287487608,0.22,1,0,0.68,1.0
676,linucb,simple,B,0.95,0.8855381451039384,587.0060625779533,0.1,1,0,0.7,1.0
677,linucb,simple,B,0.95,1.0,605.7461688287237,0.1,0,0,0.7,0.0
678,linucb,hard,D,0.55,0.9814719999999999,759.6178961282272,0.22,0,0,0.7,0.0
679,linucb,hard,D,0.55,1.0,800.337914935388,0.22,0,0,0.68,0.0
680,linucb,hard,D,0.55,1.0,819.5304715279367,0.22,0,0,0.66,0.0
681,linucb,hard,D,0.55,1.0,826.8713550683739,0.22,1,0,0.68,1.0
682,linucb,hard,D,0.55,1.0,896.1377939755924,0.22,0,0,0.68,0.0
683,linucb,hard,D,0.55,1.0,757.2493694294614,0.22,0,0,0.66,0.0
684,linucb,hard,C,0.75,0.30052498259246613,558.6276444022424,0.35,0,0,0.64,0.0
685,linucb,hard,D,0.55,1.0,809.1481828584,0.22,0,0,0.64,0.0
686,linucb,hard,D,0.55,1.0,808.298098739233,0.22,1,0,0.64,1.0
687,linucb,hard,D,0.55,1.0,961.4482917920751,0.22,1,0,0.64,1.0
688,linucb,hard,D,0.55,1.0,801.4484429493632,0.22,0,0,0.62,0.0
689,linucb,simple,B,0.95,0.515671155821681,472.8108772330449,0.1,1,0,0.62,1.0
690,linucb,simple,B,0.95,0.7537906171230793,521.51105339541,0.1,1,0,0.62,1.0
691,linucb,hard,C,0.75,0.42281722648503595,624.4095386105944,0.35,0,0,0.6,0.0
692,linucb,hard,D,0.55,0.8996953599999999,617.4799549304428,0.22,1,0,0.62,1.0
693,linucb,simple,B,0.95,0.8136871994320991,527.9216023403392,0.1,1,0,0.64,1.0
694,linucb,simple,B,0.95,1.0,578.1826307429599,0.1,1,0,0.64,1.0
695,linucb,hard,D,0.55,0.9131171963699201,783.1074770427279,0.22,0,0,0.62,0.0
696,linucb,hard,D,0.55,1.0,858.0847828654039,0.22,0,0,0.6,0.0
697,linucb,simple,B,0.95,0.9814719999999999,597.6024206450464,0.1,0,0,0.58,0.0
698,linucb,hard,C,0.75,0.4727950821892476,603.3513441608582,0.35,0,0,0.56,0.0
699,linucb,hard,C,0.75,0.7160596723265379,823.0205763172252,0.35,0,0,0.54,0.0
700,linucb,hard,C,0.75,0.9301325116473533,1002.1013938236164,0.35,0,0,0.52,0.0
701,linucb,simple,B,0.95,0.8885842043699199,553.4944141013244,0.1,1,0,0.54,1.0
702,linucb,simple,B,0.95,1.0,620.8813199101073,0.1,0,0,0.52,0.0
703,linucb,hard,D,0.55,0.70867559636992,611.7220842853332,0.22,1,0,0.54,1.0
704,linucb,hard,D,0.55,0.9236345248055295,695.5402732626274,0.22,1,0,0.54,1.0
705,linucb,hard,D,0.55,1.0,781.1670325375992,0.22,1,0,0.56,1.0
706,linucb,simple,B,0.95,0.8996953599999999,733.1377991899111,0.1,1,0,0.56,1.0
707,linucb,hard,D,0.55,1.0,687.037367191075,0.22,0,0,0.54,0.0
708,linucb,hard,D,0.55,1.0,959.038185002428,0.22,0,0,0.54,0.0
709,linucb,hard,D,0.55,1.0,759.6490780816343,0.22,0,0,0.52,0.0
710,linucb,hard,D,0.55,1.0,798.0920926946881,0.22,0,0,0.5,0.0
711,linucb,hard,D,0.55,1.0,887.0094219705247,0.22,0,0,0.48,0.0
712,linucb,simple,B,0.95,0.7178222020446021,494.88174501484525,0.1,1,0,0.48,1.0
713,linucb,hard,E,0.9,0.30000504360784225,775.8440210256417,0.6,0,0,0.46,0.0
714,linucb,hard,C,0.75,0.455346772584776,675.460968780971,0.35,0,0,0.44,0.0
715,linucb,hard,C,0.75,0.7007051598746029,701.5553672668495,0.35,1,0,0.46,1.0
716,linucb,hard,C,0.75,0.9166205406896506,978.9421031169097,0.35,0,0,0.44,0.0
717,linucb,hard,C,0.75,1.0,1119.0144537367812,0.35,0,0,0.44,0.0
718,linucb,hard,C,0.75,1.0,1107.4297049060299,0.35,0,0,0.44,0.0
719,linucb,hard,D,0.55,0.6596345248055295,644.1332942001494,0.22,1,0,0.44,1.0
720,linucb,hard,C,0.75,1.0,1107.2037595559318,0.35,0,0,0.42,0.0
721,linucb,simple,B,0.95,0.527175208943909,425.1204535556551,0.1,1,0,0.42,1.0
722,linucb,simple,B,0.95,0.7639141838706399,532.0790221960957,0.1,1,0,0.42,1.0
723,linucb,hard,D,0.55,0.695579763821681,599.8888117377317,0.22,0,0,0.4,0.0
724,linucb,simple,B,0.95,0.8915751439894235,614.9447641936507,0.1,1,0,0.42,1.0
725,linucb,simple,B,0.95,1.0,720.6667722521728,0.1,1,0,0.42,1.0
726,linucb,hard,D,0.55,0.7740181328110887,729.4548898533596,0.22,1,0,0.42,1.0
727,linucb,hard,D,0.55,0.9811359568737581,745.9864698590313,0.22,1,0,0.44,1.0
728,linucb,hard,D,0.55,1.0,903.6849020615634,0.22,0,0,0.44,0.0
729,linucb,simple,B,0.95,0.8996953599999999,504.5185580177139,0.1,1,0,0.46,1.0
730,linucb,hard,D,0.55,1.0,746.3045236354678,0.22,1,0,0.48,1.0
731,linucb,hard,D,0.55,1.0,864.8607832043574,0.22,0,0,0.46,0.0
732,linucb,simple,B,0.95,0.9131171963699201,619.2236128531586,0.1,1,0,0.48,1.0
733,linucb,hard,D,0.55,1.0,856.7110683496564,0.22,0,0,0.48,0.0
734,linucb,hard,D,0.55,1.0,1004.9458304142198,0.22,1,0,0.5,1.0
735,linucb,hard,D,0.55,1.0,901.8060953524032,0.22,0,0,0.5,0.0
736,linucb,hard,D,0.55,1.0,811.0341770148952,0.22,1,0,0.5,1.0
737,linucb,hard,D,0.55,1.0,905.4539074881889,0.22,0,0,0.48,0.0
738,linucb,hard,D,0.55,1.0,795.0260943063604,0.22,1,0,0.5,1.0
739,linucb,hard,D,0.55,1.0,949.9062743111863,0.22,1,0,0.5,1.0
740,linucb,hard,D,0.55,1.0,861.8918076027833,0.22,1,0,0.5,1.0
741,linucb,simple,B,0.95,0.5889818527272632,493.6312320489132,0.1,1,0,0.52,1.0
742,linucb,hard,D,0.55,1.0,787.4405573928462,0.22,0,0,0.5,0.0
743,linucb,hard,D,0.55,1.0,776.3718824637285,0.22,1,0,0.5,1.0
744,linucb,hard,D,0.55,1.0,777.9315371433166,0.22,0,0,0.48,0.0
745,linucb,simple,B,0.95,0.653209684204743,535.098358163449,0.1,1,0,0.5,1.0
746,linucb,simple,B,0.95,0.8748245221001738,631.9898470460018,0.1,1,0,0.52,1.0
747,linucb,hard,D,0.55,0.9814719999999999,689.405132838794,0.22,1,0,0.54,1.0
748,linucb,hard,D,0.55,1.0,821.1761878485207,0.22,0,0,0.54,0.0
749,linucb,hard,D,0.55,1.0,804.5026359030093,0.22,1,0,0.56,1.0
750,linucb,hard,D,0.55,1.0,891.5756862470411,0.22,0,1,0.56,0.0
751,linucb,simple,B,0.95,0.7616728219115686,510.8511194631726,0.1,1,0,0.56,1.0
752,linucb,hard,D,0.55,1.0,865.4463257267876,0.22,0,0,0.56,0.0
753,linucb,hard,D,0.55,1.0,829.6973526057327,0.22,0,0,0.54,0.0
754,linucb,simple,B,0.95,0.8190587012937205,615.8701178426693,0.1,0,0,0.52,0.0
755,linucb,hard,E,0.9,0.3013976575869019,798.9887168944593,0.6,1,0,0.52,1.0
756,linucb,hard,C,0.75,0.3100317383762322,604.971619434771,0.35,0,0,0.5,0.0
757,linucb,hard,D,0.55,0.8996953599999999,746.6810472742854,0.22,1,0,0.52,1.0
758,linucb,hard,D,0.55,1.0,747.5761006871331,0.22,0,0,0.52,0.0
759,linucb,hard,D,0.55,1.0,922.2141561697554,0.22,0,0,0.52,0.0
760,linucb,simple,B,0.95,0.6803742081967994,463.06393251076906,0.1,1,0,0.54,1.0
761,linucb,hard,E,0.9,0.43997030393048187,845.877345888597,0.6,0,0,0.54,0.0
762,linucb,simple,B,0.95,0.8268817868276015,576.5769029158254,0.1,0,0,0.52,0.0
763,linucb,hard,E,0.9,0.6407130033637651,1059.3967672802942,0.6,0,0,0.52,0.0
764,linucb,hard,E,0.9,0.8638274429601134,1378.4384269884108,0.6,0,0,0.52,0.0
765,linucb,simple,B,0.95,0.8634967850329791,556.5187946112902,0.1,0,0,0.5,0.0
766,linucb,hard,D,0.55,0.70867559636992,634.2561820478417,0.22,1,0,0.52,1.0
767,linucb,hard,E,0.9,0.8886742152089144,1462.730350796995,0.6,0,0,0.52,0.0
768,linucb,hard,E,0.9,1.0,1322.1154296690445,0.6,0,0,0.52,0.0
769,linucb,simple,B,0.95,0.8178350153591951,556.2836251596616,0.1,1,0,0.52,1.0
770,linucb,hard,D,0.55,0.7249894668882739,626.4432576927506,0.22,0,0,0.52,0.0
771,linucb,hard,E,0.9,0.9814719999999999,1412.4500038315898,0.6,0,0,0.5,0.0
772,linucb,hard,E,0.9,1.0,1799.0963270029065,0.6,1,0,0.5,1.0
773,linucb,hard,E,0.9,1.0,1750.4074113434397,0.6,0,0,0.5,0.0
774,linucb,hard,E,0.9,1.0,1568.7909971553713,0.6,0,0,0.48,0.0
775,linucb,hard,E,0.9,1.0,1678.65714681485,0.6,0,0,0.46,0.0
776,linucb,simple,B,0.95,0.6342292126341218,467.16084099245916,0.1,1,0,0.46,1.0
777,linucb,simple,B,0.95,0.8581217071180272,515.4471684176689,0.1,0,0,0.44,0.0
778,linucb,hard,D,0.55,0.5607312424133786,567.8626873933921,0.22,0,0,0.44,0.0
779,linucb,hard,E,0.9,0.8996953599999999,1406.8092099659698,0.6,0,0,0.42,0.0
780,linucb,simple,B,0.95,0.8847859159931362,545.4127282155276,0.1,1,0,0.42,1.0
781,linucb,hard,E,0.9,0.9967240867839999,1541.923734347891,0.6,0,0,0.42,0.0
782,linucb,simple,B,0.95,0.9851782133450846,629.0099268345705,0.1,1,0,0.42,1.0
783,linucb,hard,D,0.55,0.5959157733684577,473.57060180654696,0.22,0,0,0.42,0.0
784,linucb,hard,E,0.9,0.9792395568688659,1181.0647697745214,0.6,0,0,0.4,0.0
785,linucb,simple,B,0.95,0.9713713674047015,638.2131273989047,0.1,1,0,0.42,1.0
786,linucb,simple,B,0.95,1.0,722.7242004452099,0.1,0,0,0.4,0.0
787,linucb,hard,D,0.55,0.6573679242398756,615.3009278843336,0.22,1,0,0.42,1.0
788,linucb,hard,D,0.55,0.8784837733310904,671.5922042718464,0.22,1,0,0.42,1.0
789,linucb,hard,D,0.55,1.0,758.4519591404527,0.22,0,0,0.4,0.0
790,linucb,simple,B,0.95,0.8996953599999999,633.4923522292332,0.1,1,0,0.4,1.0
791,linucb,hard,D,0.55,1.0,746.3668563185518,0.22,0,0,0.38,0.0
792,linucb,simple,B,0.95,0.9967240867839999,658.5637450837376,0.1,1,0,0.4,1.0
793,linucb,simple,B,0.95,1.0,749.6468060831506,0.1,0,0,0.38,0.0
794,linucb,hard,E,0.9,0.5727191723349936,1012.6559643853153,0.6,0,0,0.38,0.0
795,linucb,simple,B,0.95,1.0,787.4562154388435,0.1,1,0,0.38,1.0
796,linucb,hard,D,0.55,0.8277319167999999,659.7316322627003,0.22,0,0,0.36,0.0
797,linucb,simple,B,0.95,1.0,667.754720807084,0.1,1,0,0.36,1.0
798,linucb,hard,C,0.75,0.30144436975495764,559.6382261243447,0.35,0,0,0.36,0.0
799,linucb,simple,B,0.95,1.0,576.4145222564205,0.1,1,0,0.36,1.0
800,linucb,hard,D,0.55,0.796386989828866,752.0301389561081,0.22,0,0,0.36,0.0
801,linucb,hard,E,0.9,0.5340563493064905,1040.3456644719013,0.6,0,0,0.34,0.0
802,linucb,hard,D,0.55,0.9167220849234738,734.430913464585,0.22,0,0,0.34,0.0
803,linucb,simple,B,0.95,0.8996953599999999,653.5454666095796,0.1,1,0,0.36,1.0
804,linucb,hard,D,0.55,1.0,770.5704321193525,0.22,0,0,0.36,0.0
805,linucb,hard,D,0.55,1.0,841.9213095152853,0.22,0,0,0.34,0.0
806,linucb,hard,D,0.55,1.0,744.2586423894014,0.22,0,0,0.34,0.0
807,linucb,hard,D,0.55,1.0,933.500456692587,0.22,1,0,0.34,1.0
808,linucb,hard,D,0.55,1.0,923.9244582233189,0.22,1,0,0.36,1.0
809,linucb,hard,D,0.55,1.0,827.4317412209285,0.22,0,0,0.36,0.0
810,linucb,hard,E,0.9,0.4690172892339498,1006.5222304816091,0.6,0,0,0.34,0.0
811,linucb,hard,C,0.75,0.3572113129640711,563.402573218883,0.35,0,0,0.34,0.0
812,linucb,hard,C,0.75,0.6143459554083825,717.7999897989026,0.35,1,0,0.36,1.0
813,linucb,hard,C,0.75,0.8406244407593766,900.9827908504541,0.35,0,0,0.36,0.0
814,linucb,hard,C,0.75,1.0,1014.5479892592549,0.35,0,0,0.36,0.0
815,linucb,hard,C,0.75,1.0,1166.411773458577,0.35,0,0,0.36,0.0
816,linucb,simple,B,0.95,0.470753737597171,392.68105020612575,0.1,1,0,0.36,1.0
817,linucb,hard,D,0.55,0.6596345248055295,552.5485674498763,0.22,0,0,0.36,0.0
818,linucb,simple,B,0.95,0.6645516943952492,536.0310616295641,0.1,1,0,0.38,1.0
819,linucb,simple,B,0.95,0.8848054910678194,568.7286649256234,0.1,1,0,0.38,1.0
820,linucb,simple,B,0.95,1.0,688.1039819968744,0.1,1,0,0.4,1.0
821,linucb,hard,D,0.55,0.695579763821681,738.2501671873215,0.22,1,0,0.42,1.0
822,linucb,hard,E,0.9,0.40115350086943763,815.5755405034045,0.6,0,0,0.4,0.0
823,linucb,simple,B,0.95,0.9814719999999999,691.4745250695414,0.1,1,0,0.42,1.0
824,linucb,simple,B,0.95,1.0,769.4492454113459,0.1,0,0,0.42,0.0
825,linucb,hard,D,0.55,0.717135956873758,550.8573071287558,0.22,0,0,0.42,0.0
826,linucb,hard,D,0.55,0.9310796420489069,677.1259780687908,0.22,0,0,0.4,0.0
827,linucb,hard,D,0.55,1.0,988.3874382860968,0.22,0,0,0.4,0.0
828,linucb,hard,D,0.55,1.0,810.6529560246273,0.22,1,0,0.42,1.0
829,linucb,simple,B,0.95,0.8277319167999999,628.695107551539,0.1,1,0,0.44,1.0
830,linucb,simple,B,0.95,1.0,701.7296455081974,0.1,1,0,0.44,1.0
831,linucb,hard,E,0.9,0.42695641082014424,756.8733587655454,0.6,0,0,0.44,0.0
832,linucb,hard,C,0.75,0.4138165524602472,606.5037487552128,0.35,0,0,0.42,0.0
833,linucb,hard,D,0.55,0.8277319167999999,757.0671195449621,0.22,1,0,0.44,1.0
834,linucb,simple,B,0.95,0.8996953599999999,571.3507194547966,0.1,0,0,0.44,0.0
835,linucb,hard,D,0.55,0.9409955963699199,618.0561047958516,0.22,1,0,0.44,1.0
836,linucb,hard,D,0.55,1.0,784.2996593555841,0.22,1,0,0.46,1.0
837,linucb,hard,D,0.55,1.0,863.0877001477145,0.22,0,0,0.44,0.0
838,linucb,hard,D,0.55,1.0,868.4256240906401,0.22,0,0,0.42,0.0
839,linucb,simple,B,0.95,0.774797956868866,549.991159535977,0.1,0,0,0.42,0.0
840,linucb,hard,D,0.55,1.0,939.0776780045312,0.22,1,0,0.42,1.0
841,linucb,hard,D,0.55,1.0,882.0345417157046,0.22,0,0,0.42,0.0
842,linucb,hard,D,0.55,1.0,882.7461437527998,0.22,0,0,0.4,0.0
843,linucb,simple,B,0.95,0.7646427396717391,527.4254061914352,0.1,1,0,0.42,1.0
844,linucb,simple,B,0.95,0.9728856109111303,698.6061309449743,0.1,1,0,0.44,1.0
845,linucb,simple,B,0.95,1.0,767.7197074515097,0.1,1,0,0.44,1.0
846,linucb,hard,C,0.75,0.3691138790031144,623.3922179759907,0.35,0,0,0.44,0.0
847,linucb,hard,D,0.55,0.8277319167999999,621.9586147258661,0.22,1,0,0.44,1.0
848,linucb,simple,B,0.95,0.9814719999999999,541.9994885547236,0.1,1,0,0.46,1.0
849,linucb,simple,B,0.95,1.0,658.6627196045471,0.1,1,0,0.46,1.0
850,linucb,simple,B,0.95,1.0,729.1819188344144,0.1,0,0,0.46,0.0
851,linucb,hard,D,0.55,0.796386989828866,692.8932322156652,0.22,0,0,0.46,0.0
852,linucb,hard,E,0.9,0.32914202014675153,803.3700654421018,0.6,0,0,0.46,0.0
853,linucb,hard,C,0.75,0.4508478346300122,667.1776468598948,0.35,0,0,0.44,0.0
854,linucb,simple,B,0.95,0.8996953599999999,545.6331784831375,0.1,1,0,0.46,1.0
855,linucb,simple,B,0.95,1.0,686.2444251577311,0.1,1,0,0.48,1.0
856,linucb,simple,B,0.95,1.0,706.5841581690049,0.1,1,0,0.5,1.0
857,linucb,hard,D,0.55,0.6698453727381333,617.0352984142417,0.22,0,0,0.48,0.0
858,linucb,hard,D,0.55,0.8894639280095573,721.1251476284582,0.22,0,0,0.46,0.0
859,linucb,hard,D,0.55,1.0,814.3907734153707,0.22,1,0,0.48,1.0
860,linucb,simple,B,0.95,0.8996953599999999,618.4424248122295,0.1,1,0,0.5,1.0
861,linucb,hard,D,0.55,1.0,829.1366787565225,0.22,0,0,0.5,0.0
862,linucb,hard,D,0.55,1.0,922.3302535967699,0.22,1,0,0.5,1.0
863,linucb,simple,B,0.95,0.9131171963699201,651.1904849353094,0.1,1,0,0.52,1.0
864,linucb,hard,C,0.75,0.41049417453904186,615.5342158727024,0.35,0,0,0.52,0.0
865,linucb,simple,B,0.95,1.0,697.9012922470255,0.1,1,0,0.54,1.0
866,linucb,hard,C,0.75,0.6178866887630341,672.987722800111,0.35,0,0,0.52,0.0
867,linucb,hard,C,0.75,0.84374028611147,1065.502181321293,0.35,0,0,0.52,0.0
868,linucb,hard,C,0.75,1.0,1133.4977404565052,0.35,0,0,0.5,0.0
869,linucb,hard,C,0.75,1.0,971.445760432424,0.35,0,0,0.48,0.0
870,linucb,hard,D,0.55,0.6596345248055295,540.3183991641617,0.22,1,0,0.48,1.0
871,linucb,simple,B,0.95,0.764404086784,547.3553657521526,0.1,1,0,0.48,1.0
872,linucb,hard,D,0.55,0.8108209760094021,698.5466294929637,0.22,0,0,0.48,0.0
873,linucb,hard,D,0.55,1.0,680.5815112627087,0.22,1,0,0.48,1.0
874,linucb,simple,B,0.95,0.8209199818288659,658.2133954492749,0.1,1,0,0.5,1.0
875,linucb,hard,D,0.55,1.0,848.1526002914293,0.22,0,0,0.5,0.0
876,linucb,hard,D,0.55,1.0,982.362232180501,0.22,1,0,0.52,1.0
877,linucb,simple,B,0.95,0.859433981856881,623.6824519946385,0.1,0,0,0.52,0.0
878,linucb,hard,D,0.55,1.0,813.7639666603552,0.22,0,0,0.5,0.0
879,linucb,hard,D,0.55,1.0,900.1100648400835,0.22,0,0,0.48,0.0
880,linucb,hard,D,0.55,1.0,808.9375615228164,0.22,0,0,0.46,0.0
881,linucb,hard,D,0.55,1.0,999.2216976083215,0.22,0,0,0.46,0.0
882,linucb,hard,E,0.9,0.3071099000389988,699.771218964202,0.6,0,0,0.46,0.0
883,linucb,simple,B,0.95,0.6991246534953817,501.85300579974665,0.1,0,0,0.44,0.0
884,linucb,simple,B,0.95,0.9152296950759358,597.6996864710712,0.1,1,0,0.46,1.0
885,linucb,hard,E,0.9,0.5092867977993766,888.4503526217811,0.6,0,0,0.44,0.0
886,linucb,hard,E,0.9,0.7481723820634514,1248.0624998743747,0.6,0,0,0.42,0.0
887,linucb,hard,E,0.9,0.9583916962158372,1409.5544751258553,0.6,1,0,0.44,1.0
888,linucb,hard,E,0.9,1.0,1483.9731395448268,0.6,0,0,0.44,0.0
889,linucb,hard,E,0.9,1.0,1608.5210874004572,0.6,0,0,0.44,0.0
890,linucb,hard,E,0.9,1.0,1660.4935085197762,0.6,0,0,0.42,0.0
891,linucb,hard,D,0.55,0.5785009760094021,635.7184241868463,0.22,0,0,0.42,0.0
892,linucb,hard,E,0.9,1.0,1479.3394640559918,0.6,0,0,0.42,0.0
893,linucb,simple,B,0.95,0.5896504128993587,434.70345391686106,0.1,1,0,0.42,1.0
894,linucb,hard,E,0.9,1.0,1516.5609778121036,0.6,0,0,0.4,0.0
895,linucb,hard,E,0.9,1.0,1822.6305382887424,0.6,1,0,0.4,1.0
896,linucb,hard,E,0.9,1.0,1391.928107457939,0.6,0,0,0.4,0.0
897,linucb,hard,E,0.9,1.0,1822.7387981074075,0.6,0,0,0.38,0.0
898,linucb,hard,E,0.9,1.0,1656.1338175379724,0.6,0,0,0.36,0.0
899,linucb,hard,E,0.9,1.0,1658.0734213749506,0.6,0,0,0.34,0.0
900,linucb,simple,B,0.95,0.540975734141415,457.76792326406684,0.1,1,0,0.36,1.0
901,linucb,hard,D,0.55,0.46111308644101023,489.3742551102545,0.22,0,0,0.36,0.0
902,linucb,simple,B,0.95,0.7189316085191118,474.5938378078199,0.1,1,0,0.38,1.0
903,linucb,hard,E,0.9,0.8996953599999999,1463.887824652462,0.6,0,0,0.38,0.0
904,linucb,hard,E,0.9,1.0,1496.157616866268,0.6,1,0,0.38,1.0
905,linucb,hard,E,0.9,1.0,1872.1275712281574,0.6,0,0,0.36,0.0
906,linucb,hard,E,0.9,1.0,1746.1540138663595,0.6,0,0,0.34,0.0
907,linucb,simple,B,0.95,0.679403155811898,540.0196621624971,0.1,1,0,0.36,1.0
908,linucb,hard,E,0.9,1.0,1384.0126101938347,0.6,0,0,0.36,0.0
909,linucb,hard,D,0.55,0.4658321857238238,515.9752196672521,0.22,0,0,0.34,0.0
910,linucb,hard,E,0.9,1.0,1602.955621705834,0.6,0,0,0.32,0.0
911,linucb,simple,B,0.95,0.7074349201097523,524.0649186362423,0.1,0,0,0.32,0.0
912,linucb,hard,E,0.9,1.0,1649.2277436731556,0.6,0,0,0.3,0.0
913,linucb,simple,B,0.95,0.8478376021329921,545.6309682308877,0.1,1,0,0.3,1.0
914,linucb,hard,E,0.9,1.0,1565.052182806291,0.6,0,0,0.3,0.0
915,linucb,hard,E,0.9,1.0,1656.3727872217892,0.6,0,0,0.28,0.0
916,linucb,hard,D,0.55,0.490374246308987,497.7360161471746,0.22,0,0,0.28,0.0
917,linucb,hard,E,0.9,1.0,1489.2576933800826,0.6,0,0,0.28,0.0
918,linucb,hard,E,0.9,1.0,1542.1370441667436,0.6,0,0,0.28,0.0
919,linucb,simple,B,0.95,0.6937392473597086,542.2060553540749,0.1,1,0,0.3,1.0
920,linucb,hard,D,0.55,0.5940751601749966,527.7196396363057,0.22,1,0,0.3,1.0
921,linucb,simple,B,0.95,0.8372316731553584,583.3048759918945,0.1,1,0,0.3,1.0
922,linucb,hard,E,0.9,0.8996953599999999,1269.516480153978,0.6,0,0,0.3,0.0
923,linucb,simple,B,0.95,0.9483522076915094,599.5093747294482,0.1,1,0,0.3,1.0
924,linucb,hard,D,0.55,0.6562641170482022,630.8560897474293,0.22,0,0,0.28,0.0
925,linucb,hard,D,0.55,0.8775124230024178,656.4289090323289,0.22,1,0,0.3,1.0
926,linucb,hard,D,0.55,1.0,849.7307010758907,0.22,1,0,0.3,1.0
927,linucb,hard,D,0.55,1.0,757.7074276081674,0.22,0,0,0.3,0.0
928,linucb,simple,B,0.95,0.800475728366552,546.7706616171802,0.1,1,0,0.32,1.0
929,linucb,hard,D,0.55,1.0,752.2471826325137,0.22,1,0,0.34,1.0
930,linucb,hard,D,0.55,1.0,936.1363230520101,0.22,0,0,0.34,0.0
931,linucb,simple,B,0.95,0.845501795561411,588.3615962258694,0.1,1,0,0.36,1.0
932,linucb,hard,E,0.9,0.5505660358711304,1193.35822027738,0.6,0,0,0.36,0.0
933,linucb,hard,C,0.75,0.30027982790279545,561.4395481011989,0.35,0,0,0.36,0.0
934,linucb,hard,E,0.9,0.7263583381786034,1160.0442927201043,0.6,0,0,0.34,0.0
935,linucb,simple,B,0.95,0.8070435036698467,544.8910366357863,0.1,1,0,0.36,1.0
936,linucb,hard,D,0.55,0.764404086784,644.4406184718454,0.22,0,0,0.36,0.0
937,linucb,simple,B,0.95,0.9249744892419294,606.1028684279383,0.1,1,0,0.36,1.0
938,linucb,simple,B,0.95,1.0,640.2919931789348,0.1,1,0,0.38,1.0
939,linucb,hard,D,0.55,0.8209199818288659,691.214109320049,0.22,0,0,0.38,0.0
940,linucb,simple,B,0.95,1.0,717.1618903423632,0.1,0,0,0.38,0.0
941,linucb,hard,D,0.55,0.9357204339282739,786.7095672577278,0.22,0,0,0.38,0.0
942,linucb,simple,B,0.95,1.0,657.0362250076754,0.1,1,0,0.4,1.0
943,linucb,simple,B,0.95,1.0,661.0932978669532,0.1,1,0,0.4,1.0
944,linucb,hard,E,0.9,0.5022915061153084,1004.9173510214384,0.6,0,0,0.4,0.0
945,linucb,hard,C,0.75,0.36476169755373133,523.6395616661324,0.35,0,0,0.38,0.0
946,linucb,simple,B,0.95,0.9814719999999999,718.9884497737768,0.1,1,0,0.4,1.0
947,linucb,hard,D,0.55,0.7345523936035883,616.7200464552336,0.22,1,0,0.42,1.0
948,linucb,simple,B,0.95,1.0,621.5457904438094,0.1,1,0,0.44,1.0
949,linucb,simple,B,0.95,1.0,800.5522009427937,0.1,1,0,0.46,1.0
950,linucb,simple,B,0.95,1.0,686.5067950270823,0.1,1,0,0.46,1.0
951,linucb,simple,B,0.95,1.0,592.6956740520607,0.1,0,0,0.46,0.0
952,linucb,simple,B,0.95,1.0,673.7350399767648,0.1,0,0,0.44,0.0
953,linucb,simple,B,0.95,1.0,708.3510501185244,0.1,1,0,0.46,1.0
954,linucb,hard,D,0.55,0.6001936375208986,488.29420010645265,0.22,1,0,0.46,1.0
955,linucb,simple,B,0.95,1.0,717.878268079983,0.1,1,0,0.48,1.0
956,linucb,hard,D,0.55,0.7647899528961839,648.5307158319548,0.22,1,0,0.5,1.0
957,linucb,hard,D,0.55,0.9730151585486417,766.2908896033085,0.22,1,0,0.5,1.0
958,linucb,hard,D,0.55,1.0,816.2471461746995,0.22,0,0,0.5,0.0
959,linucb,hard,D,0.55,1.0,889.1582598966309,0.22,1,0,0.52,1.0
960,linucb,hard,D,0.55,1.0,809.284565356588,0.22,0,0,0.52,0.0
961,linucb,hard,D,0.55,1.0,741.393822718072,0.22,0,0,0.52,0.0
962,linucb,simple,B,0.95,0.70867559636992,560.1605691414538,0.1,1,0,0.54,1.0
963,linucb,simple,B,0.95,0.9236345248055295,663.9937161733353,0.1,1,0,0.54,1.0
964,linucb,hard,C,0.75,0.3321499275846316,645.4440066180244,0.35,0,0,0.54,0.0
965,linucb,hard,E,0.9,0.3342840365428326,889.2936533175474,0.6,0,0,0.54,0.0
966,linucb,hard,D,0.55,0.8277319167999999,651.7385793516052,0.22,0,0,0.54,0.0
967,linucb,simple,B,0.95,0.8538993388616809,504.2973572490786,0.1,1,0,0.56,1.0
968,linucb,hard,C,0.75,0.4991887703968396,621.9885660824712,0.35,0,0,0.56,0.0
969,linucb,simple,B,0.95,0.9612596480144857,572.5759438083954,0.1,1,0,0.56,1.0
970,linucb,hard,C,0.75,0.6865717837953126,651.6842606971088,0.35,1,0,0.56,1.0
971,linucb,hard,C,0.75,0.904183169739875,1018.7966093498039,0.35,0,0,0.54,0.0
972,linucb,simple,B,0.95,0.9550715348517276,690.8217789628961,0.1,0,0,0.54,0.0
973,linucb,simple,B,0.95,1.0,724.0142113257864,0.1,1,0,0.54,1.0
974,linucb,hard,D,0.55,0.5976809745647381,617.9413596368064,0.22,0,0,0.54,0.0
975,linucb,hard,C,0.75,0.8422344514830955,902.4318990497956,0.35,0,0,0.52,0.0
976,linucb,hard,C,0.75,1.0,1105.2907193910814,0.35,0,0,0.5,0.0
977,linucb,simple,B,0.95,0.8996953599999999,633.6987113054527,0.1,1,0,0.52,1.0
978,linucb,hard,D,0.55,0.6584265072067514,560.15737467357,0.22,0,0,0.5,0.0
979,linucb,hard,D,0.55,0.8794153263419413,730.6200250054759,0.22,0,0,0.48,0.0
980,linucb,hard,D,0.55,1.0,762.6305643316207,0.22,1,0,0.5,1.0
981,linucb,simple,B,0.95,0.8395431328055296,589.6179528331554,0.1,1,0,0.5,1.0
982,linucb,hard,D,0.55,1.0,713.847333430662,0.22,0,0,0.5,0.0
983,linucb,hard,D,0.55,1.0,914.1473054158234,0.22,0,0,0.5,0.0
984,linucb,hard,D,0.55,1.0,784.8746245837619,0.22,0,0,0.5,0.0
985,linucb,simple,B,0.95,0.8034701212633399,587.0722835048726,0.1,1,0,0.5,1.0
986,linucb,simple,B,0.95,1.0,635.9772463852815,0.1,1,0,0.52,1.0
987,linucb,hard,E,0.9,0.3200786460985116,884.4256172731525,0.6,0,0,0.5,0.0
988,linucb,simple,B,0.95,1.0,701.7184259982635,0.1,0,0,0.48,0.0
989,linucb,hard,D,0.55,0.8277319167999999,686.0502825359591,0.22,1,0,0.5,1.0
990,linucb,hard,D,0.55,1.0,738.4248566447299,0.22,1,0,0.52,1.0
991,linucb,hard,D,0.55,1.0,898.9601530568364,0.22,0,0,0.52,0.0
992,linucb,hard,D,0.55,1.0,695.9459060803622,0.22,0,0,0.5,0.0
993,linucb,hard,D,0.55,1.0,792.9654121844327,0.22,1,0,0.5,1.0
994,linucb,simple,B,0.95,0.764404086784,549.9990926422356,0.1,1,0,0.52,1.0
995,linucb,hard,D,0.55,1.0,762.3196420096509,0.22,0,0,0.52,0.0
996,linucb,hard,D,0.55,1.0,1052.918543906584,0.22,1,0,0.52,1.0
997,linucb,hard,D,0.55,1.0,940.6786424328205,0.22,1,0,0.52,1.0
998,linucb,simple,B,0.95,0.7584095840094021,528.8386308704984,0.1,0,0,0.5,0.0
999,linucb,simple,B,0.95,0.9674004339282738,629.5128410290519,0.1,1,0,0.5,1.0
1000,linucb,hard,D,0.55,0.9814719999999999,784.265509268517,0.22,0,0,0.48,0.0
1001,linucb,hard,D,0.55,1.0,812.2866975452596,0.22,0,0,0.48,0.0
1002,linucb,hard,D,0.55,1.0,877.9293007455029,0.22,1,0,0.5,1.0
1003,linucb,simple,B,0.95,0.8801455514887724,576.6905227781139,0.1,1,0,0.5,1.0
1004,linucb,hard,D,0.55,1.0,791.6283356987107,0.22,0,0,0.48,0.0
1005,linucb,hard,D,0.55,1.0,866.9680115172391,0.22,0,0,0.46,0.0
1006,linucb,hard,D,0.55,1.0,902.4863052323134,0.22,1,0,0.46,1.0
1007,linucb,hard,D,0.55,1.0,884.5447014035913,0.22,0,0,0.44,0.0
1008,linucb,simple,B,0.95,0.764480898950163,531.360769460544,0.1,0,0,0.44,0.0
1009,linucb,hard,C,0.75,0.31472069047038204,588.6254844372693,0.35,0,0,0.42,0.0
1010,linucb,hard,E,0.9,0.3169183560607561,894.5314760707287,0.6,0,0,0.42,0.0
1011,linucb,hard,D,0.55,0.8996953599999999,689.2905869195688,0.22,0,0,0.42,0.0
1012,linucb,hard,D,0.55,1.0,870.8690694393845,0.22,1,0,0.42,1.0
1013,linucb,hard,D,0.55,1.0,815.4977230757461,0.22,1,0,0.42,1.0
1014,linucb,simple,B,0.95,0.6550280537407618,534.224649301311,0.1,1,0,0.44,1.0
1015,linucb,hard,D,0.55,1.0,718.0619061289885,0.22,0,0,0.44,0.0
1016,linucb,hard,D,0.55,1.0,959.4939126430016,0.22,1,0,0.46,1.0
1017,linucb,hard,D,0.55,1.0,782.4534016631151,0.22,1,0,0.46,1.0
1018,linucb,hard,D,0.55,1.0,969.5021299537273,0.22,0,0,0.46,0.0
1019,linucb,simple,B,0.95,0.6456792103583856,505.2561151739953,0.1,1,0,0.46,1.0
1020,linucb,hard,D,0.55,1.0,700.7965028755871,0.22,0,0,0.44,0.0
1021,linucb,hard,D,0.55,1.0,1043.3445488268069,0.22,1,0,0.46,1.0
1022,linucb,simple,B,0.95,0.7400123028413499,544.0484047952688,0.1,1,0,0.48,1.0
1023,linucb,hard,D,0.55,1.0,784.6513600919047,0.22,1,0,0.48,1.0
1024,linucb,hard,D,0.55,1.0,859.038379653844,0.22,0,0,0.48,0.0
1025,linucb,simple,B,0.95,0.8042976640419004,560.7430380328811,0.1,1,0,0.5,1.0
1026,linucb,hard,D,0.55,1.0,871.7814094369347,0.22,1,0,0.52,1.0
1027,linucb,simple,B,0.95,0.9228481110340476,649.5115990625499,0.1,1,0,0.52,1.0
1028,linucb,hard,D,0.55,1.0,816.3548447234078,0.22,0,0,0.52,0.0
1029,linucb,hard,D,0.55,1.0,864.2107937082709,0.22,0,0,0.52,0.0
1030,linucb,hard,D,0.55,1.0,818.425648054305,0.22,1,0,0.52,1.0
1031,linucb,hard,D,0.55,1.0,884.4355697088434,0.22,0,0,0.5,0.0
1032,linucb,hard,D,0.55,1.0,981.6673020707226,0.22,0,0,0.5,0.0
1033,linucb,hard,D,0.55,1.0,867.3235903734676,0.22,1,0,0.52,1.0
1034,linucb,hard,D,0.55,1.0,874.0796694650944,0.22,1,0,0.54,1.0
1035,linucb,simple,B,0.95,0.6318880418794104,471.1793080644382,0.1,1,0,0.54,1.0
1036,linucb,hard,D,0.55,1.0,774.0964477407312,0.22,1,0,0.54,1.0
1037,linucb,hard,D,0.55,1.0,793.3932945186215,0.22,0,0,0.54,0.0
1038,linucb,hard,D,0.55,1.0,833.051209157397,0.22,0,0,0.54,0.0
1039,linucb,hard,D,0.55,1.0,872.9040914207222,0.22,0,0,0.52,0.0
1040,linucb,simple,B,0.95,0.6334674875440199,492.097989729615,0.1,1,0,0.52,1.0
1041,linucb,hard,C,0.75,0.30526466576027206,613.6862254856778,0.35,0,0,0.52,0.0
1042,linucb,simple,B,0.95,0.7905572223540891,557.5020416317064,0.1,1,0,0.54,1.0
1043,linucb,hard,D,0.55,0.8996953599999999,750.5247019887033,0.22,1,0,0.54,1.0
1044,linucb,simple,B,0.95,0.9122075129910066,605.9926937415304,0.1,0,0,0.52,0.0
1045,linucb,hard,D,0.55,0.9967240867839999,718.8080791024614,0.22,1,0,0.54,1.0
1046,linucb,hard,D,0.55,1.0,863.7302186785028,0.22,0,0,0.52,0.0
1047,linucb,hard,D,0.55,1.0,917.4585074203388,0.22,0,0,0.5,0.0
1048,linucb,simple,B,0.95,0.8470466128978464,566.7325039047294,0.1,1,0,0.52,1.0
1049,linucb,hard,D,0.55,1.0,839.7789304880483,0.22,0,0,0.5,0.0
1050,linucb,simple,B,0.95,0.9559528970280922,660.552231020956,0.1,1,0,0.52,1.0
1051,linucb,simple,B,0.95,1.0,572.1413938818698,0.1,1,0,0.54,1.0
1052,linucb,hard,C,0.75,0.3748145264727693,612.3308400657929,0.35,0,0,0.52,0.0
1053,linucb,hard,C,0.75,0.629836783296037,760.666272496258,0.35,0,0,0.5,0.0
1054,linucb,simple,B,0.95,0.9814719999999999,566.3222270101837,0.1,1,0,0.52,1.0
1055,linucb,hard,D,0.55,0.764404086784,680.4153770015776,0.22,0,0,0.52,0.0
1056,linucb,hard,C,0.75,0.7292161323863169,816.7195685448843,0.35,0,0,0.5,0.0
1057,linucb,hard,C,0.75,0.9417101964999588,823.8072133377989,0.35,0,0,0.5,0.0
1058,linucb,hard,C,0.75,1.0,1159.2208918179272,0.35,0,0,0.5,0.0
1059,linucb,hard,C,0.75,1.0,1187.9828485504856,0.35,0,0,0.5,0.0
1060,linucb,simple,B,0.95,0.755799607864066,512.374853092861,0.1,0,0,0.5,0.0
1061,linucb,hard,D,0.55,0.654992381856881,642.930808981847,0.22,1,0,0.52,1.0
1062,linucb,hard,D,0.55,0.8763932960340552,694.8108431238193,0.22,0,0,0.5,0.0
1063,linucb,hard,D,0.55,1.0,740.3602581530461,0.22,0,0,0.48,0.0
1064,linucb,hard,D,0.55,1.0,791.125888170744,0.22,0,0,0.46,0.0
1065,linucb,hard,D,0.55,1.0,802.6890948871412,0.22,0,0,0.46,0.0
1066,linucb,hard,D,0.55,1.0,922.5353066367309,0.22,0,0,0.44,0.0
1067,linucb,hard,D,0.55,1.0,864.4989847675802,0.22,1,0,0.44,1.0
1068,linucb,hard,D,0.55,1.0,880.9171653290056,0.22,0,0,0.44,0.0
1069,linucb,simple,B,0.95,0.539194236883711,473.72052954365074,0.1,1,0,0.44,1.0
1070,linucb,hard,E,0.9,0.30014787941486465,720.2917547419753,0.6,0,0,0.44,0.0
1071,linucb,hard,D,0.55,0.9814719999999999,743.5355834331415,0.22,1,0,0.44,1.0
1072,linucb,hard,D,0.55,1.0,888.342539890179,0.22,1,0,0.44,1.0
1073,linucb,hard,D,0.55,1.0,856.0158621252081,0.22,0,0,0.42,0.0
1074,linucb,simple,B,0.95,0.584550008158154,421.7526344481331,0.1,1,0,0.44,1.0
1075,linucb,simple,B,0.95,0.8144040071791756,534.0487528139014,0.1,1,0,0.44,1.0
1076,linucb,hard,D,0.55,0.9814719999999999,726.2339913857085,0.22,1,0,0.44,1.0
1077,linucb,simple,B,0.95,0.9306744631595536,605.6087474704653,0.1,1,0,0.44,1.0
1078,linucb,simple,B,0.95,1.0,690.1349844933176,0.1,1,0,0.46,1.0
1079,linucb,hard,D,0.55,0.9688456867839998,723.2605183782587,0.22,0,0,0.46,0.0
1080,linucb,hard,D,0.55,1.0,938.0576425288774,0.22,1,0,0.46,1.0
1081,linucb,hard,D,0.55,1.0,795.7243061005331,0.22,0,0,0.46,0.0
1082,linucb,hard,D,0.55,1.0,795.6197901949058,0.22,1,0,0.48,1.0
1083,linucb,hard,D,0.55,1.0,828.0251251048489,0.22,0,0,0.46,0.0
1084,linucb,hard,D,0.55,1.0,870.787146817102,0.22,1,0,0.46,1.0
1085,linucb,hard,D,0.55,1.0,815.2683735664475,0.22,1,0,0.46,1.0
1086,linucb,hard,D,0.55,1.0,843.5080441117302,0.22,1,0,0.46,1.0
1087,linucb,hard,D,0.55,1.0,843.7809811930929,0.22,0,0,0.46,0.0
1088,linucb,hard,D,0.55,1.0,919.0314671375678,0.22,1,0,0.48,1.0
1089,linucb,hard,D,0.55,1.0,752.1393422900398,0.22,0,0,0.48,0.0
1090,linucb,simple,B,0.95,0.515671155821681,459.8469676830854,0.1,1,0,0.48,1.0
1091,linucb,hard,D,0.55,1.0,768.9058871114222,0.22,0,0,0.48,0.0
1092,linucb,simple,B,0.95,0.6993357430683098,469.92166985111373,0.1,1,0,0.48,1.0
1093,linucb,hard,D,0.55,1.0,825.5921815141601,0.22,0,0,0.46,0.0
1094,linucb,hard,D,0.55,1.0,806.7467945711752,0.22,1,0,0.48,1.0
1095,linucb,simple,B,0.95,0.7765777275002472,551.4961383090215,0.1,1,0,0.48,1.0
1096,linucb,simple,B,0.95,0.9833884002002176,681.2062195585736,0.1,1,0,0.5,1.0
1097,linucb,hard,D,0.55,0.9814719999999999,693.3441415778956,0.22,0,0,0.5,0.0
1098,linucb,hard,D,0.55,1.0,857.1215740254687,0.22,0,0,0.48,0.0
1099,linucb,hard,D,0.55,1.0,900.775663487244,0.22,0,0,0.48,0.0
1100,linucb,hard,D,0.55,1.0,774.5433144607289,0.22,0,0,0.46,0.0
1101,linucb,hard,D,0.55,1.0,944.934798082272,0.22,1,0,0.46,1.0
1102,linucb,hard,D,0.55,1.0,828.176484679876,0.22,0,0,0.46,0.0
1103,linucb,hard,D,0.55,1.0,829.5448184463119,0.22,0,0,0.46,0.0
1104,linucb,simple,B,0.95,0.6536604200052751,514.092733534707,0.1,0,0,0.44,0.0
1105,linucb,simple,B,0.95,0.8752211696046421,563.8693293626894,0.1,0,0,0.44,0.0
1106,linucb,simple,B,0.95,1.0,684.6942780962488,0.1,1,0,0.46,1.0
1107,linucb,simple,B,0.95,1.0,811.1961969565486,0.1,1,0,0.48,1.0
1108,linucb,hard,E,0.9,0.3023317222723646,783.1138317181069,0.6,1,0,0.5,1.0
1109,linucb,hard,D,0.55,0.764404086784,673.18706105229,0.22,1,0,0.52,1.0
1110,linucb,hard,C,0.75,0.3014744032504725,504.30075395639335,0.35,0,0,0.52,0.0
1111,linucb,hard,D,0.55,0.8919545248055296,775.0067883427905,0.22,1,0,0.52,1.0
1112,linucb,hard,D,0.55,1.0,917.9228440907684,0.22,0,0,0.52,0.0
1113,linucb,hard,D,0.55,1.0,832.3360486082597,0.22,1,0,0.54,1.0
1114,linucb,hard,D,0.55,1.0,910.976321025641,0.22,1,0,0.56,1.0
1115,linucb,simple,B,0.95,0.6596345248055295,461.4754370039375,0.1,1,0,0.58,1.0
1116,linucb,hard,D,0.55,1.0,882.9869279962207,0.22,1,0,0.6,1.0
1117,linucb,simple,B,0.95,0.8108209760094021,615.1266326225139,0.1,1,0,0.6,1.0
1118,linucb,hard,D,0.55,1.0,825.3462300866624,0.22,0,0,0.6,0.0
1119,linucb,simple,B,0.95,0.927899763821681,569.28369740454,0.1,1,0,0.6,1.0
1120,linucb,simple,B,0.95,1.0,689.5646096649037,0.1,1,0,0.62,1.0
1121,linucb,simple,B,0.95,1.0,714.398832139545,0.1,1,0,0.62,1.0
1122,linucb,simple,B,0.95,1.0,719.8490202971864,0.1,1,0,0.62,1.0
1123,linucb,hard,D,0.55,0.8277319167999999,732.7249459474365,0.22,0,0,0.62,0.0
1124,linucb,hard,D,0.55,1.0,751.1403183233871,0.22,0,0,0.6,0.0
1125,linucb,hard,D,0.55,1.0,867.5111884730031,0.22,0,0,0.58,0.0
1126,linucb,simple,B,0.95,0.8996953599999999,638.3114828675267,0.1,1,0,0.58,1.0
1127,linucb,simple,B,0.95,1.0,687.2462967278283,0.1,1,0,0.58,1.0
1128,linucb,hard,E,0.9,0.32344969298488985,906.2657576824456,0.6,0,0,0.56,0.0
1129,linucb,hard,C,0.75,0.32657181468921903,530.893291245158,0.35,1,0,0.58,1.0
1130,linucb,simple,B,0.95,0.9814719999999999,637.7090995550187,0.1,1,0,0.58,1.0
1131,linucb,hard,D,0.55,0.764404086784,634.9187516286426,0.22,1,0,0.6,1.0
1132,linucb,hard,D,0.55,0.9726755963699198,820.3809249679005,0.22,1,0,0.6,1.0
1133,linucb,hard,D,0.55,1.0,857.7798680713236,0.22,1,0,0.62,1.0
1134,linucb,simple,B,0.95,0.8885842043699199,645.3368395743605,0.1,1,0,0.62,1.0
1135,linucb,hard,D,0.55,1.0,925.7798031925151,0.22,0,0,0.6,0.0
1136,linucb,hard,D,0.55,1.0,898.2135863559231,0.22,0,0,0.58,0.0
1137,linucb,hard,D,0.55,1.0,862.3372552724966,0.22,0,0,0.58,0.0
1138,linucb,hard,D,0.55,1.0,841.5053953563081,0.22,1,0,0.58,1.0
1139,linucb,hard,D,0.55,1.0,825.0571758889776,0.22,1,0,0.6,1.0
1140,linucb,simple,B,0.95,0.7126621359611,571.4043839882735,0.1,1,0,0.6,1.0
1141,linucb,hard,D,0.55,1.0,780.6192862952472,0.22,0,0,0.6,0.0
1142,linucb,hard,D,0.55,1.0,825.5251840630465,0.22,1,0,0.6,1.0
1143,linucb,hard,D,0.55,1.0,859.4277911045544,0.22,0,0,0.6,0.0
1144,linucb,hard,D,0.55,1.0,806.4409788533934,0.22,1,0,0.6,1.0
1145,linucb,simple,B,0.95,0.6760945550415335,535.7339166553995,0.1,1,0,0.6,1.0
1146,linucb,simple,B,0.95,0.8949632084365495,611.9082051138273,0.1,1,0,0.6,1.0
1147,linucb,hard,D,0.55,0.9814719999999999,722.47925716998,0.22,1,0,0.62,1.0
1148,linucb,hard,D,0.55,1.0,860.0403744727219,0.22,1,0,0.64,1.0
1149,linucb,hard,D,0.55,1.0,807.2382158939862,0.22,0,0,0.64,0.0
1150,linucb,hard,D,0.55,1.0,829.9018837570098,0.22,1,0,0.66,1.0
1151,linucb,hard,D,0.55,1.0,971.5482154679572,0.22,1,0,0.66,1.0
1152,linucb,hard,D,0.55,1.0,836.5963780300673,0.22,1,0,0.68,1.0
1153,linucb,hard,D,0.55,1.0,809.2370254976835,0.22,1,0,0.7,1.0
1154,linucb,hard,D,0.55,1.0,932.1029536070457,0.22,1,0,0.72,1.0
1155,linucb,hard,D,0.55,1.0,817.4327889757977,0.22,1,0,0.74,1.0
1156,linucb,hard,D,0.55,1.0,825.3988659090413,0.22,1,0,0.74,1.0
1157,linucb,hard,D,0.55,1.0,804.2852886054263,0.22,0,0,0.72,0.0
1158,linucb,simple,B,0.95,0.49301774958139066,349.0126354671763,0.1,0,0,0.7,0.0
1159,linucb,hard,D,0.55,1.0,775.1434532370248,0.22,0,0,0.68,0.0
1160,linucb,hard,D,0.55,1.0,858.4797958123247,0.22,0,0,0.68,0.0
1161,linucb,hard,D,0.55,1.0,807.1320032894741,0.22,1,0,0.68,1.0
1162,linucb,hard,D,0.55,1.0,866.7888833329404,0.22,1,0,0.7,1.0
1163,linucb,hard,D,0.55,1.0,862.0475600909973,0.22,0,0,0.68,0.0
1164,linucb,hard,D,0.55,1.0,893.7625258507974,0.22,1,0,0.68,1.0
1165,linucb,hard,D,0.55,1.0,845.3403925177013,0.22,0,0,0.66,0.0
1166,linucb,hard,D,0.55,1.0,878.2957515421235,0.22,1,0,0.66,1.0
1167,linucb,hard,D,0.55,1.0,779.0489797163289,0.22,0,0,0.64,0.0
1168,linucb,hard,D,0.55,1.0,879.1313558809837,0.22,0,0,0.64,0.0
1169,linucb,hard,D,0.55,1.0,949.4294498483295,0.22,1,0,0.64,1.0
1170,linucb,hard,D,0.55,1.0,872.325675124256,0.22,1,0,0.64,1.0
1171,linucb,hard,D,0.55,1.0,875.9374046242309,0.22,0,0,0.62,0.0
1172,linucb,hard,D,0.55,1.0,912.5109657079679,0.22,0,0,0.6,0.0
1173,linucb,hard,D,0.55,1.0,894.1075429682675,0.22,1,0,0.62,1.0
1174,linucb,hard,D,0.55,1.0,875.3699016800343,0.22,0,0,0.62,0.0
1175,linucb,simple,B,0.95,0.3561135805590634,401.934223000068,0.1,1,0,0.64,1.0
1176,linucb,hard,D,0.55,1.0,874.8675641362441,0.22,0,0,0.62,0.0
1177,linucb,hard,D,0.55,1.0,872.679260396952,0.22,0,0,0.6,0.0
1178,linucb,simple,B,0.95,0.5426814339707461,473.80833299064125,0.1,0,0,0.6,0.0
1179,linucb,hard,C,0.75,0.3005471574376028,593.1989569002952,0.35,1,0,0.6,1.0
1180,linucb,simple,B,0.95,0.7202525024669457,569.4455878242865,0.1,1,0,0.6,1.0
1181,linucb,simple,B,0.95,0.9338222021709122,527.7663493794347,0.1,1,0,0.6,1.0
1182,linucb,hard,D,0.55,0.8277319167999999,672.4336625602787,0.22,1,0,0.6,1.0
1183,linucb,simple,B,0.95,1.0,654.5832078344466,0.1,0,0,0.58,0.0
1184,linucb,hard,D,0.55,0.9409955963699199,729.8065941459911,0.22,0,0,0.56,0.0
1185,linucb,hard,D,0.55,1.0,796.2282996212572,0.22,1,0,0.58,1.0
1186,linucb,simple,B,0.95,0.9814719999999999,587.1920035852315,0.1,1,0,0.6,1.0
1187,linucb,simple,B,0.95,1.0,695.7843567772118,0.1,1,0,0.62,1.0
1188,linucb,hard,D,0.55,0.9814719999999999,847.3415715322876,0.22,0,0,0.6,0.0
1189,linucb,hard,C,0.75,0.3837026766832238,617.4233038354862,0.35,0,0,0.58,0.0
1190,linucb,simple,B,0.95,0.9814719999999999,684.833995071692,0.1,0,0,0.56,0.0
1191,linucb,hard,D,0.55,0.9688456867839998,752.4242918446494,0.22,0,0,0.56,0.0
1192,linucb,hard,D,0.55,1.0,1003.5252107205044,0.22,1,0,0.56,1.0
1193,linucb,hard,D,0.55,1.0,876.7754895058318,0.22,0,0,0.56,0.0
1194,linucb,hard,C,0.75,0.5024921490473283,672.0949727176958,0.35,0,0,0.54,0.0
1195,linucb,simple,B,0.95,0.8179540998455295,629.2624207740929,0.1,1,0,0.54,1.0
1196,linucb,hard,C,0.75,0.689129920222251,720.9829056894158,0.35,0,0,0.52,0.0
1197,linucb,simple,B,0.95,0.933423654920378,572.0188898505248,0.1,1,0,0.52,1.0
1198,linucb,simple,B,0.95,1.0,681.8637201017493,0.1,1,0,0.52,1.0
1199,linucb,hard,D,0.55,0.764404086784,657.0284267577913,0.22,1,0,0.54,1.0
1200,linucb,simple,B,0.95,1.0,702.7274290628528,0.1,1,0,0.54,1.0
1201,linucb,hard,D,0.55,0.8919545248055296,686.395156492232,0.22,1,0,0.54,1.0
1202,linucb,hard,D,0.55,1.0,720.3655510356997,0.22,0,0,0.52,0.0
1203,linucb,hard,D,0.55,1.0,881.6772651981133,0.22,0,0,0.5,0.0
1204,linucb,hard,D,0.55,1.0,813.5241130358946,0.22,0,0,0.48,0.0
1205,linucb,hard,C,0.75,0.5180947220217935,670.8527239056256,0.35,1,0,0.48,1.0
1206,linucb,hard,C,0.75,0.7559233553791782,853.4062187004865,0.35,0,0,0.46,0.0
1207,linucb,hard,C,0.75,0.9652125527336768,972.2196151141529,0.35,0,0,0.46,0.0
1208,linucb,hard,C,0.75,1.0,1057.4927306411048,0.35,0,0,0.46,0.0
1209,linucb,hard,C,0.75,1.0,1179.589587114821,0.35,1,0,0.48,1.0
1210,linucb,hard,D,0.55,0.764404086784,573.7671330517471,0.22,1,0,0.5,1.0
1211,linucb,hard,D,0.55,0.9726755963699198,787.3278838169564,0.22,0,0,0.48,0.0
1212,linucb,simple,B,0.95,0.515671155821681,509.1570057289912,0.1,1,0,0.48,1.0
1213,linucb,hard,E,0.9,0.3000061778004504,730.8469352807581,0.6,0,0,0.48,0.0
1214,linucb,simple,B,0.95,0.6993357430683098,490.9513615186922,0.1,1,0,0.48,1.0
1215,linucb,simple,B,0.95,0.9154154539001127,636.8112295460088,0.1,1,0,0.5,1.0
1216,linucb,simple,B,0.95,1.0,660.4167238670799,0.1,1,0,0.5,1.0
1217,linucb,hard,D,0.55,0.7517145220692552,628.0007872215895,0.22,0,0,0.5,0.0
1218,linucb,hard,D,0.55,0.9615087794209445,728.0070298780656,0.22,1,0,0.52,1.0
1219,linucb,hard,D,0.55,1.0,890.618460532466,0.22,0,0,0.5,0.0
1220,linucb,hard,D,0.55,1.0,804.1361429313955,0.22,1,0,0.5,1.0
1221,linucb,simple,B,0.95,0.8277319167999999,578.3314339133412,0.1,1,0,0.52,1.0
1222,linucb,hard,D,0.55,1.0,841.1809532660538,0.22,1,0,0.54,1.0
1223,linucb,hard,D,0.55,1.0,902.0710765013753,0.22,0,0,0.52,0.0
1224,linucb,simple,B,0.95,0.8640761248055295,588.3829709330255,0.1,1,0,0.54,1.0
1225,linucb,hard,D,0.55,1.0,904.8082851456745,0.22,0,0,0.52,0.0
1226,linucb,simple,B,0.95,0.969140551049402,644.7105255473805,0.1,1,0,0.54,1.0
1227,linucb,simple,B,0.95,1.0,658.0640169516267,0.1,1,0,0.56,1.0
1228,linucb,hard,E,0.9,0.3440930641451746,901.4927486707337,0.6,0,0,0.56,0.0
1229,linucb,simple,B,0.95,1.0,668.718252248494,0.1,1,0,0.56,1.0
1230,linucb,hard,D,0.55,0.8277319167999999,714.2721380727758,0.22,0,0,0.54,0.0
1231,linucb,hard,C,0.75,0.360064627393414,605.8872080442923,0.35,0,0,0.52,0.0
1232,linucb,hard,D,0.55,0.9409955963699199,749.9642198771446,0.22,0,0,0.5,0.0
1233,linucb,simple,B,0.95,0.8996953599999999,626.7383424362661,0.1,1,0,0.52,1.0
1234,linucb,hard,E,0.9,0.45979822522304814,904.8292425691154,0.6,0,0,0.52,0.0
1235,linucb,hard,E,0.9,0.7046224381962823,1304.7487141111185,0.6,1,0,0.52,1.0
1236,linucb,hard,E,0.9,0.9200677456127284,1513.5197855089978,0.6,0,0,0.5,0.0
1237,linucb,hard,E,0.9,1.0,1786.9811772066296,0.6,0,0,0.48,0.0
1238,linucb,hard,E,0.9,1.0,1653.6860494123657,0.6,0,0,0.48,0.0
1239,linucb,hard,D,0.55,0.6845619365279455,531.3393503230324,0.22,1,0,0.5,1.0
1240,linucb,hard,E,0.9,1.0,1419.8022819394366,0.6,1,0,0.52,1.0
1241,linucb,hard,E,0.9,1.0,1379.3394307735314,0.6,0,0,0.52,0.0
1242,linucb,hard,E,0.9,1.0,1664.4338565179437,0.6,0,0,0.5,0.0
1243,linucb,hard,D,0.55,0.7105286169684235,614.4338605988862,0.22,0,0,0.5,0.0
1244,linucb,hard,E,0.9,1.0,1522.41070629205,0.6,0,0,0.5,0.0
1245,linucb,simple,B,0.95,0.4940383381786034,407.0807896357723,0.1,1,0,0.5,1.0
1246,linucb,hard,E,0.9,1.0,1605.0719670903568,0.6,0,0,0.5,0.0
1247,linucb,simple,B,0.95,0.6825832890855104,478.1658440480687,0.1,1,0,0.5,1.0
1248,linucb,simple,B,0.95,0.9006732943952491,562.7980135907274,0.1,1,0,0.5,1.0
1249,linucb,hard,D,0.55,0.6299723934971192,576.6444502600187,0.22,1,0,0.5,1.0
1250,linucb,hard,D,0.55,0.8543757062774648,701.9594251315651,0.22,0,0,0.48,0.0
1251,linucb,hard,E,0.9,0.8277319167999999,1266.3171809464918,0.6,0,0,0.46,0.0
1252,linucb,hard,E,0.9,1.0,1521.4640054207646,0.6,0,0,0.46,0.0
1253,linucb,simple,B,0.95,0.7753140440617756,553.4464460490502,0.1,1,0,0.48,1.0
1254,linucb,simple,B,0.95,0.9822763587743626,672.1689448672308,0.1,1,0,0.5,1.0
1255,linucb,hard,D,0.55,0.7508813291411602,707.1379173625774,0.22,1,0,0.5,1.0
1256,linucb,simple,B,0.95,1.0,697.1347780197727,0.1,1,0,0.52,1.0
1257,linucb,hard,D,0.55,0.8814825012869145,770.5852195135411,0.22,0,0,0.52,0.0
1258,linucb,hard,C,0.75,0.3114133361011036,571.7022725801517,0.35,0,0,0.52,0.0
1259,linucb,hard,E,0.9,0.70867559636992,1094.5490020788613,0.6,0,0,0.5,0.0
1260,linucb,hard,D,0.55,0.9007056431169962,653.1624645943874,0.22,1,0,0.5,1.0
1261,linucb,hard,D,0.55,1.0,815.053947584921,0.22,1,0,0.52,1.0
1262,linucb,hard,D,0.55,1.0,981.6204873367478,0.22,1,0,0.52,1.0
1263,linucb,simple,B,0.95,0.70867559636992,490.6326416078388,0.1,1,0,0.54,1.0
1264,linucb,hard,D,0.55,1.0,755.0335972767746,0.22,0,0,0.52,0.0
1265,linucb,simple,B,0.95,0.848798381828866,632.457409585015,0.1,1,0,0.52,1.0
1266,linucb,hard,D,0.55,1.0,871.5909726794523,0.22,1,0,0.52,1.0
1267,linucb,hard,D,0.55,1.0,951.5591787951232,0.22,0,0,0.52,0.0
1268,linucb,hard,D,0.55,1.0,897.1300467642179,0.22,0,0,0.5,0.0
1269,linucb,hard,D,0.55,1.0,873.567419278645,0.22,0,0,0.5,0.0
1270,linucb,hard,E,0.9,0.47368282383149973,960.7248841419654,0.6,0,0,0.48,0.0
1271,linucb,hard,C,0.75,0.35910332923898536,604.0056666169327,0.35,0,0,0.46,0.0
1272,linucb,hard,D,0.55,0.9814719999999999,778.4706732647576,0.22,1,0,0.46,1.0
1273,linucb,hard,D,0.55,1.0,834.7424710019235,0.22,0,0,0.46,0.0
1274,linucb,hard,D,0.55,1.0,823.9949625261014,0.22,0,0,0.44,0.0
1275,linucb,hard,D,0.55,1.0,812.8591004078461,0.22,0,0,0.44,0.0
1276,linucb,hard,D,0.55,1.0,965.3612678075166,0.22,1,0,0.44,1.0
1277,linucb,hard,D,0.55,1.0,863.7727844147663,0.22,1,0,0.44,1.0
1278,linucb,simple,B,0.95,0.4610939687003716,412.81257046903886,0.1,1,0,0.46,1.0
1279,linucb,hard,C,0.75,0.42914595516694615,680.186870413044,0.35,0,0,0.44,0.0
1280,linucb,hard,D,0.55,0.9814719999999999,737.0504876382904,0.22,1,0,0.46,1.0
1281,linucb,hard,D,0.55,1.0,880.6464203224341,0.22,1,0,0.48,1.0
1282,linucb,hard,D,0.55,1.0,894.4765788656526,0.22,1,0,0.5,1.0
1283,linucb,hard,D,0.55,1.0,912.8355580852464,0.22,0,0,0.48,0.0
1284,linucb,simple,B,0.95,0.5141339234559064,484.0820173846527,0.1,1,0,0.5,1.0
1285,linucb,hard,D,0.55,1.0,745.2371959256996,0.22,0,0,0.48,0.0
1286,linucb,simple,B,0.95,0.6981453103242539,545.9835551692502,0.1,1,0,0.5,1.0
1287,linucb,simple,B,0.95,0.9143678730853433,580.7087703742022,0.1,1,0,0.52,1.0
1288,linucb,hard,D,0.55,0.9814719999999999,855.4462954398857,0.22,1,0,0.54,1.0
1289,linucb,hard,D,0.55,1.0,855.7838747228301,0.22,1,0,0.54,1.0
1290,linucb,hard,D,0.55,1.0,934.1743408331048,0.22,1,0,0.54,1.0
1291,linucb,hard,D,0.55,1.0,845.79964261522,0.22,0,0,0.54,0.0
1292,linucb,simple,B,0.95,0.7825411103236674,439.391346008193,0.1,1,0,0.56,1.0
1293,linucb,hard,D,0.55,1.0,831.3879823592533,0.22,0,0,0.56,0.0
1294,linucb,hard,D,0.55,1.0,849.4621247303937,0.22,0,0,0.56,0.0
1295,linucb,hard,C,0.75,0.3555044467265473,593.9616345810846,0.35,0,0,0.54,0.0
1296,linucb,simple,B,0.95,0.7692862728703513,516.974795900094,0.1,1,0,0.56,1.0
1297,linucb,hard,E,0.9,0.315014808071668,753.0815684410554,0.6,0,0,0.54,0.0
1298,linucb,hard,D,0.55,0.8996953599999999,699.6284125870319,0.22,0,0,0.52,0.0
1299,linucb,simple,B,0.95,0.8242470549455041,558.7053967034103,0.1,1,0,0.52,1.0
1300,linucb,simple,B,0.95,1.0,564.3990299890957,0.1,1,0,0.54,1.0
1301,linucb,hard,C,0.75,0.46509771792969334,658.4810008891351,0.35,0,0,0.54,0.0
1302,linucb,simple,B,0.95,1.0,737.008736959623,0.1,1,0,0.56,1.0
1303,linucb,simple,B,0.95,1.0,770.7551043636879,0.1,1,0,0.56,1.0
1304,linucb,hard,D,0.55,0.7178222020446021,626.5645941774925,0.22,1,0,0.56,1.0
1305,linucb,hard,D,0.55,0.9316835377992498,810.9016032581208,0.22,0,0,0.54,0.0
1306,linucb,hard,C,0.75,0.5454469101823428,746.5461771321741,0.35,1,0,0.54,1.0
1307,linucb,hard,C,0.75,0.7799932809604617,822.9966849468339,0.35,0,0,0.54,0.0
1308,linucb,hard,C,0.75,0.9863940872452064,1078.5413095378672,0.35,0,0,0.54,0.0
1309,linucb,hard,C,0.75,1.0,1106.2696228513196,0.35,0,0,0.54,0.0
1310,linucb,hard,D,0.55,0.7916791392538034,603.4757100058978,0.22,1,0,0.54,1.0
1311,linucb,hard,D,0.55,0.996677642543347,724.1740835005434,0.22,0,0,0.52,0.0
1312,linucb,simple,B,0.95,0.6164783818288659,535.6896522650995,0.1,1,0,0.52,1.0
1313,linucb,hard,D,0.55,1.0,817.1950493946877,0.22,1,0,0.52,1.0
1314,linucb,hard,D,0.55,1.0,818.2298033809751,0.22,0,0,0.52,0.0
1315,linucb,hard,D,0.55,1.0,861.4985949493641,0.22,0,0,0.5,0.0
1316,linucb,hard,D,0.55,1.0,924.2670600583647,0.22,0,0,0.48,0.0
1317,linucb,simple,B,0.95,0.6253353181083097,389.5006734373262,0.1,1,0,0.5,1.0
1318,linucb,hard,E,0.9,0.32150141712526425,850.747237397561,0.6,0,0,0.5,0.0
1319,linucb,simple,B,0.95,0.784259670343075,574.2943802878165,0.1,1,0,0.52,1.0
1320,linucb,simple,B,0.95,0.9901485099019061,676.8923886299231,0.1,1,0,0.54,1.0
1321,linucb,simple,B,0.95,1.0,736.7432446910755,0.1,1,0,0.56,1.0
1322,linucb,hard,D,0.55,0.764404086784,594.6607697034223,0.22,0,0,0.54,0.0
1323,linucb,hard,D,0.55,0.9726755963699198,703.229475755003,0.22,0,0,0.54,0.0
1324,linucb,simple,B,0.95,0.9814719999999999,664.1397587776886,0.1,1,0,0.56,1.0
1325,linucb,hard,D,0.55,1.0,763.9374190150519,0.22,1,0,0.58,1.0
1326,linucb,hard,D,0.55,1.0,799.8476650719495,0.22,1,0,0.58,1.0
1327,linucb,hard,D,0.55,1.0,876.6457902929616,0.22,1,0,0.58,1.0
1328,linucb,simple,B,0.95,0.8885842043699199,562.1557574579241,0.1,1,0,0.58,1.0
1329,linucb,simple,B,0.95,1.0,690.3412583207513,0.1,0,0,0.58,0.0
1330,linucb,simple,B,0.95,1.0,610.7311446572669,0.1,0,0,0.56,0.0
1331,linucb,hard,D,0.55,0.8996953599999999,645.5385050175706,0.22,0,0,0.54,0.0
1332,linucb,hard,D,0.55,1.0,858.9065675879124,0.22,0,0,0.52,0.0
1333,linucb,hard,D,0.55,1.0,951.7798670314785,0.22,1,0,0.54,1.0
1334,linucb,hard,D,0.55,1.0,810.3661161455742,0.22,1,0,0.54,1.0
1335,linucb,hard,D,0.55,1.0,916.1486256625077,0.22,1,0,0.56,1.0
1336,linucb,hard,D,0.55,1.0,843.5427143327929,0.22,0,0,0.54,0.0
1337,linucb,hard,D,0.55,1.0,877.1532656083366,0.22,0,0,0.52,0.0
1338,linucb,simple,B,0.95,0.6596345248055295,473.8295873991854,0.1,1,0,0.52,1.0
1339,linucb,hard,C,0.75,0.32160131373025164,570.4594058256023,0.35,0,0,0.5,0.0
1340,linucb,hard,D,0.55,0.9814719999999999,872.1561475626035,0.22,1,0,0.5,1.0
1341,linucb,hard,D,0.55,1.0,945.2202169596443,0.22,0,0,0.5,0.0
1342,linucb,simple,B,0.95,0.695579763821681,479.34201426517507,0.1,1,0,0.5,1.0
1343,linucb,hard,D,0.55,1.0,766.5849371774573,0.22,1,0,0.52,1.0
1344,linucb,simple,B,0.95,0.8386569691035097,562.0157705527828,0.1,1,0,0.54,1.0
1345,linucb,hard,D,0.55,1.0,811.0853216765533,0.22,0,0,0.54,0.0
1346,linucb,simple,B,0.95,0.949455956873758,608.1573036018846,0.1,1,0,0.54,1.0
1347,linucb,simple,B,0.95,1.0,679.5022085709458,0.1,0,0,0.54,0.0
1348,linucb,hard,D,0.55,0.9814719999999999,762.832462701684,0.22,1,0,0.56,1.0
1349,linucb,hard,D,0.55,1.0,851.7850430859676,0.22,0,0,0.54,0.0
1350,linucb,hard,D,0.55,1.0,909.3620969293396,0.22,0,0,0.52,0.0
1351,linucb,hard,D,0.55,1.0,840.3581412663856,0.22,0,0,0.52,0.0
1352,linucb,simple,B,0.95,0.8277319167999999,616.8354913726614,0.1,1,0,0.52,1.0
1353,linucb,simple,B,0.95,1.0,545.2114276470749,0.1,1,0,0.52,1.0
1354,linucb,simple,B,0.95,1.0,766.395653499453,0.1,1,0,0.52,1.0
1355,linucb,hard,C,0.75,0.34159494635848137,535.2057381604762,0.35,0,0,0.52,0.0
1356,linucb,hard,D,0.55,0.8277319167999999,650.4509101726508,0.22,1,0,0.52,1.0
1357,linucb,hard,D,0.55,1.0,726.198402402142,0.22,0,0,0.52,0.0
1358,linucb,simple,B,0.95,0.8996953599999999,653.1096076259075,0.1,1,0,0.54,1.0
1359,linucb,hard,D,0.55,1.0,810.8936146880242,0.22,0,0,0.54,0.0
1360,linucb,hard,D,0.55,1.0,793.1096353236518,0.22,1,0,0.54,1.0
1361,linucb,simple,B,0.95,0.9131171963699201,430.0672338063868,0.1,1,0,0.56,1.0
1362,linucb,simple,B,0.95,1.0,638.0110295080364,0.1,1,0,0.56,1.0
1363,linucb,hard,C,0.75,0.4228493362096028,665.2673149100178,0.35,0,0,0.54,0.0
1364,linucb,simple,B,0.95,1.0,614.8291432849092,0.1,1,0,0.56,1.0
1365,linucb,hard,D,0.55,0.8277319167999999,635.7839388732305,0.22,0,0,0.56,0.0
1366,linucb,simple,B,0.95,1.0,649.414984877371,0.1,1,0,0.58,1.0
1367,linucb,hard,C,0.75,0.5535807849039788,719.5949392389556,0.35,0,0,0.56,0.0
1368,linucb,hard,C,0.75,0.7871510907155013,896.6842310470206,0.35,0,0,0.56,0.0
1369,linucb,simple,B,0.95,0.9814719999999999,653.0371659354277,0.1,1,0,0.56,1.0
1370,linucb,hard,D,0.55,0.7368205510494021,717.7117560366843,0.22,0,0,0.54,0.0
1371,linucb,hard,C,0.75,0.8364214280920741,882.9398100117633,0.35,0,0,0.52,0.0
1372,linucb,hard,C,0.75,1.0,1025.5040772152222,0.35,0,0,0.52,0.0
1373,linucb,hard,C,0.75,1.0,1059.0470318399246,0.35,0,0,0.52,0.0
1374,linucb,hard,C,0.75,1.0,994.3708423508679,0.35,0,0,0.5,0.0
1375,linucb,hard,D,0.55,0.6888437217429333,668.3089318906275,0.22,1,0,0.5,1.0
1376,linucb,hard,D,0.55,0.9061824751337813,722.6791569678038,0.22,0,0,0.48,0.0
1377,linucb,simple,B,0.95,0.6529712163299327,581.4918232717123,0.1,1,0,0.48,1.0
1378,linucb,hard,D,0.55,1.0,660.7850462598988,0.22,0,0,0.46,0.0
1379,linucb,hard,D,0.55,1.0,811.7626267780755,0.22,1,0,0.48,1.0
1380,linucb,simple,B,0.95,0.7449816007347918,541.9002516214928,0.1,1,0,0.5,1.0
1381,linucb,simple,B,0.95,0.9555838086466169,653.9012980356725,0.1,1,0,0.52,1.0
1382,linucb,hard,D,0.55,0.9814719999999999,575.7616962330418,0.22,0,0,0.52,0.0
1383,linucb,simple,B,0.95,1.0,707.5031281974739,0.1,1,0,0.52,1.0
1384,linucb,hard,D,0.55,1.0,696.8837356452983,0.22,0,0,0.5,0.0
1385,linucb,hard,D,0.55,1.0,902.1496147213309,0.22,1,0,0.5,1.0
1386,linucb,simple,B,0.95,0.9814719999999999,676.1873251632832,0.1,1,0,0.52,1.0
1387,linucb,hard,D,0.55,1.0,785.7815764963315,0.22,0,0,0.52,0.0
1388,linucb,hard,D,0.55,1.0,860.1348058722942,0.22,1,0,0.52,1.0
1389,linucb,simple,B,0.95,0.9688456867839998,621.7457352098756,0.1,1,0,0.54,1.0
1390,linucb,hard,D,0.55,1.0,790.6104923934072,0.22,1,0,0.54,1.0
1391,linucb,hard,D,0.55,1.0,819.3244135595497,0.22,0,0,0.54,0.0
1392,linucb,hard,D,0.55,1.0,826.8668303310668,0.22,0,0,0.52,0.0
1393,linucb,hard,D,0.55,1.0,953.8853141778717,0.22,1,0,0.52,1.0
1394,linucb,simple,B,0.95,0.8112907913699325,593.2999763979074,0.1,1,0,0.52,1.0
1395,linucb,hard,E,0.9,0.30001707452564236,639.5988998222376,0.6,0,0,0.52,0.0
1396,linucb,simple,B,0.95,0.9282635888368758,584.7305919432991,0.1,1,0,0.52,1.0
1397,linucb,hard,D,0.55,0.8996953599999999,644.9600601868219,0.22,1,0,0.54,1.0
1398,linucb,hard,D,0.55,1.0,667.6536814700164,0.22,0,0,0.52,0.0
1399,linucb,hard,D,0.55,1.0,907.2914000574012,0.22,0,0,0.52,0.0
1400,linucb,hard,D,0.55,1.0,861.1489267338387,0.22,0,0,0.52,0.0
1401,linucb,hard,D,0.55,1.0,856.8141892312051,0.22,1,0,0.54,1.0
1402,linucb,hard,D,0.55,1.0,766.730435746802,0.22,0,0,0.52,0.0
1403,linucb,simple,B,0.95,0.6793586757563923,528.4095845727097,0.1,1,0,0.52,1.0
1404,linucb,hard,D,0.55,1.0,782.1085974152936,0.22,0,0,0.5,0.0
1405,linucb,hard,D,0.55,1.0,980.1413066589981,0.22,0,0,0.5,0.0
1406,linucb,simple,B,0.95,0.7629639154850603,523.8155086175773,0.1,1,0,0.5,1.0
1407,linucb,hard,C,0.75,0.31472069047038204,648.3191729398299,0.35,0,0,0.5,0.0
1408,linucb,hard,E,0.9,0.3569404257216825,853.0724122202606,0.6,0,0,0.48,0.0
1409,linucb,hard,D,0.55,0.8996953599999999,810.9467270561069,0.22,1,0,0.5,1.0
1410,linucb,hard,D,0.55,1.0,817.3998180220699,0.22,0,0,0.48,0.0
1411,linucb,hard,D,0.55,1.0,761.2229084283188,0.22,1,0,0.48,1.0
1412,linucb,hard,D,0.55,1.0,862.424412231048,0.22,0,0,0.46,0.0
1413,linucb,hard,D,0.55,1.0,1073.9664097876584,0.22,0,0,0.46,0.0
1414,linucb,hard,D,0.55,1.0,934.3812965529647,0.22,0,0,0.44,0.0
1415,linucb,hard,D,0.55,1.0,714.9694376953607,0.22,0,0,0.44,0.0
1416,linucb,hard,D,0.55,1.0,790.9555425922864,0.22,0,0,0.42,0.0
1417,linucb,hard,D,0.55,1.0,987.2352303364358,0.22,1,0,0.44,1.0
1418,linucb,simple,B,0.95,0.4645493095028983,462.57192947406446,0.1,1,0,0.46,1.0
1419,linucb,hard,E,0.9,0.3874792661078161,912.5038323048777,0.6,0,0,0.44,0.0
1420,linucb,hard,C,0.75,0.35973103406577545,672.4878403432015,0.35,0,0,0.44,0.0
1421,linucb,hard,E,0.9,0.6000639436738928,1092.3082836199435,0.6,1,0,0.46,1.0
1422,linucb,simple,B,0.95,0.578588065400092,515.982993881076,0.1,1,0,0.48,1.0
1423,linucb,hard,D,0.55,0.764404086784,712.0355850094418,0.22,0,0,0.48,0.0
1424,linucb,hard,E,0.9,0.7089267758233351,1100.0556528925338,0.6,0,0,0.48,0.0
1425,linucb,hard,E,0.9,0.9238555627245348,1343.8481503104258,0.6,0,0,0.46,0.0
1426,linucb,hard,E,0.9,1.0,1520.6511621432792,0.6,0,0,0.46,0.0
1427,linucb,simple,B,0.95,0.6053393887911943,468.6919771910142,0.1,1,0,0.46,1.0
1428,linucb,hard,E,0.9,1.0,1315.1902284962948,0.6,0,0,0.46,0.0
1429,linucb,hard,E,0.9,1.0,1745.5965960732553,0.6,0,0,0.44,0.0
1430,linucb,simple,B,0.95,0.7125218439583128,620.3068493613323,0.1,1,0,0.44,1.0
1431,linucb,hard,D,0.55,0.5749061005099686,542.6370292702671,0.22,1,0,0.44,1.0
1432,linucb,simple,B,0.95,0.8517769159613173,518.3202475374338,0.1,1,0,0.46,1.0
1433,linucb,hard,D,0.55,0.7452072842349197,671.0044650238963,0.22,1,0,0.46,1.0
1434,linucb,simple,B,0.95,0.9596160437204442,596.0847700602878,0.1,1,0,0.48,1.0
1435,linucb,simple,B,0.95,1.0,735.6933097385553,0.1,1,0,0.48,1.0
1436,linucb,hard,D,0.55,0.8078378984021393,696.4066816516241,0.22,0,0,0.46,0.0
1437,linucb,hard,C,0.75,0.3409433461103263,547.8523162850859,0.35,0,0,0.46,0.0
1438,linucb,hard,D,0.55,0.9255896685226166,786.0824470211364,0.22,0,0,0.44,0.0
1439,linucb,simple,B,0.95,0.8996953599999999,575.1715227156,0.1,1,0,0.44,1.0
1440,linucb,hard,E,0.9,0.5450808588882738,977.2847622289776,0.6,0,0,0.42,0.0
1441,linucb,simple,B,0.95,0.9967240867839999,683.4913539614653,0.1,1,0,0.44,1.0
1442,linucb,hard,C,0.75,0.4799266855630083,611.928568935149,0.35,0,0,0.44,0.0
1443,linucb,hard,C,0.75,0.7223354832954474,753.8002443782698,0.35,0,0,0.42,0.0
1444,linucb,hard,C,0.75,0.9356552252999937,950.4082864134859,0.35,0,0,0.4,0.0
1445,linucb,simple,B,0.95,0.897730810044602,593.0420084035699,0.1,1,0,0.42,1.0
1446,linucb,hard,D,0.55,0.632874000604039,579.366349995025,0.22,1,0,0.42,1.0
1447,linucb,simple,B,0.95,0.9952027392985399,690.9118678864525,0.1,1,0,0.42,1.0
1448,linucb,hard,D,0.55,0.7900976260677678,666.3743885599918,0.22,1,0,0.44,1.0
1449,linucb,hard,D,0.55,0.9952859109396357,655.6376516164509,0.22,0,0,0.44,0.0
1450,linucb,hard,D,0.55,1.0,963.4227563191647,0.22,0,0,0.44,0.0
1451,linucb,hard,D,0.55,1.0,894.2440575023,0.22,0,0,0.42,0.0
1452,linucb,hard,D,0.55,1.0,940.8588551800395,0.22,0,0,0.42,0.0
1453,linucb,simple,B,0.95,0.7621762193088737,587.5472820885427,0.1,1,0,0.42,1.0
1454,linucb,hard,E,0.9,0.3910370846795375,959.1568256164485,0.6,0,0,0.42,0.0
1455,linucb,simple,B,0.95,0.8902292642327918,636.4240764673593,0.1,1,0,0.44,1.0
1456,linucb,hard,C,0.75,0.501793843891045,631.3876384348174,0.35,0,0,0.42,0.0
1457,linucb,hard,C,0.75,0.7415785826241196,799.101799182769,0.35,0,0,0.42,0.0
1458,linucb,simple,B,0.95,0.9066663171552491,555.4080909362815,0.1,1,0,0.44,1.0
1459,linucb,hard,D,0.55,0.70867559636992,626.348334564743,0.22,1,0,0.44,1.0
1460,linucb,hard,C,0.75,0.8053650398580239,930.400365384765,0.35,0,0,0.44,0.0
1461,linucb,simple,B,0.95,0.917867708484422,569.6614394099878,0.1,0,0,0.42,0.0
1462,linucb,simple,B,0.95,1.0,764.879531056662,0.1,1,0,0.44,1.0
1463,linucb,hard,D,0.55,0.7249894668882739,721.7619372421885,0.22,0,0,0.44,0.0
1464,linucb,hard,E,0.9,0.40890420973912245,752.2569120613648,0.6,0,0,0.44,0.0
1465,linucb,hard,D,0.55,0.8614318431582793,691.1363005220644,0.22,0,0,0.44,0.0
1466,linucb,simple,B,0.95,0.8996953599999999,572.18263202316,0.1,1,0,0.46,1.0
1467,linucb,simple,B,0.95,1.0,649.8206818038075,0.1,1,0,0.46,1.0
1468,linucb,simple,B,0.95,1.0,667.0844008695194,0.1,1,0,0.46,1.0
1469,linucb,hard,D,0.55,0.816596679298268,714.0041777754695,0.22,0,0,0.46,0.0
1470,linucb,simple,B,0.95,1.0,584.6815095219135,0.1,0,0,0.46,0.0
1471,linucb,hard,D,0.55,0.9323724684485788,761.0848059117748,0.22,0,0,0.44,0.0
1472,linucb,hard,D,0.55,1.0,670.3551371755507,0.22,1,0,0.44,1.0
1473,linucb,simple,B,0.95,0.9814719999999999,614.3770507444735,0.1,1,0,0.46,1.0
1474,linucb,hard,D,0.55,1.0,866.2408060898031,0.22,1,0,0.48,1.0
1475,linucb,simple,B,0.95,1.0,733.1409511173339,0.1,1,0,0.5,1.0
1476,linucb,simple,B,0.95,1.0,704.0092178403437,0.1,1,0,0.52,1.0
1477,linucb,hard,D,0.55,0.9814719999999999,821.4331194601807,0.22,0,0,0.5,0.0
1478,linucb,hard,D,0.55,1.0,818.0100897117012,0.22,0,0,0.5,0.0
1479,linucb,simple,B,0.95,0.9814719999999999,618.5330739918612,0.1,1,0,0.52,1.0
1480,linucb,hard,C,0.75,0.3624663623899202,569.3491607254242,0.35,0,0,0.5,0.0
1481,linucb,hard,C,0.75,0.6189703989031298,774.9239482301119,0.35,0,0,0.48,0.0
1482,linucb,hard,C,0.75,0.8446939510347542,1015.3601606584599,0.35,0,0,0.46,0.0
1483,linucb,hard,C,0.75,1.0,1197.4248028231134,0.35,0,0,0.44,0.0
1484,linucb,hard,C,0.75,1.0,1278.0871500532462,0.35,1,0,0.44,1.0
1485,linucb,hard,D,0.55,0.70867559636992,594.002907841252,0.22,0,0,0.42,0.0
1486,linucb,hard,E,0.9,0.3245606789975788,758.2769992441108,0.6,0,0,0.42,0.0
1487,linucb,hard,D,0.55,0.848798381828866,697.5580950196673,0.22,0,0,0.42,0.0
1488,linucb,hard,D,0.55,1.0,803.6597991469694,0.22,0,0,0.42,0.0
1489,linucb,hard,D,0.55,1.0,859.9736627924239,0.22,1,0,0.42,1.0
1490,linucb,simple,B,0.95,0.5405400007347919,486.09018214161597,0.1,1,0,0.44,1.0
1491,linucb,hard,D,0.55,1.0,816.3812541956322,0.22,1,0,0.44,1.0
1492,linucb,simple,B,0.95,0.7185941765690229,540.1933038711883,0.1,0,0,0.44,0.0
1493,linucb,hard,D,0.55,1.0,744.0225020953079,0.22,0,0,0.44,0.0
1494,linucb,simple,B,0.95,0.8564793303350513,548.0888135783911,0.1,0,0,0.44,0.0
1495,linucb,simple,B,0.95,1.0,689.1115201322066,0.1,1,0,0.44,1.0
1496,linucb,hard,D,0.55,0.9814719999999999,740.2028715690234,0.22,0,0,0.42,0.0
1497,linucb,hard,D,0.55,1.0,815.7652960576223,0.22,1,0,0.42,1.0
1498,linucb,hard,D,0.55,1.0,707.0652941140505,0.22,0,0,0.4,0.0
1499,linucb,simple,B,0.95,0.8996953599999999,640.8332951722728,0.1,1,0,0.42,1.0
