t,policy,task_difficulty,chosen_agent,match_score,load,latency_ms,call_cost,success,is_shock,rolling_success,reward_used_for_update
0,static_rule,hard,A,0.95,0.3,900.2073294450854,1.0,1,0,1.0,0.0
1,static_rule,hard,A,0.95,0.5640000000000001,1273.9329851968605,1.0,1,0,1.0,0.0
2,static_rule,hard,A,0.95,0.79632,1044.5948235701167,1.0,1,0,1.0,0.0
3,static_rule,hard,A,0.95,1.0,1687.236379558315,1.0,1,0,1.0,0.0
4,static_rule,simple,B,0.95,0.3,368.6205835184106,0.1,1,0,1.0,0.0
5,static_rule,hard,A,0.95,1.0,1907.9385060071504,1.0,1,0,1.0,0.0
6,static_rule,simple,B,0.95,0.53232,433.6396488815186,0.1,1,0,1.0,0.0
7,static_rule,hard,A,0.95,1.0,2013.6980925723506,1.0,1,0,1.0,0.0
8,static_rule,hard,A,0.95,1.0,1986.8880262495768,1.0,1,0,1.0,0.0
9,static_rule,hard,A,0.95,1.0,1659.8837391619845,1.0,1,0,1.0,0.0
10,static_rule,hard,A,0.95,1.0,1858.3683098755223,1.0,1,0,1.0,0.0
11,static_rule,hard,A,0.95,1.0,1750.9420169207099,1.0,1,0,1.0,0.0
12,static_rule,hard,A,0.95,1.0,2033.2569843225192,1.0,1,0,1.0,0.0
13,static_rule,hard,A,0.95,1.0,1820.7252293334518,1.0,1,0,1.0,0.0
14,static_rule,hard,A,0.95,1.0,2180.92145752464,1.0,1,0,1.0,0.0
15,static_rule,hard,A,0.95,1.0,1788.8889509793482,1.0,1,0,1.0,0.0
16,static_rule,hard,A,0.95,1.0,2067.931396333112,1.0,1,0,1.0,0.0
17,static_rule,hard,A,0.95,1.0,1916.0995977689295,1.0,1,0,1.0,0.0
18,static_rule,simple,B,0.95,0.4148060696669972,385.6558451058435,0.1,1,0,1.0,0.0
19,static_rule,hard,A,0.95,1.0,1690.173625009682,1.0,1,0,1.0,0.0
20,static_rule,simple,B,0.95,0.6212258203501226,481.5773965540178,0.1,1,0,1.0,0.0
21,static_rule,hard,A,0.95,1.0,1694.2168421559763,1.0,1,0,1.0,0.0
22,static_rule,hard,A,0.95,1.0,1778.2279070504094,1.0,1,0,1.0,0.0
23,static_rule,hard,A,0.95,1.0,1680.5599668835227,1.0,1,0,1.0,0.0
24,static_rule,simple,B,0.95,0.6725462419761622,509.169316334904,0.1,1,0,1.0,0.0
25,static_rule,hard,A,0.95,1.0,1583.6972058635574,1.0,1,0,1.0,0.0
26,static_rule,hard,A,0.95,1.0,2175.366052211765,1.0,1,0,1.0,0.0
27,static_rule,hard,A,0.95,1.0,1945.7606554555202,1.0,1,0,1.0,0.0
28,static_rule,simple,B,0.95,0.7033228606985418,474.9071325982822,0.1,0,0,0.9655172413793104,0.0
29,static_rule,hard,A,0.95,1.0,1697.1516866612026,1.0,1,0,0.9666666666666667,0.0
30,static_rule,simple,B,0.95,0.8446532233249506,567.9160930228616,0.1,0,0,0.9354838709677419,0.0
31,static_rule,simple,B,0.95,1.0,711.84089060218,0.1,1,0,0.9375,0.0
32,static_rule,hard,A,0.95,0.9814719999999999,1540.1586282563287,1.0,1,0,0.9393939393939394,0.0
33,static_rule,simple,B,0.95,1.0,705.7485041844224,0.1,1,0,0.9411764705882353,0.0
34,static_rule,hard,A,0.95,1.0,2051.501790132902,1.0,1,0,0.9428571428571428,0.0
35,static_rule,hard,A,0.95,1.0,1842.7119238124928,1.0,1,0,0.9444444444444444,0.0
36,static_rule,simple,B,0.95,0.9814719999999999,618.9613386019807,0.1,1,0,0.9459459459459459,0.0
37,static_rule,hard,A,0.95,1.0,1813.8028385522537,1.0,1,0,0.9473684210526315,0.0
38,static_rule,simple,B,0.95,1.0,709.9169117077951,0.1,1,0,0.9487179487179487,0.0
39,static_rule,hard,A,0.95,1.0,1668.8700078719007,1.0,1,0,0.95,0.0
40,static_rule,simple,B,0.95,1.0,636.9643076650734,0.1,1,0,0.9512195121951219,0.0
41,static_rule,hard,A,0.95,1.0,1861.2684319388673,1.0,1,0,0.9523809523809523,0.0
42,static_rule,hard,A,0.95,1.0,2026.3636071662768,1.0,1,0,0.9534883720930233,0.0
43,static_rule,hard,A,0.95,1.0,1851.4971639120865,1.0,1,0,0.9545454545454546,0.0
44,static_rule,hard,A,0.95,1.0,1839.353892360845,1.0,1,0,0.9555555555555556,0.0
45,static_rule,hard,A,0.95,1.0,1746.4457975567045,1.0,1,0,0.9565217391304348,0.0
46,static_rule,hard,A,0.95,1.0,1695.6058189462237,1.0,1,0,0.9574468085106383,0.0
47,static_rule,hard,A,0.95,1.0,1812.197846867103,1.0,1,0,0.9583333333333334,0.0
48,static_rule,hard,A,0.95,1.0,1835.2681663824042,1.0,1,0,0.9591836734693877,0.0
49,static_rule,hard,A,0.95,1.0,2177.8819258168146,1.0,1,0,0.96,0.0
50,static_rule,hard,A,0.95,1.0,1814.545262117395,1.0,1,0,0.96,0.0
51,static_rule,hard,A,0.95,1.0,1834.745408622719,1.0,1,0,0.96,0.0
52,static_rule,hard,A,0.95,1.0,1996.611371774753,1.0,1,0,0.96,0.0
53,static_rule,simple,B,0.95,0.48979061712307925,496.788179865558,0.1,1,0,0.96,0.0
54,static_rule,hard,A,0.95,1.0,1706.1487916982512,1.0,1,0,0.96,0.0
55,static_rule,hard,A,0.95,1.0,1970.9503422752405,1.0,1,0,0.96,0.0
56,static_rule,hard,A,0.95,1.0,1874.349340763978,1.0,1,0,0.96,0.0
57,static_rule,simple,B,0.95,0.5937251604602471,526.9536640710874,0.1,1,0,0.96,0.0
58,static_rule,hard,A,0.95,1.0,1823.369960789155,1.0,1,0,0.96,0.0
59,static_rule,hard,A,0.95,1.0,1767.9164030992856,1.0,1,0,0.96,0.0
60,static_rule,simple,B,0.95,0.7046070725491655,491.71420544860047,0.1,1,0,0.96,0.0
61,static_rule,hard,A,0.95,1.0,1678.7629217413842,1.0,1,0,0.96,0.0
62,static_rule,hard,A,0.95,1.0,1749.497416765471,1.0,1,0,0.96,0.0
63,static_rule,hard,A,0.95,1.0,2048.590254488358,1.0,1,0,0.96,0.0
64,static_rule,simple,B,0.95,0.722549592030918,501.58990092355526,0.1,0,0,0.94,0.0
65,static_rule,simple,B,0.95,0.9358436409872077,562.8427983460601,0.1,1,0,0.94,0.0
66,static_rule,hard,A,0.95,0.9814719999999999,1571.832820261364,1.0,1,0,0.94,0.0
67,static_rule,hard,A,0.95,1.0,1920.7978531158662,1.0,1,0,0.94,0.0
68,static_rule,hard,A,0.95,1.0,2081.4446001874517,1.0,1,0,0.94,0.0
69,static_rule,hard,A,0.95,1.0,1819.8225460284084,1.0,1,0,0.94,0.0
70,static_rule,hard,A,0.95,1.0,2167.5036542400194,1.0,1,0,0.94,0.0
71,static_rule,simple,B,0.95,0.7346096114652778,476.03673897001215,0.1,1,0,0.94,0.0
72,static_rule,simple,B,0.95,0.9464564580894446,599.1145943024837,0.1,1,0,0.94,0.0
73,static_rule,hard,A,0.95,0.9814719999999999,1661.674528303618,1.0,1,0,0.94,0.0
74,static_rule,hard,A,0.95,1.0,1819.8593681536995,1.0,1,0,0.94,0.0
75,static_rule,hard,A,0.95,1.0,1867.5936760943493,1.0,1,0,0.94,0.0
76,static_rule,simple,B,0.95,0.8675855463582745,567.0549541864605,0.1,1,0,0.94,0.0
77,static_rule,hard,A,0.95,1.0,1587.0914444914365,1.0,1,0,0.94,0.0
78,static_rule,hard,A,0.95,1.0,1866.467821467529,1.0,0,0,0.94,0.0
79,static_rule,hard,A,0.95,1.0,1788.8897371615858,1.0,1,0,0.94,0.0
80,static_rule,hard,A,0.95,1.0,1784.517053404948,1.0,1,0,0.96,0.0
81,static_rule,hard,A,0.95,1.0,1691.453714038428,1.0,1,0,0.96,0.0
82,static_rule,hard,A,0.95,1.0,2001.8625518428926,1.0,1,0,0.96,0.0
83,static_rule,simple,B,0.95,0.6545610405598906,496.5596963797052,0.1,1,0,0.96,0.0
84,static_rule,hard,A,0.95,1.0,1751.9695874304189,1.0,1,0,0.96,0.0
85,static_rule,hard,A,0.95,1.0,1834.863637936603,1.0,1,0,0.96,0.0
86,static_rule,simple,B,0.95,0.7460650214324298,599.4347919530612,0.1,1,0,0.96,0.0
87,static_rule,hard,A,0.95,1.0,1590.0902910555205,1.0,1,0,0.96,0.0
88,static_rule,hard,A,0.95,1.0,1871.2936173476985,1.0,1,0,0.96,0.0
89,static_rule,hard,A,0.95,1.0,1499.9603057513684,1.0,1,0,0.96,0.0
90,static_rule,hard,A,0.95,1.0,2005.7017892240383,1.0,1,0,0.96,0.0
91,static_rule,hard,A,0.95,1.0,1743.202805507353,1.0,1,0,0.96,0.0
92,static_rule,simple,B,0.95,0.646475644959813,477.59043957865526,0.1,0,0,0.94,0.0
93,static_rule,hard,A,0.95,1.0,1826.1730632586755,1.0,0,0,0.92,0.0
94,static_rule,hard,A,0.95,1.0,1924.1664444842752,1.0,1,0,0.92,0.0
95,static_rule,hard,A,0.95,1.0,2008.2194838577757,1.0,1,0,0.92,0.0
96,static_rule,simple,B,0.95,0.6876884446354072,582.9985401714637,0.1,1,0,0.92,0.0
97,static_rule,hard,A,0.95,1.0,1785.712277152627,1.0,1,0,0.92,0.0
98,static_rule,simple,B,0.95,0.8325459315256594,556.4904818665462,0.1,1,0,0.92,0.0
99,static_rule,simple,B,0.95,1.0,587.8404876559019,0.1,1,0,0.92,0.0
100,static_rule,hard,A,0.95,0.9814719999999999,1682.5095550252736,1.0,1,0,0.92,0.0
101,static_rule,simple,B,0.95,1.0,613.1519740739111,0.1,1,0,0.92,0.0
102,static_rule,hard,A,0.95,1.0,1748.2387046723484,1.0,1,0,0.92,0.0
103,static_rule,hard,A,0.95,1.0,1793.9762927111103,1.0,1,0,0.92,0.0
104,static_rule,hard,A,0.95,1.0,1845.8043026630985,1.0,1,0,0.92,0.0
105,static_rule,hard,A,0.95,1.0,1855.8274530263318,1.0,1,0,0.92,0.0
106,static_rule,hard,A,0.95,1.0,1633.029495987257,1.0,1,0,0.92,0.0
107,static_rule,hard,A,0.95,1.0,2103.6589110411915,1.0,1,0,0.92,0.0
108,static_rule,hard,A,0.95,1.0,1834.0696558111476,1.0,1,0,0.92,0.0
109,static_rule,simple,B,0.95,0.6596345248055295,491.3933221473164,0.1,0,0,0.9,0.0
110,static_rule,simple,B,0.95,0.880478381828866,537.8469180606153,0.1,1,0,0.9,0.0
111,static_rule,hard,A,0.95,0.9814719999999999,1423.90533411547,1.0,1,0,0.9,0.0
112,static_rule,hard,A,0.95,1.0,1867.040464443108,1.0,1,0,0.9,0.0
113,static_rule,hard,A,0.95,1.0,1760.9333299923192,1.0,1,0,0.9,0.0
114,static_rule,simple,B,0.95,0.8280188001630793,538.487407546435,0.1,1,0,0.92,0.0
115,static_rule,simple,B,0.95,1.0,702.99054027517,0.1,1,0,0.92,0.0
116,static_rule,hard,A,0.95,0.9814719999999999,1606.974538754715,1.0,1,0,0.92,0.0
117,static_rule,hard,A,0.95,1.0,2135.507852104569,1.0,1,0,0.92,0.0
118,static_rule,hard,A,0.95,1.0,1678.6224183389081,1.0,1,0,0.92,0.0
119,static_rule,hard,A,0.95,1.0,1945.1852198963195,1.0,1,0,0.92,0.0
120,static_rule,simple,B,0.95,0.8277319167999999,552.256787325934,0.1,1,0,0.92,0.0
121,static_rule,hard,A,0.95,1.0,1545.1602238565226,1.0,1,0,0.92,0.0
122,static_rule,simple,B,0.95,0.9409955963699199,701.3780969849814,0.1,1,0,0.92,0.0
123,static_rule,hard,A,0.95,1.0,1920.8067443602,1.0,1,0,0.92,0.0
124,static_rule,hard,A,0.95,1.0,2078.3074959943124,1.0,1,0,0.92,0.0
125,static_rule,hard,A,0.95,1.0,1636.6184871380544,1.0,1,0,0.92,0.0
126,static_rule,hard,A,0.95,1.0,1615.8084646100328,1.0,1,0,0.92,0.0
127,static_rule,simple,B,0.95,0.7965934097726569,510.621866850572,0.1,0,0,0.9,0.0
128,static_rule,simple,B,0.95,1.0,565.765487675157,0.1,1,0,0.92,0.0
129,static_rule,simple,B,0.95,1.0,728.0709113707941,0.1,0,0,0.9,0.0
130,static_rule,hard,A,0.95,0.8996953599999999,1553.9747613726672,1.0,0,0,0.88,0.0
131,static_rule,hard,A,0.95,1.0,1634.8515264959055,1.0,1,0,0.88,0.0
132,static_rule,simple,B,0.95,0.9814719999999999,612.8313819145728,0.1,1,0,0.88,0.0
133,static_rule,simple,B,0.95,1.0,749.940098043695,0.1,1,0,0.88,0.0
134,static_rule,hard,A,0.95,0.9814719999999999,1416.5013269919689,1.0,1,0,0.88,0.0
135,static_rule,hard,A,0.95,1.0,1845.918719778366,1.0,1,0,0.88,0.0
136,static_rule,hard,A,0.95,1.0,1912.3337269511162,1.0,1,0,0.88,0.0
137,static_rule,simple,B,0.95,0.8996953599999999,625.7167854370127,0.1,0,0,0.86,0.0
138,static_rule,simple,B,0.95,1.0,775.0859273921751,0.1,0,0,0.84,0.0
139,static_rule,hard,A,0.95,0.9814719999999999,1423.1355237688058,1.0,1,0,0.84,0.0
140,static_rule,hard,A,0.95,1.0,1622.2413751292288,1.0,1,0,0.84,0.0
141,static_rule,hard,A,0.95,1.0,1946.9161863567624,1.0,1,0,0.84,0.0
142,static_rule,hard,A,0.95,1.0,1680.1882943973146,1.0,1,0,0.86,0.0
143,static_rule,simple,B,0.95,0.8277319167999999,557.7356284470615,0.1,0,0,0.86,0.0
144,static_rule,hard,A,0.95,1.0,2017.0803180367202,1.0,1,0,0.86,0.0
145,static_rule,hard,A,0.95,1.0,1657.660471903332,1.0,1,0,0.86,0.0
146,static_rule,hard,A,0.95,1.0,1609.1636906446263,1.0,1,0,0.86,0.0
147,static_rule,simple,B,0.95,0.796386989828866,590.2075147134813,0.1,1,0,0.86,0.0
148,static_rule,hard,A,0.95,1.0,1758.3018903786676,1.0,1,0,0.86,0.0
149,static_rule,hard,A,0.95,1.0,1864.3477238050282,1.0,1,0,0.86,0.0
150,static_rule,simple,B,0.95,0.8427154347326571,554.9810180951768,0.1,0,0,0.84,0.0
151,static_rule,hard,A,0.95,1.0,1692.5992973998434,1.0,1,0,0.84,0.0
152,static_rule,hard,A,0.95,1.0,1886.182680200057,1.0,0,0,0.82,0.0
153,static_rule,hard,A,0.95,1.0,1847.0797129780437,1.0,1,0,0.82,0.0
154,static_rule,hard,A,0.95,1.0,1785.1908957616013,1.0,1,0,0.82,0.0
155,static_rule,hard,A,0.95,1.0,1858.9855000243736,1.0,1,0,0.82,0.0
156,static_rule,hard,A,0.95,1.0,1912.0129458259469,1.0,1,0,0.82,0.0
157,static_rule,hard,A,0.95,1.0,1568.3969439103432,1.0,1,0,0.82,0.0
158,static_rule,hard,A,0.95,1.0,1939.4932515734024,1.0,1,0,0.82,0.0
159,static_rule,hard,A,0.95,1.0,1775.5550314515433,1.0,1,0,0.84,0.0
160,static_rule,hard,A,0.95,1.0,1751.0450566034299,1.0,1,0,0.84,0.0
161,static_rule,hard,A,0.95,1.0,1697.2225770127914,1.0,1,0,0.84,0.0
162,static_rule,hard,A,0.95,1.0,1882.3689891779313,1.0,1,0,0.84,0.0
163,static_rule,simple,B,0.95,0.45993948241705507,461.65229582947876,0.1,1,0,0.84,0.0
164,static_rule,simple,B,0.95,0.7047467445270085,479.0357371842027,0.1,0,0,0.82,0.0
165,static_rule,hard,A,0.95,0.9814719999999999,1770.6700117137052,1.0,1,0,0.82,0.0
166,static_rule,hard,A,0.95,1.0,1862.7458509449564,1.0,1,0,0.82,0.0
167,static_rule,hard,A,0.95,1.0,2089.364357215288,1.0,1,0,0.82,0.0
168,static_rule,hard,A,0.95,1.0,1809.0736260510232,1.0,1,0,0.82,0.0
169,static_rule,hard,A,0.95,1.0,1724.7565454093053,1.0,1,0,0.82,0.0
170,static_rule,simple,B,0.95,0.6272872683060623,459.6582684981056,0.1,1,0,0.82,0.0
171,static_rule,hard,A,0.95,1.0,1802.4860530078074,1.0,1,0,0.82,0.0
172,static_rule,hard,A,0.95,1.0,1944.3453420004842,1.0,1,0,0.82,0.0
173,static_rule,simple,B,0.95,0.7274787093070689,588.7773613850001,0.1,1,0,0.82,0.0
174,static_rule,simple,B,0.95,0.9401812641902207,682.1141398904546,0.1,1,0,0.82,0.0
175,static_rule,hard,A,0.95,0.9814719999999999,1664.316364026354,1.0,1,0,0.82,0.0
176,static_rule,hard,A,0.95,1.0,1949.5446846284754,1.0,1,0,0.82,0.0
177,static_rule,hard,A,0.95,1.0,1774.8849686383717,1.0,1,0,0.84,0.0
178,static_rule,hard,A,0.95,1.0,1948.5524869683816,1.0,1,0,0.84,0.0
179,static_rule,hard,A,0.95,1.0,1938.2774705664044,1.0,1,0,0.86,0.0
180,static_rule,simple,B,0.95,0.7366240214076861,528.5576468794998,0.1,1,0,0.88,0.0
181,static_rule,hard,A,0.95,1.0,1428.1922976977587,1.0,1,0,0.88,0.0
182,static_rule,simple,B,0.95,0.870441642178112,550.5843619505874,0.1,1,0,0.88,0.0
183,static_rule,hard,A,0.95,1.0,1626.2147645289783,1.0,1,0,0.88,0.0
184,static_rule,hard,A,0.95,1.0,1845.5269635539696,1.0,1,0,0.88,0.0
185,static_rule,hard,A,0.95,1.0,1828.0883934995875,1.0,1,0,0.88,0.0
186,static_rule,simple,B,0.95,0.821999813964994,535.6480092459828,0.1,1,0,0.88,0.0
187,static_rule,hard,A,0.95,1.0,1717.2399030676045,1.0,1,0,0.9,0.0
188,static_rule,hard,A,0.95,1.0,1716.2745609890799,1.0,1,0,0.92,0.0
189,static_rule,hard,A,0.95,1.0,1968.3679546759681,1.0,1,0,0.92,0.0
190,static_rule,hard,A,0.95,1.0,1605.8685414772865,1.0,1,0,0.92,0.0
191,static_rule,hard,A,0.95,1.0,2080.253895876515,1.0,1,0,0.92,0.0
192,static_rule,hard,A,0.95,1.0,1866.3799373057693,1.0,1,0,0.92,0.0
193,static_rule,simple,B,0.95,0.6359312641881073,453.56914291694693,0.1,1,0,0.94,0.0
194,static_rule,hard,A,0.95,1.0,1819.118760384242,1.0,1,0,0.94,0.0
195,static_rule,simple,B,0.95,0.7924651709872703,548.8105987184638,0.1,1,0,0.94,0.0
196,static_rule,hard,A,0.95,1.0,1644.4428460799043,1.0,1,0,0.94,0.0
197,static_rule,hard,A,0.95,1.0,1932.4221670427723,1.0,1,0,0.94,0.0
198,static_rule,simple,B,0.95,0.8400428250030372,682.1567990005334,0.1,1,0,0.94,0.0
199,static_rule,simple,B,0.95,1.0,731.5758297119893,0.1,1,0,0.94,0.0
200,static_rule,simple,B,0.95,1.0,734.692904044358,0.1,1,0,0.96,0.0
201,static_rule,simple,B,0.95,1.0,830.8485952861801,0.1,1,0,0.96,0.0
202,static_rule,simple,B,0.95,1.0,815.2145352181615,0.1,1,0,0.98,0.0
203,static_rule,hard,A,0.95,0.764404086784,1409.3493683474635,1.0,0,0,0.96,0.0
204,static_rule,hard,A,0.95,0.9726755963699198,1455.506690904471,1.0,1,0,0.96,0.0
205,static_rule,hard,A,0.95,1.0,2064.3380362553758,1.0,1,0,0.96,0.0
206,static_rule,hard,A,0.95,1.0,1806.967600315371,1.0,1,0,0.96,0.0
207,static_rule,hard,A,0.95,1.0,1923.8047001746984,1.0,1,0,0.96,0.0
208,static_rule,hard,A,0.95,1.0,2046.1572978650006,1.0,1,0,0.96,0.0
209,static_rule,simple,B,0.95,0.70867559636992,540.6391791939733,0.1,1,0,0.96,0.0
210,static_rule,hard,A,0.95,1.0,1641.16195764083,1.0,1,0,0.96,0.0
211,static_rule,simple,B,0.95,0.848798381828866,523.1879793998451,0.1,1,0,0.96,0.0
212,static_rule,hard,A,0.95,1.0,1839.4703518652616,1.0,1,0,0.96,0.0
213,static_rule,hard,A,0.95,1.0,1981.9202957387324,1.0,1,0,0.96,0.0
214,static_rule,simple,B,0.95,0.878432330861681,657.2156668751485,0.1,0,0,0.96,0.0
215,static_rule,simple,B,0.95,1.0,650.3158310378396,0.1,1,0,0.96,0.0
216,static_rule,hard,A,0.95,0.9814719999999999,1791.7230249622407,1.0,1,0,0.96,0.0
217,static_rule,simple,B,0.95,1.0,669.7857741583903,0.1,1,0,0.96,0.0
218,static_rule,hard,A,0.95,1.0,1744.3591385359623,1.0,1,0,0.96,0.0
219,static_rule,hard,A,0.95,1.0,1933.7123374538994,1.0,1,0,0.96,0.0
220,static_rule,simple,B,0.95,0.9814719999999999,676.6143241438833,0.1,1,0,0.96,0.0
221,static_rule,hard,A,0.95,1.0,1908.473291405371,1.0,1,0,0.96,0.0
222,static_rule,hard,A,0.95,1.0,1861.5179970154336,1.0,1,0,0.96,0.0
223,static_rule,simple,B,0.95,0.9688456867839998,613.6328519573889,0.1,0,0,0.94,0.0
224,static_rule,hard,A,0.95,1.0,1739.0243702749417,1.0,1,0,0.94,0.0
225,static_rule,hard,A,0.95,1.0,1864.4145450592787,1.0,1,0,0.94,0.0
226,static_rule,hard,A,0.95,1.0,2069.276813990825,1.0,1,0,0.94,0.0
227,static_rule,simple,B,0.95,0.881012262920378,602.9206357321889,0.1,0,0,0.92,0.0
228,static_rule,hard,A,0.95,1.0,1830.7750547355472,1.0,1,0,0.92,0.0
229,static_rule,simple,B,0.95,0.9822558964055408,641.132731677009,0.1,1,0,0.92,0.0
230,static_rule,hard,A,0.95,1.0,1584.9583021398994,1.0,1,0,0.92,0.0
231,static_rule,hard,A,0.95,1.0,1757.975021094973,1.0,1,0,0.92,0.0
232,static_rule,hard,A,0.95,1.0,1632.4592482410633,1.0,1,0,0.92,0.0
233,static_rule,hard,A,0.95,1.0,1700.813215211501,1.0,1,0,0.92,0.0
234,static_rule,hard,A,0.95,1.0,1875.0493510764406,1.0,0,0,0.9,0.0
235,static_rule,hard,A,0.95,1.0,1973.3089179094839,1.0,1,0,0.9,0.0
236,static_rule,simple,B,0.95,0.7014240142514048,529.136793484447,0.1,1,0,0.9,0.0
237,static_rule,hard,A,0.95,1.0,1964.820511820077,1.0,1,0,0.9,0.0
238,static_rule,hard,A,0.95,1.0,1920.9315643994792,1.0,1,0,0.9,0.0
239,static_rule,hard,A,0.95,1.0,1629.5136071861439,1.0,1,0,0.9,0.0
240,static_rule,hard,A,0.95,1.0,1985.0529388342318,1.0,1,0,0.9,0.0
241,static_rule,hard,A,0.95,1.0,1849.4639193072367,1.0,1,0,0.9,0.0
242,static_rule,hard,A,0.95,1.0,1701.333962857333,1.0,1,0,0.9,0.0
243,static_rule,simple,B,0.95,0.5866548773323761,452.4901844544388,0.1,1,0,0.9,0.0
244,static_rule,hard,A,0.95,1.0,1865.8678778021363,1.0,1,0,0.9,0.0
245,static_rule,simple,B,0.95,0.7543055370061921,488.13770055278223,0.1,1,0,0.9,0.0
246,static_rule,hard,A,0.95,1.0,1624.352101140821,1.0,1,0,0.9,0.0
247,static_rule,hard,A,0.95,1.0,1822.6951269206827,1.0,1,0,0.9,0.0
248,static_rule,hard,A,0.95,1.0,1861.5484010162886,1.0,1,0,0.9,0.0
249,static_rule,hard,A,0.95,1.0,1924.872234776168,1.0,1,0,0.9,0.0
250,static_rule,hard,A,0.95,1.0,1744.8318622594484,1.0,0,0,0.88,0.0
251,static_rule,simple,B,0.95,0.6503025740694753,535.1403058791624,0.1,1,0,0.88,0.0
252,static_rule,hard,A,0.95,1.0,1630.7799705645093,1.0,1,0,0.88,0.0
253,static_rule,hard,A,0.95,1.0,1677.4747693619433,1.0,1,0,0.9,0.0
254,static_rule,simple,B,0.95,0.7431629957562735,574.873036621508,0.1,1,0,0.9,0.0
255,static_rule,simple,B,0.95,0.9539834362655206,650.6408188682835,0.1,1,0,0.9,0.0
256,static_rule,hard,A,0.95,0.9814719999999999,1648.8415674850753,1.0,0,0,0.88,0.0
257,static_rule,hard,A,0.95,1.0,1808.0638378330189,1.0,1,0,0.88,0.0
258,static_rule,hard,A,0.95,1.0,1909.8612224672931,1.0,1,0,0.88,0.0
259,static_rule,simple,B,0.95,0.8720994402452884,669.615925207837,0.1,1,0,0.88,0.0
260,static_rule,simple,B,0.95,1.0,670.7686016012016,0.1,1,0,0.88,0.0
261,static_rule,simple,B,0.95,1.0,658.2981975290256,0.1,1,0,0.88,0.0
262,static_rule,hard,A,0.95,0.8996953599999999,1403.2217227547308,1.0,1,0,0.88,0.0
263,static_rule,hard,A,0.95,1.0,1696.6648097473226,1.0,1,0,0.88,0.0
264,static_rule,simple,B,0.95,0.9814719999999999,719.8882287332762,0.1,1,0,0.9,0.0
265,static_rule,simple,B,0.95,1.0,687.5950286174688,0.1,1,0,0.9,0.0
266,static_rule,hard,A,0.95,0.9814719999999999,1407.429173387353,1.0,1,0,0.9,0.0
267,static_rule,simple,B,0.95,1.0,686.7470821666507,0.1,0,0,0.88,0.0
268,static_rule,hard,A,0.95,1.0,1753.5371562562393,1.0,1,0,0.88,0.0
269,static_rule,hard,A,0.95,1.0,1612.08049463879,1.0,1,0,0.88,0.0
270,static_rule,simple,B,0.95,0.9814719999999999,640.8052568696103,0.1,1,0,0.88,0.0
271,static_rule,hard,A,0.95,1.0,1982.8284198681863,1.0,1,0,0.88,0.0
272,static_rule,hard,A,0.95,1.0,1999.5896859892553,1.0,1,0,0.88,0.0
273,static_rule,simple,B,0.95,0.9688456867839998,714.4527750669595,0.1,1,0,0.9,0.0
274,static_rule,hard,A,0.95,1.0,1586.232202872282,1.0,1,0,0.9,0.0
275,static_rule,hard,A,0.95,1.0,1702.366047423466,1.0,1,0,0.9,0.0
276,static_rule,hard,A,0.95,1.0,2062.7450256376123,1.0,1,0,0.9,0.0
277,static_rule,hard,A,0.95,1.0,1882.5795690829316,1.0,1,0,0.92,0.0
278,static_rule,hard,A,0.95,1.0,1630.6833866015895,1.0,1,0,0.92,0.0
279,static_rule,hard,A,0.95,1.0,1889.0940085375962,1.0,1,0,0.92,0.0
280,static_rule,simple,B,0.95,0.6959435888368758,621.4607091422721,0.1,1,0,0.92,0.0
281,static_rule,hard,A,0.95,1.0,1551.6541649173987,1.0,1,0,0.92,0.0
282,static_rule,hard,A,0.95,1.0,2308.970481386314,1.0,1,0,0.92,0.0
283,static_rule,hard,A,0.95,1.0,1925.46249086091,1.0,1,0,0.92,0.0
284,static_rule,hard,A,0.95,1.0,1778.8870512180615,1.0,1,0,0.94,0.0
285,static_rule,simple,B,0.95,0.6672716441215556,505.4065058397037,0.1,1,0,0.94,0.0
286,static_rule,simple,B,0.95,0.8871990468269688,573.8793562992994,0.1,1,0,0.94,0.0
287,static_rule,hard,A,0.95,0.9814719999999999,1467.6229605732472,1.0,1,0,0.94,0.0
288,static_rule,hard,A,0.95,1.0,1811.4695450978836,1.0,1,0,0.94,0.0
289,static_rule,hard,A,0.95,1.0,1777.2442843640065,1.0,1,0,0.94,0.0
290,static_rule,hard,A,0.95,1.0,1833.7210927689143,1.0,1,0,0.94,0.0
291,static_rule,simple,B,0.95,0.7682032535651292,573.9954447197694,0.1,1,0,0.94,0.0
292,static_rule,hard,A,0.95,1.0,1461.9838678169897,1.0,1,0,0.94,0.0
293,static_rule,hard,A,0.95,1.0,1697.6300125973098,1.0,1,0,0.94,0.0
294,static_rule,simple,B,0.95,0.8235090076135356,535.7788638490584,0.1,1,0,0.94,0.0
295,static_rule,hard,A,0.95,1.0,1323.7094323320193,1.0,1,0,0.94,0.0
296,static_rule,hard,A,0.95,1.0,1657.2483712978162,1.0,1,0,0.94,0.0
297,static_rule,hard,A,0.95,1.0,1592.919173570917,1.0,1,0,0.94,0.0
298,static_rule,hard,A,0.95,1.0,1876.1002571898848,1.0,1,0,0.94,0.0
299,static_rule,simple,B,0.95,0.7345919870899569,623.3962870769504,0.1,1,0,0.94,0.0
300,static_rule,simple,B,0.95,0.9464409486391621,625.5332505315331,0.1,1,0,0.96,0.0
301,static_rule,hard,A,0.95,0.9814719999999999,1683.88919505885,1.0,1,0,0.96,0.0
302,static_rule,simple,B,0.95,1.0,582.1131424377033,0.1,1,0,0.96,0.0
303,static_rule,hard,A,0.95,1.0,1850.9909589762199,1.0,1,0,0.96,0.0
304,static_rule,hard,A,0.95,1.0,2059.4952020880746,1.0,1,0,0.96,0.0
305,static_rule,hard,A,0.95,1.0,1985.9969854858948,1.0,1,0,0.96,0.0
306,static_rule,hard,A,0.95,1.0,1792.9871994026428,1.0,1,0,0.98,0.0
307,static_rule,simple,B,0.95,0.8277319167999999,580.0066095861388,0.1,1,0,0.98,0.0
308,static_rule,simple,B,0.95,1.0,588.3709448378694,0.1,1,0,0.98,0.0
309,static_rule,simple,B,0.95,1.0,728.7714365222851,0.1,0,0,0.96,0.0
310,static_rule,simple,B,0.95,1.0,810.0350520418,0.1,1,0,0.96,0.0
311,static_rule,hard,A,0.95,0.8277319167999999,1596.491099845735,1.0,1,0,0.96,0.0
312,static_rule,hard,A,0.95,1.0,1573.3643591568696,1.0,1,0,0.96,0.0
313,static_rule,hard,A,0.95,1.0,1936.247472793789,1.0,1,0,0.96,0.0
314,static_rule,simple,B,0.95,0.8996953599999999,635.2824440276981,0.1,1,0,0.96,0.0
315,static_rule,simple,B,0.95,1.0,675.2995023769028,0.1,1,0,0.96,0.0
316,static_rule,hard,A,0.95,0.9814719999999999,1701.4687180749115,1.0,1,0,0.96,0.0
317,static_rule,hard,A,0.95,1.0,1790.9399727937264,1.0,1,0,0.98,0.0
318,static_rule,hard,A,0.95,1.0,1858.5761928681336,1.0,1,0,0.98,0.0
319,static_rule,simple,B,0.95,0.8996953599999999,569.8535792525638,0.1,1,0,0.98,0.0
320,static_rule,simple,B,0.95,1.0,560.9326230201434,0.1,1,0,0.98,0.0
321,static_rule,simple,B,0.95,1.0,689.0946325602386,0.1,1,0,0.98,0.0
322,static_rule,simple,B,0.95,1.0,769.6393568835684,0.1,1,0,0.98,0.0
323,static_rule,simple,B,0.95,1.0,699.012462861536,0.1,1,0,0.98,0.0
324,static_rule,hard,A,0.95,0.764404086784,1500.1208889665793,1.0,1,0,0.98,0.0
325,static_rule,simple,B,0.95,1.0,664.114055202797,0.1,0,0,0.96,0.0
326,static_rule,hard,A,0.95,0.8919545248055296,1631.0542867402974,1.0,1,0,0.96,0.0
327,static_rule,simple,B,0.95,1.0,717.5792387589213,0.1,1,0,0.96,0.0
328,static_rule,simple,B,0.95,1.0,693.169236705793,0.1,0,0,0.94,0.0
329,static_rule,simple,B,0.95,1.0,751.6045468772243,0.1,1,0,0.94,0.0
330,static_rule,simple,B,0.95,1.0,659.6843858603979,0.1,0,0,0.92,0.0
331,static_rule,hard,A,0.95,0.7707128710740552,1284.364068065927,1.0,1,0,0.92,0.0
332,static_rule,simple,B,0.95,1.0,663.2773328416082,0.1,1,0,0.92,0.0
333,static_rule,hard,A,0.95,0.8968400473597484,1466.8353298328502,1.0,0,0,0.9,0.0
334,static_rule,simple,B,0.95,1.0,676.8882638616201,0.1,1,0,0.9,0.0
335,static_rule,simple,B,0.95,1.0,742.544953362937,0.1,0,0,0.88,0.0
336,static_rule,hard,A,0.95,0.9111713807543425,1552.6363664069702,1.0,1,0,0.88,0.0
337,static_rule,simple,B,0.95,1.0,651.5809111721281,0.1,1,0,0.88,0.0
338,static_rule,hard,A,0.95,1.0,1597.7157964220833,1.0,1,0,0.88,0.0
339,static_rule,hard,A,0.95,1.0,1669.5093591238176,1.0,1,0,0.88,0.0
340,static_rule,simple,B,0.95,0.9814719999999999,621.3108598063455,0.1,1,0,0.88,0.0
341,static_rule,hard,A,0.95,1.0,1850.422960759337,1.0,1,0,0.88,0.0
342,static_rule,hard,A,0.95,1.0,1869.4969587899047,1.0,1,0,0.88,0.0
343,static_rule,hard,A,0.95,1.0,1692.0080642485414,1.0,1,0,0.88,0.0
344,static_rule,hard,A,0.95,1.0,1869.421400242553,1.0,1,0,0.88,0.0
345,static_rule,simple,B,0.95,0.8179540998455295,568.1247843955657,0.1,1,0,0.88,0.0
346,static_rule,simple,B,0.95,1.0,607.6036973517408,0.1,1,0,0.88,0.0
347,static_rule,hard,A,0.95,0.9814719999999999,1621.7411662546472,1.0,1,0,0.88,0.0
348,static_rule,hard,A,0.95,1.0,1528.1411168543939,1.0,1,0,0.88,0.0
349,static_rule,hard,A,0.95,1.0,1877.8865678661878,1.0,1,0,0.88,0.0
350,static_rule,simple,B,0.95,0.8996953599999999,622.9602177572152,0.1,1,0,0.88,0.0
351,static_rule,hard,A,0.95,1.0,1751.2379405474887,1.0,1,0,0.88,0.0
352,static_rule,simple,B,0.95,0.9967240867839999,634.4729450538856,0.1,0,0,0.86,0.0
353,static_rule,hard,A,0.95,1.0,1523.1674626001884,1.0,1,0,0.86,0.0
354,static_rule,simple,B,0.95,1.0,631.8208154418438,0.1,1,0,0.86,0.0
355,static_rule,hard,A,0.95,1.0,1780.4818033361073,1.0,1,0,0.86,0.0
356,static_rule,simple,B,0.95,1.0,638.5527563003026,0.1,1,0,0.86,0.0
357,static_rule,hard,A,0.95,1.0,1750.7869665443789,1.0,1,0,0.86,0.0
358,static_rule,hard,A,0.95,1.0,2014.3696918362255,1.0,1,0,0.86,0.0
359,static_rule,hard,A,0.95,1.0,1855.0577821102675,1.0,1,0,0.88,0.0
360,static_rule,simple,B,0.95,0.8996953599999999,599.709249174522,0.1,1,0,0.88,0.0
361,static_rule,hard,A,0.95,1.0,1805.1207116317948,1.0,1,0,0.88,0.0
362,static_rule,hard,A,0.95,1.0,1799.2144751559085,1.0,0,0,0.86,0.0
363,static_rule,hard,A,0.95,1.0,1802.2883616080624,1.0,1,0,0.86,0.0
364,static_rule,hard,A,0.95,1.0,1664.5959392653326,1.0,1,0,0.86,0.0
365,static_rule,hard,A,0.95,1.0,1857.2035945972448,1.0,1,0,0.86,0.0
366,static_rule,hard,A,0.95,1.0,1872.4940718426037,1.0,1,0,0.86,0.0
367,static_rule,simple,B,0.95,0.6676835377992498,485.4319638311923,0.1,1,0,0.86,0.0
368,static_rule,hard,A,0.95,1.0,1996.0393680728093,1.0,1,0,0.86,0.0
369,static_rule,simple,B,0.95,0.817054131671739,484.08185329115594,0.1,1,0,0.86,0.0
370,static_rule,hard,A,0.95,1.0,1546.5492373957698,1.0,1,0,0.86,0.0
371,static_rule,simple,B,0.95,0.9327267195665947,671.834239159214,0.1,1,0,0.86,0.0
372,static_rule,simple,B,0.95,1.0,653.4736801406883,0.1,1,0,0.86,0.0
373,static_rule,hard,A,0.95,0.9814719999999999,1438.6010511935071,1.0,1,0,0.86,0.0
374,static_rule,hard,A,0.95,1.0,1803.165802871107,1.0,1,0,0.86,0.0
375,static_rule,hard,A,0.95,1.0,1785.4640051919412,1.0,1,0,0.88,0.0
376,static_rule,hard,A,0.95,1.0,1713.7955649323562,1.0,1,0,0.88,0.0
377,static_rule,hard,A,0.95,1.0,1828.3217962873307,1.0,1,0,0.88,0.0
378,static_rule,hard,A,0.95,1.0,1902.3216990703024,1.0,1,0,0.9,0.0
379,static_rule,simple,B,0.95,0.70867559636992,575.7293767887874,0.1,1,0,0.9,0.0
380,static_rule,simple,B,0.95,0.9236345248055295,616.7239746897393,0.1,1,0,0.92,0.0
381,static_rule,hard,A,0.95,0.9814719999999999,1587.9080590102426,1.0,0,0,0.9,0.0
382,static_rule,hard,A,0.95,1.0,1961.1540651656035,1.0,1,0,0.9,0.0
383,static_rule,hard,A,0.95,1.0,1616.6504297271517,1.0,1,0,0.92,0.0
384,static_rule,hard,A,0.95,1.0,1772.4587324874012,1.0,1,0,0.92,0.0
385,static_rule,hard,A,0.95,1.0,2134.0986071358975,1.0,1,0,0.94,0.0
386,static_rule,hard,A,0.95,1.0,1933.0745729572845,1.0,1,0,0.94,0.0
387,static_rule,hard,A,0.95,1.0,1732.6327345749414,1.0,1,0,0.94,0.0
388,static_rule,simple,B,0.95,0.6321708634224178,511.30056041708326,0.1,1,0,0.94,0.0
389,static_rule,hard,A,0.95,1.0,1781.093410999859,1.0,1,0,0.94,0.0
390,static_rule,simple,B,0.95,0.7895531166343204,509.73888296840244,0.1,1,0,0.94,0.0
391,static_rule,hard,A,0.95,1.0,1718.0388973234237,1.0,1,0,0.94,0.0
392,static_rule,hard,A,0.95,1.0,2044.9877445435432,1.0,1,0,0.94,0.0
393,static_rule,hard,A,0.95,1.0,1904.2159101427053,1.0,1,0,0.94,0.0
394,static_rule,hard,A,0.95,1.0,1696.9881558866641,1.0,1,0,0.94,0.0
395,static_rule,hard,A,0.95,1.0,2055.8552423200995,1.0,1,0,0.94,0.0
396,static_rule,hard,A,0.95,1.0,1657.831621330197,1.0,1,0,0.94,0.0
397,static_rule,hard,A,0.95,1.0,1627.4675874793552,1.0,0,0,0.92,0.0
398,static_rule,hard,A,0.95,1.0,2032.8405019976874,1.0,1,0,0.92,0.0
399,static_rule,hard,A,0.95,1.0,2047.6182178763588,1.0,1,0,0.92,0.0
400,static_rule,hard,A,0.95,1.0,1764.5548850091286,1.0,0,0,0.9,0.0
401,static_rule,hard,A,0.95,1.0,1922.3477492702873,1.0,1,0,0.9,0.0
402,static_rule,hard,A,0.95,1.0,1707.9963393730109,1.0,1,0,0.92,0.0
403,static_rule,simple,B,0.95,0.4498497732574783,431.71824321240314,0.1,1,0,0.92,0.0
404,static_rule,simple,B,0.95,0.6958678004665809,514.7036918767783,0.1,1,0,0.92,0.0
405,static_rule,hard,A,0.95,0.9814719999999999,1654.4226600457262,1.0,1,0,0.92,0.0
406,static_rule,hard,A,0.95,1.0,1669.5272858918268,1.0,1,0,0.92,0.0
407,static_rule,hard,A,0.95,1.0,1924.2995625749681,1.0,1,0,0.92,0.0
408,static_rule,hard,A,0.95,1.0,1754.0296603196366,1.0,1,0,0.92,0.0
409,static_rule,hard,A,0.95,1.0,1675.0069949091867,1.0,1,0,0.92,0.0
410,static_rule,simple,B,0.95,0.6231638503980732,491.11424574200936,0.1,1,0,0.92,0.0
411,static_rule,simple,B,0.95,0.8483841883503045,626.4184834546413,0.1,1,0,0.92,0.0
412,static_rule,hard,A,0.95,0.9814719999999999,1415.2505227869678,1.0,1,0,0.94,0.0
413,static_rule,hard,A,0.95,1.0,1687.0891409946355,1.0,1,0,0.94,0.0
414,static_rule,hard,A,0.95,1.0,1829.0234707179702,1.0,1,0,0.94,0.0
415,static_rule,hard,A,0.95,1.0,1761.7008402293204,1.0,1,0,0.94,0.0
416,static_rule,hard,A,0.95,1.0,1860.6813445138853,1.0,1,0,0.94,0.0
417,static_rule,hard,A,0.95,1.0,1990.1988575415212,1.0,1,0,0.94,0.0
418,static_rule,simple,B,0.95,0.6467139141248712,476.2709251597213,0.1,1,0,0.94,0.0
419,static_rule,hard,A,0.95,1.0,1661.460979731603,1.0,1,0,0.94,0.0
420,static_rule,hard,A,0.95,1.0,2025.4791841069148,1.0,1,0,0.94,0.0
421,static_rule,hard,A,0.95,1.0,1967.685436161698,1.0,1,0,0.94,0.0
422,static_rule,hard,A,0.95,1.0,1828.1378535698905,1.0,1,0,0.94,0.0
423,static_rule,hard,A,0.95,1.0,1727.0624034450302,1.0,1,0,0.94,0.0
424,static_rule,hard,A,0.95,1.0,1624.562581735118,1.0,1,0,0.94,0.0
425,static_rule,hard,A,0.95,1.0,1850.722505015333,1.0,1,0,0.94,0.0
426,static_rule,hard,A,0.95,1.0,1853.5671700314058,1.0,1,0,0.94,0.0
427,static_rule,hard,A,0.95,1.0,1819.1626521802466,1.0,1,0,0.94,0.0
428,static_rule,simple,B,0.95,0.48011045628263727,469.72009234491,0.1,1,0,0.94,0.0
429,static_rule,simple,B,0.95,0.7224972015287208,496.696072989482,0.1,1,0,0.94,0.0
430,static_rule,hard,A,0.95,0.9814719999999999,1580.5758562459685,1.0,1,0,0.94,0.0
431,static_rule,hard,A,0.95,1.0,1607.6541692861056,1.0,1,0,0.96,0.0
432,static_rule,hard,A,0.95,1.0,1924.321053051178,1.0,1,0,0.96,0.0
433,static_rule,simple,B,0.95,0.7332782193697587,537.066503895482,0.1,1,0,0.96,0.0
434,static_rule,hard,A,0.95,1.0,1791.6728869689484,1.0,1,0,0.96,0.0
435,static_rule,hard,A,0.95,1.0,1967.039447309703,1.0,1,0,0.96,0.0
436,static_rule,hard,A,0.95,1.0,1814.2175070482538,1.0,1,0,0.96,0.0
437,static_rule,simple,B,0.95,0.7397435457451064,614.4636387499775,0.1,1,0,0.96,0.0
438,static_rule,hard,A,0.95,1.0,1542.0504719094286,1.0,1,0,0.96,0.0
439,static_rule,simple,B,0.95,0.8728574018250104,598.3096466090853,0.1,0,0,0.94,0.0
440,static_rule,hard,A,0.95,1.0,1757.9187187546072,1.0,1,0,0.94,0.0
441,static_rule,simple,B,0.95,0.975940771973288,570.2448787254209,0.1,1,0,0.94,0.0
442,static_rule,hard,A,0.95,1.0,1770.1535359976774,1.0,1,0,0.94,0.0
443,static_rule,simple,B,0.95,1.0,667.7056349460372,0.1,1,0,0.94,0.0
444,static_rule,simple,B,0.95,1.0,678.6688504395879,0.1,1,0,0.94,0.0
445,static_rule,hard,A,0.95,0.9814719999999999,1644.7072416411324,1.0,1,0,0.94,0.0
446,static_rule,simple,B,0.95,1.0,706.6646743592983,0.1,1,0,0.94,0.0
447,static_rule,hard,A,0.95,1.0,1640.023285376038,1.0,1,0,0.96,0.0
448,static_rule,simple,B,0.95,1.0,694.7576324606041,0.1,0,0,0.94,0.0
449,static_rule,hard,A,0.95,1.0,1801.8096779252041,1.0,1,0,0.94,0.0
450,static_rule,simple,B,0.95,1.0,712.1134381539721,0.1,1,0,0.96,0.0
451,static_rule,simple,B,0.95,1.0,667.1360922025196,0.1,1,0,0.96,0.0
452,static_rule,hard,A,0.95,0.9814719999999999,1791.4225564123344,1.0,1,0,0.96,0.0
453,static_rule,hard,A,0.95,1.0,1748.8860180310248,1.0,1,0,0.96,0.0
454,static_rule,hard,A,0.95,1.0,1885.6257874643352,1.0,1,0,0.96,0.0
455,static_rule,hard,A,0.95,1.0,2178.179044426743,1.0,1,0,0.96,0.0
456,static_rule,simple,B,0.95,0.8277319167999999,536.237242475487,0.1,1,0,0.96,0.0
457,static_rule,hard,A,0.95,1.0,1793.8022264104654,1.0,1,0,0.96,0.0
458,static_rule,hard,A,0.95,1.0,1895.5035737431685,1.0,1,0,0.96,0.0
459,static_rule,hard,A,0.95,1.0,1925.9658463417213,1.0,1,0,0.96,0.0
460,static_rule,hard,A,0.95,1.0,1765.4383917652608,1.0,1,0,0.96,0.0
461,static_rule,hard,A,0.95,1.0,1875.7694658033683,1.0,1,0,0.96,0.0
462,static_rule,hard,A,0.95,1.0,1842.5539453505203,1.0,1,0,0.96,0.0
463,static_rule,hard,A,0.95,1.0,1770.8771494985854,1.0,1,0,0.96,0.0
464,static_rule,hard,A,0.95,1.0,1865.8504162227355,1.0,1,0,0.96,0.0
465,static_rule,hard,A,0.95,1.0,2155.5255435545855,1.0,1,0,0.96,0.0
466,static_rule,hard,A,0.95,1.0,1814.35570034994,1.0,1,0,0.96,0.0
467,static_rule,hard,A,0.95,1.0,1709.668311946929,1.0,0,0,0.94,0.0
468,static_rule,simple,B,0.95,0.4785178992067515,442.12658174850577,0.1,1,0,0.94,0.0
469,static_rule,hard,A,0.95,1.0,1940.2017147781805,1.0,1,0,0.94,0.0
470,static_rule,hard,A,0.95,1.0,1859.1017728132615,1.0,1,0,0.94,0.0
471,static_rule,hard,A,0.95,1.0,1591.3595575929935,1.0,1,0,0.94,0.0
472,static_rule,hard,A,0.95,1.0,1613.7748136298105,1.0,1,0,0.94,0.0
473,static_rule,hard,A,0.95,1.0,1931.8369214495142,1.0,1,0,0.94,0.0
474,static_rule,hard,A,0.95,1.0,1708.4964747436138,1.0,1,0,0.94,0.0
475,static_rule,simple,B,0.95,0.49555858783200046,444.7043727515744,0.1,1,0,0.94,0.0
476,static_rule,hard,A,0.95,1.0,1626.8130668968324,1.0,1,0,0.94,0.0
477,static_rule,hard,A,0.95,1.0,1762.7160342228328,1.0,1,0,0.94,0.0
478,static_rule,simple,B,0.95,0.637709301967049,474.27213186498443,0.1,1,0,0.94,0.0
479,static_rule,simple,B,0.95,0.8611841857310032,731.673354720257,0.1,1,0,0.94,0.0
480,static_rule,hard,A,0.95,0.9814719999999999,1885.1768210842204,1.0,1,0,0.94,0.0
481,static_rule,hard,A,0.95,1.0,1911.1196581276567,1.0,1,0,0.94,0.0
482,static_rule,hard,A,0.95,1.0,1928.3392311386112,1.0,1,0,0.94,0.0
483,static_rule,simple,B,0.95,0.816448160288261,596.2019607320191,0.1,1,0,0.94,0.0
484,static_rule,simple,B,0.95,1.0,728.6465768117199,0.1,1,0,0.94,0.0
485,static_rule,simple,B,0.95,1.0,648.5566622487103,0.1,1,0,0.94,0.0
486,static_rule,hard,A,0.95,0.8996953599999999,1460.871067805648,1.0,1,0,0.94,0.0
487,static_rule,simple,B,0.95,1.0,650.2399283494155,0.1,0,0,0.92,0.0
488,static_rule,hard,A,0.95,0.9967240867839999,1637.270632331826,1.0,1,0,0.92,0.0
489,static_rule,hard,A,0.95,1.0,2078.7384991201548,1.0,1,0,0.94,0.0
490,static_rule,hard,A,0.95,1.0,1772.6616082270104,1.0,1,0,0.94,0.0
491,static_rule,hard,A,0.95,1.0,2225.41980546543,1.0,1,0,0.94,0.0
492,static_rule,hard,A,0.95,1.0,1913.0884887439806,1.0,1,0,0.94,0.0
493,static_rule,hard,A,0.95,1.0,1404.0776994382982,1.0,1,0,0.94,0.0
494,static_rule,hard,A,0.95,1.0,2124.159147861672,1.0,1,0,0.94,0.0
495,static_rule,hard,A,0.95,1.0,1732.644758576696,1.0,1,0,0.94,0.0
496,static_rule,hard,A,0.95,1.0,1977.7567224277445,1.0,1,0,0.94,0.0
497,static_rule,hard,A,0.95,1.0,1911.2320575767078,1.0,1,0,0.94,0.0
498,static_rule,hard,A,0.95,1.0,1725.6811646110978,1.0,1,0,0.96,0.0
499,static_rule,hard,A,0.95,1.0,1825.0878137304653,1.0,1,0,0.96,0.0
500,static_rule,hard,A,0.95,1.0,1926.1749305581607,1.0,1,0,0.96,0.0
501,static_rule,hard,A,0.95,1.0,1989.600043216983,1.0,1,0,0.96,0.0
502,static_rule,hard,A,0.95,1.0,1742.6787639967215,1.0,1,0,0.96,0.0
503,static_rule,hard,A,0.95,1.0,1941.5986567447733,1.0,0,0,0.94,0.0
504,static_rule,hard,A,0.95,1.0,1817.0747132588729,1.0,1,0,0.94,0.0
505,static_rule,hard,A,0.95,1.0,1872.9743202846612,1.0,1,0,0.94,0.0
506,static_rule,hard,A,0.95,1.0,2033.5315782842006,1.0,1,0,0.94,0.0
507,static_rule,hard,A,0.95,1.0,1910.4542701976393,1.0,1,0,0.94,0.0
508,static_rule,hard,A,0.95,1.0,1758.3020029176387,1.0,0,0,0.92,0.0
509,static_rule,hard,A,0.95,1.0,1790.355418624483,1.0,1,0,0.92,0.0
510,static_rule,hard,A,0.95,1.0,1943.8974309218875,1.0,1,0,0.92,0.0
511,static_rule,hard,A,0.95,1.0,1880.919436978175,1.0,1,0,0.92,0.0
512,static_rule,simple,B,0.95,0.3409323617590446,390.9847556272599,0.1,1,0,0.92,0.0
513,static_rule,hard,A,0.95,1.0,1886.6426092329416,1.0,1,0,0.92,0.0
514,static_rule,simple,B,0.95,0.5640180209462041,423.7136662977924,0.1,1,0,0.92,0.0
515,static_rule,simple,B,0.95,0.7963358584326596,556.2676740419831,0.1,1,0,0.92,0.0
516,static_rule,hard,A,0.95,0.9814719999999999,1766.9400154917032,1.0,1,0,0.92,0.0
517,static_rule,hard,A,0.95,1.0,1777.0623535609961,1.0,1,0,0.94,0.0
518,static_rule,hard,A,0.95,1.0,1938.515687268997,1.0,1,0,0.94,0.0
519,static_rule,hard,A,0.95,1.0,2071.370342663091,1.0,1,0,0.94,0.0
520,static_rule,simple,B,0.95,0.7202518489872408,565.8023138388302,0.1,1,0,0.94,0.0
521,static_rule,hard,A,0.95,1.0,1635.926138068078,1.0,1,0,0.94,0.0
522,static_rule,hard,A,0.95,1.0,1813.3491741677844,1.0,1,0,0.94,0.0
523,static_rule,simple,B,0.95,0.790831468033033,573.7783832971704,0.1,0,0,0.92,0.0
524,static_rule,hard,A,0.95,1.0,1893.494311862053,1.0,1,0,0.92,0.0
525,static_rule,simple,B,0.95,0.9124198888447808,655.7467573965026,0.1,1,0,0.92,0.0
526,static_rule,simple,B,0.95,1.0,766.8085046754472,0.1,1,0,0.92,0.0
527,static_rule,hard,A,0.95,0.9814719999999999,1372.9825444151486,1.0,0,0,0.9,0.0
528,static_rule,hard,A,0.95,1.0,1749.645680114022,1.0,1,0,0.9,0.0
529,static_rule,hard,A,0.95,1.0,1748.393966678844,1.0,1,0,0.9,0.0
530,static_rule,hard,A,0.95,1.0,1756.797496447706,1.0,1,0,0.9,0.0
531,static_rule,hard,A,0.95,1.0,1776.8451963499099,1.0,1,0,0.9,0.0
532,static_rule,hard,A,0.95,1.0,1834.177785073288,1.0,1,0,0.9,0.0
533,static_rule,hard,A,0.95,1.0,1914.7940156531001,1.0,1,0,0.9,0.0
534,static_rule,hard,A,0.95,1.0,1759.5446143323768,1.0,1,0,0.9,0.0
535,static_rule,simple,B,0.95,0.6164783818288659,515.2023715354878,0.1,1,0,0.9,0.0
536,static_rule,hard,A,0.95,1.0,1838.4862830931968,1.0,1,0,0.9,0.0
537,static_rule,hard,A,0.95,1.0,1901.5291302900134,1.0,1,0,0.92,0.0
538,static_rule,simple,B,0.95,0.7201127558216809,548.1804171690026,0.1,1,0,0.92,0.0
539,static_rule,hard,A,0.95,1.0,1807.1684137006664,1.0,1,0,0.92,0.0
540,static_rule,simple,B,0.95,0.8576553181083097,562.3262449481173,0.1,0,0,0.9,0.0
541,static_rule,simple,B,0.95,1.0,665.205219222925,0.1,1,0,0.9,0.0
542,static_rule,hard,A,0.95,0.9814719999999999,1601.3514827519305,1.0,1,0,0.9,0.0
543,static_rule,hard,A,0.95,1.0,1841.5395986223702,1.0,1,0,0.9,0.0
544,static_rule,hard,A,0.95,1.0,1959.4020834085106,1.0,1,0,0.9,0.0
545,static_rule,hard,A,0.95,1.0,1886.1350964296118,1.0,1,0,0.9,0.0
546,static_rule,simple,B,0.95,0.8277319167999999,656.2828505271722,0.1,1,0,0.9,0.0
547,static_rule,hard,A,0.95,1.0,1844.0959766648366,1.0,1,0,0.9,0.0
548,static_rule,simple,B,0.95,0.9409955963699199,592.9082666278923,0.1,1,0,0.9,0.0
549,static_rule,hard,A,0.95,1.0,1708.6461042429007,1.0,1,0,0.9,0.0
550,static_rule,hard,A,0.95,1.0,1573.737835787581,1.0,1,0,0.9,0.0
551,static_rule,hard,A,0.95,1.0,1940.4450462821962,1.0,1,0,0.9,0.0
552,static_rule,hard,A,0.95,1.0,2135.9784917775282,1.0,1,0,0.9,0.0
553,static_rule,simple,B,0.95,0.7965934097726569,487.4987686822617,0.1,0,0,0.9,0.0
554,static_rule,simple,B,0.95,1.0,557.5711755155842,0.1,1,0,0.9,0.0
555,static_rule,hard,A,0.95,0.9814719999999999,1792.5375346914002,1.0,1,0,0.9,0.0
556,static_rule,hard,A,0.95,1.0,2020.1452472805756,1.0,1,0,0.9,0.0
557,static_rule,simple,B,0.95,0.9814719999999999,643.8572900056527,0.1,0,0,0.88,0.0
558,static_rule,simple,B,0.95,1.0,676.9940958621139,0.1,1,0,0.9,0.0
559,static_rule,hard,A,0.95,0.9814719999999999,1649.549168794504,1.0,1,0,0.9,0.0
560,static_rule,hard,A,0.95,1.0,2156.3314888846085,1.0,1,0,0.9,0.0
561,static_rule,hard,A,0.95,1.0,1798.1534930691428,1.0,1,0,0.9,0.0
562,static_rule,hard,A,0.95,1.0,2132.2129231591234,1.0,1,0,0.9,0.0
563,static_rule,hard,A,0.95,1.0,1907.903983929658,1.0,1,0,0.9,0.0
564,static_rule,simple,B,0.95,0.764404086784,544.6369312320769,0.1,1,0,0.9,0.0
565,static_rule,simple,B,0.95,0.9726755963699198,607.9949109064833,0.1,1,0,0.9,0.0
566,static_rule,hard,A,0.95,0.9814719999999999,1524.6241071162324,1.0,1,0,0.9,0.0
567,static_rule,simple,B,0.95,1.0,701.1868764992842,0.1,0,0,0.88,0.0
568,static_rule,hard,A,0.95,1.0,1600.969371933043,1.0,1,0,0.88,0.0
569,static_rule,simple,B,0.95,1.0,662.5283378262478,0.1,1,0,0.88,0.0
570,static_rule,simple,B,0.95,1.0,722.5273277565909,0.1,0,0,0.86,0.0
571,static_rule,hard,A,0.95,0.9814719999999999,1713.842652701088,1.0,1,0,0.86,0.0
572,static_rule,simple,B,0.95,1.0,568.8458673371925,0.1,1,0,0.86,0.0
573,static_rule,simple,B,0.95,1.0,671.5439901013307,0.1,1,0,0.88,0.0
574,static_rule,hard,A,0.95,0.9688456867839998,1662.39932675649,1.0,1,0,0.88,0.0
575,static_rule,simple,B,0.95,1.0,719.1719660049433,0.1,1,0,0.88,0.0
576,static_rule,hard,A,0.95,1.0,1775.5403479133165,1.0,1,0,0.88,0.0
577,static_rule,hard,A,0.95,1.0,1728.406218937537,1.0,1,0,0.9,0.0
578,static_rule,hard,A,0.95,1.0,1831.9679002805115,1.0,1,0,0.9,0.0
579,static_rule,simple,B,0.95,0.8996953599999999,543.7533034621084,0.1,1,0,0.9,0.0
580,static_rule,hard,A,0.95,1.0,1886.187740099315,1.0,1,0,0.9,0.0
581,static_rule,simple,B,0.95,0.9967240867839999,619.369821186672,0.1,1,0,0.9,0.0
582,static_rule,simple,B,0.95,1.0,772.631900034434,0.1,1,0,0.9,0.0
583,static_rule,hard,A,0.95,0.9814719999999999,1477.9273795381769,1.0,1,0,0.9,0.0
584,static_rule,simple,B,0.95,1.0,703.356929610094,0.1,0,0,0.88,0.0
585,static_rule,hard,A,0.95,1.0,1562.0233517550896,1.0,1,0,0.88,0.0
586,static_rule,hard,A,0.95,1.0,2064.0243984393496,1.0,1,0,0.88,0.0
587,static_rule,hard,A,0.95,1.0,2028.271713329218,1.0,0,0,0.86,0.0
588,static_rule,hard,A,0.95,1.0,1641.254906375097,1.0,1,0,0.86,0.0
589,static_rule,hard,A,0.95,1.0,2305.598915964937,1.0,1,0,0.86,0.0
590,static_rule,simple,B,0.95,0.764404086784,582.152083615863,0.1,1,0,0.88,0.0
591,static_rule,hard,A,0.95,1.0,1773.2496709631093,1.0,1,0,0.88,0.0
592,static_rule,hard,A,0.95,1.0,2024.7098361380404,1.0,1,0,0.88,0.0
593,static_rule,simple,B,0.95,0.8209199818288659,546.9288242297374,0.1,1,0,0.88,0.0
594,static_rule,hard,A,0.95,1.0,1833.3695994299374,1.0,1,0,0.88,0.0
595,static_rule,simple,B,0.95,0.9357204339282739,538.8080819123878,0.1,1,0,0.88,0.0
596,static_rule,simple,B,0.95,1.0,656.4560303030858,0.1,1,0,0.88,0.0
597,static_rule,hard,A,0.95,0.9814719999999999,1751.8251890124918,1.0,1,0,0.88,0.0
598,static_rule,hard,A,0.95,1.0,1618.9115739608671,1.0,1,0,0.88,0.0
599,static_rule,simple,B,0.95,0.9814719999999999,511.9635445766796,0.1,1,0,0.88,0.0
600,static_rule,hard,A,0.95,1.0,1580.2568211215832,1.0,1,0,0.88,0.0
601,static_rule,simple,B,0.95,1.0,719.8153483516553,0.1,1,0,0.88,0.0
602,static_rule,hard,A,0.95,1.0,1700.5981120364631,1.0,1,0,0.88,0.0
603,static_rule,simple,B,0.95,1.0,695.6442871359617,0.1,0,0,0.88,0.0
604,static_rule,hard,A,0.95,1.0,1622.8303910221248,1.0,1,0,0.88,0.0
605,static_rule,hard,A,0.95,1.0,1783.780340859127,1.0,1,0,0.88,0.0
606,static_rule,hard,A,0.95,1.0,1892.6971700858815,1.0,1,0,0.88,0.0
607,static_rule,simple,B,0.95,0.8996953599999999,580.6349420951605,0.1,0,0,0.88,0.0
608,static_rule,hard,A,0.95,1.0,1870.7457971353008,1.0,1,0,0.88,0.0
609,static_rule,hard,A,0.95,1.0,1643.7004595499368,1.0,1,0,0.88,0.0
610,static_rule,hard,A,0.95,1.0,1905.1633466473213,1.0,1,0,0.88,0.0
611,static_rule,hard,A,0.95,1.0,1800.7816713455547,1.0,1,0,0.88,0.0
612,static_rule,hard,A,0.95,1.0,1530.1944770724206,1.0,1,0,0.88,0.0
613,static_rule,hard,A,0.95,1.0,1574.212006766807,1.0,1,0,0.88,0.0
614,static_rule,hard,A,0.95,1.0,1974.1559397078552,1.0,1,0,0.88,0.0
615,static_rule,hard,A,0.95,1.0,1603.733368344511,1.0,0,0,0.86,0.0
616,static_rule,simple,B,0.95,0.5847341316717392,457.3334518065688,0.1,1,0,0.86,0.0
617,static_rule,hard,A,0.95,1.0,1672.6131469059878,1.0,1,0,0.88,0.0
618,static_rule,simple,B,0.95,0.7528181115665948,527.8717771026073,0.1,1,0,0.88,0.0
619,static_rule,hard,A,0.95,1.0,1738.5172559986029,1.0,0,0,0.86,0.0
620,static_rule,hard,A,0.95,1.0,1967.990128281146,1.0,1,0,0.88,0.0
621,static_rule,hard,A,0.95,1.0,1774.7423297401638,1.0,1,0,0.88,0.0
622,static_rule,hard,A,0.95,1.0,1671.706846115411,1.0,1,0,0.88,0.0
623,static_rule,hard,A,0.95,1.0,2042.1155848187082,1.0,1,0,0.88,0.0
624,static_rule,hard,A,0.95,1.0,1761.8465669826408,1.0,1,0,0.88,0.0
625,static_rule,simple,B,0.95,0.6076583907025552,551.67158080872,0.1,1,0,0.88,0.0
626,static_rule,hard,A,0.95,1.0,1495.5383500305652,1.0,1,0,0.88,0.0
627,static_rule,hard,A,0.95,1.0,1790.6173436129254,1.0,1,0,0.88,0.0
628,static_rule,hard,A,0.95,1.0,1828.9713558285366,1.0,1,0,0.88,0.0
629,static_rule,simple,B,0.95,0.6644099173693895,458.2718200422569,0.1,1,0,0.88,0.0
630,static_rule,simple,B,0.95,0.8846807272850628,592.0968976899228,0.1,0,0,0.86,0.0
631,static_rule,hard,A,0.95,0.9814719999999999,1855.7382328154315,1.0,1,0,0.86,0.0
632,static_rule,hard,A,0.95,1.0,1735.3980387232652,1.0,1,0,0.86,0.0
633,static_rule,hard,A,0.95,1.0,1943.5122617727718,1.0,1,0,0.86,0.0
634,static_rule,hard,A,0.95,1.0,1769.0417193742271,1.0,1,0,0.88,0.0
635,static_rule,hard,A,0.95,1.0,1876.4101678807074,1.0,1,0,0.88,0.0
636,static_rule,hard,A,0.95,1.0,1998.8214508484364,1.0,1,0,0.88,0.0
637,static_rule,hard,A,0.95,1.0,1816.5449382008044,1.0,1,0,0.9,0.0
638,static_rule,hard,A,0.95,1.0,1683.9871568340602,1.0,0,0,0.88,0.0
639,static_rule,hard,A,0.95,1.0,1839.0683131439682,1.0,1,0,0.88,0.0
640,static_rule,simple,B,0.95,0.5463844460055978,457.19186988673573,0.1,0,0,0.86,0.0
641,static_rule,hard,A,0.95,1.0,1596.6003366732975,1.0,1,0,0.86,0.0
642,static_rule,hard,A,0.95,1.0,1644.190187558212,1.0,1,0,0.86,0.0
643,static_rule,hard,A,0.95,1.0,1671.9099991658427,1.0,1,0,0.86,0.0
644,static_rule,simple,B,0.95,0.6276642170457275,445.7499658341112,0.1,1,0,0.86,0.0
645,static_rule,hard,A,0.95,1.0,1815.6371810335315,1.0,1,0,0.86,0.0
646,static_rule,simple,B,0.95,0.7860631696802114,453.15246513864554,0.1,1,0,0.86,0.0
647,static_rule,hard,A,0.95,1.0,1698.5502225944633,1.0,1,0,0.86,0.0
648,static_rule,hard,A,0.95,1.0,1838.080800236605,1.0,1,0,0.86,0.0
649,static_rule,hard,A,0.95,1.0,1962.7868949309513,1.0,1,0,0.86,0.0
650,static_rule,hard,A,0.95,1.0,1689.2650055393456,1.0,1,0,0.86,0.0
651,static_rule,hard,A,0.95,1.0,1880.7862866578776,1.0,1,0,0.86,0.0
652,static_rule,simple,B,0.95,0.665050948469875,466.4138941206115,0.1,1,0,0.86,0.0
653,static_rule,hard,A,0.95,1.0,1914.8833075350008,1.0,1,0,0.88,0.0
654,static_rule,simple,B,0.95,0.8150154544950712,583.016089103759,0.1,1,0,0.88,0.0
655,static_rule,hard,A,0.95,1.0,1740.4394918909277,1.0,1,0,0.88,0.0
656,static_rule,hard,A,0.95,1.0,2041.1059424031776,1.0,1,0,0.88,0.0
657,static_rule,hard,A,0.95,1.0,1974.0719047460905,1.0,1,0,0.9,0.0
658,static_rule,hard,A,0.95,1.0,1734.5048134363637,1.0,1,0,0.9,0.0
659,static_rule,hard,A,0.95,1.0,1745.0106825749326,1.0,1,0,0.9,0.0
660,static_rule,hard,A,0.95,1.0,1781.0142883665467,1.0,1,0,0.9,0.0
661,static_rule,hard,A,0.95,1.0,1856.9239836007437,1.0,1,0,0.9,0.0
662,static_rule,simple,B,0.95,0.5931076956864976,542.2235959714146,0.1,1,0,0.9,0.0
663,static_rule,hard,A,0.95,1.0,1607.5033712685163,1.0,1,0,0.9,0.0
664,static_rule,simple,B,0.95,0.7593025995396236,487.4326549489389,0.1,1,0,0.9,0.0
665,static_rule,hard,A,0.95,1.0,1581.8734396776977,1.0,1,0,0.92,0.0
666,static_rule,simple,B,0.95,0.8880039330834846,542.1714505579008,0.1,1,0,0.92,0.0
667,static_rule,hard,A,0.95,1.0,1796.0602298690194,1.0,1,0,0.92,0.0
668,static_rule,hard,A,0.95,1.0,2047.0931737735461,1.0,1,0,0.92,0.0
669,static_rule,hard,A,0.95,1.0,1968.4284720367536,1.0,1,0,0.94,0.0
670,static_rule,hard,A,0.95,1.0,1762.0394024095046,1.0,1,0,0.94,0.0
671,static_rule,simple,B,0.95,0.7686280177320862,561.038852380911,0.1,1,0,0.94,0.0
672,static_rule,simple,B,0.95,0.9763926556042359,652.7073246268349,0.1,1,0,0.94,0.0
673,static_rule,hard,A,0.95,0.9814719999999999,1794.6467671665423,1.0,1,0,0.94,0.0
674,static_rule,hard,A,0.95,1.0,1622.0339833240857,1.0,1,0,0.94,0.0
675,static_rule,hard,A,0.95,1.0,1688.1659027629357,1.0,1,0,0.94,0.0
676,static_rule,simple,B,0.95,0.8855381451039384,642.5558523483925,0.1,1,0,0.94,0.0
677,static_rule,simple,B,0.95,1.0,580.5326357674941,0.1,1,0,0.94,0.0
678,static_rule,hard,A,0.95,0.9814719999999999,1454.7261258782517,1.0,1,0,0.94,0.0
679,static_rule,hard,A,0.95,1.0,1399.03103954215,1.0,1,0,0.94,0.0
680,static_rule,hard,A,0.95,1.0,1808.9442454425857,1.0,1,0,0.96,0.0
681,static_rule,hard,A,0.95,1.0,1840.6610571370175,1.0,1,0,0.96,0.0
682,static_rule,hard,A,0.95,1.0,1743.709584492153,1.0,1,0,0.96,0.0
683,static_rule,hard,A,0.95,1.0,2053.711997331419,1.0,1,0,0.96,0.0
684,static_rule,hard,A,0.95,1.0,1850.195268706029,1.0,1,0,0.96,0.0
685,static_rule,hard,A,0.95,1.0,1917.384845136192,1.0,1,0,0.96,0.0
686,static_rule,hard,A,0.95,1.0,1749.375921552377,1.0,1,0,0.96,0.0
687,static_rule,hard,A,0.95,1.0,1990.4669493495308,1.0,1,0,0.96,0.0
688,static_rule,hard,A,0.95,1.0,1421.7258882895403,1.0,1,0,0.98,0.0
689,static_rule,simple,B,0.95,0.515671155821681,483.9472738642612,0.1,1,0,0.98,0.0
690,static_rule,simple,B,0.95,0.7537906171230793,504.78797648093285,0.1,1,0,1.0,0.0
691,static_rule,hard,A,0.95,0.9814719999999999,1514.4903001506393,1.0,1,0,1.0,0.0
692,static_rule,hard,A,0.95,1.0,1667.7428655157273,1.0,1,0,1.0,0.0
693,static_rule,simple,B,0.95,0.8136871994320991,624.2610804054945,0.1,1,0,1.0,0.0
694,static_rule,simple,B,0.95,1.0,749.3712218305603,0.1,0,0,0.98,0.0
695,static_rule,hard,A,0.95,0.9814719999999999,1784.0662893832227,1.0,1,0,0.98,0.0
696,static_rule,hard,A,0.95,1.0,2092.9898555583795,1.0,1,0,0.98,0.0
697,static_rule,simple,B,0.95,0.9814719999999999,571.5215760546378,0.1,1,0,0.98,0.0
698,static_rule,hard,A,0.95,1.0,1591.1176215618696,1.0,1,0,0.98,0.0
699,static_rule,hard,A,0.95,1.0,2180.8702797623896,1.0,1,0,0.98,0.0
700,static_rule,hard,A,0.95,1.0,1912.2058302701337,1.0,1,0,0.98,0.0
701,static_rule,simple,B,0.95,0.8885842043699199,484.59009263058584,0.1,0,0,0.96,0.0
702,static_rule,simple,B,0.95,1.0,749.1528330133826,0.1,1,0,0.96,0.0
703,static_rule,hard,A,0.95,0.9814719999999999,1892.635176011709,1.0,1,0,0.96,0.0
704,static_rule,hard,A,0.95,1.0,1737.9651581948494,1.0,1,0,0.96,0.0
705,static_rule,hard,A,0.95,1.0,1912.0199973736158,1.0,1,0,0.96,0.0
706,static_rule,simple,B,0.95,0.8996953599999999,685.1854572719427,0.1,1,0,0.96,0.0
707,static_rule,hard,A,0.95,1.0,1814.8630415357618,1.0,1,0,0.96,0.0
708,static_rule,hard,A,0.95,1.0,1988.1310356096408,1.0,1,0,0.96,0.0
709,static_rule,hard,A,0.95,1.0,2046.30268413674,1.0,1,0,0.96,0.0
710,static_rule,hard,A,0.95,1.0,1771.8285911896107,1.0,1,0,0.96,0.0
711,static_rule,hard,A,0.95,1.0,1838.4994289651415,1.0,1,0,0.96,0.0
712,static_rule,simple,B,0.95,0.7178222020446021,543.8337138143806,0.1,1,0,0.96,0.0
713,static_rule,hard,A,0.95,1.0,1670.9869402198635,1.0,1,0,0.96,0.0
714,static_rule,hard,A,0.95,1.0,1946.937563089128,1.0,1,0,0.96,0.0
715,static_rule,hard,A,0.95,1.0,1942.1386054078073,1.0,1,0,0.96,0.0
716,static_rule,hard,A,0.95,1.0,1646.0791953697199,1.0,1,0,0.96,0.0
717,static_rule,hard,A,0.95,1.0,1559.1154280727396,1.0,1,0,0.96,0.0
718,static_rule,hard,A,0.95,1.0,2016.4626051813905,1.0,1,0,0.96,0.0
719,static_rule,hard,A,0.95,1.0,1839.05473366545,1.0,1,0,0.96,0.0
720,static_rule,hard,A,0.95,1.0,1900.273435548093,1.0,1,0,0.96,0.0
721,static_rule,simple,B,0.95,0.527175208943909,430.59965612264216,0.1,0,0,0.94,0.0
722,static_rule,simple,B,0.95,0.7639141838706399,536.1234305711669,0.1,1,0,0.94,0.0
723,static_rule,hard,A,0.95,0.9814719999999999,1433.4987745854216,1.0,1,0,0.94,0.0
724,static_rule,simple,B,0.95,0.8915751439894235,611.5470322392114,0.1,1,0,0.94,0.0
725,static_rule,simple,B,0.95,1.0,602.9226608018,0.1,1,0,0.94,0.0
726,static_rule,hard,A,0.95,0.9688456867839998,1792.9140992421133,1.0,1,0,0.94,0.0
727,static_rule,hard,A,0.95,1.0,1748.9773416290393,1.0,1,0,0.94,0.0
728,static_rule,hard,A,0.95,1.0,1968.6303154904508,1.0,1,0,0.94,0.0
729,static_rule,simple,B,0.95,0.8996953599999999,579.619448856017,0.1,1,0,0.94,0.0
730,static_rule,hard,A,0.95,1.0,1705.9261660029147,1.0,1,0,0.94,0.0
731,static_rule,hard,A,0.95,1.0,1927.3673248764626,1.0,1,0,0.94,0.0
732,static_rule,simple,B,0.95,0.9131171963699201,603.7998854562957,0.1,0,0,0.92,0.0
733,static_rule,hard,A,0.95,1.0,1738.7026032132137,1.0,1,0,0.92,0.0
734,static_rule,hard,A,0.95,1.0,2086.0748729459942,1.0,1,0,0.92,0.0
735,static_rule,hard,A,0.95,1.0,1713.0768834810685,1.0,1,0,0.92,0.0
736,static_rule,hard,A,0.95,1.0,1806.5698763236824,1.0,1,0,0.92,0.0
737,static_rule,hard,A,0.95,1.0,2074.4915124249883,1.0,1,0,0.92,0.0
738,static_rule,hard,A,0.95,1.0,1778.0135239647554,1.0,1,0,0.92,0.0
739,static_rule,hard,A,0.95,1.0,1788.5276558671626,1.0,1,0,0.92,0.0
740,static_rule,hard,A,0.95,1.0,1787.281428354714,1.0,1,0,0.92,0.0
741,static_rule,simple,B,0.95,0.5889818527272632,498.10423685879005,0.1,1,0,0.92,0.0
742,static_rule,hard,A,0.95,1.0,1890.8071140745392,1.0,1,0,0.92,0.0
743,static_rule,hard,A,0.95,1.0,1682.2699879668244,1.0,1,0,0.92,0.0
744,static_rule,hard,A,0.95,1.0,1786.7458015708173,1.0,1,0,0.94,0.0
745,static_rule,simple,B,0.95,0.653209684204743,484.01827673413345,0.1,1,0,0.94,0.0
746,static_rule,simple,B,0.95,0.8748245221001738,656.458922397833,0.1,1,0,0.94,0.0
747,static_rule,hard,A,0.95,0.9814719999999999,1805.8786298507214,1.0,1,0,0.94,0.0
748,static_rule,hard,A,0.95,1.0,2013.6112258952821,1.0,1,0,0.94,0.0
749,static_rule,hard,A,0.95,1.0,1729.7854066292252,1.0,1,0,0.94,0.0
750,static_rule,hard,A,0.6649999999999999,1.0,1817.8888444931151,1.0,0,1,0.92,0.0
751,static_rule,simple,B,0.95,0.7616728219115686,544.7633166162666,0.1,1,0,0.94,0.0
752,static_rule,hard,A,0.6649999999999999,1.0,1724.7164657579206,1.0,0,0,0.92,0.0
753,static_rule,hard,A,0.6649999999999999,1.0,1737.1951550627696,1.0,0,0,0.9,0.0
754,static_rule,simple,B,0.95,0.8190587012937205,580.3153353356553,0.1,1,0,0.9,0.0
755,static_rule,hard,A,0.6649999999999999,1.0,1679.8759697069167,1.0,0,0,0.88,0.0
756,static_rule,hard,A,0.6649999999999999,1.0,1862.4158155120733,1.0,0,0,0.86,0.0
757,static_rule,hard,A,0.6649999999999999,1.0,1728.4429312517034,1.0,0,0,0.84,0.0
758,static_rule,hard,A,0.6649999999999999,1.0,1879.7900000489294,1.0,0,0,0.82,0.0
759,static_rule,hard,A,0.6649999999999999,1.0,1638.1901003108296,1.0,0,0,0.8,0.0
760,static_rule,simple,B,0.95,0.6803742081967994,453.9684561587994,0.1,0,0,0.78,0.0
761,static_rule,hard,A,0.6649999999999999,1.0,1650.1537421044984,1.0,0,0,0.76,0.0
762,static_rule,simple,B,0.95,0.8268817868276015,566.6460823347225,0.1,0,0,0.74,0.0
763,static_rule,hard,A,0.6649999999999999,1.0,1535.9429359154058,1.0,0,0,0.72,0.0
764,static_rule,hard,A,0.6649999999999999,1.0,1834.9587310864647,1.0,0,0,0.7,0.0
765,static_rule,simple,B,0.95,0.8634967850329791,600.6692232756071,0.1,1,0,0.7,0.0
766,static_rule,hard,A,0.6649999999999999,1.0,1696.414336896747,1.0,0,0,0.68,0.0
767,static_rule,hard,A,0.6649999999999999,1.0,1558.1757987585697,1.0,1,0,0.68,0.0
768,static_rule,hard,A,0.6649999999999999,1.0,1746.7732289031094,1.0,0,0,0.66,0.0
769,static_rule,simple,B,0.95,0.8178350153591951,670.0215132356968,0.1,1,0,0.66,0.0
770,static_rule,hard,A,0.6649999999999999,1.0,1895.8420931047517,1.0,0,0,0.64,0.0
771,static_rule,hard,A,0.6649999999999999,1.0,1626.5497230920214,1.0,0,0,0.64,0.0
772,static_rule,hard,A,0.6649999999999999,1.0,1773.4516746931672,1.0,0,0,0.62,0.0
773,static_rule,hard,A,0.6649999999999999,1.0,1714.7392831764407,1.0,0,0,0.6,0.0
774,static_rule,hard,A,0.6649999999999999,1.0,1855.2496083687965,1.0,0,0,0.58,0.0
775,static_rule,hard,A,0.6649999999999999,1.0,1622.4699268455736,1.0,1,0,0.58,0.0
776,static_rule,simple,B,0.95,0.6342292126341218,480.9648252167611,0.1,1,0,0.58,0.0
777,static_rule,simple,B,0.95,0.8581217071180272,631.7655939213662,0.1,1,0,0.58,0.0
778,static_rule,hard,A,0.6649999999999999,0.9814719999999999,1604.0471185987728,1.0,0,0,0.56,0.0
779,static_rule,hard,A,0.6649999999999999,1.0,1799.6368787789,1.0,0,0,0.54,0.0
780,static_rule,simple,B,0.95,0.8847859159931362,604.2382693511141,0.1,1,0,0.54,0.0
781,static_rule,hard,A,0.6649999999999999,1.0,1521.3494188385503,1.0,1,0,0.54,0.0
782,static_rule,simple,B,0.95,0.9851782133450846,616.7302646504932,0.1,1,0,0.56,0.0
783,static_rule,hard,A,0.6649999999999999,1.0,1730.543778472088,1.0,0,0,0.54,0.0
784,static_rule,hard,A,0.6649999999999999,1.0,2014.958467776273,1.0,0,0,0.52,0.0
785,static_rule,simple,B,0.95,0.9713713674047015,678.0458480063307,0.1,1,0,0.52,0.0
786,static_rule,simple,B,0.95,1.0,741.4424834038147,0.1,0,0,0.5,0.0
787,static_rule,hard,A,0.6649999999999999,0.9814719999999999,1665.6676182736928,1.0,0,0,0.48,0.0
788,static_rule,hard,A,0.6649999999999999,1.0,1822.24676956975,1.0,0,0,0.46,0.0
789,static_rule,hard,A,0.6649999999999999,1.0,1855.8925594684276,1.0,1,0,0.46,0.0
790,static_rule,simple,B,0.95,0.8996953599999999,626.3060286739576,0.1,1,0,0.46,0.0
791,static_rule,hard,A,0.6649999999999999,1.0,1781.6752127916548,1.0,0,0,0.44,0.0
792,static_rule,simple,B,0.95,0.9967240867839999,684.5558378791006,0.1,1,0,0.44,0.0
793,static_rule,simple,B,0.95,1.0,697.8393422579621,0.1,1,0,0.44,0.0
794,static_rule,hard,A,0.6649999999999999,0.9814719999999999,1623.405445678546,1.0,0,0,0.42,0.0
795,static_rule,simple,B,0.95,1.0,733.5352391069069,0.1,0,0,0.4,0.0
796,static_rule,hard,A,0.6649999999999999,1.0,1711.1938588185585,1.0,0,0,0.38,0.0
797,static_rule,simple,B,0.95,1.0,650.1902506422399,0.1,1,0,0.38,0.0
798,static_rule,hard,A,0.6649999999999999,1.0,1883.5908780571692,1.0,0,0,0.36,0.0
799,static_rule,simple,B,0.95,1.0,759.7250330260455,0.1,1,0,0.36,0.0
800,static_rule,hard,A,0.6649999999999999,1.0,1680.1702533662242,1.0,1,0,0.38,0.0
801,static_rule,hard,A,0.6649999999999999,1.0,1978.434181651414,1.0,0,0,0.36,0.0
802,static_rule,hard,A,0.6649999999999999,1.0,1641.2862832054045,1.0,1,0,0.38,0.0
803,static_rule,simple,B,0.95,0.8996953599999999,600.9492411019536,0.1,1,0,0.4,0.0
804,static_rule,hard,A,0.6649999999999999,1.0,1511.272924141159,1.0,0,0,0.38,0.0
805,static_rule,hard,A,0.6649999999999999,1.0,1645.4011122281206,1.0,0,0,0.38,0.0
806,static_rule,hard,A,0.6649999999999999,1.0,1849.4707533622602,1.0,0,0,0.38,0.0
807,static_rule,hard,A,0.6649999999999999,1.0,1881.4939248838912,1.0,0,0,0.38,0.0
808,static_rule,hard,A,0.6649999999999999,1.0,1884.82366326143,1.0,0,0,0.38,0.0
809,static_rule,hard,A,0.6649999999999999,1.0,2085.204685676672,1.0,1,0,0.4,0.0
810,static_rule,hard,A,0.6649999999999999,1.0,2077.8867655814893,1.0,1,0,0.42,0.0
811,static_rule,hard,A,0.6649999999999999,1.0,1989.7885215877618,1.0,0,0,0.42,0.0
812,static_rule,hard,A,0.6649999999999999,1.0,1871.1927022373695,1.0,0,0,0.42,0.0
813,static_rule,hard,A,0.6649999999999999,1.0,2091.37806091712,1.0,0,0,0.42,0.0
814,static_rule,hard,A,0.6649999999999999,1.0,1764.5889139819888,1.0,1,0,0.44,0.0
815,static_rule,hard,A,0.6649999999999999,1.0,1904.1131278399062,1.0,0,0,0.42,0.0
816,static_rule,simple,B,0.95,0.470753737597171,446.2251813178564,0.1,1,0,0.44,0.0
817,static_rule,hard,A,0.6649999999999999,1.0,1575.2379215445687,1.0,1,0,0.44,0.0
818,static_rule,simple,B,0.95,0.6645516943952492,511.0056626973652,0.1,1,0,0.46,0.0
819,static_rule,simple,B,0.95,0.8848054910678194,645.6793187904193,0.1,1,0,0.46,0.0
820,static_rule,simple,B,0.95,1.0,613.3903833177933,0.1,0,0,0.46,0.0
821,static_rule,hard,A,0.6649999999999999,0.8996953599999999,1448.7039020633351,1.0,0,0,0.46,0.0
822,static_rule,hard,A,0.6649999999999999,1.0,1611.8274912441668,1.0,0,0,0.46,0.0
823,static_rule,simple,B,0.95,0.9814719999999999,560.1436375219374,0.1,0,0,0.46,0.0
824,static_rule,simple,B,0.95,1.0,750.7181209667508,0.1,1,0,0.48,0.0
825,static_rule,hard,A,0.6649999999999999,0.9814719999999999,1712.1086220640686,1.0,0,0,0.46,0.0
826,static_rule,hard,A,0.6649999999999999,1.0,1686.7384484687138,1.0,0,0,0.44,0.0
827,static_rule,hard,A,0.6649999999999999,1.0,1849.740032652547,1.0,1,0,0.44,0.0
828,static_rule,hard,A,0.6649999999999999,1.0,2035.892863170353,1.0,0,0,0.44,0.0
829,static_rule,simple,B,0.95,0.8277319167999999,522.0208871604582,0.1,1,0,0.46,0.0
830,static_rule,simple,B,0.95,1.0,634.0868139179,0.1,0,0,0.44,0.0
831,static_rule,hard,A,0.6649999999999999,0.9814719999999999,1584.604927466646,1.0,0,0,0.42,0.0
832,static_rule,hard,A,0.6649999999999999,1.0,1779.127813914839,1.0,0,0,0.4,0.0
833,static_rule,hard,A,0.6649999999999999,1.0,2232.000283169528,1.0,0,0,0.4,0.0
834,static_rule,simple,B,0.95,0.8996953599999999,702.9317668488438,0.1,1,0,0.42,0.0
835,static_rule,hard,A,0.6649999999999999,1.0,1857.5473724218623,1.0,0,0,0.4,0.0
836,static_rule,hard,A,0.6649999999999999,1.0,1766.3325796763693,1.0,1,0,0.42,0.0
837,static_rule,hard,A,0.6649999999999999,1.0,1777.4049178131436,1.0,0,0,0.42,0.0
838,static_rule,hard,A,0.6649999999999999,1.0,1954.7267444041831,1.0,1,0,0.44,0.0
839,static_rule,simple,B,0.95,0.774797956868866,547.085416710394,0.1,1,0,0.44,0.0
840,static_rule,hard,A,0.6649999999999999,1.0,1794.747950973827,1.0,0,0,0.42,0.0
841,static_rule,hard,A,0.6649999999999999,1.0,1788.2956581190374,1.0,0,0,0.42,0.0
842,static_rule,hard,A,0.6649999999999999,1.0,1746.8766382857436,1.0,0,0,0.4,0.0
843,static_rule,simple,B,0.95,0.7646427396717391,592.8206912833318,0.1,0,0,0.38,0.0
844,static_rule,simple,B,0.95,0.9728856109111303,581.0020531721722,0.1,1,0,0.4,0.0
845,static_rule,simple,B,0.95,1.0,602.4380694306786,0.1,1,0,0.42,0.0
846,static_rule,hard,A,0.6649999999999999,0.8996953599999999,1528.2679370306262,1.0,0,0,0.42,0.0
847,static_rule,hard,A,0.6649999999999999,1.0,1701.0644496839648,1.0,0,0,0.4,0.0
848,static_rule,simple,B,0.95,0.9814719999999999,584.1319864718565,0.1,1,0,0.42,0.0
849,static_rule,simple,B,0.95,1.0,822.2025628842979,0.1,1,0,0.42,0.0
850,static_rule,simple,B,0.95,1.0,710.9899574684601,0.1,1,0,0.42,0.0
851,static_rule,hard,A,0.6649999999999999,0.8996953599999999,1729.2160963633364,1.0,0,0,0.42,0.0
852,static_rule,hard,A,0.6649999999999999,1.0,1890.966356839766,1.0,0,0,0.4,0.0
853,static_rule,hard,A,0.6649999999999999,1.0,1998.2135680916058,1.0,0,0,0.38,0.0
854,static_rule,simple,B,0.95,0.8996953599999999,649.6522321216556,0.1,1,0,0.4,0.0
855,static_rule,simple,B,0.95,1.0,693.2932333673568,0.1,1,0,0.42,0.0
856,static_rule,simple,B,0.95,1.0,675.2392136282771,0.1,1,0,0.44,0.0
857,static_rule,hard,A,0.6649999999999999,0.8996953599999999,1616.2369748760668,1.0,1,0,0.46,0.0
858,static_rule,hard,A,0.6649999999999999,1.0,1649.7185845944152,1.0,0,0,0.46,0.0
859,static_rule,hard,A,0.6649999999999999,1.0,1613.4432109574154,1.0,1,0,0.46,0.0
860,static_rule,simple,B,0.95,0.8996953599999999,606.2928966189384,0.1,1,0,0.46,0.0
861,static_rule,hard,A,0.6649999999999999,1.0,1801.9945377879737,1.0,1,0,0.48,0.0
862,static_rule,hard,A,0.6649999999999999,1.0,1986.1397208083004,1.0,0,0,0.48,0.0
863,static_rule,simple,B,0.95,0.9131171963699201,586.9707311693081,0.1,1,0,0.5,0.0
864,static_rule,hard,A,0.6649999999999999,1.0,1598.3606136963951,1.0,0,0,0.48,0.0
865,static_rule,simple,B,0.95,1.0,657.9474379712277,0.1,0,0,0.48,0.0
866,static_rule,hard,A,0.6649999999999999,1.0,1748.4463547177943,1.0,0,0,0.46,0.0
867,static_rule,hard,A,0.6649999999999999,1.0,2189.9308859609573,1.0,0,0,0.44,0.0
868,static_rule,hard,A,0.6649999999999999,1.0,1951.5227358194604,1.0,0,0,0.42,0.0
869,static_rule,hard,A,0.6649999999999999,1.0,1948.049717195581,1.0,0,0,0.4,0.0
870,static_rule,hard,A,0.6649999999999999,1.0,1998.7382622756904,1.0,1,0,0.42,0.0
871,static_rule,simple,B,0.95,0.764404086784,546.4042596532568,0.1,1,0,0.44,0.0
872,static_rule,hard,A,0.6649999999999999,1.0,1692.588573637229,1.0,0,0,0.44,0.0
873,static_rule,hard,A,0.6649999999999999,1.0,2010.9825081035613,1.0,0,0,0.44,0.0
874,static_rule,simple,B,0.95,0.8209199818288659,581.3712917642365,0.1,1,0,0.44,0.0
875,static_rule,hard,A,0.6649999999999999,1.0,1832.0003404485087,1.0,0,0,0.44,0.0
876,static_rule,hard,A,0.6649999999999999,1.0,1687.1641587592087,1.0,0,0,0.44,0.0
877,static_rule,simple,B,0.95,0.859433981856881,522.7714148488217,0.1,1,0,0.44,0.0
878,static_rule,hard,A,0.6649999999999999,1.0,1654.21694716457,1.0,0,0,0.44,0.0
879,static_rule,hard,A,0.6649999999999999,1.0,1902.460573518069,1.0,0,0,0.42,0.0
880,static_rule,hard,A,0.6649999999999999,1.0,1539.7546334954377,1.0,0,0,0.42,0.0
881,static_rule,hard,A,0.6649999999999999,1.0,1797.1332398411068,1.0,0,0,0.42,0.0
882,static_rule,hard,A,0.6649999999999999,1.0,1810.4704790752187,1.0,0,0,0.42,0.0
883,static_rule,simple,B,0.95,0.6991246534953817,612.3117713585232,0.1,1,0,0.44,0.0
884,static_rule,simple,B,0.95,0.9152296950759358,633.1400937174122,0.1,1,0,0.44,0.0
885,static_rule,hard,A,0.6649999999999999,0.9814719999999999,1706.2020832681771,1.0,0,0,0.44,0.0
886,static_rule,hard,A,0.6649999999999999,1.0,1953.682762327577,1.0,0,0,0.42,0.0
887,static_rule,hard,A,0.6649999999999999,1.0,1940.3433388189396,1.0,0,0,0.42,0.0
888,static_rule,hard,A,0.6649999999999999,1.0,1655.9772069310177,1.0,0,0,0.4,0.0
889,static_rule,hard,A,0.6649999999999999,1.0,1901.4116047921896,1.0,0,0,0.38,0.0
890,static_rule,hard,A,0.6649999999999999,1.0,1803.4469086643867,1.0,0,0,0.38,0.0
891,static_rule,hard,A,0.6649999999999999,1.0,1966.1852810451144,1.0,0,0,0.38,0.0
892,static_rule,hard,A,0.6649999999999999,1.0,1607.5702961711704,1.0,0,0,0.38,0.0
893,static_rule,simple,B,0.95,0.5896504128993587,417.2845158066934,0.1,1,0,0.4,0.0
894,static_rule,hard,A,0.6649999999999999,1.0,2039.1084902790253,1.0,0,0,0.38,0.0
895,static_rule,hard,A,0.6649999999999999,1.0,2185.9039722779285,1.0,0,0,0.36,0.0
896,static_rule,hard,A,0.6649999999999999,1.0,1786.2399274376771,1.0,0,0,0.36,0.0
897,static_rule,hard,A,0.6649999999999999,1.0,1892.3014489342982,1.0,0,0,0.36,0.0
898,static_rule,hard,A,0.6649999999999999,1.0,1929.1051340817517,1.0,1,0,0.36,0.0
899,static_rule,hard,A,0.6649999999999999,1.0,1571.7857921661052,1.0,0,0,0.34,0.0
900,static_rule,simple,B,0.95,0.540975734141415,461.0576300400659,0.1,1,0,0.34,0.0
901,static_rule,hard,A,0.6649999999999999,1.0,1638.2762302071824,1.0,0,0,0.34,0.0
902,static_rule,simple,B,0.95,0.7189316085191118,490.93814274822665,0.1,1,0,0.36,0.0
903,static_rule,hard,A,0.6649999999999999,1.0,1863.4982969213336,1.0,0,0,0.36,0.0
904,static_rule,hard,A,0.6649999999999999,1.0,1955.9051061181904,1.0,0,0,0.34,0.0
905,static_rule,hard,A,0.6649999999999999,1.0,1934.0806363536917,1.0,0,0,0.32,0.0
906,static_rule,hard,A,0.6649999999999999,1.0,1811.5087183122603,1.0,1,0,0.32,0.0
907,static_rule,simple,B,0.95,0.679403155811898,484.64292690904153,0.1,1,0,0.32,0.0
908,static_rule,hard,A,0.6649999999999999,1.0,1740.933904367723,1.0,0,0,0.32,0.0
909,static_rule,hard,A,0.6649999999999999,1.0,1724.356016811719,1.0,0,0,0.3,0.0
910,static_rule,hard,A,0.6649999999999999,1.0,1670.5304362172253,1.0,0,0,0.28,0.0
911,static_rule,simple,B,0.95,0.7074349201097523,474.9855516694505,0.1,1,0,0.28,0.0
912,static_rule,hard,A,0.6649999999999999,1.0,1776.2785791260953,1.0,0,0,0.28,0.0
913,static_rule,simple,B,0.95,0.8478376021329921,540.6830546330323,0.1,1,0,0.28,0.0
914,static_rule,hard,A,0.6649999999999999,1.0,1680.6328951500927,1.0,1,0,0.3,0.0
915,static_rule,hard,A,0.6649999999999999,1.0,1953.5782512650462,1.0,0,0,0.3,0.0
916,static_rule,hard,A,0.6649999999999999,1.0,1879.9594847658093,1.0,1,0,0.32,0.0
917,static_rule,hard,A,0.6649999999999999,1.0,1692.1508448687232,1.0,0,0,0.32,0.0
918,static_rule,hard,A,0.6649999999999999,1.0,1905.3119054899876,1.0,1,0,0.34,0.0
919,static_rule,simple,B,0.95,0.6937392473597086,506.32550871363196,0.1,1,0,0.36,0.0
920,static_rule,hard,A,0.6649999999999999,1.0,1714.1543227422808,1.0,1,0,0.36,0.0
921,static_rule,simple,B,0.95,0.8372316731553584,560.8492683911098,0.1,1,0,0.36,0.0
922,static_rule,hard,A,0.6649999999999999,1.0,1814.9469358697652,1.0,1,0,0.38,0.0
923,static_rule,simple,B,0.95,0.9483522076915094,606.2546862360317,0.1,1,0,0.4,0.0
924,static_rule,hard,A,0.6649999999999999,1.0,1342.5728978117459,1.0,0,0,0.38,0.0
925,static_rule,hard,A,0.6649999999999999,1.0,1614.2994341003466,1.0,0,0,0.38,0.0
926,static_rule,hard,A,0.6649999999999999,1.0,1747.1253680806444,1.0,0,0,0.38,0.0
927,static_rule,hard,A,0.6649999999999999,1.0,1856.753913725697,1.0,0,0,0.36,0.0
928,static_rule,simple,B,0.95,0.800475728366552,556.8704255427003,0.1,0,0,0.36,0.0
929,static_rule,hard,A,0.6649999999999999,1.0,1421.2738950199507,1.0,0,0,0.36,0.0
930,static_rule,hard,A,0.6649999999999999,1.0,2051.1721656520444,1.0,0,0,0.36,0.0
931,static_rule,simple,B,0.95,0.845501795561411,617.4349948801944,0.1,1,0,0.38,0.0
932,static_rule,hard,A,0.6649999999999999,1.0,1710.139582449212,1.0,0,0,0.38,0.0
933,static_rule,hard,A,0.6649999999999999,1.0,1702.6940572325937,1.0,0,0,0.36,0.0
934,static_rule,hard,A,0.6649999999999999,1.0,1610.7665581125918,1.0,1,0,0.36,0.0
935,static_rule,simple,B,0.95,0.8070435036698467,585.3769278556052,0.1,0,0,0.36,0.0
936,static_rule,hard,A,0.6649999999999999,1.0,1444.829229328183,1.0,0,0,0.36,0.0
937,static_rule,simple,B,0.95,0.9249744892419294,604.1961434915486,0.1,1,0,0.38,0.0
938,static_rule,simple,B,0.95,1.0,758.1701682232269,0.1,1,0,0.4,0.0
939,static_rule,hard,A,0.6649999999999999,0.9814719999999999,1904.285472802766,1.0,0,0,0.4,0.0
940,static_rule,simple,B,0.95,1.0,719.5604828249371,0.1,0,0,0.4,0.0
941,static_rule,hard,A,0.6649999999999999,1.0,1813.1600148367636,1.0,0,0,0.4,0.0
942,static_rule,simple,B,0.95,1.0,687.318224895452,0.1,0,0,0.4,0.0
943,static_rule,simple,B,0.95,1.0,660.3052130351357,0.1,1,0,0.4,0.0
944,static_rule,hard,A,0.6649999999999999,0.9814719999999999,1661.7345704439858,1.0,0,0,0.4,0.0
945,static_rule,hard,A,0.6649999999999999,1.0,1770.406665724865,1.0,0,0,0.4,0.0
946,static_rule,simple,B,0.95,0.9814719999999999,667.6917202446909,0.1,1,0,0.42,0.0
947,static_rule,hard,A,0.6649999999999999,1.0,1753.2512440223518,1.0,0,0,0.42,0.0
948,static_rule,simple,B,0.95,1.0,728.496309859536,0.1,1,0,0.42,0.0
949,static_rule,simple,B,0.95,1.0,666.4056950440693,0.1,1,0,0.44,0.0
950,static_rule,simple,B,0.95,1.0,693.8795031598456,0.1,1,0,0.44,0.0
951,static_rule,simple,B,0.95,1.0,675.7632377898807,0.1,1,0,0.46,0.0
952,static_rule,simple,B,0.95,1.0,748.3724531954978,0.1,1,0,0.46,0.0
953,static_rule,simple,B,0.95,1.0,603.3424076806757,0.1,1,0,0.48,0.0
954,static_rule,hard,A,0.6649999999999999,0.70867559636992,1214.4638796901538,1.0,0,0,0.48,0.0
955,static_rule,simple,B,0.95,1.0,657.5185239627789,0.1,1,0,0.5,0.0
956,static_rule,hard,A,0.6649999999999999,0.848798381828866,1501.901364615974,1.0,0,0,0.48,0.0
957,static_rule,hard,A,0.6649999999999999,1.0,1651.06896593272,1.0,0,0,0.46,0.0
958,static_rule,hard,A,0.6649999999999999,1.0,1940.515641633499,1.0,0,0,0.46,0.0
959,static_rule,hard,A,0.6649999999999999,1.0,1872.3805943513257,1.0,1,0,0.48,0.0
960,static_rule,hard,A,0.6649999999999999,1.0,1830.0308940361817,1.0,1,0,0.5,0.0
961,static_rule,hard,A,0.6649999999999999,1.0,1882.5586716183109,1.0,0,0,0.48,0.0
962,static_rule,simple,B,0.95,0.70867559636992,505.69094448066807,0.1,1,0,0.5,0.0
963,static_rule,simple,B,0.95,0.9236345248055295,667.0924467413987,0.1,1,0,0.5,0.0
964,static_rule,hard,A,0.6649999999999999,0.9814719999999999,1554.5142294558389,1.0,1,0,0.5,0.0
965,static_rule,hard,A,0.6649999999999999,1.0,1655.3017450835575,1.0,0,0,0.5,0.0
966,static_rule,hard,A,0.6649999999999999,1.0,1859.3252530662758,1.0,0,0,0.48,0.0
967,static_rule,simple,B,0.95,0.8538993388616809,579.7618220850501,0.1,0,0,0.48,0.0
968,static_rule,hard,A,0.6649999999999999,1.0,1734.9720031061613,1.0,0,0,0.46,0.0
969,static_rule,simple,B,0.95,0.9612596480144857,688.7036889697549,0.1,1,0,0.46,0.0
970,static_rule,hard,A,0.6649999999999999,1.0,1313.0116983301975,1.0,0,0,0.44,0.0
971,static_rule,hard,A,0.6649999999999999,1.0,1813.746623828628,1.0,0,0,0.42,0.0
972,static_rule,simple,B,0.95,0.9550715348517276,621.8562084893023,0.1,1,0,0.42,0.0
973,static_rule,simple,B,0.95,1.0,728.2905587666612,0.1,0,0,0.4,0.0
974,static_rule,hard,A,0.6649999999999999,0.9814719999999999,1598.460676208219,1.0,0,0,0.4,0.0
975,static_rule,hard,A,0.6649999999999999,1.0,1985.2533835504507,1.0,1,0,0.42,0.0
976,static_rule,hard,A,0.6649999999999999,1.0,1831.1815132987383,1.0,0,0,0.42,0.0
977,static_rule,simple,B,0.95,0.8996953599999999,519.8392936603954,0.1,1,0,0.44,0.0
978,static_rule,hard,A,0.6649999999999999,1.0,1682.6125272387567,1.0,1,0,0.46,0.0
979,static_rule,hard,A,0.6649999999999999,1.0,1664.90230662402,1.0,0,0,0.46,0.0
980,static_rule,hard,A,0.6649999999999999,1.0,1827.74078905084,1.0,1,0,0.48,0.0
981,static_rule,simple,B,0.95,0.8395431328055296,533.2069460390533,0.1,1,0,0.48,0.0
982,static_rule,hard,A,0.6649999999999999,1.0,2093.106663409901,1.0,1,0,0.5,0.0
983,static_rule,hard,A,0.6649999999999999,1.0,1780.335194803074,1.0,0,0,0.5,0.0
984,static_rule,hard,A,0.6649999999999999,1.0,1868.1627189366823,1.0,0,0,0.48,0.0
985,static_rule,simple,B,0.95,0.8034701212633399,654.7581895514818,0.1,1,0,0.5,0.0
986,static_rule,simple,B,0.95,1.0,632.6590037095606,0.1,1,0,0.52,0.0
987,static_rule,hard,A,0.6649999999999999,0.9814719999999999,1533.7224246620226,1.0,0,0,0.5,0.0
988,static_rule,simple,B,0.95,1.0,704.8835153209732,0.1,1,0,0.5,0.0
989,static_rule,hard,A,0.6649999999999999,1.0,1623.8178932608544,1.0,0,0,0.5,0.0
990,static_rule,hard,A,0.6649999999999999,1.0,1881.53046944914,1.0,0,0,0.5,0.0
991,static_rule,hard,A,0.6649999999999999,1.0,1899.4375071589761,1.0,0,0,0.5,0.0
992,static_rule,hard,A,0.6649999999999999,1.0,2103.723097971985,1.0,1,0,0.52,0.0
993,static_rule,hard,A,0.6649999999999999,1.0,1845.1804809115347,1.0,1,0,0.52,0.0
994,static_rule,simple,B,0.95,0.764404086784,564.3670152758656,0.1,1,0,0.54,0.0
995,static_rule,hard,A,0.6649999999999999,1.0,1723.9977724122607,1.0,0,0,0.54,0.0
996,static_rule,hard,A,0.6649999999999999,1.0,1929.5937883764461,1.0,0,0,0.52,0.0
997,static_rule,hard,A,0.6649999999999999,1.0,1720.052133069155,1.0,1,0,0.54,0.0
998,static_rule,simple,B,0.95,0.7584095840094021,466.68826869798625,0.1,1,0,0.54,0.0
999,static_rule,simple,B,0.95,0.9674004339282738,698.0493702677248,0.1,1,0,0.54,0.0
1000,static_rule,hard,A,0.6649999999999999,0.9814719999999999,1476.3365698765265,1.0,0,0,0.52,0.0
1001,static_rule,hard,A,0.6649999999999999,1.0,2030.9059040961467,1.0,0,0,0.5,0.0
1002,static_rule,hard,A,0.6649999999999999,1.0,1874.6464801072439,1.0,0,0,0.48,0.0
1003,static_rule,simple,B,0.95,0.8801455514887724,563.8566519069623,0.1,1,0,0.48,0.0
1004,static_rule,hard,A,0.6649999999999999,1.0,1572.1694608155408,1.0,0,0,0.48,0.0
1005,static_rule,hard,A,0.6649999999999999,1.0,1743.7011494100454,1.0,0,0,0.46,0.0
1006,static_rule,hard,A,0.6649999999999999,1.0,1862.3318338861102,1.0,1,0,0.48,0.0
1007,static_rule,hard,A,0.6649999999999999,1.0,1835.1847854812368,1.0,0,0,0.48,0.0
1008,static_rule,simple,B,0.95,0.764480898950163,530.1668450477073,0.1,1,0,0.5,0.0
1009,static_rule,hard,A,0.6649999999999999,1.0,1730.1590898311267,1.0,0,0,0.48,0.0
1010,static_rule,hard,A,0.6649999999999999,1.0,2030.5635670919994,1.0,0,0,0.46,0.0
1011,static_rule,hard,A,0.6649999999999999,1.0,1637.4489168321088,1.0,0,0,0.46,0.0
1012,static_rule,hard,A,0.6649999999999999,1.0,2043.177830848017,1.0,0,0,0.44,0.0
1013,static_rule,hard,A,0.6649999999999999,1.0,1875.9808836553502,1.0,1,0,0.44,0.0
1014,static_rule,simple,B,0.95,0.6550280537407618,472.358083589322,0.1,1,0,0.44,0.0
1015,static_rule,hard,A,0.6649999999999999,1.0,1833.1714190607895,1.0,0,0,0.44,0.0
1016,static_rule,hard,A,0.6649999999999999,1.0,1816.2733386824373,1.0,0,0,0.44,0.0
1017,static_rule,hard,A,0.6649999999999999,1.0,1997.687527400191,1.0,0,0,0.44,0.0
1018,static_rule,hard,A,0.6649999999999999,1.0,2099.971796000894,1.0,1,0,0.46,0.0
1019,static_rule,simple,B,0.95,0.6456792103583856,538.8552107388823,0.1,1,0,0.46,0.0
1020,static_rule,hard,A,0.6649999999999999,1.0,1853.2410736410723,1.0,0,0,0.46,0.0
1021,static_rule,hard,A,0.6649999999999999,1.0,2035.982959085047,1.0,0,0,0.46,0.0
1022,static_rule,simple,B,0.95,0.7400123028413499,541.5818827835276,0.1,1,0,0.46,0.0
1023,static_rule,hard,A,0.6649999999999999,1.0,1671.4934859998616,1.0,0,0,0.46,0.0
1024,static_rule,hard,A,0.6649999999999999,1.0,1871.791136416405,1.0,0,0,0.46,0.0
1025,static_rule,simple,B,0.95,0.8042976640419004,548.4218181710221,0.1,1,0,0.46,0.0
1026,static_rule,hard,A,0.6649999999999999,1.0,1763.604435899613,1.0,0,0,0.46,0.0
1027,static_rule,simple,B,0.95,0.9228481110340476,549.2171496998507,0.1,1,0,0.46,0.0
1028,static_rule,hard,A,0.6649999999999999,1.0,1881.8630212741173,1.0,1,0,0.46,0.0
1029,static_rule,hard,A,0.6649999999999999,1.0,1940.8452365355893,1.0,0,0,0.46,0.0
1030,static_rule,hard,A,0.6649999999999999,1.0,1835.5220368748817,1.0,0,0,0.44,0.0
1031,static_rule,hard,A,0.6649999999999999,1.0,1797.5150071376438,1.0,0,0,0.42,0.0
1032,static_rule,hard,A,0.6649999999999999,1.0,2050.8723827517188,1.0,0,0,0.4,0.0
1033,static_rule,hard,A,0.6649999999999999,1.0,1860.4919393038485,1.0,1,0,0.42,0.0
1034,static_rule,hard,A,0.6649999999999999,1.0,1836.850922235517,1.0,0,0,0.42,0.0
1035,static_rule,simple,B,0.95,0.6318880418794104,515.4352997089957,0.1,1,0,0.42,0.0
1036,static_rule,hard,A,0.6649999999999999,1.0,1753.8837389664466,1.0,0,0,0.4,0.0
1037,static_rule,hard,A,0.6649999999999999,1.0,1851.7745085269664,1.0,1,0,0.42,0.0
1038,static_rule,hard,A,0.6649999999999999,1.0,1937.7120029408372,1.0,1,0,0.42,0.0
1039,static_rule,hard,A,0.6649999999999999,1.0,1909.528546754427,1.0,0,0,0.42,0.0
1040,static_rule,simple,B,0.95,0.6334674875440199,419.76562826995195,0.1,0,0,0.42,0.0
1041,static_rule,hard,A,0.6649999999999999,1.0,1762.1566738664555,1.0,0,0,0.42,0.0
1042,static_rule,simple,B,0.95,0.7905572223540891,525.6241545831793,0.1,1,0,0.42,0.0
1043,static_rule,hard,A,0.6649999999999999,1.0,1970.1589734120432,1.0,0,0,0.4,0.0
1044,static_rule,simple,B,0.95,0.9122075129910066,594.5182947901208,0.1,1,0,0.4,0.0
1045,static_rule,hard,A,0.6649999999999999,1.0,1556.6674003218905,1.0,0,0,0.4,0.0
1046,static_rule,hard,A,0.6649999999999999,1.0,1747.2126111781376,1.0,0,0,0.4,0.0
1047,static_rule,hard,A,0.6649999999999999,1.0,1642.777324102748,1.0,0,0,0.38,0.0
1048,static_rule,simple,B,0.95,0.8470466128978464,573.2235212233287,0.1,1,0,0.38,0.0
1049,static_rule,hard,A,0.6649999999999999,1.0,1679.3876901126566,1.0,0,0,0.36,0.0
1050,static_rule,simple,B,0.95,0.9559528970280922,646.3607970869549,0.1,1,0,0.38,0.0
1051,static_rule,simple,B,0.95,1.0,722.5694858487254,0.1,1,0,0.4,0.0
1052,static_rule,hard,A,0.6649999999999999,0.9814719999999999,1501.1183709805834,1.0,0,0,0.4,0.0
1053,static_rule,hard,A,0.6649999999999999,1.0,2080.438203343754,1.0,0,0,0.38,0.0
1054,static_rule,simple,B,0.95,0.9814719999999999,689.6939222714745,0.1,1,0,0.4,0.0
1055,static_rule,hard,A,0.6649999999999999,1.0,1615.7377862064036,1.0,0,0,0.4,0.0
1056,static_rule,hard,A,0.6649999999999999,1.0,1660.6282884872098,1.0,0,0,0.38,0.0
1057,static_rule,hard,A,0.6649999999999999,1.0,1821.9079010936591,1.0,0,0,0.38,0.0
1058,static_rule,hard,A,0.6649999999999999,1.0,1727.9049887325173,1.0,1,0,0.38,0.0
1059,static_rule,hard,A,0.6649999999999999,1.0,1668.308890911963,1.0,0,0,0.38,0.0
1060,static_rule,simple,B,0.95,0.755799607864066,525.0167490038463,0.1,1,0,0.4,0.0
1061,static_rule,hard,A,0.6649999999999999,1.0,1568.365441292046,1.0,0,0,0.4,0.0
1062,static_rule,hard,A,0.6649999999999999,1.0,1982.312647038824,1.0,0,0,0.4,0.0
1063,static_rule,hard,A,0.6649999999999999,1.0,1734.405055480787,1.0,0,0,0.38,0.0
1064,static_rule,hard,A,0.6649999999999999,1.0,1900.1463150828667,1.0,0,0,0.36,0.0
1065,static_rule,hard,A,0.6649999999999999,1.0,2170.3886537766775,1.0,0,0,0.36,0.0
1066,static_rule,hard,A,0.6649999999999999,1.0,1825.2048286998422,1.0,0,0,0.36,0.0
1067,static_rule,hard,A,0.6649999999999999,1.0,1898.7737515831489,1.0,1,0,0.38,0.0
1068,static_rule,hard,A,0.6649999999999999,1.0,2104.746502132154,1.0,0,0,0.36,0.0
1069,static_rule,simple,B,0.95,0.539194236883711,489.3527899563098,0.1,1,0,0.36,0.0
1070,static_rule,hard,A,0.6649999999999999,1.0,1744.076665813769,1.0,0,0,0.36,0.0
1071,static_rule,hard,A,0.6649999999999999,1.0,2055.06914440189,1.0,0,0,0.36,0.0
1072,static_rule,hard,A,0.6649999999999999,1.0,1752.0393108204591,1.0,0,0,0.34,0.0
1073,static_rule,hard,A,0.6649999999999999,1.0,1790.471316991885,1.0,0,0,0.34,0.0
1074,static_rule,simple,B,0.95,0.584550008158154,419.369040257335,0.1,1,0,0.36,0.0
1075,static_rule,simple,B,0.95,0.8144040071791756,623.3781303218858,0.1,1,0,0.36,0.0
1076,static_rule,hard,A,0.6649999999999999,0.9814719999999999,1505.8371741602687,1.0,0,0,0.36,0.0
1077,static_rule,simple,B,0.95,0.9306744631595536,598.6110277718693,0.1,1,0,0.36,0.0
1078,static_rule,simple,B,0.95,1.0,771.6015533041315,0.1,1,0,0.36,0.0
1079,static_rule,hard,A,0.6649999999999999,0.9688456867839998,1496.945808780997,1.0,0,0,0.36,0.0
1080,static_rule,hard,A,0.6649999999999999,1.0,1610.4143690820636,1.0,0,0,0.36,0.0
1081,static_rule,hard,A,0.6649999999999999,1.0,1797.7007793710425,1.0,0,0,0.36,0.0
1082,static_rule,hard,A,0.6649999999999999,1.0,1790.8833662496859,1.0,0,0,0.36,0.0
1083,static_rule,hard,A,0.6649999999999999,1.0,1946.7868803434835,1.0,0,0,0.34,0.0
1084,static_rule,hard,A,0.6649999999999999,1.0,1924.679854891763,1.0,0,0,0.34,0.0
1085,static_rule,hard,A,0.6649999999999999,1.0,1686.4113659983095,1.0,0,0,0.32,0.0
1086,static_rule,hard,A,0.6649999999999999,1.0,2217.7750796313203,1.0,0,0,0.32,0.0
1087,static_rule,hard,A,0.6649999999999999,1.0,1965.9702253429132,1.0,0,0,0.3,0.0
1088,static_rule,hard,A,0.6649999999999999,1.0,1870.9940794507143,1.0,0,0,0.28,0.0
1089,static_rule,hard,A,0.6649999999999999,1.0,2002.9246073646796,1.0,1,0,0.3,0.0
1090,static_rule,simple,B,0.95,0.515671155821681,460.3675746943831,0.1,1,0,0.32,0.0
1091,static_rule,hard,A,0.6649999999999999,1.0,1557.9238684506643,1.0,1,0,0.34,0.0
1092,static_rule,simple,B,0.95,0.6993357430683098,572.8899841471995,0.1,1,0,0.34,0.0
1093,static_rule,hard,A,0.6649999999999999,1.0,1550.241039739054,1.0,0,0,0.34,0.0
1094,static_rule,hard,A,0.6649999999999999,1.0,1731.3016881071471,1.0,0,0,0.32,0.0
1095,static_rule,simple,B,0.95,0.7765777275002472,506.1942380576017,0.1,1,0,0.34,0.0
1096,static_rule,simple,B,0.95,0.9833884002002176,818.9951791076911,0.1,1,0,0.36,0.0
1097,static_rule,hard,A,0.6649999999999999,0.9814719999999999,1642.4984969143195,1.0,0,0,0.36,0.0
1098,static_rule,hard,A,0.6649999999999999,1.0,1972.8814920398313,1.0,1,0,0.36,0.0
1099,static_rule,hard,A,0.6649999999999999,1.0,1725.6691645999817,1.0,1,0,0.38,0.0
1100,static_rule,hard,A,0.6649999999999999,1.0,1714.499962737394,1.0,0,0,0.36,0.0
1101,static_rule,hard,A,0.6649999999999999,1.0,2019.8680986176118,1.0,0,0,0.34,0.0
1102,static_rule,hard,A,0.6649999999999999,1.0,1849.0374889546324,1.0,0,0,0.34,0.0
1103,static_rule,hard,A,0.6649999999999999,1.0,1869.5800375362523,1.0,0,0,0.34,0.0
1104,static_rule,simple,B,0.95,0.6536604200052751,527.7458311538497,0.1,1,0,0.34,0.0
1105,static_rule,simple,B,0.95,0.8752211696046421,486.7789917448979,0.1,1,0,0.36,0.0
1106,static_rule,simple,B,0.95,1.0,661.8549540695676,0.1,0,0,0.36,0.0
1107,static_rule,simple,B,0.95,1.0,740.2991752774067,0.1,1,0,0.38,0.0
1108,static_rule,hard,A,0.6649999999999999,0.8277319167999999,1291.7452092882363,1.0,0,0,0.36,0.0
1109,static_rule,hard,A,0.6649999999999999,1.0,1541.252260331077,1.0,1,0,0.38,0.0
1110,static_rule,hard,A,0.6649999999999999,1.0,1823.1017615648252,1.0,0,0,0.36,0.0
1111,static_rule,hard,A,0.6649999999999999,1.0,1738.744521457652,1.0,0,0,0.36,0.0
1112,static_rule,hard,A,0.6649999999999999,1.0,1791.4182155917435,1.0,0,0,0.36,0.0
1113,static_rule,hard,A,0.6649999999999999,1.0,2209.2409907611186,1.0,0,0,0.36,0.0
1114,static_rule,hard,A,0.6649999999999999,1.0,1956.1178178319647,1.0,1,0,0.38,0.0
1115,static_rule,simple,B,0.95,0.6596345248055295,534.9146835928807,0.1,1,0,0.4,0.0
1116,static_rule,hard,A,0.6649999999999999,1.0,1882.4139242727624,1.0,0,0,0.4,0.0
1117,static_rule,simple,B,0.95,0.8108209760094021,571.6830940630338,0.1,1,0,0.4,0.0
1118,static_rule,hard,A,0.6649999999999999,1.0,1963.717160128921,1.0,0,0,0.4,0.0
1119,static_rule,simple,B,0.95,0.927899763821681,626.5755095064943,0.1,1,0,0.4,0.0
1120,static_rule,simple,B,0.95,1.0,681.729088421415,0.1,1,0,0.42,0.0
1121,static_rule,simple,B,0.95,1.0,742.108209968869,0.1,1,0,0.44,0.0
1122,static_rule,simple,B,0.95,1.0,802.2510676494352,0.1,1,0,0.46,0.0
1123,static_rule,hard,A,0.6649999999999999,0.8277319167999999,1455.9771122350128,1.0,0,0,0.46,0.0
1124,static_rule,hard,A,0.6649999999999999,1.0,1531.2997481429888,1.0,0,0,0.44,0.0
1125,static_rule,hard,A,0.6649999999999999,1.0,2151.728763371756,1.0,0,0,0.42,0.0
1126,static_rule,simple,B,0.95,0.8996953599999999,622.8811450933791,0.1,1,0,0.44,0.0
1127,static_rule,simple,B,0.95,1.0,746.8193885823093,0.1,1,0,0.44,0.0
1128,static_rule,hard,A,0.6649999999999999,0.9814719999999999,1510.6150606722197,1.0,1,0,0.44,0.0
1129,static_rule,hard,A,0.6649999999999999,1.0,1827.4694526141463,1.0,0,0,0.44,0.0
1130,static_rule,simple,B,0.95,0.9814719999999999,666.3539089821204,0.1,1,0,0.46,0.0
1131,static_rule,hard,A,0.6649999999999999,1.0,1668.038363513562,1.0,0,0,0.46,0.0
1132,static_rule,hard,A,0.6649999999999999,1.0,1811.2225338863293,1.0,0,0,0.46,0.0
1133,static_rule,hard,A,0.6649999999999999,1.0,1878.9883451257356,1.0,0,0,0.46,0.0
1134,static_rule,simple,B,0.95,0.8885842043699199,570.7363679192028,0.1,1,0,0.48,0.0
1135,static_rule,hard,A,0.6649999999999999,1.0,1891.472395489346,1.0,0,0,0.48,0.0
1136,static_rule,hard,A,0.6649999999999999,1.0,1965.998890767599,1.0,1,0,0.5,0.0
1137,static_rule,hard,A,0.6649999999999999,1.0,1879.4608198751043,1.0,0,0,0.5,0.0
1138,static_rule,hard,A,0.6649999999999999,1.0,1961.1733459569691,1.0,0,0,0.5,0.0
1139,static_rule,hard,A,0.6649999999999999,1.0,1831.409142982169,1.0,0,0,0.48,0.0
1140,static_rule,simple,B,0.95,0.7126621359611,484.4063548083791,0.1,1,0,0.48,0.0
1141,static_rule,hard,A,0.6649999999999999,1.0,1722.6978774955408,1.0,0,0,0.46,0.0
1142,static_rule,hard,A,0.6649999999999999,1.0,1777.7471841896115,1.0,1,0,0.46,0.0
1143,static_rule,hard,A,0.6649999999999999,1.0,1683.1770010260734,1.0,0,0,0.46,0.0
1144,static_rule,hard,A,0.6649999999999999,1.0,1758.2595909965173,1.0,0,0,0.46,0.0
1145,static_rule,simple,B,0.95,0.6760945550415335,445.919977240847,0.1,1,0,0.46,0.0
1146,static_rule,simple,B,0.95,0.8949632084365495,495.4660286244398,0.1,1,0,0.46,0.0
1147,static_rule,hard,A,0.6649999999999999,0.9814719999999999,1523.531971034353,1.0,0,0,0.46,0.0
1148,static_rule,hard,A,0.6649999999999999,1.0,1593.8777579587077,1.0,0,0,0.44,0.0
1149,static_rule,hard,A,0.6649999999999999,1.0,1506.7327614843443,1.0,0,0,0.42,0.0
1150,static_rule,hard,A,0.6649999999999999,1.0,1640.019163969767,1.0,0,0,0.42,0.0
1151,static_rule,hard,A,0.6649999999999999,1.0,1859.21294037377,1.0,1,0,0.44,0.0
1152,static_rule,hard,A,0.6649999999999999,1.0,1892.346525549738,1.0,0,0,0.44,0.0
1153,static_rule,hard,A,0.6649999999999999,1.0,2057.6895101386103,1.0,0,0,0.44,0.0
1154,static_rule,hard,A,0.6649999999999999,1.0,1826.452932136869,1.0,0,0,0.42,0.0
1155,static_rule,hard,A,0.6649999999999999,1.0,2021.6644895345814,1.0,0,0,0.4,0.0
1156,static_rule,hard,A,0.6649999999999999,1.0,1674.19285119536,1.0,1,0,0.42,0.0
1157,static_rule,hard,A,0.6649999999999999,1.0,1920.4893745878105,1.0,1,0,0.42,0.0
1158,static_rule,simple,B,0.95,0.49301774958139066,454.63699027532954,0.1,0,0,0.42,0.0
1159,static_rule,hard,A,0.6649999999999999,1.0,1788.0160603728905,1.0,0,0,0.4,0.0
1160,static_rule,hard,A,0.6649999999999999,1.0,1884.3197397969866,1.0,0,0,0.4,0.0
1161,static_rule,hard,A,0.6649999999999999,1.0,1642.9513590786617,1.0,0,0,0.4,0.0
1162,static_rule,hard,A,0.6649999999999999,1.0,1847.0983218978097,1.0,0,0,0.4,0.0
1163,static_rule,hard,A,0.6649999999999999,1.0,1722.6859978820094,1.0,0,0,0.4,0.0
1164,static_rule,hard,A,0.6649999999999999,1.0,1712.1466348262372,1.0,1,0,0.4,0.0
1165,static_rule,hard,A,0.6649999999999999,1.0,1880.7978668431572,1.0,0,0,0.38,0.0
1166,static_rule,hard,A,0.6649999999999999,1.0,2123.87804617079,1.0,0,0,0.38,0.0
1167,static_rule,hard,A,0.6649999999999999,1.0,1769.1356793727196,1.0,0,0,0.36,0.0
1168,static_rule,hard,A,0.6649999999999999,1.0,1824.9219225793004,1.0,1,0,0.38,0.0
1169,static_rule,hard,A,0.6649999999999999,1.0,1931.3252950381757,1.0,0,0,0.36,0.0
1170,static_rule,hard,A,0.6649999999999999,1.0,1800.3900132430833,1.0,0,0,0.34,0.0
1171,static_rule,hard,A,0.6649999999999999,1.0,1741.4545488630501,1.0,0,0,0.32,0.0
1172,static_rule,hard,A,0.6649999999999999,1.0,1938.446919750055,1.0,0,0,0.3,0.0
1173,static_rule,hard,A,0.6649999999999999,1.0,1522.956523840524,1.0,0,0,0.3,0.0
1174,static_rule,hard,A,0.6649999999999999,1.0,1963.3567723890485,1.0,0,0,0.3,0.0
1175,static_rule,simple,B,0.95,0.3561135805590634,433.119905245704,0.1,1,0,0.32,0.0
1176,static_rule,hard,A,0.6649999999999999,1.0,1886.0067691414242,1.0,0,0,0.3,0.0
1177,static_rule,hard,A,0.6649999999999999,1.0,1886.4491639563842,1.0,0,0,0.28,0.0
1178,static_rule,simple,B,0.95,0.5426814339707461,479.1922929422385,0.1,1,0,0.28,0.0
1179,static_rule,hard,A,0.6649999999999999,1.0,1623.920144552518,1.0,0,0,0.28,0.0
1180,static_rule,simple,B,0.95,0.7202525024669457,496.4516830492615,0.1,1,0,0.28,0.0
1181,static_rule,simple,B,0.95,0.9338222021709122,581.4849366190364,0.1,1,0,0.3,0.0
1182,static_rule,hard,A,0.6649999999999999,0.9814719999999999,1398.0913245387308,1.0,0,0,0.3,0.0
1183,static_rule,simple,B,0.95,1.0,646.2230793124986,0.1,0,0,0.3,0.0
1184,static_rule,hard,A,0.6649999999999999,1.0,1630.5597638978297,1.0,0,0,0.28,0.0
1185,static_rule,hard,A,0.6649999999999999,1.0,1793.4401697607361,1.0,1,0,0.3,0.0
1186,static_rule,simple,B,0.95,0.9814719999999999,618.2675826970818,0.1,0,0,0.28,0.0
1187,static_rule,simple,B,0.95,1.0,748.6906769294284,0.1,0,0,0.28,0.0
1188,static_rule,hard,A,0.6649999999999999,0.9814719999999999,1578.865241524373,1.0,0,0,0.28,0.0
1189,static_rule,hard,A,0.6649999999999999,1.0,1993.3806885806346,1.0,1,0,0.3,0.0
1190,static_rule,simple,B,0.95,0.9814719999999999,667.5277571800383,0.1,1,0,0.3,0.0
1191,static_rule,hard,A,0.6649999999999999,1.0,1466.3747024947106,1.0,1,0,0.32,0.0
1192,static_rule,hard,A,0.6649999999999999,1.0,1866.143514734538,1.0,1,0,0.32,0.0
1193,static_rule,hard,A,0.6649999999999999,1.0,1752.6600966707626,1.0,0,0,0.32,0.0
1194,static_rule,hard,A,0.6649999999999999,1.0,1830.2779170142267,1.0,0,0,0.32,0.0
1195,static_rule,simple,B,0.95,0.8179540998455295,585.2847330869339,0.1,1,0,0.32,0.0
1196,static_rule,hard,A,0.6649999999999999,1.0,1829.750252574121,1.0,0,0,0.3,0.0
1197,static_rule,simple,B,0.95,0.933423654920378,531.3801659333103,0.1,1,0,0.32,0.0
1198,static_rule,simple,B,0.95,1.0,725.4843298615874,0.1,1,0,0.34,0.0
1199,static_rule,hard,A,0.6649999999999999,0.9814719999999999,1705.7690815942376,1.0,0,0,0.34,0.0
1200,static_rule,simple,B,0.95,1.0,623.1406071386217,0.1,1,0,0.36,0.0
1201,static_rule,hard,A,0.6649999999999999,1.0,1692.5602642689173,1.0,0,0,0.34,0.0
1202,static_rule,hard,A,0.6649999999999999,1.0,1708.9527098332057,1.0,0,0,0.34,0.0
1203,static_rule,hard,A,0.6649999999999999,1.0,1455.158925837012,1.0,1,0,0.36,0.0
1204,static_rule,hard,A,0.6649999999999999,1.0,1614.500141519742,1.0,0,0,0.36,0.0
1205,static_rule,hard,A,0.6649999999999999,1.0,1707.3158830343173,1.0,0,0,0.36,0.0
1206,static_rule,hard,A,0.6649999999999999,1.0,1694.6015057888071,1.0,0,0,0.34,0.0
1207,static_rule,hard,A,0.6649999999999999,1.0,2046.130396193193,1.0,0,0,0.32,0.0
1208,static_rule,hard,A,0.6649999999999999,1.0,1981.471519381928,1.0,0,0,0.32,0.0
1209,static_rule,hard,A,0.6649999999999999,1.0,1818.116902506803,1.0,1,0,0.34,0.0
1210,static_rule,hard,A,0.6649999999999999,1.0,2166.6737038491597,1.0,0,0,0.34,0.0
1211,static_rule,hard,A,0.6649999999999999,1.0,1760.8867419687047,1.0,1,0,0.36,0.0
1212,static_rule,simple,B,0.95,0.515671155821681,457.83618502598017,0.1,1,0,0.38,0.0
1213,static_rule,hard,A,0.6649999999999999,1.0,1763.0093181032912,1.0,1,0,0.4,0.0
1214,static_rule,simple,B,0.95,0.6993357430683098,470.14790258213964,0.1,1,0,0.4,0.0
1215,static_rule,simple,B,0.95,0.9154154539001127,669.6861727350687,0.1,0,0,0.4,0.0
1216,static_rule,simple,B,0.95,1.0,726.5501908449703,0.1,1,0,0.42,0.0
1217,static_rule,hard,A,0.6649999999999999,0.8996953599999999,1328.5353333063192,1.0,0,0,0.42,0.0
1218,static_rule,hard,A,0.6649999999999999,1.0,1256.453132635735,1.0,0,0,0.4,0.0
1219,static_rule,hard,A,0.6649999999999999,1.0,2032.247058770271,1.0,0,0,0.4,0.0
1220,static_rule,hard,A,0.6649999999999999,1.0,1822.062670174702,1.0,0,0,0.4,0.0
1221,static_rule,simple,B,0.95,0.8277319167999999,540.2836710182215,0.1,1,0,0.42,0.0
1222,static_rule,hard,A,0.6649999999999999,1.0,1785.929727036418,1.0,0,0,0.42,0.0
1223,static_rule,hard,A,0.6649999999999999,1.0,1877.8428820531822,1.0,0,0,0.42,0.0
1224,static_rule,simple,B,0.95,0.8640761248055295,616.9302043060337,0.1,1,0,0.44,0.0
1225,static_rule,hard,A,0.6649999999999999,1.0,1663.1823040688046,1.0,0,0,0.42,0.0
1226,static_rule,simple,B,0.95,0.969140551049402,633.2629358042481,0.1,1,0,0.44,0.0
1227,static_rule,simple,B,0.95,1.0,625.5879873389446,0.1,1,0,0.46,0.0
1228,static_rule,hard,A,0.6649999999999999,0.9814719999999999,1663.386315223622,1.0,0,0,0.44,0.0
1229,static_rule,simple,B,0.95,1.0,778.5830833950185,0.1,1,0,0.46,0.0
1230,static_rule,hard,A,0.6649999999999999,1.0,1632.8072998396835,1.0,1,0,0.46,0.0
1231,static_rule,hard,A,0.6649999999999999,1.0,1848.6578989396128,1.0,0,0,0.44,0.0
1232,static_rule,hard,A,0.6649999999999999,1.0,1434.8111893621037,1.0,0,0,0.44,0.0
1233,static_rule,simple,B,0.95,0.8996953599999999,625.4311627900529,0.1,1,0,0.46,0.0
1234,static_rule,hard,A,0.6649999999999999,1.0,1727.4305116306448,1.0,0,0,0.46,0.0
1235,static_rule,hard,A,0.6649999999999999,1.0,1638.4811872915548,1.0,0,0,0.44,0.0
1236,static_rule,hard,A,0.6649999999999999,1.0,1923.7417878174651,1.0,0,0,0.44,0.0
1237,static_rule,hard,A,0.6649999999999999,1.0,1867.8927342451166,1.0,0,0,0.44,0.0
1238,static_rule,hard,A,0.6649999999999999,1.0,1872.7308362077556,1.0,1,0,0.46,0.0
1239,static_rule,hard,A,0.6649999999999999,1.0,1797.486772609461,1.0,1,0,0.46,0.0
1240,static_rule,hard,A,0.6649999999999999,1.0,1802.6794245092385,1.0,0,0,0.44,0.0
1241,static_rule,hard,A,0.6649999999999999,1.0,2092.601625810302,1.0,1,0,0.44,0.0
1242,static_rule,hard,A,0.6649999999999999,1.0,1761.9316644732903,1.0,1,0,0.44,0.0
1243,static_rule,hard,A,0.6649999999999999,1.0,1609.3487403627469,1.0,0,0,0.44,0.0
1244,static_rule,hard,A,0.6649999999999999,1.0,1658.915473501467,1.0,0,0,0.44,0.0
1245,static_rule,simple,B,0.95,0.4940383381786034,432.00828062878645,0.1,1,0,0.44,0.0
1246,static_rule,hard,A,0.6649999999999999,1.0,1946.5930197484395,1.0,0,0,0.44,0.0
1247,static_rule,simple,B,0.95,0.6825832890855104,529.1038690952316,0.1,1,0,0.44,0.0
1248,static_rule,simple,B,0.95,0.9006732943952491,599.6592997588426,0.1,1,0,0.44,0.0
1249,static_rule,hard,A,0.6649999999999999,0.9814719999999999,1588.130536761925,1.0,0,0,0.44,0.0
1250,static_rule,hard,A,0.6649999999999999,1.0,1979.8712295105495,1.0,1,0,0.44,0.0
1251,static_rule,hard,A,0.6649999999999999,1.0,1591.1601375159307,1.0,0,0,0.44,0.0
1252,static_rule,hard,A,0.6649999999999999,1.0,1735.6222121264607,1.0,0,0,0.44,0.0
1253,static_rule,simple,B,0.95,0.7753140440617756,463.6098029440402,0.1,1,0,0.44,0.0
1254,static_rule,simple,B,0.95,0.9822763587743626,659.8856527687609,0.1,1,0,0.46,0.0
1255,static_rule,hard,A,0.6649999999999999,0.9814719999999999,1570.691565647457,1.0,0,0,0.46,0.0
1256,static_rule,simple,B,0.95,1.0,716.6167337167691,0.1,0,0,0.46,0.0
1257,static_rule,hard,A,0.6649999999999999,1.0,1798.7940651180957,1.0,0,0,0.46,0.0
1258,static_rule,hard,A,0.6649999999999999,1.0,1923.1370587538968,1.0,1,0,0.48,0.0
1259,static_rule,hard,A,0.6649999999999999,1.0,1781.9141078588002,1.0,0,0,0.46,0.0
1260,static_rule,hard,A,0.6649999999999999,1.0,1844.0133582524495,1.0,0,0,0.46,0.0
1261,static_rule,hard,A,0.6649999999999999,1.0,1909.092809443566,1.0,0,0,0.44,0.0
1262,static_rule,hard,A,0.6649999999999999,1.0,1859.7076598598303,1.0,0,0,0.42,0.0
1263,static_rule,simple,B,0.95,0.70867559636992,552.4326011532191,0.1,1,0,0.42,0.0
1264,static_rule,hard,A,0.6649999999999999,1.0,1618.351693752284,1.0,1,0,0.42,0.0
1265,static_rule,simple,B,0.95,0.848798381828866,604.1044597803462,0.1,1,0,0.44,0.0
1266,static_rule,hard,A,0.6649999999999999,1.0,1391.5067483045439,1.0,1,0,0.44,0.0
1267,static_rule,hard,A,0.6649999999999999,1.0,1948.6958015889668,1.0,0,0,0.44,0.0
1268,static_rule,hard,A,0.6649999999999999,1.0,1761.8987388600292,1.0,0,0,0.44,0.0
1269,static_rule,hard,A,0.6649999999999999,1.0,1895.7167185333549,1.0,0,0,0.44,0.0
1270,static_rule,hard,A,0.6649999999999999,1.0,1911.2568211010869,1.0,0,0,0.44,0.0
1271,static_rule,hard,A,0.6649999999999999,1.0,1776.6125488938103,1.0,0,0,0.42,0.0
1272,static_rule,hard,A,0.6649999999999999,1.0,1903.9225933993139,1.0,0,0,0.42,0.0
1273,static_rule,hard,A,0.6649999999999999,1.0,1727.5247760968023,1.0,0,0,0.42,0.0
1274,static_rule,hard,A,0.6649999999999999,1.0,1718.1247727439943,1.0,1,0,0.42,0.0
1275,static_rule,hard,A,0.6649999999999999,1.0,1977.1383050164402,1.0,1,0,0.44,0.0
1276,static_rule,hard,A,0.6649999999999999,1.0,1696.828179113299,1.0,0,0,0.42,0.0
1277,static_rule,hard,A,0.6649999999999999,1.0,1813.4891509038698,1.0,0,0,0.4,0.0
1278,static_rule,simple,B,0.95,0.4610939687003716,498.11137754456007,0.1,1,0,0.42,0.0
1279,static_rule,hard,A,0.6649999999999999,1.0,1610.9452063788083,1.0,1,0,0.42,0.0
1280,static_rule,hard,A,0.6649999999999999,1.0,1797.1347335504129,1.0,0,0,0.4,0.0
1281,static_rule,hard,A,0.6649999999999999,1.0,1947.9747136745384,1.0,0,0,0.4,0.0
1282,static_rule,hard,A,0.6649999999999999,1.0,2207.3228812666694,1.0,1,0,0.42,0.0
1283,static_rule,hard,A,0.6649999999999999,1.0,1747.6560727672515,1.0,0,0,0.4,0.0
1284,static_rule,simple,B,0.95,0.5141339234559064,449.09167753708806,0.1,1,0,0.42,0.0
1285,static_rule,hard,A,0.6649999999999999,1.0,1868.2391447173395,1.0,1,0,0.44,0.0
1286,static_rule,simple,B,0.95,0.6981453103242539,503.0921817891771,0.1,1,0,0.46,0.0
1287,static_rule,simple,B,0.95,0.9143678730853433,639.461287848994,0.1,1,0,0.48,0.0
1288,static_rule,hard,A,0.6649999999999999,0.9814719999999999,1568.2829699570625,1.0,0,0,0.46,0.0
1289,static_rule,hard,A,0.6649999999999999,1.0,1730.6012018793456,1.0,0,0,0.44,0.0
1290,static_rule,hard,A,0.6649999999999999,1.0,1884.7684060862316,1.0,0,0,0.44,0.0
1291,static_rule,hard,A,0.6649999999999999,1.0,1755.911181792772,1.0,0,0,0.42,0.0
1292,static_rule,simple,B,0.95,0.7825411103236674,550.2257178541716,0.1,1,0,0.42,0.0
1293,static_rule,hard,A,0.6649999999999999,1.0,1629.577675258657,1.0,0,0,0.42,0.0
1294,static_rule,hard,A,0.6649999999999999,1.0,1768.549307097128,1.0,0,0,0.42,0.0
1295,static_rule,hard,A,0.6649999999999999,1.0,1971.2694794384968,1.0,0,0,0.4,0.0
1296,static_rule,simple,B,0.95,0.7692862728703513,573.4311468905224,0.1,1,0,0.42,0.0
1297,static_rule,hard,A,0.6649999999999999,1.0,1737.7386148113403,1.0,0,0,0.4,0.0
1298,static_rule,hard,A,0.6649999999999999,1.0,1802.0876032127721,1.0,0,0,0.38,0.0
1299,static_rule,simple,B,0.95,0.8242470549455041,641.9113671813345,0.1,0,0,0.38,0.0
1300,static_rule,simple,B,0.95,1.0,696.7120131168903,0.1,1,0,0.38,0.0
1301,static_rule,hard,A,0.6649999999999999,0.9814719999999999,1707.3759921093056,1.0,0,0,0.38,0.0
1302,static_rule,simple,B,0.95,1.0,673.3844118028957,0.1,1,0,0.4,0.0
1303,static_rule,simple,B,0.95,1.0,603.9281864311602,0.1,1,0,0.4,0.0
1304,static_rule,hard,A,0.6649999999999999,0.9688456867839998,1499.8473702961012,1.0,0,0,0.38,0.0
1305,static_rule,hard,A,0.6649999999999999,1.0,1961.136651909303,1.0,0,0,0.38,0.0
1306,static_rule,hard,A,0.6649999999999999,1.0,1672.1711004733386,1.0,0,0,0.38,0.0
1307,static_rule,hard,A,0.6649999999999999,1.0,1736.622798902254,1.0,0,0,0.38,0.0
1308,static_rule,hard,A,0.6649999999999999,1.0,1930.37160102073,1.0,0,0,0.36,0.0
1309,static_rule,hard,A,0.6649999999999999,1.0,1930.800086375759,1.0,0,0,0.36,0.0
1310,static_rule,hard,A,0.6649999999999999,1.0,1939.1977624186136,1.0,0,0,0.36,0.0
1311,static_rule,hard,A,0.6649999999999999,1.0,1870.4362913303937,1.0,0,0,0.36,0.0
1312,static_rule,simple,B,0.95,0.6164783818288659,432.7121115466795,0.1,1,0,0.38,0.0
1313,static_rule,hard,A,0.6649999999999999,1.0,1523.102052822911,1.0,0,0,0.36,0.0
1314,static_rule,hard,A,0.6649999999999999,1.0,2049.060041670592,1.0,0,0,0.34,0.0
1315,static_rule,hard,A,0.6649999999999999,1.0,1750.1558321079503,1.0,0,0,0.32,0.0
1316,static_rule,hard,A,0.6649999999999999,1.0,1623.935111258252,1.0,0,0,0.3,0.0
1317,static_rule,simple,B,0.95,0.6253353181083097,474.5953379630736,0.1,1,0,0.32,0.0
1318,static_rule,hard,A,0.6649999999999999,1.0,1590.313862681311,1.0,1,0,0.34,0.0
1319,static_rule,simple,B,0.95,0.784259670343075,552.3581630542645,0.1,1,0,0.36,0.0
1320,static_rule,simple,B,0.95,0.9901485099019061,610.1126106849923,0.1,1,0,0.38,0.0
1321,static_rule,simple,B,0.95,1.0,786.5102177747217,0.1,1,0,0.4,0.0
1322,static_rule,hard,A,0.6649999999999999,0.8996953599999999,1639.8712249922316,1.0,0,0,0.4,0.0
1323,static_rule,hard,A,0.6649999999999999,1.0,1657.221127677044,1.0,0,0,0.4,0.0
1324,static_rule,simple,B,0.95,0.9814719999999999,679.2805659904902,0.1,1,0,0.4,0.0
1325,static_rule,hard,A,0.6649999999999999,1.0,1679.3730776078885,1.0,0,0,0.38,0.0
1326,static_rule,hard,A,0.6649999999999999,1.0,1742.0174441372985,1.0,1,0,0.4,0.0
1327,static_rule,hard,A,0.6649999999999999,1.0,1833.263217352056,1.0,0,0,0.4,0.0
1328,static_rule,simple,B,0.95,0.8885842043699199,530.1540066808251,0.1,1,0,0.4,0.0
1329,static_rule,simple,B,0.95,1.0,703.995097049148,0.1,0,0,0.38,0.0
1330,static_rule,simple,B,0.95,1.0,727.6644833162801,0.1,1,0,0.4,0.0
1331,static_rule,hard,A,0.6649999999999999,0.8996953599999999,1419.3848506572567,1.0,1,0,0.42,0.0
1332,static_rule,hard,A,0.6649999999999999,1.0,1620.7381666095007,1.0,0,0,0.4,0.0
1333,static_rule,hard,A,0.6649999999999999,1.0,1674.5000154483048,1.0,0,0,0.4,0.0
1334,static_rule,hard,A,0.6649999999999999,1.0,1774.3407091811305,1.0,0,0,0.38,0.0
1335,static_rule,hard,A,0.6649999999999999,1.0,2034.718508029412,1.0,0,0,0.36,0.0
1336,static_rule,hard,A,0.6649999999999999,1.0,1782.0393384598674,1.0,0,0,0.34,0.0
1337,static_rule,hard,A,0.6649999999999999,1.0,1586.5656992312986,1.0,0,0,0.32,0.0
1338,static_rule,simple,B,0.95,0.6596345248055295,486.3278508382334,0.1,1,0,0.34,0.0
1339,static_rule,hard,A,0.6649999999999999,1.0,1655.2844585617838,1.0,0,0,0.34,0.0
1340,static_rule,hard,A,0.6649999999999999,1.0,1821.29781972928,1.0,1,0,0.36,0.0
1341,static_rule,hard,A,0.6649999999999999,1.0,1712.1715984461725,1.0,0,0,0.36,0.0
1342,static_rule,simple,B,0.95,0.695579763821681,520.5833711499735,0.1,1,0,0.36,0.0
1343,static_rule,hard,A,0.6649999999999999,1.0,1336.4888413093327,1.0,0,0,0.36,0.0
1344,static_rule,simple,B,0.95,0.8386569691035097,549.9282845304729,0.1,1,0,0.38,0.0
1345,static_rule,hard,A,0.6649999999999999,1.0,1758.2176864867854,1.0,0,0,0.38,0.0
1346,static_rule,simple,B,0.95,0.949455956873758,695.7582346382944,0.1,1,0,0.38,0.0
1347,static_rule,simple,B,0.95,1.0,662.808383932945,0.1,1,0,0.4,0.0
1348,static_rule,hard,A,0.6649999999999999,0.9814719999999999,1587.3204168984776,1.0,0,0,0.4,0.0
1349,static_rule,hard,A,0.6649999999999999,1.0,1740.1673935023487,1.0,1,0,0.42,0.0
1350,static_rule,hard,A,0.6649999999999999,1.0,2139.531812523466,1.0,0,0,0.4,0.0
1351,static_rule,hard,A,0.6649999999999999,1.0,1877.1089864920448,1.0,0,0,0.4,0.0
1352,static_rule,simple,B,0.95,0.8277319167999999,517.3106552623638,0.1,1,0,0.4,0.0
1353,static_rule,simple,B,0.95,1.0,632.150883919195,0.1,1,0,0.4,0.0
1354,static_rule,simple,B,0.95,1.0,655.0791060763536,0.1,1,0,0.42,0.0
1355,static_rule,hard,A,0.6649999999999999,0.8996953599999999,1611.359912943445,1.0,0,0,0.42,0.0
1356,static_rule,hard,A,0.6649999999999999,1.0,1862.2486516194608,1.0,0,0,0.42,0.0
1357,static_rule,hard,A,0.6649999999999999,1.0,1743.1082958053596,1.0,0,0,0.42,0.0
1358,static_rule,simple,B,0.95,0.8996953599999999,598.122823505559,0.1,1,0,0.44,0.0
1359,static_rule,hard,A,0.6649999999999999,1.0,1844.5866933459824,1.0,0,0,0.44,0.0
1360,static_rule,hard,A,0.6649999999999999,1.0,1905.4845612058057,1.0,0,0,0.44,0.0
1361,static_rule,simple,B,0.95,0.9131171963699201,574.5046887703418,0.1,1,0,0.46,0.0
1362,static_rule,simple,B,0.95,1.0,690.7217965938037,0.1,1,0,0.46,0.0
1363,static_rule,hard,A,0.6649999999999999,0.9814719999999999,1529.7022836027722,1.0,1,0,0.48,0.0
1364,static_rule,simple,B,0.95,1.0,666.3378240805595,0.1,0,0,0.48,0.0
1365,static_rule,hard,A,0.6649999999999999,1.0,1743.3705088114177,1.0,0,0,0.48,0.0
1366,static_rule,simple,B,0.95,1.0,676.7486333199925,0.1,1,0,0.5,0.0
1367,static_rule,hard,A,0.6649999999999999,1.0,1686.1526868216845,1.0,0,0,0.48,0.0
1368,static_rule,hard,A,0.6649999999999999,1.0,1794.8570290088626,1.0,0,0,0.46,0.0
1369,static_rule,simple,B,0.95,0.9814719999999999,646.408832021168,0.1,1,0,0.46,0.0
1370,static_rule,hard,A,0.6649999999999999,1.0,1823.2001279117237,1.0,0,0,0.44,0.0
1371,static_rule,hard,A,0.6649999999999999,1.0,1930.649110118752,1.0,0,0,0.42,0.0
1372,static_rule,hard,A,0.6649999999999999,1.0,1966.359092481294,1.0,0,0,0.42,0.0
1373,static_rule,hard,A,0.6649999999999999,1.0,1850.5319013317753,1.0,0,0,0.42,0.0
1374,static_rule,hard,A,0.6649999999999999,1.0,1815.4233605206398,1.0,0,0,0.4,0.0
1375,static_rule,hard,A,0.6649999999999999,1.0,1897.149977011083,1.0,0,0,0.4,0.0
1376,static_rule,hard,A,0.6649999999999999,1.0,1720.1422205058277,1.0,0,0,0.38,0.0
1377,static_rule,simple,B,0.95,0.6529712163299327,514.9686368451247,0.1,1,0,0.4,0.0
1378,static_rule,hard,A,0.6649999999999999,1.0,1515.4703511381315,1.0,0,0,0.38,0.0
1379,static_rule,hard,A,0.6649999999999999,1.0,1612.0963372755255,1.0,0,0,0.38,0.0
1380,static_rule,simple,B,0.95,0.7449816007347918,506.90712715103956,0.1,1,0,0.38,0.0
1381,static_rule,simple,B,0.95,0.9555838086466169,671.5366520847006,0.1,1,0,0.38,0.0
1382,static_rule,hard,A,0.6649999999999999,0.9814719999999999,1826.2300473402017,1.0,0,0,0.38,0.0
1383,static_rule,simple,B,0.95,1.0,651.3979757392416,0.1,1,0,0.4,0.0
1384,static_rule,hard,A,0.6649999999999999,1.0,1878.4288456365555,1.0,0,0,0.4,0.0
1385,static_rule,hard,A,0.6649999999999999,1.0,1867.9030576644507,1.0,0,0,0.4,0.0
1386,static_rule,simple,B,0.95,0.9814719999999999,563.2516511987209,0.1,1,0,0.42,0.0
1387,static_rule,hard,A,0.6649999999999999,1.0,1566.6201107572942,1.0,0,0,0.42,0.0
1388,static_rule,hard,A,0.6649999999999999,1.0,2167.2020471245287,1.0,0,0,0.4,0.0
1389,static_rule,simple,B,0.95,0.9688456867839998,675.0601776041142,0.1,1,0,0.42,0.0
1390,static_rule,hard,A,0.6649999999999999,1.0,1863.6773873242425,1.0,0,0,0.4,0.0
1391,static_rule,hard,A,0.6649999999999999,1.0,1777.6203669518866,1.0,0,0,0.4,0.0
1392,static_rule,hard,A,0.6649999999999999,1.0,1815.8068793400087,1.0,0,0,0.38,0.0
1393,static_rule,hard,A,0.6649999999999999,1.0,1863.5863171930725,1.0,0,0,0.38,0.0
1394,static_rule,simple,B,0.95,0.8112907913699325,526.2906658732492,0.1,1,0,0.38,0.0
1395,static_rule,hard,A,0.6649999999999999,1.0,1751.1485204825333,1.0,0,0,0.38,0.0
1396,static_rule,simple,B,0.95,0.9282635888368758,610.8741259595001,0.1,1,0,0.38,0.0
1397,static_rule,hard,A,0.6649999999999999,1.0,1853.864003453812,1.0,0,0,0.36,0.0
1398,static_rule,hard,A,0.6649999999999999,1.0,1935.5968714639703,1.0,0,0,0.36,0.0
1399,static_rule,hard,A,0.6649999999999999,1.0,2084.18121609904,1.0,0,0,0.34,0.0
1400,static_rule,hard,A,0.6649999999999999,1.0,1595.4076625580421,1.0,0,0,0.34,0.0
1401,static_rule,hard,A,0.6649999999999999,1.0,1835.6322869247072,1.0,1,0,0.36,0.0
1402,static_rule,hard,A,0.6649999999999999,1.0,1655.7861851972882,1.0,0,0,0.34,0.0
1403,static_rule,simple,B,0.95,0.6793586757563923,555.4966923424179,0.1,1,0,0.34,0.0
1404,static_rule,hard,A,0.6649999999999999,1.0,1706.2417321600667,1.0,0,0,0.32,0.0
1405,static_rule,hard,A,0.6649999999999999,1.0,1761.6256823509598,1.0,0,0,0.32,0.0
1406,static_rule,simple,B,0.95,0.7629639154850603,544.1170219587767,0.1,1,0,0.34,0.0
1407,static_rule,hard,A,0.6649999999999999,1.0,1893.7585191276048,1.0,1,0,0.36,0.0
1408,static_rule,hard,A,0.6649999999999999,1.0,2065.366638939324,1.0,1,0,0.36,0.0
1409,static_rule,hard,A,0.6649999999999999,1.0,1896.4781259500535,1.0,0,0,0.36,0.0
1410,static_rule,hard,A,0.6649999999999999,1.0,1775.499961076034,1.0,1,0,0.38,0.0
1411,static_rule,hard,A,0.6649999999999999,1.0,1803.768775971213,1.0,0,0,0.36,0.0
1412,static_rule,hard,A,0.6649999999999999,1.0,1804.4687375913898,1.0,0,0,0.34,0.0
1413,static_rule,hard,A,0.6649999999999999,1.0,1812.2480269401156,1.0,0,0,0.32,0.0
1414,static_rule,hard,A,0.6649999999999999,1.0,1970.3911857538315,1.0,0,0,0.32,0.0
1415,static_rule,hard,A,0.6649999999999999,1.0,1701.6997170090833,1.0,0,0,0.32,0.0
1416,static_rule,hard,A,0.6649999999999999,1.0,1674.7002864778372,1.0,1,0,0.32,0.0
1417,static_rule,hard,A,0.6649999999999999,1.0,1795.5801770290748,1.0,0,0,0.32,0.0
1418,static_rule,simple,B,0.95,0.4645493095028983,415.2246835157508,0.1,1,0,0.34,0.0
1419,static_rule,hard,A,0.6649999999999999,1.0,1788.8194555281727,1.0,0,0,0.32,0.0
1420,static_rule,hard,A,0.6649999999999999,1.0,1735.2385566648763,1.0,0,0,0.32,0.0
1421,static_rule,hard,A,0.6649999999999999,1.0,1971.7549317943854,1.0,0,0,0.32,0.0
1422,static_rule,simple,B,0.95,0.578588065400092,489.9196080756207,0.1,1,0,0.34,0.0
1423,static_rule,hard,A,0.6649999999999999,1.0,1915.2955920056825,1.0,0,0,0.34,0.0
1424,static_rule,hard,A,0.6649999999999999,1.0,2179.2882343534166,1.0,1,0,0.36,0.0
1425,static_rule,hard,A,0.6649999999999999,1.0,2041.9902811194734,1.0,0,0,0.36,0.0
1426,static_rule,hard,A,0.6649999999999999,1.0,1725.483626777073,1.0,0,0,0.36,0.0
1427,static_rule,simple,B,0.95,0.6053393887911943,477.62090160366984,0.1,1,0,0.36,0.0
1428,static_rule,hard,A,0.6649999999999999,1.0,1683.8619933724879,1.0,1,0,0.38,0.0
1429,static_rule,hard,A,0.6649999999999999,1.0,1939.9334013321934,1.0,0,0,0.38,0.0
1430,static_rule,simple,B,0.95,0.7125218439583128,544.8035259102219,0.1,1,0,0.38,0.0
1431,static_rule,hard,A,0.6649999999999999,1.0,1575.8761515206743,1.0,1,0,0.38,0.0
1432,static_rule,simple,B,0.95,0.8517769159613173,504.6474585462398,0.1,1,0,0.4,0.0
1433,static_rule,hard,A,0.6649999999999999,1.0,1989.1669376426385,1.0,1,0,0.4,0.0
1434,static_rule,simple,B,0.95,0.9596160437204442,645.7161684861383,0.1,1,0,0.42,0.0
1435,static_rule,simple,B,0.95,1.0,630.7861923862774,0.1,1,0,0.44,0.0
1436,static_rule,hard,A,0.6649999999999999,0.9814719999999999,1489.9990917390664,1.0,0,0,0.42,0.0
1437,static_rule,hard,A,0.6649999999999999,1.0,1928.160791337566,1.0,0,0,0.42,0.0
1438,static_rule,hard,A,0.6649999999999999,1.0,1807.5071278485373,1.0,0,0,0.42,0.0
1439,static_rule,simple,B,0.95,0.8996953599999999,598.2085147110016,0.1,1,0,0.42,0.0
1440,static_rule,hard,A,0.6649999999999999,1.0,1564.2824605969884,1.0,0,0,0.42,0.0
1441,static_rule,simple,B,0.95,0.9967240867839999,635.12552636785,0.1,1,0,0.44,0.0
1442,static_rule,hard,A,0.6649999999999999,1.0,1695.2018574454423,1.0,0,0,0.44,0.0
1443,static_rule,hard,A,0.6649999999999999,1.0,1890.9522410014374,1.0,0,0,0.44,0.0
1444,static_rule,hard,A,0.6649999999999999,1.0,1746.2205581628125,1.0,0,0,0.42,0.0
1445,static_rule,simple,B,0.95,0.897730810044602,651.3172319652934,0.1,1,0,0.44,0.0
1446,static_rule,hard,A,0.6649999999999999,1.0,1870.6078024096644,1.0,1,0,0.44,0.0
1447,static_rule,simple,B,0.95,0.9952027392985399,632.0215301806415,0.1,1,0,0.46,0.0
1448,static_rule,hard,A,0.6649999999999999,1.0,1685.604708339214,1.0,0,0,0.46,0.0
1449,static_rule,hard,A,0.6649999999999999,1.0,1841.3969691687294,1.0,0,0,0.46,0.0
1450,static_rule,hard,A,0.6649999999999999,1.0,1813.8859189510558,1.0,1,0,0.48,0.0
1451,static_rule,hard,A,0.6649999999999999,1.0,1764.9255945668192,1.0,0,0,0.46,0.0
1452,static_rule,hard,A,0.6649999999999999,1.0,1942.7317207456704,1.0,0,0,0.46,0.0
1453,static_rule,simple,B,0.95,0.7621762193088737,615.2588332633193,0.1,1,0,0.46,0.0
1454,static_rule,hard,A,0.6649999999999999,1.0,1840.4584981681364,1.0,1,0,0.48,0.0
1455,static_rule,simple,B,0.95,0.8902292642327918,629.2498279738267,0.1,1,0,0.5,0.0
1456,static_rule,hard,A,0.6649999999999999,1.0,1645.056594355816,1.0,0,0,0.48,0.0
1457,static_rule,hard,A,0.6649999999999999,1.0,1817.8676653537148,1.0,0,0,0.46,0.0
1458,static_rule,simple,B,0.95,0.9066663171552491,530.0952998630521,0.1,1,0,0.46,0.0
1459,static_rule,hard,A,0.6649999999999999,1.0,1810.8318353563109,1.0,0,0,0.46,0.0
1460,static_rule,hard,A,0.6649999999999999,1.0,1909.008679566621,1.0,1,0,0.46,0.0
1461,static_rule,simple,B,0.95,0.917867708484422,590.9185827020227,0.1,1,0,0.48,0.0
1462,static_rule,simple,B,0.95,1.0,784.2709668954077,0.1,1,0,0.5,0.0
1463,static_rule,hard,A,0.6649999999999999,0.9814719999999999,1611.147135249648,1.0,0,0,0.5,0.0
1464,static_rule,hard,A,0.6649999999999999,1.0,1838.8499147528041,1.0,0,0,0.5,0.0
1465,static_rule,hard,A,0.6649999999999999,1.0,1950.9589051948283,1.0,0,0,0.5,0.0
1466,static_rule,simple,B,0.95,0.8996953599999999,606.0786111173493,0.1,1,0,0.5,0.0
1467,static_rule,simple,B,0.95,1.0,711.7191886482414,0.1,1,0,0.52,0.0
1468,static_rule,simple,B,0.95,1.0,903.274132685595,0.1,1,0,0.52,0.0
1469,static_rule,hard,A,0.6649999999999999,0.8996953599999999,1537.433378960558,1.0,1,0,0.54,0.0
1470,static_rule,simple,B,0.95,1.0,717.43246881838,0.1,1,0,0.56,0.0
1471,static_rule,hard,A,0.6649999999999999,0.9967240867839999,1570.1865722075343,1.0,1,0,0.58,0.0
1472,static_rule,hard,A,0.6649999999999999,1.0,1962.8381065968028,1.0,0,0,0.56,0.0
1473,static_rule,simple,B,0.95,0.9814719999999999,635.3114903115626,0.1,1,0,0.58,0.0
1474,static_rule,hard,A,0.6649999999999999,1.0,1884.2482950760552,1.0,0,0,0.56,0.0
1475,static_rule,simple,B,0.95,1.0,627.1223876427371,0.1,0,0,0.56,0.0
1476,static_rule,simple,B,0.95,1.0,759.0059320102362,0.1,1,0,0.58,0.0
1477,static_rule,hard,A,0.6649999999999999,0.9814719999999999,1709.357114575679,1.0,0,0,0.56,0.0
1478,static_rule,hard,A,0.6649999999999999,1.0,1987.9577848296583,1.0,1,0,0.56,0.0
1479,static_rule,simple,B,0.95,0.9814719999999999,615.0098854541297,0.1,1,0,0.58,0.0
1480,static_rule,hard,A,0.6649999999999999,1.0,1759.6835177841494,1.0,0,0,0.56,0.0
1481,static_rule,hard,A,0.6649999999999999,1.0,1874.1003918982626,1.0,0,0,0.54,0.0
1482,static_rule,hard,A,0.6649999999999999,1.0,2331.5837689180903,1.0,0,0,0.52,0.0
1483,static_rule,hard,A,0.6649999999999999,1.0,1802.2802823918487,1.0,0,0,0.5,0.0
1484,static_rule,hard,A,0.6649999999999999,1.0,1997.4638818093388,1.0,0,0,0.48,0.0
1485,static_rule,hard,A,0.6649999999999999,1.0,1858.8289229153086,1.0,0,0,0.46,0.0
1486,static_rule,hard,A,0.6649999999999999,1.0,1764.5173156464432,1.0,1,0,0.48,0.0
1487,static_rule,hard,A,0.6649999999999999,1.0,1628.5642822880702,1.0,1,0,0.5,0.0
1488,static_rule,hard,A,0.6649999999999999,1.0,2189.6279652970916,1.0,0,0,0.5,0.0
1489,static_rule,hard,A,0.6649999999999999,1.0,1654.614476622525,1.0,0,0,0.48,0.0
1490,static_rule,simple,B,0.95,0.5405400007347919,387.46407414637633,0.1,1,0,0.5,0.0
1491,static_rule,hard,A,0.6649999999999999,1.0,1913.1601352683224,1.0,0,0,0.48,0.0
1492,static_rule,simple,B,0.95,0.7185941765690229,522.6174518876227,0.1,1,0,0.5,0.0
1493,static_rule,hard,A,0.6649999999999999,1.0,1585.1123755583928,1.0,1,0,0.52,0.0
1494,static_rule,simple,B,0.95,0.8564793303350513,622.7390625804328,0.1,0,0,0.52,0.0
1495,static_rule,simple,B,0.95,1.0,613.122057041464,0.1,1,0,0.52,0.0
1496,static_rule,hard,A,0.6649999999999999,0.9814719999999999,1603.6729675344907,1.0,1,0,0.52,0.0
1497,static_rule,hard,A,0.6649999999999999,1.0,1705.2362699240305,1.0,0,0,0.5,0.0
1498,static_rule,hard,A,0.6649999999999999,1.0,1838.764736640408,1.0,1,0,0.52,0.0
1499,static_rule,simple,B,0.95,0.8996953599999999,576.1537562268845,0.1,0,0,0.52,0.0
