phase,task_id,node_id,subtask_count,acc,ok,cum_acc
cold_start,medical_qa_228,agent-openrouter-deepseek-v3-006,0,0,1,0.0
cold_start,medical_qa_51,agent-openrouter-deepseek-v3-007,0,1,1,0.5
cold_start,medical_qa_563,agent-openrouter-deepseek-v3-008,0,1,1,0.6666666666666666
cold_start,medical_qa_501,agent-openrouter-deepseek-v3-009,0,0,1,0.5
cold_start,medical_qa_457,agent-openrouter-deepseek-v3-010,0,0,1,0.4
cold_start,medical_qa_285,agent-openrouter-deepseek-v3-006,0,0,1,0.3333333333333333
cold_start,medical_qa_209,agent-openrouter-deepseek-v3-007,0,1,1,0.42857142857142855
cold_start,medical_qa_1116,agent-openrouter-deepseek-v3-008,0,1,1,0.5
cold_start,medical_qa_178,agent-openrouter-deepseek-v3-009,0,0,1,0.4444444444444444
cold_start,medical_qa_1209,agent-openrouter-deepseek-v3-010,0,0,1,0.4
cold_start,medical_qa_864,agent-openrouter-deepseek-v3-006,0,1,1,0.45454545454545453
cold_start,medical_qa_65,agent-openrouter-deepseek-v3-007,0,1,1,0.5
cold_start,medical_qa_61,agent-openrouter-deepseek-v3-008,0,1,1,0.5384615384615384
cold_start,medical_qa_191,agent-openrouter-deepseek-v3-009,0,1,1,0.5714285714285714
cold_start,medical_qa_447,agent-openrouter-deepseek-v3-010,0,0,1,0.5333333333333333
cold_start,medical_qa_476,agent-openrouter-deepseek-v3-006,0,1,1,0.5625
cold_start,medical_qa_1034,agent-openrouter-deepseek-v3-007,0,1,1,0.5882352941176471
cold_start,medical_qa_1232,agent-openrouter-deepseek-v3-008,0,0,1,0.5555555555555556
cold_start,medical_qa_54,agent-openrouter-deepseek-v3-009,0,1,1,0.5789473684210527
cold_start,medical_qa_1149,agent-openrouter-deepseek-v3-010,0,0,1,0.55
cold_start,medical_qa_407,agent-openrouter-deepseek-v3-006,0,1,1,0.5714285714285714
cold_start,medical_qa_1265,agent-openrouter-deepseek-v3-007,0,0,1,0.5454545454545454
cold_start,medical_qa_859,agent-openrouter-deepseek-v3-008,0,1,1,0.5652173913043478
cold_start,medical_qa_451,agent-openrouter-deepseek-v3-009,0,1,1,0.5833333333333334
cold_start,medical_qa_919,agent-openrouter-deepseek-v3-010,0,0,1,0.56
cold_start,medical_qa_1206,agent-openrouter-deepseek-v3-006,0,0,1,0.5384615384615384
cold_start,medical_qa_569,agent-openrouter-deepseek-v3-007,0,1,1,0.5555555555555556
cold_start,medical_qa_13,agent-openrouter-deepseek-v3-008,0,0,1,0.5357142857142857
cold_start,medical_qa_326,agent-openrouter-deepseek-v3-009,0,1,1,0.5517241379310345
cold_start,medical_qa_865,agent-openrouter-deepseek-v3-010,0,1,1,0.5666666666666667
cold_start,medical_qa_696,agent-openrouter-deepseek-v3-006,0,0,1,0.5483870967741935
cold_start,medical_qa_1246,agent-openrouter-deepseek-v3-007,0,1,1,0.5625
cold_start,medical_qa_318,agent-openrouter-deepseek-v3-008,0,1,1,0.5757575757575758
cold_start,medical_qa_440,agent-openrouter-deepseek-v3-009,0,1,1,0.5882352941176471
cold_start,medical_qa_689,agent-openrouter-deepseek-v3-010,0,0,1,0.5714285714285714
cold_start,medical_qa_1266,agent-openrouter-deepseek-v3-006,0,1,1,0.5833333333333334
cold_start,medical_qa_189,agent-openrouter-deepseek-v3-007,0,1,1,0.5945945945945946
cold_start,medical_qa_778,agent-openrouter-deepseek-v3-008,0,0,1,0.5789473684210527
cold_start,medical_qa_198,agent-openrouter-deepseek-v3-009,0,0,1,0.5641025641025641
cold_start,medical_qa_735,agent-openrouter-deepseek-v3-010,0,0,1,0.55
cold_start,medical_qa_704,agent-openrouter-deepseek-v3-006,0,0,1,0.5365853658536586
cold_start,medical_qa_541,agent-openrouter-deepseek-v3-007,0,0,1,0.5238095238095238
cold_start,medical_qa_88,agent-openrouter-deepseek-v3-008,0,1,1,0.5348837209302325
cold_start,medical_qa_940,agent-openrouter-deepseek-v3-009,0,1,1,0.5454545454545454
cold_start,medical_qa_1098,agent-openrouter-deepseek-v3-010,0,0,1,0.5333333333333333
cold_start,medical_qa_255,agent-openrouter-deepseek-v3-006,0,1,1,0.5434782608695652
cold_start,medical_qa_775,agent-openrouter-deepseek-v3-007,0,0,1,0.5319148936170213
cold_start,medical_qa_161,agent-openrouter-deepseek-v3-008,0,1,1,0.5416666666666666
cold_start,medical_qa_1130,agent-openrouter-deepseek-v3-009,0,1,1,0.5510204081632653
cold_start,medical_qa_600,agent-openrouter-deepseek-v3-010,0,0,1,0.54
cold_start,medical_qa_740,agent-openrouter-deepseek-v3-006,0,0,1,0.5294117647058824
cold_start,medical_qa_1182,agent-openrouter-deepseek-v3-007,0,0,1,0.5192307692307693
cold_start,medical_qa_393,agent-openrouter-deepseek-v3-008,0,0,1,0.5094339622641509
cold_start,medical_qa_142,agent-openrouter-deepseek-v3-009,0,1,1,0.5185185185185185
cold_start,medical_qa_93,agent-openrouter-deepseek-v3-010,0,1,1,0.5272727272727272
cold_start,medical_qa_466,agent-openrouter-deepseek-v3-006,0,1,1,0.5357142857142857
cold_start,medical_qa_592,agent-openrouter-deepseek-v3-007,0,0,1,0.5263157894736842
cold_start,medical_qa_163,agent-openrouter-deepseek-v3-008,0,0,1,0.5172413793103449
cold_start,medical_qa_1257,agent-openrouter-deepseek-v3-009,0,1,1,0.5254237288135594
cold_start,medical_qa_206,agent-openrouter-deepseek-v3-010,0,1,1,0.5333333333333333
cold_start,medical_qa_1235,agent-openrouter-deepseek-v3-006,0,1,1,0.5409836065573771
cold_start,medical_qa_1241,agent-openrouter-deepseek-v3-007,0,1,1,0.5483870967741935
cold_start,medical_qa_928,agent-openrouter-deepseek-v3-008,0,1,1,0.5555555555555556
cold_start,medical_qa_747,agent-openrouter-deepseek-v3-009,0,1,1,0.5625
cold_start,medical_qa_333,agent-openrouter-deepseek-v3-010,0,0,1,0.5538461538461539
cold_start,medical_qa_758,agent-openrouter-deepseek-v3-006,0,0,1,0.5454545454545454
cold_start,medical_qa_727,agent-openrouter-deepseek-v3-007,0,0,1,0.5373134328358209
cold_start,medical_qa_429,agent-openrouter-deepseek-v3-008,0,0,1,0.5294117647058824
cold_start,medical_qa_546,agent-openrouter-deepseek-v3-009,0,1,1,0.5362318840579711
cold_start,medical_qa_146,agent-openrouter-deepseek-v3-010,0,1,1,0.5428571428571428
cold_start,medical_qa_350,agent-openrouter-deepseek-v3-006,0,1,1,0.5492957746478874
cold_start,medical_qa_1093,agent-openrouter-deepseek-v3-007,0,0,1,0.5416666666666666
cold_start,medical_qa_1269,agent-openrouter-deepseek-v3-008,0,1,1,0.547945205479452
cold_start,medical_qa_334,agent-openrouter-deepseek-v3-009,0,0,1,0.5405405405405406
cold_start,medical_qa_946,agent-openrouter-deepseek-v3-010,0,0,1,0.5333333333333333
cold_start,medical_qa_777,agent-openrouter-deepseek-v3-006,0,1,1,0.5394736842105263
cold_start,medical_qa_552,agent-openrouter-deepseek-v3-007,0,1,1,0.5454545454545454
cold_start,medical_qa_1140,agent-openrouter-deepseek-v3-008,0,0,1,0.5384615384615384
cold_start,medical_qa_449,agent-openrouter-deepseek-v3-009,0,1,1,0.5443037974683544
cold_start,medical_qa_664,agent-openrouter-deepseek-v3-010,0,0,1,0.5375
cold_start,medical_qa_114,agent-openrouter-deepseek-v3-006,0,0,1,0.5308641975308642
cold_start,medical_qa_469,agent-openrouter-deepseek-v3-007,0,1,1,0.5365853658536586
cold_start,medical_qa_1261,agent-openrouter-deepseek-v3-008,0,0,1,0.5301204819277109
cold_start,medical_qa_646,agent-openrouter-deepseek-v3-009,0,1,1,0.5357142857142857
cold_start,medical_qa_821,agent-openrouter-deepseek-v3-010,0,0,1,0.5294117647058824
cold_start,medical_qa_548,agent-openrouter-deepseek-v3-006,0,0,1,0.5232558139534884
cold_start,medical_qa_135,agent-openrouter-deepseek-v3-007,0,0,1,0.5172413793103449
cold_start,medical_qa_432,agent-openrouter-deepseek-v3-008,0,1,1,0.5227272727272727
cold_start,medical_qa_1161,agent-openrouter-deepseek-v3-009,0,0,1,0.5168539325842697
cold_start,medical_qa_644,agent-openrouter-deepseek-v3-010,0,1,1,0.5222222222222223
cold_start,medical_qa_435,agent-openrouter-deepseek-v3-006,0,1,1,0.5274725274725275
cold_start,medical_qa_1022,agent-openrouter-deepseek-v3-007,0,1,1,0.532608695652174
cold_start,medical_qa_810,agent-openrouter-deepseek-v3-008,0,1,1,0.5376344086021505
cold_start,medical_qa_939,agent-openrouter-deepseek-v3-009,0,1,1,0.5425531914893617
cold_start,medical_qa_292,agent-openrouter-deepseek-v3-010,0,0,1,0.5368421052631579
cold_start,medical_qa_542,agent-openrouter-deepseek-v3-006,0,1,1,0.5416666666666666
cold_start,medical_qa_1267,agent-openrouter-deepseek-v3-007,0,1,1,0.5463917525773195
cold_start,medical_qa_505,agent-openrouter-deepseek-v3-008,0,1,1,0.5510204081632653
cold_start,medical_qa_1253,agent-openrouter-deepseek-v3-009,0,1,1,0.5555555555555556
cold_start,medical_qa_1103,agent-openrouter-deepseek-v3-010,0,1,1,0.56
cold_start,medical_qa_538,agent-openrouter-deepseek-v3-006,0,1,1,0.5643564356435643
cold_start,medical_qa_877,agent-openrouter-deepseek-v3-007,0,1,1,0.5686274509803921
cold_start,medical_qa_817,agent-openrouter-deepseek-v3-008,0,0,1,0.5631067961165048
cold_start,medical_qa_741,agent-openrouter-deepseek-v3-009,0,1,1,0.5673076923076923
cold_start,medical_qa_1194,agent-openrouter-deepseek-v3-010,0,0,1,0.5619047619047619
cold_start,medical_qa_283,agent-openrouter-deepseek-v3-006,0,1,1,0.5660377358490566
cold_start,medical_qa_1043,agent-openrouter-deepseek-v3-007,0,1,1,0.5700934579439252
cold_start,medical_qa_1010,agent-openrouter-deepseek-v3-008,0,0,1,0.5648148148148148
cold_start,medical_qa_186,agent-openrouter-deepseek-v3-009,0,1,1,0.5688073394495413
cold_start,medical_qa_96,agent-openrouter-deepseek-v3-010,0,1,1,0.5727272727272728
cold_start,medical_qa_224,agent-openrouter-deepseek-v3-006,0,1,1,0.5765765765765766
cold_start,medical_qa_313,agent-openrouter-deepseek-v3-007,0,1,1,0.5803571428571429
cold_start,medical_qa_327,agent-openrouter-deepseek-v3-008,0,0,1,0.5752212389380531
cold_start,medical_qa_1262,agent-openrouter-deepseek-v3-009,0,1,1,0.5789473684210527
cold_start,medical_qa_130,agent-openrouter-deepseek-v3-010,0,1,1,0.5826086956521739
cold_start,medical_qa_788,agent-openrouter-deepseek-v3-006,0,0,1,0.5775862068965517
cold_start,medical_qa_781,agent-openrouter-deepseek-v3-007,0,1,1,0.5811965811965812
cold_start,medical_qa_958,agent-openrouter-deepseek-v3-008,0,0,1,0.576271186440678
cold_start,medical_qa_1083,agent-openrouter-deepseek-v3-009,0,1,1,0.5798319327731093
cold_start,medical_qa_514,agent-openrouter-deepseek-v3-010,0,1,1,0.5833333333333334
cold_start,medical_qa_1133,agent-openrouter-deepseek-v3-006,0,1,1,0.5867768595041323
cold_start,medical_qa_23,agent-openrouter-deepseek-v3-007,0,0,1,0.5819672131147541
cold_start,medical_qa_234,agent-openrouter-deepseek-v3-008,0,1,1,0.5853658536585366
cold_start,medical_qa_1099,agent-openrouter-deepseek-v3-009,0,1,1,0.5887096774193549
cold_start,medical_qa_1204,agent-openrouter-deepseek-v3-010,0,0,1,0.584
cold_start,medical_qa_1242,agent-openrouter-deepseek-v3-006,0,1,1,0.5873015873015873
cold_start,medical_qa_1272,agent-openrouter-deepseek-v3-007,0,1,1,0.5905511811023622
cold_start,medical_qa_601,agent-openrouter-deepseek-v3-008,0,1,1,0.59375
cold_start,medical_qa_890,agent-openrouter-deepseek-v3-009,0,1,1,0.5968992248062015
cold_start,medical_qa_323,agent-openrouter-deepseek-v3-010,0,0,1,0.5923076923076923
cold_start,medical_qa_929,agent-openrouter-deepseek-v3-006,0,0,1,0.5877862595419847
cold_start,medical_qa_6,agent-openrouter-deepseek-v3-007,0,0,1,0.5833333333333334
cold_start,medical_qa_539,agent-openrouter-deepseek-v3-008,0,0,1,0.5789473684210527
cold_start,medical_qa_1025,agent-openrouter-deepseek-v3-009,0,0,1,0.5746268656716418
cold_start,medical_qa_365,agent-openrouter-deepseek-v3-010,0,0,1,0.5703703703703704
cold_start,medical_qa_1039,agent-openrouter-deepseek-v3-006,0,1,1,0.5735294117647058
cold_start,medical_qa_217,agent-openrouter-deepseek-v3-007,0,0,1,0.5693430656934306
cold_start,medical_qa_611,agent-openrouter-deepseek-v3-008,0,0,1,0.5652173913043478
cold_start,medical_qa_1137,agent-openrouter-deepseek-v3-009,0,1,1,0.5683453237410072
cold_start,medical_qa_1252,agent-openrouter-deepseek-v3-010,0,1,1,0.5714285714285714
cold_start,medical_qa_1184,agent-openrouter-deepseek-v3-006,0,0,1,0.5673758865248227
cold_start,medical_qa_765,agent-openrouter-deepseek-v3-007,0,1,1,0.5704225352112676
cold_start,medical_qa_330,agent-openrouter-deepseek-v3-008,0,0,1,0.5664335664335665
cold_start,medical_qa_1104,agent-openrouter-deepseek-v3-009,0,0,1,0.5625
cold_start,medical_qa_1086,agent-openrouter-deepseek-v3-010,0,0,1,0.5586206896551724
cold_start,medical_qa_1,agent-openrouter-deepseek-v3-006,0,0,1,0.5547945205479452
cold_start,medical_qa_663,agent-openrouter-deepseek-v3-007,0,1,1,0.5578231292517006
cold_start,medical_qa_1000,agent-openrouter-deepseek-v3-008,0,1,1,0.5608108108108109
cold_start,medical_qa_39,agent-openrouter-deepseek-v3-009,0,0,1,0.5570469798657718
cold_start,medical_qa_229,agent-openrouter-deepseek-v3-010,0,1,1,0.56
cold_start,medical_qa_743,agent-openrouter-deepseek-v3-006,0,1,1,0.5629139072847682
cold_start,medical_qa_629,agent-openrouter-deepseek-v3-007,0,0,1,0.5592105263157895
cold_start,medical_qa_490,agent-openrouter-deepseek-v3-008,0,1,1,0.5620915032679739
cold_start,medical_qa_118,agent-openrouter-deepseek-v3-009,0,1,1,0.564935064935065
cold_start,medical_qa_493,agent-openrouter-deepseek-v3-010,0,0,1,0.5612903225806452
cold_start,medical_qa_1225,agent-openrouter-deepseek-v3-006,0,0,1,0.5576923076923077
cold_start,medical_qa_175,agent-openrouter-deepseek-v3-007,0,1,1,0.5605095541401274
cold_start,medical_qa_995,agent-openrouter-deepseek-v3-008,0,1,1,0.5632911392405063
cold_start,medical_qa_141,agent-openrouter-deepseek-v3-009,0,0,1,0.559748427672956
cold_start,medical_qa_1090,agent-openrouter-deepseek-v3-010,0,1,1,0.5625
cold_start,medical_qa_257,agent-openrouter-deepseek-v3-006,0,1,1,0.5652173913043478
cold_start,medical_qa_262,agent-openrouter-deepseek-v3-007,0,0,1,0.5617283950617284
cold_start,medical_qa_973,agent-openrouter-deepseek-v3-008,0,0,1,0.558282208588957
cold_start,medical_qa_338,agent-openrouter-deepseek-v3-009,0,1,1,0.5609756097560976
cold_start,medical_qa_1177,agent-openrouter-deepseek-v3-010,0,1,1,0.5636363636363636
cold_start,medical_qa_1080,agent-openrouter-deepseek-v3-006,0,0,1,0.5602409638554217
cold_start,medical_qa_866,agent-openrouter-deepseek-v3-007,0,0,1,0.5568862275449101
cold_start,medical_qa_433,agent-openrouter-deepseek-v3-008,0,1,1,0.5595238095238095
cold_start,medical_qa_1129,agent-openrouter-deepseek-v3-009,0,0,1,0.5562130177514792
cold_start,medical_qa_411,agent-openrouter-deepseek-v3-010,0,1,1,0.5588235294117647
cold_start,medical_qa_638,agent-openrouter-deepseek-v3-006,0,0,1,0.5555555555555556
cold_start,medical_qa_1170,agent-openrouter-deepseek-v3-007,0,1,1,0.5581395348837209
cold_start,medical_qa_764,agent-openrouter-deepseek-v3-008,0,0,1,0.5549132947976878
cold_start,medical_qa_897,agent-openrouter-deepseek-v3-009,0,0,1,0.5517241379310345
cold_start,medical_qa_1059,agent-openrouter-deepseek-v3-010,0,1,1,0.5542857142857143
cold_start,medical_qa_924,agent-openrouter-deepseek-v3-006,0,1,1,0.5568181818181818
cold_start,medical_qa_247,agent-openrouter-deepseek-v3-007,0,1,1,0.559322033898305
cold_start,medical_qa_507,agent-openrouter-deepseek-v3-008,0,0,1,0.5561797752808989
cold_start,medical_qa_460,agent-openrouter-deepseek-v3-009,0,0,1,0.553072625698324
cold_start,medical_qa_131,agent-openrouter-deepseek-v3-010,0,1,1,0.5555555555555556
cold_start,medical_qa_692,agent-openrouter-deepseek-v3-006,0,0,1,0.5524861878453039
cold_start,medical_qa_43,agent-openrouter-deepseek-v3-007,0,0,1,0.5494505494505495
cold_start,medical_qa_471,agent-openrouter-deepseek-v3-008,0,0,1,0.546448087431694
cold_start,medical_qa_1249,agent-openrouter-deepseek-v3-009,0,1,1,0.5489130434782609
cold_start,medical_qa_14,agent-openrouter-deepseek-v3-010,0,0,1,0.5459459459459459
cold_start,medical_qa_145,agent-openrouter-deepseek-v3-006,0,0,1,0.543010752688172
cold_start,medical_qa_120,agent-openrouter-deepseek-v3-007,0,0,1,0.5401069518716578
cold_start,medical_qa_468,agent-openrouter-deepseek-v3-008,0,1,1,0.5425531914893617
cold_start,medical_qa_138,agent-openrouter-deepseek-v3-009,0,1,1,0.544973544973545
cold_start,medical_qa_64,agent-openrouter-deepseek-v3-010,0,0,1,0.5421052631578948
cold_start,medical_qa_676,agent-openrouter-deepseek-v3-006,0,0,1,0.5392670157068062
cold_start,medical_qa_1087,agent-openrouter-deepseek-v3-007,0,1,1,0.5416666666666666
cold_start,medical_qa_1052,agent-openrouter-deepseek-v3-008,0,1,1,0.5440414507772021
cold_start,medical_qa_487,agent-openrouter-deepseek-v3-009,0,0,1,0.5412371134020618
cold_start,medical_qa_570,agent-openrouter-deepseek-v3-010,0,0,1,0.5384615384615384
cold_start,medical_qa_994,agent-openrouter-deepseek-v3-006,0,1,1,0.5408163265306123
cold_start,medical_qa_438,agent-openrouter-deepseek-v3-007,0,0,1,0.5380710659898477
cold_start,medical_qa_270,agent-openrouter-deepseek-v3-008,0,1,1,0.5404040404040404
cold_start,medical_qa_968,agent-openrouter-deepseek-v3-009,0,1,1,0.542713567839196
cold_start,medical_qa_497,agent-openrouter-deepseek-v3-010,0,0,1,0.54
pretrain,medical_qa_1074,"agent-openrouter-deepseek-v3-009,agent-openrouter-deepseek-v3-008,agent-openrouter-deepseek-v3-007,agent-openrouter-deepseek-v3-008,agent-openrouter-deepseek-v3-008,agent-openrouter-deepseek-v3-009,agent-openrouter-deepseek-v3-008",7,1,1,1.0
pretrain,medical_qa_833,"agent-openrouter-deepseek-v3-007,agent-openrouter-deepseek-v3-008,agent-openrouter-deepseek-v3-009,agent-openrouter-deepseek-v3-008,agent-openrouter-deepseek-v3-008,agent-openrouter-deepseek-v3-007,agent-openrouter-deepseek-v3-008",7,1,1,1.0
pretrain,medical_qa_389,"agent-openrouter-deepseek-v3-009,agent-openrouter-deepseek-v3-008,agent-openrouter-deepseek-v3-007,agent-openrouter-deepseek-v3-009,agent-openrouter-deepseek-v3-008",5,0,1,0.6666666666666666
pretrain,medical_qa_193,"agent-openrouter-deepseek-v3-008,agent-openrouter-deepseek-v3-007,agent-openrouter-deepseek-v3-009,agent-openrouter-deepseek-v3-009,agent-openrouter-deepseek-v3-009,agent-openrouter-deepseek-v3-009,agent-openrouter-deepseek-v3-009",7,1,1,0.75
pretrain,medical_qa_1234,"agent-openrouter-deepseek-v3-007,agent-openrouter-deepseek-v3-009,agent-openrouter-deepseek-v3-008,agent-openrouter-deepseek-v3-008",4,1,1,0.8
pretrain,medical_qa_882,"agent-openrouter-deepseek-v3-007,agent-openrouter-deepseek-v3-008,agent-openrouter-deepseek-v3-009,agent-openrouter-deepseek-v3-007,agent-openrouter-deepseek-v3-007,agent-openrouter-deepseek-v3-007,agent-openrouter-deepseek-v3-008",7,0,1,0.6666666666666666
pretrain,medical_qa_725,"agent-openrouter-deepseek-v3-007,agent-openrouter-deepseek-v3-009,agent-openrouter-deepseek-v3-008,agent-openrouter-deepseek-v3-009,agent-openrouter-deepseek-v3-008,agent-openrouter-deepseek-v3-008",6,1,1,0.7142857142857143
pretrain,medical_qa_867,"agent-openrouter-deepseek-v3-007,agent-openrouter-deepseek-v3-009,agent-openrouter-deepseek-v3-008,agent-openrouter-deepseek-v3-007,agent-openrouter-deepseek-v3-007,agent-openrouter-deepseek-v3-008",6,0,1,0.625
pretrain,medical_qa_841,"agent-openrouter-deepseek-v3-007,agent-openrouter-deepseek-v3-009,agent-openrouter-deepseek-v3-008,agent-openrouter-deepseek-v3-007,agent-openrouter-deepseek-v3-007",5,1,1,0.6666666666666666
pretrain,medical_qa_956,"agent-openrouter-deepseek-v3-008,agent-openrouter-deepseek-v3-010,agent-openrouter-deepseek-v3-009,agent-openrouter-deepseek-v3-008",4,1,1,0.7
pretrain,medical_qa_110,"agent-openrouter-deepseek-v3-007,agent-openrouter-deepseek-v3-009,agent-openrouter-deepseek-v3-008,agent-openrouter-deepseek-v3-009",4,1,1,0.7272727272727273
pretrain,medical_qa_201,"agent-openrouter-deepseek-v3-009,agent-openrouter-deepseek-v3-008,agent-openrouter-deepseek-v3-007,agent-openrouter-deepseek-v3-008,agent-openrouter-deepseek-v3-008,agent-openrouter-deepseek-v3-008",6,1,1,0.75
pretrain,medical_qa_124,"agent-openrouter-deepseek-v3-009,agent-openrouter-deepseek-v3-008,agent-openrouter-deepseek-v3-007,agent-openrouter-deepseek-v3-009,agent-openrouter-deepseek-v3-009,agent-openrouter-deepseek-v3-008",6,1,1,0.7692307692307693
pretrain,medical_qa_824,"agent-openrouter-deepseek-v3-007,agent-openrouter-deepseek-v3-009,agent-openrouter-deepseek-v3-008,agent-openrouter-deepseek-v3-007,agent-openrouter-deepseek-v3-008",5,1,1,0.7857142857142857
pretrain,medical_qa_694,"agent-openrouter-deepseek-v3-009,agent-openrouter-deepseek-v3-008,agent-openrouter-deepseek-v3-007,agent-openrouter-deepseek-v3-009,agent-openrouter-deepseek-v3-008",5,1,1,0.8
pretrain,medical_qa_223,"agent-openrouter-deepseek-v3-007,agent-openrouter-deepseek-v3-009,agent-openrouter-deepseek-v3-008,agent-openrouter-deepseek-v3-007,agent-openrouter-deepseek-v3-007,agent-openrouter-deepseek-v3-007,agent-openrouter-deepseek-v3-008",7,1,1,0.8125
pretrain,medical_qa_509,"agent-openrouter-deepseek-v3-008,agent-openrouter-deepseek-v3-007,agent-openrouter-deepseek-v3-009,agent-openrouter-deepseek-v3-008,agent-openrouter-deepseek-v3-008,agent-openrouter-deepseek-v3-008",6,1,1,0.8235294117647058
pretrain,medical_qa_392,"agent-openrouter-deepseek-v3-009,agent-openrouter-deepseek-v3-007,agent-openrouter-deepseek-v3-008,agent-openrouter-deepseek-v3-009,agent-openrouter-deepseek-v3-009,agent-openrouter-deepseek-v3-008",6,1,1,0.8333333333333334
pretrain,medical_qa_1070,"agent-openrouter-deepseek-v3-008,agent-openrouter-deepseek-v3-009,agent-openrouter-deepseek-v3-007,agent-openrouter-deepseek-v3-008,agent-openrouter-deepseek-v3-008,agent-openrouter-deepseek-v3-008",6,1,1,0.8421052631578947
pretrain,medical_qa_918,"agent-openrouter-deepseek-v3-007,agent-openrouter-deepseek-v3-009,agent-openrouter-deepseek-v3-008,agent-openrouter-deepseek-v3-007,agent-openrouter-deepseek-v3-007,agent-openrouter-deepseek-v3-007,agent-openrouter-deepseek-v3-008",7,1,1,0.85
pretrain,medical_qa_287,"agent-openrouter-deepseek-v3-008,agent-openrouter-deepseek-v3-009,agent-openrouter-deepseek-v3-007,agent-openrouter-deepseek-v3-008,agent-openrouter-deepseek-v3-008,agent-openrouter-deepseek-v3-008,agent-openrouter-deepseek-v3-009",7,1,1,0.8571428571428571
pretrain,medical_qa_1159,"agent-openrouter-deepseek-v3-009,agent-openrouter-deepseek-v3-008,agent-openrouter-deepseek-v3-007,agent-openrouter-deepseek-v3-009,agent-openrouter-deepseek-v3-008",5,1,1,0.8636363636363636
pretrain,medical_qa_375,"agent-openrouter-deepseek-v3-007,agent-openrouter-deepseek-v3-008,agent-openrouter-deepseek-v3-009,agent-openrouter-deepseek-v3-008,agent-openrouter-deepseek-v3-008",5,1,1,0.8695652173913043
pretrain,medical_qa_1078,"agent-openrouter-deepseek-v3-010,agent-openrouter-deepseek-v3-007,agent-openrouter-deepseek-v3-006,agent-openrouter-deepseek-v3-010,agent-openrouter-deepseek-v3-007,agent-openrouter-deepseek-v3-008",6,0,1,0.8333333333333334
pretrain,medical_qa_947,"agent-openrouter-deepseek-v3-008,agent-openrouter-deepseek-v3-009,agent-openrouter-deepseek-v3-007,agent-openrouter-deepseek-v3-008,agent-openrouter-deepseek-v3-008",5,1,1,0.84
pretrain,medical_qa_511,"agent-openrouter-deepseek-v3-008,agent-openrouter-deepseek-v3-009,agent-openrouter-deepseek-v3-006,agent-openrouter-deepseek-v3-008,agent-openrouter-deepseek-v3-008,agent-openrouter-deepseek-v3-008,agent-openrouter-deepseek-v3-008",7,1,1,0.8461538461538461
pretrain,medical_qa_154,"agent-openrouter-deepseek-v3-009,agent-openrouter-deepseek-v3-008,agent-openrouter-deepseek-v3-007,agent-openrouter-deepseek-v3-009,agent-openrouter-deepseek-v3-008",5,1,1,0.8518518518518519
pretrain,medical_qa_907,"agent-openrouter-deepseek-v3-008,agent-openrouter-deepseek-v3-006,agent-openrouter-deepseek-v3-009,agent-openrouter-deepseek-v3-008,agent-openrouter-deepseek-v3-008,agent-openrouter-deepseek-v3-008,agent-openrouter-deepseek-v3-008",7,1,1,0.8571428571428571
pretrain,medical_qa_200,"agent-openrouter-deepseek-v3-008,agent-openrouter-deepseek-v3-009,agent-openrouter-deepseek-v3-007,agent-openrouter-deepseek-v3-008,agent-openrouter-deepseek-v3-008",5,1,1,0.8620689655172413
pretrain,medical_qa_103,"agent-openrouter-deepseek-v3-008,agent-openrouter-deepseek-v3-009,agent-openrouter-deepseek-v3-007,agent-openrouter-deepseek-v3-008,agent-openrouter-deepseek-v3-008",5,1,1,0.8666666666666667
pretrain,medical_qa_30,"agent-openrouter-deepseek-v3-007,agent-openrouter-deepseek-v3-008,agent-openrouter-deepseek-v3-009,agent-openrouter-deepseek-v3-007,agent-openrouter-deepseek-v3-008",5,1,1,0.8709677419354839
pretrain,medical_qa_1259,"agent-openrouter-deepseek-v3-006,agent-openrouter-deepseek-v3-009,agent-openrouter-deepseek-v3-008,agent-openrouter-deepseek-v3-009,agent-openrouter-deepseek-v3-008",5,1,1,0.875
pretrain,medical_qa_484,"agent-openrouter-deepseek-v3-009,agent-openrouter-deepseek-v3-007,agent-openrouter-deepseek-v3-008,agent-openrouter-deepseek-v3-008",4,1,1,0.8787878787878788
pretrain,medical_qa_340,"agent-openrouter-deepseek-v3-008,agent-openrouter-deepseek-v3-009,agent-openrouter-deepseek-v3-007,agent-openrouter-deepseek-v3-008,agent-openrouter-deepseek-v3-008,agent-openrouter-deepseek-v3-008",6,0,1,0.8529411764705882
pretrain,medical_qa_832,"agent-openrouter-deepseek-v3-010,agent-openrouter-deepseek-v3-009,agent-openrouter-deepseek-v3-007,agent-openrouter-deepseek-v3-009,agent-openrouter-deepseek-v3-009,agent-openrouter-deepseek-v3-008",6,1,1,0.8571428571428571
pretrain,medical_qa_1077,"agent-openrouter-deepseek-v3-007,agent-openrouter-deepseek-v3-009,agent-openrouter-deepseek-v3-008,agent-openrouter-deepseek-v3-007,agent-openrouter-deepseek-v3-008",5,0,1,0.8333333333333334
pretrain,medical_qa_985,"agent-openrouter-deepseek-v3-007,agent-openrouter-deepseek-v3-009,agent-openrouter-deepseek-v3-008,agent-openrouter-deepseek-v3-007,agent-openrouter-deepseek-v3-008",5,1,1,0.8378378378378378
pretrain,medical_qa_437,"agent-openrouter-deepseek-v3-008,agent-openrouter-deepseek-v3-007,agent-openrouter-deepseek-v3-009,agent-openrouter-deepseek-v3-008,agent-openrouter-deepseek-v3-008",5,1,1,0.8421052631578947
pretrain,medical_qa_1188,"agent-openrouter-deepseek-v3-008,agent-openrouter-deepseek-v3-007,agent-openrouter-deepseek-v3-009,agent-openrouter-deepseek-v3-008,agent-openrouter-deepseek-v3-008",5,1,1,0.8461538461538461
pretrain,medical_qa_1128,"agent-openrouter-deepseek-v3-007,agent-openrouter-deepseek-v3-009,agent-openrouter-deepseek-v3-008,agent-openrouter-deepseek-v3-007,agent-openrouter-deepseek-v3-008",5,0,1,0.825
pretrain,medical_qa_337,"agent-openrouter-deepseek-v3-010,agent-openrouter-deepseek-v3-007,agent-openrouter-deepseek-v3-008,agent-openrouter-deepseek-v3-010,agent-openrouter-deepseek-v3-010",5,0,1,0.8048780487804879
pretrain,medical_qa_776,"agent-openrouter-deepseek-v3-009,agent-openrouter-deepseek-v3-008,agent-openrouter-deepseek-v3-007,agent-openrouter-deepseek-v3-009,agent-openrouter-deepseek-v3-008,agent-openrouter-deepseek-v3-008,agent-openrouter-deepseek-v3-008",7,1,1,0.8095238095238095
pretrain,medical_qa_4,"agent-openrouter-deepseek-v3-007,agent-openrouter-deepseek-v3-009,agent-openrouter-deepseek-v3-008,agent-openrouter-deepseek-v3-007,agent-openrouter-deepseek-v3-007,agent-openrouter-deepseek-v3-007,agent-openrouter-deepseek-v3-008",7,1,1,0.813953488372093
pretrain,medical_qa_799,"agent-openrouter-deepseek-v3-006,agent-openrouter-deepseek-v3-008,agent-openrouter-deepseek-v3-009,agent-openrouter-deepseek-v3-006,agent-openrouter-deepseek-v3-008",5,1,1,0.8181818181818182
pretrain,medical_qa_543,"agent-openrouter-deepseek-v3-006,agent-openrouter-deepseek-v3-008,agent-openrouter-deepseek-v3-009,agent-openrouter-deepseek-v3-008",4,1,1,0.8222222222222222
pretrain,medical_qa_931,"agent-openrouter-deepseek-v3-009,agent-openrouter-deepseek-v3-008,agent-openrouter-deepseek-v3-007,agent-openrouter-deepseek-v3-008,agent-openrouter-deepseek-v3-009,agent-openrouter-deepseek-v3-008",6,0,1,0.8043478260869565
pretrain,medical_qa_584,"agent-openrouter-deepseek-v3-006,agent-openrouter-deepseek-v3-008,agent-openrouter-deepseek-v3-009,agent-openrouter-deepseek-v3-006,agent-openrouter-deepseek-v3-007,agent-openrouter-deepseek-v3-006,agent-openrouter-deepseek-v3-008",7,1,1,0.8085106382978723
pretrain,medical_qa_1106,"agent-openrouter-deepseek-v3-010,agent-openrouter-deepseek-v3-008,agent-openrouter-deepseek-v3-007,agent-openrouter-deepseek-v3-008,agent-openrouter-deepseek-v3-010,agent-openrouter-deepseek-v3-008",6,1,1,0.8125
pretrain,medical_qa_996,"agent-openrouter-deepseek-v3-008,agent-openrouter-deepseek-v3-009,agent-openrouter-deepseek-v3-007,agent-openrouter-deepseek-v3-008",4,1,1,0.8163265306122449
pretrain,medical_qa_317,"agent-openrouter-deepseek-v3-008,agent-openrouter-deepseek-v3-010,agent-openrouter-deepseek-v3-009,agent-openrouter-deepseek-v3-008,agent-openrouter-deepseek-v3-008,agent-openrouter-deepseek-v3-008,agent-openrouter-deepseek-v3-008",7,1,1,0.82
pretrain,medical_qa_194,"agent-openrouter-deepseek-v3-008,agent-openrouter-deepseek-v3-009,agent-openrouter-deepseek-v3-007,agent-openrouter-deepseek-v3-008,agent-openrouter-deepseek-v3-008,agent-openrouter-deepseek-v3-008",6,1,1,0.8235294117647058
pretrain,medical_qa_303,"agent-openrouter-deepseek-v3-009,agent-openrouter-deepseek-v3-007,agent-openrouter-deepseek-v3-008,agent-openrouter-deepseek-v3-008,agent-openrouter-deepseek-v3-009,agent-openrouter-deepseek-v3-008",6,0,1,0.8076923076923077
pretrain,medical_qa_222,"agent-openrouter-deepseek-v3-009,agent-openrouter-deepseek-v3-008,agent-openrouter-deepseek-v3-007,agent-openrouter-deepseek-v3-008,agent-openrouter-deepseek-v3-008,agent-openrouter-deepseek-v3-009,agent-openrouter-deepseek-v3-008",7,0,1,0.7924528301886793
pretrain,medical_qa_991,"agent-openrouter-deepseek-v3-009,agent-openrouter-deepseek-v3-008,agent-openrouter-deepseek-v3-007,agent-openrouter-deepseek-v3-008,agent-openrouter-deepseek-v3-008,agent-openrouter-deepseek-v3-008,agent-openrouter-deepseek-v3-008",7,1,1,0.7962962962962963
pretrain,medical_qa_59,"agent-openrouter-deepseek-v3-008,agent-openrouter-deepseek-v3-007,agent-openrouter-deepseek-v3-009,agent-openrouter-deepseek-v3-008,agent-openrouter-deepseek-v3-008",5,0,1,0.7818181818181819
pretrain,medical_qa_593,"agent-openrouter-deepseek-v3-009,agent-openrouter-deepseek-v3-008,agent-openrouter-deepseek-v3-007,agent-openrouter-deepseek-v3-009,agent-openrouter-deepseek-v3-008",5,1,1,0.7857142857142857
pretrain,medical_qa_753,"agent-openrouter-deepseek-v3-009,agent-openrouter-deepseek-v3-007,agent-openrouter-deepseek-v3-008,agent-openrouter-deepseek-v3-009,agent-openrouter-deepseek-v3-008",5,1,1,0.7894736842105263
pretrain,medical_qa_555,"agent-openrouter-deepseek-v3-009,agent-openrouter-deepseek-v3-006,agent-openrouter-deepseek-v3-007,agent-openrouter-deepseek-v3-006,agent-openrouter-deepseek-v3-008",5,1,1,0.7931034482758621
pretrain,medical_qa_62,"agent-openrouter-deepseek-v3-008,agent-openrouter-deepseek-v3-007,agent-openrouter-deepseek-v3-009,agent-openrouter-deepseek-v3-008,agent-openrouter-deepseek-v3-008",5,1,1,0.7966101694915254
pretrain,medical_qa_1131,"agent-openrouter-deepseek-v3-008,agent-openrouter-deepseek-v3-009,agent-openrouter-deepseek-v3-007,agent-openrouter-deepseek-v3-008,agent-openrouter-deepseek-v3-008,agent-openrouter-deepseek-v3-008",6,1,1,0.8
pretrain,medical_qa_321,"agent-openrouter-deepseek-v3-006,agent-openrouter-deepseek-v3-008,agent-openrouter-deepseek-v3-009,agent-openrouter-deepseek-v3-008,agent-openrouter-deepseek-v3-008",5,1,1,0.8032786885245902
pretrain,medical_qa_58,"agent-openrouter-deepseek-v3-007,agent-openrouter-deepseek-v3-008,agent-openrouter-deepseek-v3-009,agent-openrouter-deepseek-v3-008,agent-openrouter-deepseek-v3-008",5,1,1,0.8064516129032258
pretrain,medical_qa_1271,"agent-openrouter-deepseek-v3-008,agent-openrouter-deepseek-v3-010,agent-openrouter-deepseek-v3-007,agent-openrouter-deepseek-v3-008,agent-openrouter-deepseek-v3-008,agent-openrouter-deepseek-v3-008,agent-openrouter-deepseek-v3-008",7,1,1,0.8095238095238095
pretrain,medical_qa_598,"agent-openrouter-deepseek-v3-008,agent-openrouter-deepseek-v3-007,agent-openrouter-deepseek-v3-009,agent-openrouter-deepseek-v3-008,agent-openrouter-deepseek-v3-008",5,1,1,0.8125
pretrain,medical_qa_488,"agent-openrouter-deepseek-v3-010,agent-openrouter-deepseek-v3-009,agent-openrouter-deepseek-v3-008,agent-openrouter-deepseek-v3-010,agent-openrouter-deepseek-v3-008",5,1,1,0.8153846153846154
pretrain,medical_qa_1153,"agent-openrouter-deepseek-v3-008,agent-openrouter-deepseek-v3-009,agent-openrouter-deepseek-v3-007,agent-openrouter-deepseek-v3-008,agent-openrouter-deepseek-v3-007,agent-openrouter-deepseek-v3-008",6,1,1,0.8181818181818182
pretrain,medical_qa_941,"agent-openrouter-deepseek-v3-007,agent-openrouter-deepseek-v3-009,agent-openrouter-deepseek-v3-008,agent-openrouter-deepseek-v3-007,agent-openrouter-deepseek-v3-008",5,1,1,0.8208955223880597
pretrain,medical_qa_873,"agent-openrouter-deepseek-v3-009,agent-openrouter-deepseek-v3-007,agent-openrouter-deepseek-v3-008,agent-openrouter-deepseek-v3-009,agent-openrouter-deepseek-v3-009,agent-openrouter-deepseek-v3-009,agent-openrouter-deepseek-v3-009",7,1,1,0.8235294117647058
pretrain,medical_qa_1028,"agent-openrouter-deepseek-v3-008,agent-openrouter-deepseek-v3-007,agent-openrouter-deepseek-v3-009,agent-openrouter-deepseek-v3-009,agent-openrouter-deepseek-v3-008",5,1,1,0.8260869565217391
pretrain,medical_qa_1117,"agent-openrouter-deepseek-v3-010,agent-openrouter-deepseek-v3-007,agent-openrouter-deepseek-v3-009,agent-openrouter-deepseek-v3-007,agent-openrouter-deepseek-v3-008",5,0,1,0.8142857142857143
pretrain,medical_qa_1011,"agent-openrouter-deepseek-v3-008,agent-openrouter-deepseek-v3-006,agent-openrouter-deepseek-v3-007,agent-openrouter-deepseek-v3-008,agent-openrouter-deepseek-v3-008",5,1,1,0.8169014084507042
pretrain,medical_qa_983,"agent-openrouter-deepseek-v3-007,agent-openrouter-deepseek-v3-009,agent-openrouter-deepseek-v3-008,agent-openrouter-deepseek-v3-007,agent-openrouter-deepseek-v3-007,agent-openrouter-deepseek-v3-008",6,1,1,0.8194444444444444
pretrain,medical_qa_520,"agent-openrouter-deepseek-v3-009,agent-openrouter-deepseek-v3-007,agent-openrouter-deepseek-v3-008,agent-openrouter-deepseek-v3-010,agent-openrouter-deepseek-v3-010,agent-openrouter-deepseek-v3-010,agent-openrouter-deepseek-v3-010",7,1,1,0.821917808219178
pretrain,medical_qa_82,"agent-openrouter-deepseek-v3-008,agent-openrouter-deepseek-v3-009,agent-openrouter-deepseek-v3-007,agent-openrouter-deepseek-v3-008,agent-openrouter-deepseek-v3-008,agent-openrouter-deepseek-v3-008,agent-openrouter-deepseek-v3-008",7,1,1,0.8243243243243243
pretrain,medical_qa_871,"agent-openrouter-deepseek-v3-007,agent-openrouter-deepseek-v3-008,agent-openrouter-deepseek-v3-009,agent-openrouter-deepseek-v3-008",4,1,1,0.8266666666666667
pretrain,medical_qa_190,"agent-openrouter-deepseek-v3-007,agent-openrouter-deepseek-v3-008,agent-openrouter-deepseek-v3-010,agent-openrouter-deepseek-v3-008,agent-openrouter-deepseek-v3-008,agent-openrouter-deepseek-v3-008",6,1,1,0.8289473684210527
pretrain,medical_qa_70,"agent-openrouter-deepseek-v3-007,agent-openrouter-deepseek-v3-008,agent-openrouter-deepseek-v3-009,agent-openrouter-deepseek-v3-007,agent-openrouter-deepseek-v3-008,agent-openrouter-deepseek-v3-008",6,1,1,0.8311688311688312
pretrain,medical_qa_609,"agent-openrouter-deepseek-v3-008,agent-openrouter-deepseek-v3-007,agent-openrouter-deepseek-v3-009,agent-openrouter-deepseek-v3-008,agent-openrouter-deepseek-v3-008",5,1,1,0.8333333333333334
pretrain,medical_qa_69,"agent-openrouter-deepseek-v3-006,agent-openrouter-deepseek-v3-008,agent-openrouter-deepseek-v3-009,agent-openrouter-deepseek-v3-006,agent-openrouter-deepseek-v3-008,agent-openrouter-deepseek-v3-008",6,0,1,0.8227848101265823
pretrain,medical_qa_691,"agent-openrouter-deepseek-v3-009,agent-openrouter-deepseek-v3-008,agent-openrouter-deepseek-v3-007,agent-openrouter-deepseek-v3-009,agent-openrouter-deepseek-v3-006,agent-openrouter-deepseek-v3-008",6,1,1,0.825
pretrain,medical_qa_1067,"agent-openrouter-deepseek-v3-008,agent-openrouter-deepseek-v3-009,agent-openrouter-deepseek-v3-007,agent-openrouter-deepseek-v3-008,agent-openrouter-deepseek-v3-008,agent-openrouter-deepseek-v3-008",6,1,1,0.8271604938271605
pretrain,medical_qa_240,"agent-openrouter-deepseek-v3-008,agent-openrouter-deepseek-v3-009,agent-openrouter-deepseek-v3-007,agent-openrouter-deepseek-v3-008,agent-openrouter-deepseek-v3-008,agent-openrouter-deepseek-v3-008",6,1,1,0.8292682926829268
pretrain,medical_qa_413,"agent-openrouter-deepseek-v3-007,agent-openrouter-deepseek-v3-009,agent-openrouter-deepseek-v3-008,agent-openrouter-deepseek-v3-007,agent-openrouter-deepseek-v3-008",5,1,1,0.8313253012048193
pretrain,medical_qa_122,"agent-openrouter-deepseek-v3-009,agent-openrouter-deepseek-v3-007,agent-openrouter-deepseek-v3-008,agent-openrouter-deepseek-v3-009,agent-openrouter-deepseek-v3-009,agent-openrouter-deepseek-v3-009,agent-openrouter-deepseek-v3-008",7,1,1,0.8333333333333334
pretrain,medical_qa_964,"agent-openrouter-deepseek-v3-008,agent-openrouter-deepseek-v3-009,agent-openrouter-deepseek-v3-007,agent-openrouter-deepseek-v3-008,agent-openrouter-deepseek-v3-008,agent-openrouter-deepseek-v3-008",6,0,1,0.8235294117647058
pretrain,medical_qa_911,"agent-openrouter-deepseek-v3-010,agent-openrouter-deepseek-v3-007,agent-openrouter-deepseek-v3-009,agent-openrouter-deepseek-v3-010,agent-openrouter-deepseek-v3-009,agent-openrouter-deepseek-v3-008",6,0,1,0.813953488372093
pretrain,medical_qa_583,"agent-openrouter-deepseek-v3-007,agent-openrouter-deepseek-v3-008,agent-openrouter-deepseek-v3-009,agent-openrouter-deepseek-v3-009,agent-openrouter-deepseek-v3-008,agent-openrouter-deepseek-v3-008",6,1,1,0.8160919540229885
pretrain,medical_qa_252,"agent-openrouter-deepseek-v3-008,agent-openrouter-deepseek-v3-010,agent-openrouter-deepseek-v3-007,agent-openrouter-deepseek-v3-010,agent-openrouter-deepseek-v3-008",5,0,1,0.8068181818181818
pretrain,medical_qa_1216,"agent-openrouter-deepseek-v3-006,agent-openrouter-deepseek-v3-009,agent-openrouter-deepseek-v3-008,agent-openrouter-deepseek-v3-006,agent-openrouter-deepseek-v3-006,agent-openrouter-deepseek-v3-008",6,0,1,0.797752808988764
pretrain,medical_qa_608,"agent-openrouter-deepseek-v3-008,agent-openrouter-deepseek-v3-009,agent-openrouter-deepseek-v3-007,agent-openrouter-deepseek-v3-008,agent-openrouter-deepseek-v3-008,agent-openrouter-deepseek-v3-008",6,1,1,0.8
pretrain,medical_qa_40,"agent-openrouter-deepseek-v3-009,agent-openrouter-deepseek-v3-007,agent-openrouter-deepseek-v3-008,agent-openrouter-deepseek-v3-008,agent-openrouter-deepseek-v3-009,agent-openrouter-deepseek-v3-009,agent-openrouter-deepseek-v3-008",7,1,1,0.8021978021978022
pretrain,medical_qa_634,"agent-openrouter-deepseek-v3-009,agent-openrouter-deepseek-v3-007,agent-openrouter-deepseek-v3-008,agent-openrouter-deepseek-v3-006,agent-openrouter-deepseek-v3-009",5,0,1,0.7934782608695652
pretrain,medical_qa_83,"agent-openrouter-deepseek-v3-008,agent-openrouter-deepseek-v3-007,agent-openrouter-deepseek-v3-009,agent-openrouter-deepseek-v3-008,agent-openrouter-deepseek-v3-008,agent-openrouter-deepseek-v3-008",6,1,1,0.7956989247311828
pretrain,medical_qa_1205,"agent-openrouter-deepseek-v3-007,agent-openrouter-deepseek-v3-009,agent-openrouter-deepseek-v3-008,agent-openrouter-deepseek-v3-007,agent-openrouter-deepseek-v3-008",5,1,1,0.7978723404255319
pretrain,medical_qa_673,"agent-openrouter-deepseek-v3-007,agent-openrouter-deepseek-v3-008,agent-openrouter-deepseek-v3-009,agent-openrouter-deepseek-v3-008",4,0,1,0.7894736842105263
pretrain,medical_qa_597,"agent-openrouter-deepseek-v3-007,agent-openrouter-deepseek-v3-008,agent-openrouter-deepseek-v3-009,agent-openrouter-deepseek-v3-008,agent-openrouter-deepseek-v3-009,agent-openrouter-deepseek-v3-008,agent-openrouter-deepseek-v3-008",7,1,1,0.7916666666666666
pretrain,medical_qa_578,"agent-openrouter-deepseek-v3-008,agent-openrouter-deepseek-v3-007,agent-openrouter-deepseek-v3-010,agent-openrouter-deepseek-v3-008,agent-openrouter-deepseek-v3-008,agent-openrouter-deepseek-v3-008,agent-openrouter-deepseek-v3-008",7,1,1,0.7938144329896907
pretrain,medical_qa_535,"agent-openrouter-deepseek-v3-009,agent-openrouter-deepseek-v3-010,agent-openrouter-deepseek-v3-008,agent-openrouter-deepseek-v3-007,agent-openrouter-deepseek-v3-008",5,1,1,0.7959183673469388
pretrain,medical_qa_1143,"agent-openrouter-deepseek-v3-009,agent-openrouter-deepseek-v3-008,agent-openrouter-deepseek-v3-007,agent-openrouter-deepseek-v3-009,agent-openrouter-deepseek-v3-008",5,1,1,0.797979797979798
pretrain,medical_qa_957,"agent-openrouter-deepseek-v3-009,agent-openrouter-deepseek-v3-007,agent-openrouter-deepseek-v3-008,agent-openrouter-deepseek-v3-009,agent-openrouter-deepseek-v3-009,agent-openrouter-deepseek-v3-008",6,1,1,0.8
pretrain,medical_qa_267,"agent-openrouter-deepseek-v3-009,agent-openrouter-deepseek-v3-008,agent-openrouter-deepseek-v3-007,agent-openrouter-deepseek-v3-008",4,0,1,0.7920792079207921
pretrain,medical_qa_1237,"agent-openrouter-deepseek-v3-007,agent-openrouter-deepseek-v3-009,agent-openrouter-deepseek-v3-008,agent-openrouter-deepseek-v3-007,agent-openrouter-deepseek-v3-008",5,1,1,0.7941176470588235
pretrain,medical_qa_685,"agent-openrouter-deepseek-v3-008,agent-openrouter-deepseek-v3-010,agent-openrouter-deepseek-v3-006,agent-openrouter-deepseek-v3-008,agent-openrouter-deepseek-v3-008,agent-openrouter-deepseek-v3-008",6,1,1,0.7961165048543689
pretrain,medical_qa_733,"agent-openrouter-deepseek-v3-009,agent-openrouter-deepseek-v3-007,agent-openrouter-deepseek-v3-008,agent-openrouter-deepseek-v3-008",4,1,1,0.7980769230769231
pretrain,medical_qa_1012,"agent-openrouter-deepseek-v3-010,agent-openrouter-deepseek-v3-009,agent-openrouter-deepseek-v3-008,agent-openrouter-deepseek-v3-008,agent-openrouter-deepseek-v3-008",5,1,1,0.8
pretrain,medical_qa_244,"agent-openrouter-deepseek-v3-009,agent-openrouter-deepseek-v3-007,agent-openrouter-deepseek-v3-008,agent-openrouter-deepseek-v3-009,agent-openrouter-deepseek-v3-009",5,1,1,0.8018867924528302
pretrain,medical_qa_271,"agent-openrouter-deepseek-v3-009,agent-openrouter-deepseek-v3-007,agent-openrouter-deepseek-v3-008,agent-openrouter-deepseek-v3-009,agent-openrouter-deepseek-v3-009",5,0,1,0.794392523364486
pretrain,medical_qa_405,"agent-openrouter-deepseek-v3-010,agent-openrouter-deepseek-v3-009,agent-openrouter-deepseek-v3-007,agent-openrouter-deepseek-v3-009,agent-openrouter-deepseek-v3-008",5,1,1,0.7962962962962963
pretrain,medical_qa_134,"agent-openrouter-deepseek-v3-007,agent-openrouter-deepseek-v3-009,agent-openrouter-deepseek-v3-008,agent-openrouter-deepseek-v3-007,agent-openrouter-deepseek-v3-008",5,1,1,0.7981651376146789
pretrain,medical_qa_687,"agent-openrouter-deepseek-v3-007,agent-openrouter-deepseek-v3-008,agent-openrouter-deepseek-v3-009,agent-openrouter-deepseek-v3-007,agent-openrouter-deepseek-v3-008",5,1,1,0.8
pretrain,medical_qa_660,"agent-openrouter-deepseek-v3-007,agent-openrouter-deepseek-v3-009,agent-openrouter-deepseek-v3-008,agent-openrouter-deepseek-v3-007,agent-openrouter-deepseek-v3-008,agent-openrouter-deepseek-v3-008",6,1,1,0.8018018018018018
pretrain,medical_qa_307,"agent-openrouter-deepseek-v3-006,agent-openrouter-deepseek-v3-008,agent-openrouter-deepseek-v3-009,agent-openrouter-deepseek-v3-008,agent-openrouter-deepseek-v3-008,agent-openrouter-deepseek-v3-008,agent-openrouter-deepseek-v3-008",7,0,1,0.7946428571428571
pretrain,medical_qa_1085,"agent-openrouter-deepseek-v3-007,agent-openrouter-deepseek-v3-006,agent-openrouter-deepseek-v3-008,agent-openrouter-deepseek-v3-007,agent-openrouter-deepseek-v3-007,agent-openrouter-deepseek-v3-008",6,1,1,0.7964601769911505
pretrain,medical_qa_974,"agent-openrouter-deepseek-v3-007,agent-openrouter-deepseek-v3-008,agent-openrouter-deepseek-v3-009,agent-openrouter-deepseek-v3-008",4,1,1,0.7982456140350878
pretrain,medical_qa_951,"agent-openrouter-deepseek-v3-010,agent-openrouter-deepseek-v3-007,agent-openrouter-deepseek-v3-008,agent-openrouter-deepseek-v3-007,agent-openrouter-deepseek-v3-010,agent-openrouter-deepseek-v3-007,agent-openrouter-deepseek-v3-008",7,0,1,0.7913043478260869
pretrain,medical_qa_769,"agent-openrouter-deepseek-v3-008,agent-openrouter-deepseek-v3-007,agent-openrouter-deepseek-v3-006,agent-openrouter-deepseek-v3-008,agent-openrouter-deepseek-v3-008,agent-openrouter-deepseek-v3-008,agent-openrouter-deepseek-v3-008",7,1,1,0.7931034482758621
pretrain,medical_qa_74,"agent-openrouter-deepseek-v3-009,agent-openrouter-deepseek-v3-008,agent-openrouter-deepseek-v3-007,agent-openrouter-deepseek-v3-008,agent-openrouter-deepseek-v3-008,agent-openrouter-deepseek-v3-008,agent-openrouter-deepseek-v3-008",7,1,1,0.7948717948717948
pretrain,medical_qa_9,"agent-openrouter-deepseek-v3-009,agent-openrouter-deepseek-v3-008,agent-openrouter-deepseek-v3-007,agent-openrouter-deepseek-v3-008",4,0,1,0.788135593220339
pretrain,medical_qa_1191,"agent-openrouter-deepseek-v3-009,agent-openrouter-deepseek-v3-007,agent-openrouter-deepseek-v3-008,agent-openrouter-deepseek-v3-009,agent-openrouter-deepseek-v3-007,agent-openrouter-deepseek-v3-008",6,1,1,0.7899159663865546
pretrain,medical_qa_636,"agent-openrouter-deepseek-v3-006,agent-openrouter-deepseek-v3-008,agent-openrouter-deepseek-v3-007,agent-openrouter-deepseek-v3-006,agent-openrouter-deepseek-v3-008",5,1,1,0.7916666666666666
pretrain,medical_qa_576,"agent-openrouter-deepseek-v3-007,agent-openrouter-deepseek-v3-009,agent-openrouter-deepseek-v3-008,agent-openrouter-deepseek-v3-007,agent-openrouter-deepseek-v3-008",5,0,1,0.7851239669421488
pretrain,medical_qa_102,"agent-openrouter-deepseek-v3-008,agent-openrouter-deepseek-v3-009,agent-openrouter-deepseek-v3-007,agent-openrouter-deepseek-v3-008,agent-openrouter-deepseek-v3-008,agent-openrouter-deepseek-v3-008",6,1,1,0.7868852459016393
pretrain,medical_qa_75,"agent-openrouter-deepseek-v3-008,agent-openrouter-deepseek-v3-009,agent-openrouter-deepseek-v3-007,agent-openrouter-deepseek-v3-008,agent-openrouter-deepseek-v3-008",5,1,1,0.7886178861788617
pretrain,medical_qa_550,"agent-openrouter-deepseek-v3-007,agent-openrouter-deepseek-v3-009,agent-openrouter-deepseek-v3-008,agent-openrouter-deepseek-v3-007,agent-openrouter-deepseek-v3-008",5,1,1,0.7903225806451613
pretrain,medical_qa_218,"agent-openrouter-deepseek-v3-007,agent-openrouter-deepseek-v3-009,agent-openrouter-deepseek-v3-008,agent-openrouter-deepseek-v3-007,agent-openrouter-deepseek-v3-008",5,1,1,0.792
pretrain,medical_qa_518,"agent-openrouter-deepseek-v3-009,agent-openrouter-deepseek-v3-008,agent-openrouter-deepseek-v3-007,agent-openrouter-deepseek-v3-008,agent-openrouter-deepseek-v3-008",5,1,1,0.7936507936507936
pretrain,medical_qa_966,"agent-openrouter-deepseek-v3-007,agent-openrouter-deepseek-v3-009,agent-openrouter-deepseek-v3-008,agent-openrouter-deepseek-v3-007,agent-openrouter-deepseek-v3-008",5,0,1,0.7874015748031497
pretrain,medical_qa_1186,"agent-openrouter-deepseek-v3-009,agent-openrouter-deepseek-v3-008,agent-openrouter-deepseek-v3-007,agent-openrouter-deepseek-v3-009,agent-openrouter-deepseek-v3-008,agent-openrouter-deepseek-v3-008",6,1,1,0.7890625
pretrain,medical_qa_357,"agent-openrouter-deepseek-v3-009,agent-openrouter-deepseek-v3-007,agent-openrouter-deepseek-v3-008,agent-openrouter-deepseek-v3-007,agent-openrouter-deepseek-v3-008",5,1,1,0.7906976744186046
pretrain,medical_qa_902,"agent-openrouter-deepseek-v3-007,agent-openrouter-deepseek-v3-009,agent-openrouter-deepseek-v3-008,agent-openrouter-deepseek-v3-007,agent-openrouter-deepseek-v3-008",5,1,1,0.7923076923076923
pretrain,medical_qa_1024,"agent-openrouter-deepseek-v3-007,agent-openrouter-deepseek-v3-009,agent-openrouter-deepseek-v3-008,agent-openrouter-deepseek-v3-009,agent-openrouter-deepseek-v3-008",5,1,1,0.7938931297709924
pretrain,medical_qa_900,"agent-openrouter-deepseek-v3-007,agent-openrouter-deepseek-v3-008,agent-openrouter-deepseek-v3-009,agent-openrouter-deepseek-v3-007,agent-openrouter-deepseek-v3-008",5,1,1,0.7954545454545454
pretrain,medical_qa_250,"agent-openrouter-deepseek-v3-008,agent-openrouter-deepseek-v3-009,agent-openrouter-deepseek-v3-007,agent-openrouter-deepseek-v3-008,agent-openrouter-deepseek-v3-008,agent-openrouter-deepseek-v3-008,agent-openrouter-deepseek-v3-008",7,1,1,0.7969924812030075
pretrain,medical_qa_378,"agent-openrouter-deepseek-v3-007,agent-openrouter-deepseek-v3-008,agent-openrouter-deepseek-v3-009,agent-openrouter-deepseek-v3-007,agent-openrouter-deepseek-v3-008",5,0,1,0.7910447761194029
pretrain,medical_qa_291,"agent-openrouter-deepseek-v3-008,agent-openrouter-deepseek-v3-007,agent-openrouter-deepseek-v3-009,agent-openrouter-deepseek-v3-007,agent-openrouter-deepseek-v3-008",5,1,1,0.7925925925925926
pretrain,medical_qa_1003,"agent-openrouter-deepseek-v3-007,agent-openrouter-deepseek-v3-008,agent-openrouter-deepseek-v3-009,agent-openrouter-deepseek-v3-008,agent-openrouter-deepseek-v3-008,agent-openrouter-deepseek-v3-008",6,0,1,0.7867647058823529
pretrain,medical_qa_448,"agent-openrouter-deepseek-v3-009,agent-openrouter-deepseek-v3-006,agent-openrouter-deepseek-v3-007,agent-openrouter-deepseek-v3-006,agent-openrouter-deepseek-v3-007,agent-openrouter-deepseek-v3-009,agent-openrouter-deepseek-v3-008",7,0,1,0.781021897810219
pretrain,medical_qa_853,"agent-openrouter-deepseek-v3-009,agent-openrouter-deepseek-v3-007,agent-openrouter-deepseek-v3-008,agent-openrouter-deepseek-v3-008,agent-openrouter-deepseek-v3-008",5,1,1,0.782608695652174
pretrain,medical_qa_556,"agent-openrouter-deepseek-v3-009,agent-openrouter-deepseek-v3-007,agent-openrouter-deepseek-v3-008,agent-openrouter-deepseek-v3-009,agent-openrouter-deepseek-v3-009,agent-openrouter-deepseek-v3-008",6,1,1,0.7841726618705036
pretrain,medical_qa_720,"agent-openrouter-deepseek-v3-007,agent-openrouter-deepseek-v3-008,agent-openrouter-deepseek-v3-009,agent-openrouter-deepseek-v3-008,agent-openrouter-deepseek-v3-008,agent-openrouter-deepseek-v3-008",6,0,1,0.7785714285714286
pretrain,medical_qa_309,"agent-openrouter-deepseek-v3-006,agent-openrouter-deepseek-v3-009,agent-openrouter-deepseek-v3-008,agent-openrouter-deepseek-v3-009,agent-openrouter-deepseek-v3-008",5,1,1,0.7801418439716312
pretrain,medical_qa_626,"agent-openrouter-deepseek-v3-008,agent-openrouter-deepseek-v3-009,agent-openrouter-deepseek-v3-007,agent-openrouter-deepseek-v3-008,agent-openrouter-deepseek-v3-008,agent-openrouter-deepseek-v3-008",6,1,1,0.7816901408450704
pretrain,medical_qa_826,"agent-openrouter-deepseek-v3-006,agent-openrouter-deepseek-v3-008,agent-openrouter-deepseek-v3-009,agent-openrouter-deepseek-v3-008,agent-openrouter-deepseek-v3-008,agent-openrouter-deepseek-v3-008,agent-openrouter-deepseek-v3-008",7,1,1,0.7832167832167832
pretrain,medical_qa_669,"agent-openrouter-deepseek-v3-007,agent-openrouter-deepseek-v3-008,agent-openrouter-deepseek-v3-009,agent-openrouter-deepseek-v3-008,agent-openrouter-deepseek-v3-008,agent-openrouter-deepseek-v3-008,agent-openrouter-deepseek-v3-008",7,1,1,0.7847222222222222
pretrain,medical_qa_1231,"agent-openrouter-deepseek-v3-009,agent-openrouter-deepseek-v3-007,agent-openrouter-deepseek-v3-008",3,1,1,0.7862068965517242
pretrain,medical_qa_8,"agent-openrouter-deepseek-v3-007,agent-openrouter-deepseek-v3-009,agent-openrouter-deepseek-v3-008",3,1,1,0.7876712328767124
pretrain,medical_qa_683,"agent-openrouter-deepseek-v3-009,agent-openrouter-deepseek-v3-007,agent-openrouter-deepseek-v3-008,agent-openrouter-deepseek-v3-009,agent-openrouter-deepseek-v3-008",5,1,1,0.7891156462585034
pretrain,medical_qa_836,"agent-openrouter-deepseek-v3-008,agent-openrouter-deepseek-v3-009,agent-openrouter-deepseek-v3-007,agent-openrouter-deepseek-v3-008,agent-openrouter-deepseek-v3-008,agent-openrouter-deepseek-v3-008,agent-openrouter-deepseek-v3-008",7,1,1,0.7905405405405406
pretrain,medical_qa_567,"agent-openrouter-deepseek-v3-009,agent-openrouter-deepseek-v3-008,agent-openrouter-deepseek-v3-007,agent-openrouter-deepseek-v3-009,agent-openrouter-deepseek-v3-008",5,0,1,0.785234899328859
pretrain,medical_qa_306,"agent-openrouter-deepseek-v3-007,agent-openrouter-deepseek-v3-008,agent-openrouter-deepseek-v3-009,agent-openrouter-deepseek-v3-008,agent-openrouter-deepseek-v3-008,agent-openrouter-deepseek-v3-008",6,1,1,0.7866666666666666
pretrain,medical_qa_679,"agent-openrouter-deepseek-v3-007,agent-openrouter-deepseek-v3-008,agent-openrouter-deepseek-v3-009,agent-openrouter-deepseek-v3-007,agent-openrouter-deepseek-v3-008",5,1,1,0.7880794701986755
pretrain,medical_qa_106,"agent-openrouter-deepseek-v3-006,agent-openrouter-deepseek-v3-008,agent-openrouter-deepseek-v3-009,agent-openrouter-deepseek-v3-006,agent-openrouter-deepseek-v3-006,agent-openrouter-deepseek-v3-006,agent-openrouter-deepseek-v3-008",7,0,1,0.7828947368421053
pretrain,medical_qa_899,"agent-openrouter-deepseek-v3-008,agent-openrouter-deepseek-v3-009,agent-openrouter-deepseek-v3-007",3,0,1,0.7777777777777778
pretrain,medical_qa_137,"agent-openrouter-deepseek-v3-007,agent-openrouter-deepseek-v3-008,agent-openrouter-deepseek-v3-009,agent-openrouter-deepseek-v3-007,agent-openrouter-deepseek-v3-008",5,1,1,0.7792207792207793
pretrain,medical_qa_1075,"agent-openrouter-deepseek-v3-007,agent-openrouter-deepseek-v3-009,agent-openrouter-deepseek-v3-008,agent-openrouter-deepseek-v3-007,agent-openrouter-deepseek-v3-008",5,1,1,0.7806451612903226
pretrain,medical_qa_1119,"agent-openrouter-deepseek-v3-007,agent-openrouter-deepseek-v3-009,agent-openrouter-deepseek-v3-008,agent-openrouter-deepseek-v3-008",4,1,1,0.782051282051282
pretrain,medical_qa_987,"agent-openrouter-deepseek-v3-009,agent-openrouter-deepseek-v3-008,agent-openrouter-deepseek-v3-007,agent-openrouter-deepseek-v3-009,agent-openrouter-deepseek-v3-008",5,1,1,0.7834394904458599
pretrain,medical_qa_109,"agent-openrouter-deepseek-v3-007,agent-openrouter-deepseek-v3-009,agent-openrouter-deepseek-v3-008,agent-openrouter-deepseek-v3-007,agent-openrouter-deepseek-v3-008",5,1,1,0.7848101265822784
pretrain,medical_qa_760,"agent-openrouter-deepseek-v3-007,agent-openrouter-deepseek-v3-008,agent-openrouter-deepseek-v3-009,agent-openrouter-deepseek-v3-008,agent-openrouter-deepseek-v3-008,agent-openrouter-deepseek-v3-008,agent-openrouter-deepseek-v3-008",7,1,1,0.7861635220125787
pretrain,medical_qa_566,"agent-openrouter-deepseek-v3-006,agent-openrouter-deepseek-v3-009,agent-openrouter-deepseek-v3-008,agent-openrouter-deepseek-v3-006,agent-openrouter-deepseek-v3-007",5,1,1,0.7875
pretrain,medical_qa_159,"agent-openrouter-deepseek-v3-008,agent-openrouter-deepseek-v3-009,agent-openrouter-deepseek-v3-007,agent-openrouter-deepseek-v3-008,agent-openrouter-deepseek-v3-008",5,1,1,0.7888198757763976
pretrain,medical_qa_278,"agent-openrouter-deepseek-v3-009,agent-openrouter-deepseek-v3-006,agent-openrouter-deepseek-v3-008,agent-openrouter-deepseek-v3-008,agent-openrouter-deepseek-v3-009,agent-openrouter-deepseek-v3-009,agent-openrouter-deepseek-v3-008",7,0,1,0.7839506172839507
pretrain,medical_qa_288,"agent-openrouter-deepseek-v3-007,agent-openrouter-deepseek-v3-009,agent-openrouter-deepseek-v3-008,agent-openrouter-deepseek-v3-008",4,1,1,0.7852760736196319
pretrain,medical_qa_619,"agent-openrouter-deepseek-v3-009,agent-openrouter-deepseek-v3-010,agent-openrouter-deepseek-v3-008,agent-openrouter-deepseek-v3-009,agent-openrouter-deepseek-v3-009,agent-openrouter-deepseek-v3-008",6,1,1,0.7865853658536586
pretrain,medical_qa_215,"agent-openrouter-deepseek-v3-007,agent-openrouter-deepseek-v3-008,agent-openrouter-deepseek-v3-009,agent-openrouter-deepseek-v3-008,agent-openrouter-deepseek-v3-008",5,1,1,0.7878787878787878
pretrain,medical_qa_734,"agent-openrouter-deepseek-v3-009,agent-openrouter-deepseek-v3-008,agent-openrouter-deepseek-v3-007,agent-openrouter-deepseek-v3-009,agent-openrouter-deepseek-v3-009,agent-openrouter-deepseek-v3-009,agent-openrouter-deepseek-v3-007",7,0,1,0.7831325301204819
pretrain,medical_qa_351,"agent-openrouter-deepseek-v3-008,agent-openrouter-deepseek-v3-009,agent-openrouter-deepseek-v3-007,agent-openrouter-deepseek-v3-008,agent-openrouter-deepseek-v3-008",5,0,1,0.7784431137724551
pretrain,medical_qa_208,"agent-openrouter-deepseek-v3-008,agent-openrouter-deepseek-v3-007,agent-openrouter-deepseek-v3-009,agent-openrouter-deepseek-v3-008",4,0,1,0.7738095238095238
pretrain,medical_qa_703,"agent-openrouter-deepseek-v3-007,agent-openrouter-deepseek-v3-008,agent-openrouter-deepseek-v3-009,agent-openrouter-deepseek-v3-008",4,1,1,0.7751479289940828
pretrain,medical_qa_649,"agent-openrouter-deepseek-v3-007,agent-openrouter-deepseek-v3-009,agent-openrouter-deepseek-v3-008,agent-openrouter-deepseek-v3-009,agent-openrouter-deepseek-v3-009,agent-openrouter-deepseek-v3-008",6,1,1,0.7764705882352941
pretrain,medical_qa_1005,"agent-openrouter-deepseek-v3-010,agent-openrouter-deepseek-v3-008,agent-openrouter-deepseek-v3-007,agent-openrouter-deepseek-v3-007,agent-openrouter-deepseek-v3-008",5,1,1,0.7777777777777778
pretrain,medical_qa_1053,"agent-openrouter-deepseek-v3-009,agent-openrouter-deepseek-v3-007,agent-openrouter-deepseek-v3-008,agent-openrouter-deepseek-v3-008,agent-openrouter-deepseek-v3-008,agent-openrouter-deepseek-v3-008",6,1,1,0.7790697674418605
pretrain,medical_qa_517,"agent-openrouter-deepseek-v3-010,agent-openrouter-deepseek-v3-009,agent-openrouter-deepseek-v3-008,agent-openrouter-deepseek-v3-008,agent-openrouter-deepseek-v3-008,agent-openrouter-deepseek-v3-008",6,1,1,0.7803468208092486
pretrain,medical_qa_500,"agent-openrouter-deepseek-v3-007,agent-openrouter-deepseek-v3-009,agent-openrouter-deepseek-v3-008,agent-openrouter-deepseek-v3-007,agent-openrouter-deepseek-v3-007,agent-openrouter-deepseek-v3-008",6,0,1,0.7758620689655172
pretrain,medical_qa_1112,"agent-openrouter-deepseek-v3-008,agent-openrouter-deepseek-v3-010,agent-openrouter-deepseek-v3-007,agent-openrouter-deepseek-v3-010,agent-openrouter-deepseek-v3-008,agent-openrouter-deepseek-v3-008,agent-openrouter-deepseek-v3-008",7,1,1,0.7771428571428571
pretrain,medical_qa_1139,"agent-openrouter-deepseek-v3-008,agent-openrouter-deepseek-v3-009,agent-openrouter-deepseek-v3-007,agent-openrouter-deepseek-v3-008,agent-openrouter-deepseek-v3-008",5,1,1,0.7784090909090909
pretrain,medical_qa_52,"agent-openrouter-deepseek-v3-009,agent-openrouter-deepseek-v3-008,agent-openrouter-deepseek-v3-007,agent-openrouter-deepseek-v3-009,agent-openrouter-deepseek-v3-008",5,1,1,0.7796610169491526
pretrain,medical_qa_94,"agent-openrouter-deepseek-v3-006,agent-openrouter-deepseek-v3-009,agent-openrouter-deepseek-v3-007,agent-openrouter-deepseek-v3-007,agent-openrouter-deepseek-v3-007,agent-openrouter-deepseek-v3-008",6,1,1,0.7808988764044944
pretrain,medical_qa_903,"agent-openrouter-deepseek-v3-007,agent-openrouter-deepseek-v3-009,agent-openrouter-deepseek-v3-008,agent-openrouter-deepseek-v3-007,agent-openrouter-deepseek-v3-007,agent-openrouter-deepseek-v3-008",6,1,1,0.7821229050279329
pretrain,medical_qa_1105,"agent-openrouter-deepseek-v3-007,agent-openrouter-deepseek-v3-008,agent-openrouter-deepseek-v3-009,agent-openrouter-deepseek-v3-008",4,1,1,0.7833333333333333
pretrain,medical_qa_849,"agent-openrouter-deepseek-v3-007,agent-openrouter-deepseek-v3-009,agent-openrouter-deepseek-v3-008,agent-openrouter-deepseek-v3-007,agent-openrouter-deepseek-v3-008,agent-openrouter-deepseek-v3-008",6,1,1,0.7845303867403315
pretrain,medical_qa_1167,"agent-openrouter-deepseek-v3-009,agent-openrouter-deepseek-v3-008,agent-openrouter-deepseek-v3-007,agent-openrouter-deepseek-v3-009,agent-openrouter-deepseek-v3-008",5,0,1,0.7802197802197802
pretrain,medical_qa_45,"agent-openrouter-deepseek-v3-008,agent-openrouter-deepseek-v3-007,agent-openrouter-deepseek-v3-009,agent-openrouter-deepseek-v3-008,agent-openrouter-deepseek-v3-008,agent-openrouter-deepseek-v3-008",6,0,1,0.7759562841530054
pretrain,medical_qa_3,"agent-openrouter-deepseek-v3-008,agent-openrouter-deepseek-v3-009,agent-openrouter-deepseek-v3-007,agent-openrouter-deepseek-v3-008,agent-openrouter-deepseek-v3-007,agent-openrouter-deepseek-v3-008",6,0,1,0.7717391304347826
pretrain,medical_qa_341,"agent-openrouter-deepseek-v3-007,agent-openrouter-deepseek-v3-006,agent-openrouter-deepseek-v3-008,agent-openrouter-deepseek-v3-008,agent-openrouter-deepseek-v3-008",5,1,1,0.772972972972973
pretrain,medical_qa_789,"agent-openrouter-deepseek-v3-007,agent-openrouter-deepseek-v3-009,agent-openrouter-deepseek-v3-008,agent-openrouter-deepseek-v3-007,agent-openrouter-deepseek-v3-008",5,1,1,0.7741935483870968
pretrain,medical_qa_133,"agent-openrouter-deepseek-v3-007,agent-openrouter-deepseek-v3-009,agent-openrouter-deepseek-v3-008,agent-openrouter-deepseek-v3-007,agent-openrouter-deepseek-v3-007,agent-openrouter-deepseek-v3-007,agent-openrouter-deepseek-v3-008",7,1,1,0.7754010695187166
pretrain,medical_qa_652,"agent-openrouter-deepseek-v3-008,agent-openrouter-deepseek-v3-009,agent-openrouter-deepseek-v3-007,agent-openrouter-deepseek-v3-008,agent-openrouter-deepseek-v3-008,agent-openrouter-deepseek-v3-008",6,0,1,0.7712765957446809
pretrain,medical_qa_268,"agent-openrouter-deepseek-v3-007,agent-openrouter-deepseek-v3-009,agent-openrouter-deepseek-v3-008,agent-openrouter-deepseek-v3-008",4,1,1,0.7724867724867724
pretrain,medical_qa_165,"agent-openrouter-deepseek-v3-008,agent-openrouter-deepseek-v3-009,agent-openrouter-deepseek-v3-007",3,1,1,0.7736842105263158
pretrain,medical_qa_759,"agent-openrouter-deepseek-v3-009,agent-openrouter-deepseek-v3-007,agent-openrouter-deepseek-v3-008,agent-openrouter-deepseek-v3-009,agent-openrouter-deepseek-v3-008",5,1,1,0.774869109947644
pretrain,medical_qa_452,"agent-openrouter-deepseek-v3-007,agent-openrouter-deepseek-v3-009,agent-openrouter-deepseek-v3-008,agent-openrouter-deepseek-v3-009,agent-openrouter-deepseek-v3-009,agent-openrouter-deepseek-v3-008",6,1,1,0.7760416666666666
pretrain,medical_qa_564,"agent-openrouter-deepseek-v3-010,agent-openrouter-deepseek-v3-009,agent-openrouter-deepseek-v3-007,agent-openrouter-deepseek-v3-010,agent-openrouter-deepseek-v3-010",5,0,1,0.772020725388601
pretrain,medical_qa_722,"agent-openrouter-deepseek-v3-009,agent-openrouter-deepseek-v3-007,agent-openrouter-deepseek-v3-008,agent-openrouter-deepseek-v3-008,agent-openrouter-deepseek-v3-009,agent-openrouter-deepseek-v3-008",6,1,1,0.7731958762886598
pretrain,medical_qa_1035,"agent-openrouter-deepseek-v3-009,agent-openrouter-deepseek-v3-007,agent-openrouter-deepseek-v3-008,agent-openrouter-deepseek-v3-007,agent-openrouter-deepseek-v3-008",5,1,1,0.7743589743589744
pretrain,medical_qa_574,"agent-openrouter-deepseek-v3-007,agent-openrouter-deepseek-v3-009,agent-openrouter-deepseek-v3-008,agent-openrouter-deepseek-v3-007,agent-openrouter-deepseek-v3-009",5,1,1,0.7755102040816326
pretrain,medical_qa_955,"agent-openrouter-deepseek-v3-009,agent-openrouter-deepseek-v3-008,agent-openrouter-deepseek-v3-007,agent-openrouter-deepseek-v3-008",4,1,1,0.7766497461928934
pretrain,medical_qa_1192,"agent-openrouter-deepseek-v3-008,agent-openrouter-deepseek-v3-009,agent-openrouter-deepseek-v3-007,agent-openrouter-deepseek-v3-008,agent-openrouter-deepseek-v3-008,agent-openrouter-deepseek-v3-008",6,0,1,0.7727272727272727
pretrain,medical_qa_77,"agent-openrouter-deepseek-v3-007,agent-openrouter-deepseek-v3-008,agent-openrouter-deepseek-v3-009,agent-openrouter-deepseek-v3-008,agent-openrouter-deepseek-v3-008",5,1,1,0.7738693467336684
pretrain,medical_qa_707,"agent-openrouter-deepseek-v3-007,agent-openrouter-deepseek-v3-008,agent-openrouter-deepseek-v3-009,agent-openrouter-deepseek-v3-007,agent-openrouter-deepseek-v3-008",5,1,1,0.775
pretrain,medical_qa_152,"agent-openrouter-deepseek-v3-009,agent-openrouter-deepseek-v3-007,agent-openrouter-deepseek-v3-008,agent-openrouter-deepseek-v3-009,agent-openrouter-deepseek-v3-008",5,1,1,0.7761194029850746
pretrain,medical_qa_558,"agent-openrouter-deepseek-v3-007,agent-openrouter-deepseek-v3-009,agent-openrouter-deepseek-v3-008,agent-openrouter-deepseek-v3-007,agent-openrouter-deepseek-v3-009,agent-openrouter-deepseek-v3-008",6,1,1,0.7772277227722773
pretrain,medical_qa_36,"agent-openrouter-deepseek-v3-009,agent-openrouter-deepseek-v3-007,agent-openrouter-deepseek-v3-008,agent-openrouter-deepseek-v3-009,agent-openrouter-deepseek-v3-008",5,1,1,0.7783251231527094
pretrain,medical_qa_854,"agent-openrouter-deepseek-v3-009,agent-openrouter-deepseek-v3-008,agent-openrouter-deepseek-v3-007,agent-openrouter-deepseek-v3-008,agent-openrouter-deepseek-v3-007,agent-openrouter-deepseek-v3-008",6,1,1,0.7794117647058824
pretrain,medical_qa_1179,"agent-openrouter-deepseek-v3-007,agent-openrouter-deepseek-v3-008,agent-openrouter-deepseek-v3-009,agent-openrouter-deepseek-v3-008,agent-openrouter-deepseek-v3-008,agent-openrouter-deepseek-v3-008,agent-openrouter-deepseek-v3-008",7,1,1,0.7804878048780488
pretrain,medical_qa_596,"agent-openrouter-deepseek-v3-006,agent-openrouter-deepseek-v3-007,agent-openrouter-deepseek-v3-008,agent-openrouter-deepseek-v3-006,agent-openrouter-deepseek-v3-006,agent-openrouter-deepseek-v3-009",6,0,1,0.7766990291262136
pretrain,medical_qa_565,"agent-openrouter-deepseek-v3-007,agent-openrouter-deepseek-v3-009,agent-openrouter-deepseek-v3-008,agent-openrouter-deepseek-v3-008,agent-openrouter-deepseek-v3-007,agent-openrouter-deepseek-v3-008",6,1,1,0.7777777777777778
pretrain,medical_qa_151,"agent-openrouter-deepseek-v3-007,agent-openrouter-deepseek-v3-009,agent-openrouter-deepseek-v3-008,agent-openrouter-deepseek-v3-007,agent-openrouter-deepseek-v3-008",5,1,1,0.7788461538461539
pretrain,medical_qa_1239,"agent-openrouter-deepseek-v3-007,agent-openrouter-deepseek-v3-009,agent-openrouter-deepseek-v3-008,agent-openrouter-deepseek-v3-007,agent-openrouter-deepseek-v3-008",5,1,1,0.7799043062200957
pretrain,medical_qa_1158,"agent-openrouter-deepseek-v3-008,agent-openrouter-deepseek-v3-007,agent-openrouter-deepseek-v3-009,agent-openrouter-deepseek-v3-008,agent-openrouter-deepseek-v3-008,agent-openrouter-deepseek-v3-008",6,0,1,0.7761904761904762
pretrain,medical_qa_42,"agent-openrouter-deepseek-v3-009,agent-openrouter-deepseek-v3-007,agent-openrouter-deepseek-v3-008,agent-openrouter-deepseek-v3-009,agent-openrouter-deepseek-v3-009,agent-openrouter-deepseek-v3-008",6,0,1,0.7725118483412322
pretrain,medical_qa_315,"agent-openrouter-deepseek-v3-008,agent-openrouter-deepseek-v3-009,agent-openrouter-deepseek-v3-007,agent-openrouter-deepseek-v3-008,agent-openrouter-deepseek-v3-008,agent-openrouter-deepseek-v3-008,agent-openrouter-deepseek-v3-008",7,1,1,0.7735849056603774
pretrain,medical_qa_373,"agent-openrouter-deepseek-v3-007,agent-openrouter-deepseek-v3-008,agent-openrouter-deepseek-v3-009,agent-openrouter-deepseek-v3-007,agent-openrouter-deepseek-v3-007,agent-openrouter-deepseek-v3-008",6,1,1,0.7746478873239436
pretrain,medical_qa_815,"agent-openrouter-deepseek-v3-008,agent-openrouter-deepseek-v3-009,agent-openrouter-deepseek-v3-007,agent-openrouter-deepseek-v3-009,agent-openrouter-deepseek-v3-009,agent-openrouter-deepseek-v3-008",6,1,1,0.7757009345794392
pretrain,medical_qa_982,"agent-openrouter-deepseek-v3-007,agent-openrouter-deepseek-v3-009,agent-openrouter-deepseek-v3-008,agent-openrouter-deepseek-v3-008,agent-openrouter-deepseek-v3-008",5,1,1,0.7767441860465116
pretrain,medical_qa_366,"agent-openrouter-deepseek-v3-010,agent-openrouter-deepseek-v3-007,agent-openrouter-deepseek-v3-009,agent-openrouter-deepseek-v3-007,agent-openrouter-deepseek-v3-008",5,1,1,0.7777777777777778
pretrain,medical_qa_908,"agent-openrouter-deepseek-v3-008,agent-openrouter-deepseek-v3-009,agent-openrouter-deepseek-v3-007,agent-openrouter-deepseek-v3-009,agent-openrouter-deepseek-v3-008,agent-openrouter-deepseek-v3-008",6,1,1,0.7788018433179723
pretrain,medical_qa_698,"agent-openrouter-deepseek-v3-008,agent-openrouter-deepseek-v3-006,agent-openrouter-deepseek-v3-007,agent-openrouter-deepseek-v3-008,agent-openrouter-deepseek-v3-008,agent-openrouter-deepseek-v3-008,agent-openrouter-deepseek-v3-008",7,1,1,0.7798165137614679
pretrain,medical_qa_1227,"agent-openrouter-deepseek-v3-006,agent-openrouter-deepseek-v3-010,agent-openrouter-deepseek-v3-009,agent-openrouter-deepseek-v3-010,agent-openrouter-deepseek-v3-010",5,0,1,0.776255707762557
pretrain,medical_qa_682,"agent-openrouter-deepseek-v3-009,agent-openrouter-deepseek-v3-008,agent-openrouter-deepseek-v3-007,agent-openrouter-deepseek-v3-009,agent-openrouter-deepseek-v3-009,agent-openrouter-deepseek-v3-007",6,1,1,0.7772727272727272
pretrain,medical_qa_105,"agent-openrouter-deepseek-v3-009,agent-openrouter-deepseek-v3-007,agent-openrouter-deepseek-v3-008,agent-openrouter-deepseek-v3-008",4,1,1,0.7782805429864253
pretrain,medical_qa_362,"agent-openrouter-deepseek-v3-007,agent-openrouter-deepseek-v3-009,agent-openrouter-deepseek-v3-008,agent-openrouter-deepseek-v3-007,agent-openrouter-deepseek-v3-008",5,1,1,0.7792792792792793
pretrain,medical_qa_798,"agent-openrouter-deepseek-v3-009,agent-openrouter-deepseek-v3-008,agent-openrouter-deepseek-v3-007,agent-openrouter-deepseek-v3-009,agent-openrouter-deepseek-v3-009,agent-openrouter-deepseek-v3-008,agent-openrouter-deepseek-v3-008",7,1,1,0.7802690582959642
pretrain,medical_qa_573,"agent-openrouter-deepseek-v3-009,agent-openrouter-deepseek-v3-008,agent-openrouter-deepseek-v3-007,agent-openrouter-deepseek-v3-009,agent-openrouter-deepseek-v3-008",5,1,1,0.78125
pretrain,medical_qa_416,"agent-openrouter-deepseek-v3-008,agent-openrouter-deepseek-v3-007,agent-openrouter-deepseek-v3-009,agent-openrouter-deepseek-v3-007,agent-openrouter-deepseek-v3-008",5,1,1,0.7822222222222223
pretrain,medical_qa_635,"agent-openrouter-deepseek-v3-007,agent-openrouter-deepseek-v3-009,agent-openrouter-deepseek-v3-008,agent-openrouter-deepseek-v3-008,agent-openrouter-deepseek-v3-008,agent-openrouter-deepseek-v3-007,agent-openrouter-deepseek-v3-008",7,1,1,0.7831858407079646
pretrain,medical_qa_767,"agent-openrouter-deepseek-v3-007,agent-openrouter-deepseek-v3-008,agent-openrouter-deepseek-v3-009,agent-openrouter-deepseek-v3-008,agent-openrouter-deepseek-v3-008,agent-openrouter-deepseek-v3-008,agent-openrouter-deepseek-v3-008,agent-openrouter-deepseek-v3-008",8,1,1,0.7841409691629956
pretrain,medical_qa_158,"agent-openrouter-deepseek-v3-007,agent-openrouter-deepseek-v3-009,agent-openrouter-deepseek-v3-008,agent-openrouter-deepseek-v3-007,agent-openrouter-deepseek-v3-008",5,1,1,0.7850877192982456
pretrain,medical_qa_242,"agent-openrouter-deepseek-v3-008,agent-openrouter-deepseek-v3-007,agent-openrouter-deepseek-v3-009,agent-openrouter-deepseek-v3-008,agent-openrouter-deepseek-v3-008,agent-openrouter-deepseek-v3-008,agent-openrouter-deepseek-v3-008",7,0,1,0.7816593886462883
pretrain,medical_qa_166,"agent-openrouter-deepseek-v3-007,agent-openrouter-deepseek-v3-008,agent-openrouter-deepseek-v3-009,agent-openrouter-deepseek-v3-008,agent-openrouter-deepseek-v3-009,agent-openrouter-deepseek-v3-008",6,1,1,0.782608695652174
pretrain,medical_qa_819,"agent-openrouter-deepseek-v3-007,agent-openrouter-deepseek-v3-008,agent-openrouter-deepseek-v3-009,agent-openrouter-deepseek-v3-008,agent-openrouter-deepseek-v3-008,agent-openrouter-deepseek-v3-008",6,1,1,0.7835497835497836
pretrain,medical_qa_830,"agent-openrouter-deepseek-v3-007,agent-openrouter-deepseek-v3-008,agent-openrouter-deepseek-v3-009,agent-openrouter-deepseek-v3-008,agent-openrouter-deepseek-v3-008",5,1,1,0.7844827586206896
pretrain,medical_qa_181,"agent-openrouter-deepseek-v3-008,agent-openrouter-deepseek-v3-009,agent-openrouter-deepseek-v3-007,agent-openrouter-deepseek-v3-008,agent-openrouter-deepseek-v3-008,agent-openrouter-deepseek-v3-008",6,0,1,0.7811158798283262
pretrain,medical_qa_422,"agent-openrouter-deepseek-v3-007,agent-openrouter-deepseek-v3-009,agent-openrouter-deepseek-v3-008,agent-openrouter-deepseek-v3-007,agent-openrouter-deepseek-v3-008",5,0,1,0.7777777777777778
pretrain,medical_qa_25,"agent-openrouter-deepseek-v3-007,agent-openrouter-deepseek-v3-008,agent-openrouter-deepseek-v3-009,agent-openrouter-deepseek-v3-007,agent-openrouter-deepseek-v3-008",5,1,1,0.7787234042553192
pretrain,medical_qa_183,"agent-openrouter-deepseek-v3-007,agent-openrouter-deepseek-v3-008,agent-openrouter-deepseek-v3-009,agent-openrouter-deepseek-v3-007,agent-openrouter-deepseek-v3-008",5,1,1,0.7796610169491526
pretrain,medical_qa_754,"agent-openrouter-deepseek-v3-007,agent-openrouter-deepseek-v3-008,agent-openrouter-deepseek-v3-009,agent-openrouter-deepseek-v3-006,agent-openrouter-deepseek-v3-006,agent-openrouter-deepseek-v3-008",6,1,1,0.7805907172995781
pretrain,medical_qa_1134,"agent-openrouter-deepseek-v3-009,agent-openrouter-deepseek-v3-007,agent-openrouter-deepseek-v3-008,agent-openrouter-deepseek-v3-008",4,0,1,0.7773109243697479
pretrain,medical_qa_801,"agent-openrouter-deepseek-v3-008,agent-openrouter-deepseek-v3-009,agent-openrouter-deepseek-v3-007,agent-openrouter-deepseek-v3-008,agent-openrouter-deepseek-v3-008,agent-openrouter-deepseek-v3-008",6,1,1,0.7782426778242678
pretrain,medical_qa_421,"agent-openrouter-deepseek-v3-009,agent-openrouter-deepseek-v3-007,agent-openrouter-deepseek-v3-008,agent-openrouter-deepseek-v3-009,agent-openrouter-deepseek-v3-006,agent-openrouter-deepseek-v3-006,agent-openrouter-deepseek-v3-009",7,0,1,0.775
pretrain,medical_qa_1256,"agent-openrouter-deepseek-v3-006,agent-openrouter-deepseek-v3-009,agent-openrouter-deepseek-v3-008,agent-openrouter-deepseek-v3-006,agent-openrouter-deepseek-v3-008",5,1,1,0.7759336099585062
pretrain,medical_qa_970,"agent-openrouter-deepseek-v3-006,agent-openrouter-deepseek-v3-009,agent-openrouter-deepseek-v3-008,agent-openrouter-deepseek-v3-006,agent-openrouter-deepseek-v3-006,agent-openrouter-deepseek-v3-006,agent-openrouter-deepseek-v3-008",7,1,1,0.7768595041322314
pretrain,medical_qa_752,"agent-openrouter-deepseek-v3-009,agent-openrouter-deepseek-v3-007,agent-openrouter-deepseek-v3-008,agent-openrouter-deepseek-v3-007,agent-openrouter-deepseek-v3-008",5,1,1,0.7777777777777778
pretrain,medical_qa_254,"agent-openrouter-deepseek-v3-007,agent-openrouter-deepseek-v3-009,agent-openrouter-deepseek-v3-008,agent-openrouter-deepseek-v3-006,agent-openrouter-deepseek-v3-008",5,1,1,0.7786885245901639
pretrain,medical_qa_273,"agent-openrouter-deepseek-v3-006,agent-openrouter-deepseek-v3-008,agent-openrouter-deepseek-v3-009,agent-openrouter-deepseek-v3-008,agent-openrouter-deepseek-v3-006,agent-openrouter-deepseek-v3-008",6,0,1,0.7755102040816326
pretrain,medical_qa_1215,"agent-openrouter-deepseek-v3-007,agent-openrouter-deepseek-v3-009,agent-openrouter-deepseek-v3-008,agent-openrouter-deepseek-v3-007,agent-openrouter-deepseek-v3-007,agent-openrouter-deepseek-v3-008,agent-openrouter-deepseek-v3-008",7,1,1,0.7764227642276422
pretrain,medical_qa_806,"agent-openrouter-deepseek-v3-009,agent-openrouter-deepseek-v3-007,agent-openrouter-deepseek-v3-008,agent-openrouter-deepseek-v3-007,agent-openrouter-deepseek-v3-007,agent-openrouter-deepseek-v3-008",6,1,1,0.7773279352226721
pretrain,medical_qa_718,"agent-openrouter-deepseek-v3-009,agent-openrouter-deepseek-v3-007,agent-openrouter-deepseek-v3-008,agent-openrouter-deepseek-v3-009,agent-openrouter-deepseek-v3-009,agent-openrouter-deepseek-v3-008",6,0,1,0.7741935483870968
pretrain,medical_qa_1062,"agent-openrouter-deepseek-v3-010,agent-openrouter-deepseek-v3-008,agent-openrouter-deepseek-v3-009,agent-openrouter-deepseek-v3-010,agent-openrouter-deepseek-v3-010,agent-openrouter-deepseek-v3-008,agent-openrouter-deepseek-v3-008",7,1,1,0.7751004016064257
pretrain,medical_qa_391,"agent-openrouter-deepseek-v3-008,agent-openrouter-deepseek-v3-009,agent-openrouter-deepseek-v3-007,agent-openrouter-deepseek-v3-008,agent-openrouter-deepseek-v3-008",5,1,1,0.776
pretrain,medical_qa_1124,"agent-openrouter-deepseek-v3-007,agent-openrouter-deepseek-v3-009,agent-openrouter-deepseek-v3-008,agent-openrouter-deepseek-v3-007,agent-openrouter-deepseek-v3-009,agent-openrouter-deepseek-v3-008",6,1,1,0.7768924302788844
pretrain,medical_qa_481,"agent-openrouter-deepseek-v3-009,agent-openrouter-deepseek-v3-008,agent-openrouter-deepseek-v3-007,agent-openrouter-deepseek-v3-009,agent-openrouter-deepseek-v3-008",5,1,1,0.7777777777777778
pretrain,medical_qa_227,"agent-openrouter-deepseek-v3-008,agent-openrouter-deepseek-v3-007,agent-openrouter-deepseek-v3-009",3,1,1,0.7786561264822134
pretrain,medical_qa_204,"agent-openrouter-deepseek-v3-007,agent-openrouter-deepseek-v3-009,agent-openrouter-deepseek-v3-008,agent-openrouter-deepseek-v3-008",4,0,1,0.7755905511811023
pretrain,medical_qa_1113,"agent-openrouter-deepseek-v3-009,agent-openrouter-deepseek-v3-008,agent-openrouter-deepseek-v3-007,agent-openrouter-deepseek-v3-009,agent-openrouter-deepseek-v3-008",5,1,1,0.7764705882352941
pretrain,medical_qa_358,"agent-openrouter-deepseek-v3-006,agent-openrouter-deepseek-v3-008,agent-openrouter-deepseek-v3-007,agent-openrouter-deepseek-v3-008",4,1,1,0.77734375
pretrain,medical_qa_312,"agent-openrouter-deepseek-v3-009,agent-openrouter-deepseek-v3-008,agent-openrouter-deepseek-v3-007,agent-openrouter-deepseek-v3-009,agent-openrouter-deepseek-v3-008",5,0,1,0.77431906614786
pretrain,medical_qa_814,"agent-openrouter-deepseek-v3-008,agent-openrouter-deepseek-v3-009,agent-openrouter-deepseek-v3-007,agent-openrouter-deepseek-v3-008,agent-openrouter-deepseek-v3-008",5,1,1,0.7751937984496124
pretrain,medical_qa_233,"agent-openrouter-deepseek-v3-008,agent-openrouter-deepseek-v3-009,agent-openrouter-deepseek-v3-007,agent-openrouter-deepseek-v3-008,agent-openrouter-deepseek-v3-008",5,1,1,0.7760617760617761
pretrain,medical_qa_1146,"agent-openrouter-deepseek-v3-006,agent-openrouter-deepseek-v3-008,agent-openrouter-deepseek-v3-009,agent-openrouter-deepseek-v3-007,agent-openrouter-deepseek-v3-006,agent-openrouter-deepseek-v3-008",6,0,1,0.7730769230769231
pretrain,medical_qa_24,"agent-openrouter-deepseek-v3-009,agent-openrouter-deepseek-v3-007,agent-openrouter-deepseek-v3-008,agent-openrouter-deepseek-v3-009,agent-openrouter-deepseek-v3-006,agent-openrouter-deepseek-v3-006",6,1,1,0.7739463601532567
pretrain,medical_qa_675,"agent-openrouter-deepseek-v3-010,agent-openrouter-deepseek-v3-009,agent-openrouter-deepseek-v3-008,agent-openrouter-deepseek-v3-010,agent-openrouter-deepseek-v3-010,agent-openrouter-deepseek-v3-008",6,1,1,0.7748091603053435
pretrain,medical_qa_197,"agent-openrouter-deepseek-v3-007,agent-openrouter-deepseek-v3-008,agent-openrouter-deepseek-v3-009,agent-openrouter-deepseek-v3-008,agent-openrouter-deepseek-v3-007,agent-openrouter-deepseek-v3-008",6,1,1,0.7756653992395437
pretrain,medical_qa_408,"agent-openrouter-deepseek-v3-007,agent-openrouter-deepseek-v3-008,agent-openrouter-deepseek-v3-009,agent-openrouter-deepseek-v3-009,agent-openrouter-deepseek-v3-008",5,1,1,0.7765151515151515
pretrain,medical_qa_336,"agent-openrouter-deepseek-v3-007,agent-openrouter-deepseek-v3-009,agent-openrouter-deepseek-v3-008,agent-openrouter-deepseek-v3-007,agent-openrouter-deepseek-v3-008",5,0,1,0.7735849056603774
pretrain,medical_qa_1176,"agent-openrouter-deepseek-v3-007,agent-openrouter-deepseek-v3-009,agent-openrouter-deepseek-v3-008,agent-openrouter-deepseek-v3-007,agent-openrouter-deepseek-v3-007,agent-openrouter-deepseek-v3-008",6,0,1,0.7706766917293233
pretrain,medical_qa_71,"agent-openrouter-deepseek-v3-007,agent-openrouter-deepseek-v3-009,agent-openrouter-deepseek-v3-008,agent-openrouter-deepseek-v3-008,agent-openrouter-deepseek-v3-007,agent-openrouter-deepseek-v3-008",6,1,1,0.7715355805243446
pretrain,medical_qa_791,"agent-openrouter-deepseek-v3-009,agent-openrouter-deepseek-v3-008,agent-openrouter-deepseek-v3-007,agent-openrouter-deepseek-v3-008,agent-openrouter-deepseek-v3-009,agent-openrouter-deepseek-v3-008",6,0,1,0.7686567164179104
pretrain,medical_qa_807,"agent-openrouter-deepseek-v3-009,agent-openrouter-deepseek-v3-006,agent-openrouter-deepseek-v3-008,agent-openrouter-deepseek-v3-006,agent-openrouter-deepseek-v3-006,agent-openrouter-deepseek-v3-008",6,1,1,0.7695167286245354
pretrain,medical_qa_359,"agent-openrouter-deepseek-v3-007,agent-openrouter-deepseek-v3-008,agent-openrouter-deepseek-v3-009,agent-openrouter-deepseek-v3-008,agent-openrouter-deepseek-v3-008",5,1,1,0.7703703703703704
pretrain,medical_qa_656,"agent-openrouter-deepseek-v3-007,agent-openrouter-deepseek-v3-009,agent-openrouter-deepseek-v3-008,agent-openrouter-deepseek-v3-009",4,1,1,0.7712177121771218
pretrain,medical_qa_521,"agent-openrouter-deepseek-v3-009,agent-openrouter-deepseek-v3-006,agent-openrouter-deepseek-v3-008,agent-openrouter-deepseek-v3-006,agent-openrouter-deepseek-v3-009,agent-openrouter-deepseek-v3-008",6,1,1,0.7720588235294118
pretrain,medical_qa_409,"agent-openrouter-deepseek-v3-007,agent-openrouter-deepseek-v3-009,agent-openrouter-deepseek-v3-008,agent-openrouter-deepseek-v3-008,agent-openrouter-deepseek-v3-008",5,1,1,0.7728937728937729
pretrain,medical_qa_695,"agent-openrouter-deepseek-v3-007,agent-openrouter-deepseek-v3-009,agent-openrouter-deepseek-v3-008,agent-openrouter-deepseek-v3-007,agent-openrouter-deepseek-v3-007,agent-openrouter-deepseek-v3-008",6,1,1,0.7737226277372263
pretrain,medical_qa_549,"agent-openrouter-deepseek-v3-007,agent-openrouter-deepseek-v3-009,agent-openrouter-deepseek-v3-008,agent-openrouter-deepseek-v3-007,agent-openrouter-deepseek-v3-008",5,1,1,0.7745454545454545
pretrain,medical_qa_339,"agent-openrouter-deepseek-v3-006,agent-openrouter-deepseek-v3-009,agent-openrouter-deepseek-v3-007,agent-openrouter-deepseek-v3-007,agent-openrouter-deepseek-v3-008",5,1,1,0.7753623188405797
pretrain,medical_qa_28,"agent-openrouter-deepseek-v3-009,agent-openrouter-deepseek-v3-008,agent-openrouter-deepseek-v3-007,agent-openrouter-deepseek-v3-008,agent-openrouter-deepseek-v3-008,agent-openrouter-deepseek-v3-008",6,1,1,0.776173285198556
pretrain,medical_qa_917,"agent-openrouter-deepseek-v3-008,agent-openrouter-deepseek-v3-007,agent-openrouter-deepseek-v3-009,agent-openrouter-deepseek-v3-008,agent-openrouter-deepseek-v3-008",5,1,1,0.7769784172661871
pretrain,medical_qa_972,"agent-openrouter-deepseek-v3-008,agent-openrouter-deepseek-v3-006,agent-openrouter-deepseek-v3-007,agent-openrouter-deepseek-v3-008,agent-openrouter-deepseek-v3-008",5,1,1,0.7777777777777778
pretrain,medical_qa_182,"agent-openrouter-deepseek-v3-007,agent-openrouter-deepseek-v3-009,agent-openrouter-deepseek-v3-008,agent-openrouter-deepseek-v3-007,agent-openrouter-deepseek-v3-008",5,1,1,0.7785714285714286
pretrain,medical_qa_594,"agent-openrouter-deepseek-v3-007,agent-openrouter-deepseek-v3-009,agent-openrouter-deepseek-v3-008,agent-openrouter-deepseek-v3-007,agent-openrouter-deepseek-v3-007,agent-openrouter-deepseek-v3-008",6,1,1,0.7793594306049823
pretrain,medical_qa_1198,"agent-openrouter-deepseek-v3-006,agent-openrouter-deepseek-v3-009,agent-openrouter-deepseek-v3-008,agent-openrouter-deepseek-v3-007,agent-openrouter-deepseek-v3-007,agent-openrouter-deepseek-v3-006,agent-openrouter-deepseek-v3-008",7,0,1,0.776595744680851
pretrain,medical_qa_822,"agent-openrouter-deepseek-v3-007,agent-openrouter-deepseek-v3-008,agent-openrouter-deepseek-v3-009,agent-openrouter-deepseek-v3-007,agent-openrouter-deepseek-v3-007",5,0,1,0.773851590106007
pretrain,medical_qa_111,"agent-openrouter-deepseek-v3-007,agent-openrouter-deepseek-v3-009,agent-openrouter-deepseek-v3-008,agent-openrouter-deepseek-v3-009",4,1,1,0.7746478873239436
pretrain,medical_qa_610,"agent-openrouter-deepseek-v3-009,agent-openrouter-deepseek-v3-007,agent-openrouter-deepseek-v3-008,agent-openrouter-deepseek-v3-008,agent-openrouter-deepseek-v3-009,agent-openrouter-deepseek-v3-009,agent-openrouter-deepseek-v3-009,agent-openrouter-deepseek-v3-008",8,1,1,0.775438596491228
pretrain,medical_qa_444,"agent-openrouter-deepseek-v3-008,agent-openrouter-deepseek-v3-009,agent-openrouter-deepseek-v3-007,agent-openrouter-deepseek-v3-008,agent-openrouter-deepseek-v3-008,agent-openrouter-deepseek-v3-009,agent-openrouter-deepseek-v3-008",7,1,1,0.7762237762237763
pretrain,medical_qa_353,"agent-openrouter-deepseek-v3-007,agent-openrouter-deepseek-v3-009,agent-openrouter-deepseek-v3-008,agent-openrouter-deepseek-v3-008,agent-openrouter-deepseek-v3-008",5,1,1,0.7770034843205574
pretrain,medical_qa_746,"agent-openrouter-deepseek-v3-009,agent-openrouter-deepseek-v3-007,agent-openrouter-deepseek-v3-008",3,1,1,0.7777777777777778
pretrain,medical_qa_1072,"agent-openrouter-deepseek-v3-008,agent-openrouter-deepseek-v3-007,agent-openrouter-deepseek-v3-010,agent-openrouter-deepseek-v3-008,agent-openrouter-deepseek-v3-008,agent-openrouter-deepseek-v3-008",6,1,1,0.7785467128027682
pretrain,medical_qa_446,"agent-openrouter-deepseek-v3-009,agent-openrouter-deepseek-v3-007,agent-openrouter-deepseek-v3-008,agent-openrouter-deepseek-v3-009,agent-openrouter-deepseek-v3-009,agent-openrouter-deepseek-v3-009,agent-openrouter-deepseek-v3-008",7,1,1,0.7793103448275862
pretrain,medical_qa_620,"agent-openrouter-deepseek-v3-007,agent-openrouter-deepseek-v3-009,agent-openrouter-deepseek-v3-008,agent-openrouter-deepseek-v3-008",4,1,1,0.7800687285223368
pretrain,medical_qa_523,"agent-openrouter-deepseek-v3-008,agent-openrouter-deepseek-v3-007,agent-openrouter-deepseek-v3-009,agent-openrouter-deepseek-v3-008,agent-openrouter-deepseek-v3-007,agent-openrouter-deepseek-v3-008",6,1,1,0.7808219178082192
pretrain,medical_qa_795,"agent-openrouter-deepseek-v3-010,agent-openrouter-deepseek-v3-008,agent-openrouter-deepseek-v3-009,agent-openrouter-deepseek-v3-010,agent-openrouter-deepseek-v3-008",5,1,1,0.7815699658703071
pretrain,medical_qa_394,"agent-openrouter-deepseek-v3-007,agent-openrouter-deepseek-v3-009,agent-openrouter-deepseek-v3-008,agent-openrouter-deepseek-v3-007,agent-openrouter-deepseek-v3-009,agent-openrouter-deepseek-v3-008",6,0,1,0.7789115646258503
pretrain,medical_qa_590,"agent-openrouter-deepseek-v3-009,agent-openrouter-deepseek-v3-008,agent-openrouter-deepseek-v3-007,agent-openrouter-deepseek-v3-009,agent-openrouter-deepseek-v3-008",5,1,1,0.7796610169491526
pretrain,medical_qa_1181,"agent-openrouter-deepseek-v3-007,agent-openrouter-deepseek-v3-009,agent-openrouter-deepseek-v3-008,agent-openrouter-deepseek-v3-008,agent-openrouter-deepseek-v3-008",5,0,1,0.777027027027027
pretrain,medical_qa_260,"agent-openrouter-deepseek-v3-007,agent-openrouter-deepseek-v3-008,agent-openrouter-deepseek-v3-009,agent-openrouter-deepseek-v3-008,agent-openrouter-deepseek-v3-008,agent-openrouter-deepseek-v3-008",6,0,1,0.7744107744107744
pretrain,medical_qa_1144,"agent-openrouter-deepseek-v3-007,agent-openrouter-deepseek-v3-010,agent-openrouter-deepseek-v3-008,agent-openrouter-deepseek-v3-008",4,1,1,0.7751677852348994
pretrain,medical_qa_1066,"agent-openrouter-deepseek-v3-008,agent-openrouter-deepseek-v3-009,agent-openrouter-deepseek-v3-007,agent-openrouter-deepseek-v3-009,agent-openrouter-deepseek-v3-007,agent-openrouter-deepseek-v3-007,agent-openrouter-deepseek-v3-007",7,1,1,0.7759197324414716
pretrain,medical_qa_783,"agent-openrouter-deepseek-v3-007,agent-openrouter-deepseek-v3-008,agent-openrouter-deepseek-v3-009,agent-openrouter-deepseek-v3-008,agent-openrouter-deepseek-v3-008,agent-openrouter-deepseek-v3-008",6,1,1,0.7766666666666666
pretrain,medical_qa_1127,"agent-openrouter-deepseek-v3-008,agent-openrouter-deepseek-v3-009,agent-openrouter-deepseek-v3-007,agent-openrouter-deepseek-v3-008,agent-openrouter-deepseek-v3-008,agent-openrouter-deepseek-v3-008,agent-openrouter-deepseek-v3-008",7,1,1,0.7774086378737541
pretrain,medical_qa_532,"agent-openrouter-deepseek-v3-009,agent-openrouter-deepseek-v3-007,agent-openrouter-deepseek-v3-008,agent-openrouter-deepseek-v3-009,agent-openrouter-deepseek-v3-008",5,0,1,0.7748344370860927
pretrain,medical_qa_551,"agent-openrouter-deepseek-v3-007,agent-openrouter-deepseek-v3-009,agent-openrouter-deepseek-v3-008,agent-openrouter-deepseek-v3-008",4,1,1,0.7755775577557755
pretrain,medical_qa_904,"agent-openrouter-deepseek-v3-007,agent-openrouter-deepseek-v3-009,agent-openrouter-deepseek-v3-008,agent-openrouter-deepseek-v3-007,agent-openrouter-deepseek-v3-008",5,1,1,0.7763157894736842
pretrain,medical_qa_736,"agent-openrouter-deepseek-v3-007,agent-openrouter-deepseek-v3-008,agent-openrouter-deepseek-v3-009,agent-openrouter-deepseek-v3-007,agent-openrouter-deepseek-v3-008",5,1,1,0.7770491803278688
pretrain,medical_qa_992,"agent-openrouter-deepseek-v3-008,agent-openrouter-deepseek-v3-009,agent-openrouter-deepseek-v3-007,agent-openrouter-deepseek-v3-008,agent-openrouter-deepseek-v3-008",5,1,1,0.7777777777777778
pretrain,medical_qa_925,"agent-openrouter-deepseek-v3-007,agent-openrouter-deepseek-v3-008,agent-openrouter-deepseek-v3-009,agent-openrouter-deepseek-v3-007,agent-openrouter-deepseek-v3-007",5,1,1,0.7785016286644951
pretrain,medical_qa_686,"agent-openrouter-deepseek-v3-008,agent-openrouter-deepseek-v3-007,agent-openrouter-deepseek-v3-009,agent-openrouter-deepseek-v3-008,agent-openrouter-deepseek-v3-008,agent-openrouter-deepseek-v3-008",6,1,1,0.7792207792207793
pretrain,medical_qa_1061,"agent-openrouter-deepseek-v3-007,agent-openrouter-deepseek-v3-009,agent-openrouter-deepseek-v3-008,agent-openrouter-deepseek-v3-008,agent-openrouter-deepseek-v3-009,agent-openrouter-deepseek-v3-009,agent-openrouter-deepseek-v3-008",7,1,1,0.7799352750809061
pretrain,medical_qa_372,"agent-openrouter-deepseek-v3-007,agent-openrouter-deepseek-v3-009,agent-openrouter-deepseek-v3-008,agent-openrouter-deepseek-v3-009,agent-openrouter-deepseek-v3-008",5,0,1,0.7774193548387097
pretrain,medical_qa_441,"agent-openrouter-deepseek-v3-007,agent-openrouter-deepseek-v3-008,agent-openrouter-deepseek-v3-009,agent-openrouter-deepseek-v3-007,agent-openrouter-deepseek-v3-008",5,1,1,0.7781350482315113
pretrain,medical_qa_930,"agent-openrouter-deepseek-v3-007,agent-openrouter-deepseek-v3-009,agent-openrouter-deepseek-v3-008,agent-openrouter-deepseek-v3-008",4,1,1,0.7788461538461539
pretrain,medical_qa_680,"agent-openrouter-deepseek-v3-007,agent-openrouter-deepseek-v3-008,agent-openrouter-deepseek-v3-009,agent-openrouter-deepseek-v3-007,agent-openrouter-deepseek-v3-008",5,1,1,0.7795527156549521
pretrain,medical_qa_1109,"agent-openrouter-deepseek-v3-009,agent-openrouter-deepseek-v3-007,agent-openrouter-deepseek-v3-008,agent-openrouter-deepseek-v3-010,agent-openrouter-deepseek-v3-007",5,1,1,0.7802547770700637
pretrain,medical_qa_1102,"agent-openrouter-deepseek-v3-008,agent-openrouter-deepseek-v3-009,agent-openrouter-deepseek-v3-007,agent-openrouter-deepseek-v3-008,agent-openrouter-deepseek-v3-009,agent-openrouter-deepseek-v3-008",6,1,1,0.780952380952381
pretrain,medical_qa_784,"agent-openrouter-deepseek-v3-009,agent-openrouter-deepseek-v3-008,agent-openrouter-deepseek-v3-007,agent-openrouter-deepseek-v3-008,agent-openrouter-deepseek-v3-008,agent-openrouter-deepseek-v3-008",6,0,1,0.7784810126582279
pretrain,medical_qa_922,"agent-openrouter-deepseek-v3-009,agent-openrouter-deepseek-v3-007,agent-openrouter-deepseek-v3-008,agent-openrouter-deepseek-v3-009,agent-openrouter-deepseek-v3-008",5,1,1,0.7791798107255521
pretrain,medical_qa_127,"agent-openrouter-deepseek-v3-009,agent-openrouter-deepseek-v3-008,agent-openrouter-deepseek-v3-007,agent-openrouter-deepseek-v3-007,agent-openrouter-deepseek-v3-008",5,1,1,0.779874213836478
pretrain,medical_qa_737,"agent-openrouter-deepseek-v3-009,agent-openrouter-deepseek-v3-007,agent-openrouter-deepseek-v3-008,agent-openrouter-deepseek-v3-009,agent-openrouter-deepseek-v3-008",5,1,1,0.780564263322884
pretrain,medical_qa_961,"agent-openrouter-deepseek-v3-010,agent-openrouter-deepseek-v3-007,agent-openrouter-deepseek-v3-006,agent-openrouter-deepseek-v3-010,agent-openrouter-deepseek-v3-010,agent-openrouter-deepseek-v3-008",6,0,1,0.778125
pretrain,medical_qa_519,"agent-openrouter-deepseek-v3-009,agent-openrouter-deepseek-v3-006,agent-openrouter-deepseek-v3-008,agent-openrouter-deepseek-v3-009,agent-openrouter-deepseek-v3-008",5,1,1,0.778816199376947
pretrain,medical_qa_316,"agent-openrouter-deepseek-v3-010,agent-openrouter-deepseek-v3-009,agent-openrouter-deepseek-v3-006,agent-openrouter-deepseek-v3-006,agent-openrouter-deepseek-v3-008",5,1,1,0.7795031055900621
pretrain,medical_qa_935,"agent-openrouter-deepseek-v3-007,agent-openrouter-deepseek-v3-008,agent-openrouter-deepseek-v3-009,agent-openrouter-deepseek-v3-008,agent-openrouter-deepseek-v3-008",5,1,1,0.7801857585139319
pretrain,medical_qa_418,"agent-openrouter-deepseek-v3-009,agent-openrouter-deepseek-v3-008,agent-openrouter-deepseek-v3-007,agent-openrouter-deepseek-v3-008,agent-openrouter-deepseek-v3-008",5,1,1,0.7808641975308642
pretrain,medical_qa_1199,"agent-openrouter-deepseek-v3-008,agent-openrouter-deepseek-v3-010,agent-openrouter-deepseek-v3-007,agent-openrouter-deepseek-v3-010,agent-openrouter-deepseek-v3-010,agent-openrouter-deepseek-v3-008",6,1,1,0.7815384615384615
pretrain,medical_qa_412,"agent-openrouter-deepseek-v3-009,agent-openrouter-deepseek-v3-008,agent-openrouter-deepseek-v3-007,agent-openrouter-deepseek-v3-009,agent-openrouter-deepseek-v3-008,agent-openrouter-deepseek-v3-007",6,1,1,0.7822085889570553
pretrain,medical_qa_713,"agent-openrouter-deepseek-v3-009,agent-openrouter-deepseek-v3-008,agent-openrouter-deepseek-v3-007,agent-openrouter-deepseek-v3-009,agent-openrouter-deepseek-v3-008",5,1,1,0.7828746177370031
pretrain,medical_qa_302,"agent-openrouter-deepseek-v3-008,agent-openrouter-deepseek-v3-007,agent-openrouter-deepseek-v3-009,agent-openrouter-deepseek-v3-008,agent-openrouter-deepseek-v3-008,agent-openrouter-deepseek-v3-008,agent-openrouter-deepseek-v3-008",7,1,1,0.7835365853658537
pretrain,medical_qa_1097,"agent-openrouter-deepseek-v3-007,agent-openrouter-deepseek-v3-009,agent-openrouter-deepseek-v3-008,agent-openrouter-deepseek-v3-008,agent-openrouter-deepseek-v3-008",5,1,1,0.78419452887538
pretrain,medical_qa_863,"agent-openrouter-deepseek-v3-006,agent-openrouter-deepseek-v3-009,agent-openrouter-deepseek-v3-008,agent-openrouter-deepseek-v3-006,agent-openrouter-deepseek-v3-006,agent-openrouter-deepseek-v3-006,agent-openrouter-deepseek-v3-008",7,1,1,0.7848484848484848
pretrain,medical_qa_196,"agent-openrouter-deepseek-v3-008,agent-openrouter-deepseek-v3-009,agent-openrouter-deepseek-v3-007,agent-openrouter-deepseek-v3-009,agent-openrouter-deepseek-v3-008",5,0,1,0.7824773413897281
pretrain,medical_qa_430,"agent-openrouter-deepseek-v3-009,agent-openrouter-deepseek-v3-008,agent-openrouter-deepseek-v3-007,agent-openrouter-deepseek-v3-008",4,1,1,0.7831325301204819
pretrain,medical_qa_914,"agent-openrouter-deepseek-v3-008,agent-openrouter-deepseek-v3-009,agent-openrouter-deepseek-v3-007,agent-openrouter-deepseek-v3-009,agent-openrouter-deepseek-v3-008",5,0,1,0.7807807807807807
pretrain,medical_qa_388,"agent-openrouter-deepseek-v3-007,agent-openrouter-deepseek-v3-009,agent-openrouter-deepseek-v3-008,agent-openrouter-deepseek-v3-006,agent-openrouter-deepseek-v3-006,agent-openrouter-deepseek-v3-008",6,1,1,0.781437125748503
pretrain,medical_qa_693,"agent-openrouter-deepseek-v3-006,agent-openrouter-deepseek-v3-009,agent-openrouter-deepseek-v3-008,agent-openrouter-deepseek-v3-006,agent-openrouter-deepseek-v3-006,agent-openrouter-deepseek-v3-009,agent-openrouter-deepseek-v3-009",7,1,1,0.7820895522388059
pretrain,medical_qa_1264,"agent-openrouter-deepseek-v3-008,agent-openrouter-deepseek-v3-007,agent-openrouter-deepseek-v3-009,agent-openrouter-deepseek-v3-008,agent-openrouter-deepseek-v3-008",5,1,1,0.7827380952380952
pretrain,medical_qa_630,"agent-openrouter-deepseek-v3-009,agent-openrouter-deepseek-v3-007,agent-openrouter-deepseek-v3-008,agent-openrouter-deepseek-v3-009,agent-openrouter-deepseek-v3-008",5,1,1,0.7833827893175074
pretrain,medical_qa_582,"agent-openrouter-deepseek-v3-009,agent-openrouter-deepseek-v3-008,agent-openrouter-deepseek-v3-007,agent-openrouter-deepseek-v3-007",4,0,1,0.7810650887573964
pretrain,medical_qa_308,"agent-openrouter-deepseek-v3-010,agent-openrouter-deepseek-v3-009,agent-openrouter-deepseek-v3-008,agent-openrouter-deepseek-v3-008",4,1,1,0.7817109144542773
pretrain,medical_qa_415,"agent-openrouter-deepseek-v3-008,agent-openrouter-deepseek-v3-009,agent-openrouter-deepseek-v3-007,agent-openrouter-deepseek-v3-008,agent-openrouter-deepseek-v3-008,agent-openrouter-deepseek-v3-008,agent-openrouter-deepseek-v3-008",7,1,1,0.7823529411764706
pretrain,medical_qa_561,"agent-openrouter-deepseek-v3-009,agent-openrouter-deepseek-v3-008,agent-openrouter-deepseek-v3-007,agent-openrouter-deepseek-v3-008,agent-openrouter-deepseek-v3-008,agent-openrouter-deepseek-v3-008",6,1,1,0.782991202346041
pretrain,medical_qa_0,"agent-openrouter-deepseek-v3-007,agent-openrouter-deepseek-v3-008,agent-openrouter-deepseek-v3-009,agent-openrouter-deepseek-v3-007,agent-openrouter-deepseek-v3-007,agent-openrouter-deepseek-v3-007",6,0,1,0.7807017543859649
pretrain,medical_qa_311,"agent-openrouter-deepseek-v3-007,agent-openrouter-deepseek-v3-008,agent-openrouter-deepseek-v3-009,agent-openrouter-deepseek-v3-008,agent-openrouter-deepseek-v3-008",5,1,1,0.7813411078717201
pretrain,medical_qa_293,"agent-openrouter-deepseek-v3-007,agent-openrouter-deepseek-v3-009,agent-openrouter-deepseek-v3-008,agent-openrouter-deepseek-v3-007,agent-openrouter-deepseek-v3-007,agent-openrouter-deepseek-v3-007,agent-openrouter-deepseek-v3-008",7,1,1,0.7819767441860465
pretrain,medical_qa_856,"agent-openrouter-deepseek-v3-007,agent-openrouter-deepseek-v3-009,agent-openrouter-deepseek-v3-008,agent-openrouter-deepseek-v3-007,agent-openrouter-deepseek-v3-007,agent-openrouter-deepseek-v3-009",6,0,1,0.7797101449275362
pretrain,medical_qa_1051,"agent-openrouter-deepseek-v3-006,agent-openrouter-deepseek-v3-009,agent-openrouter-deepseek-v3-008,agent-openrouter-deepseek-v3-007,agent-openrouter-deepseek-v3-007,agent-openrouter-deepseek-v3-008",6,0,1,0.7774566473988439
pretrain,medical_qa_1017,"agent-openrouter-deepseek-v3-009,agent-openrouter-deepseek-v3-007,agent-openrouter-deepseek-v3-008,agent-openrouter-deepseek-v3-008,agent-openrouter-deepseek-v3-008,agent-openrouter-deepseek-v3-008",6,1,1,0.7780979827089337
pretrain,medical_qa_621,"agent-openrouter-deepseek-v3-007,agent-openrouter-deepseek-v3-008,agent-openrouter-deepseek-v3-009,agent-openrouter-deepseek-v3-007,agent-openrouter-deepseek-v3-007,agent-openrouter-deepseek-v3-008",6,0,1,0.7758620689655172
pretrain,medical_qa_670,"agent-openrouter-deepseek-v3-006,agent-openrouter-deepseek-v3-008,agent-openrouter-deepseek-v3-009,agent-openrouter-deepseek-v3-009,agent-openrouter-deepseek-v3-006,agent-openrouter-deepseek-v3-008",6,0,1,0.7736389684813754
pretrain,medical_qa_329,"agent-openrouter-deepseek-v3-009,agent-openrouter-deepseek-v3-008,agent-openrouter-deepseek-v3-006,agent-openrouter-deepseek-v3-009,agent-openrouter-deepseek-v3-008",5,0,1,0.7714285714285715
pretrain,medical_qa_1214,"agent-openrouter-deepseek-v3-007,agent-openrouter-deepseek-v3-008,agent-openrouter-deepseek-v3-009,agent-openrouter-deepseek-v3-007,agent-openrouter-deepseek-v3-009",5,1,1,0.7720797720797721
pretrain,medical_qa_881,"agent-openrouter-deepseek-v3-007,agent-openrouter-deepseek-v3-008,agent-openrouter-deepseek-v3-009,agent-openrouter-deepseek-v3-007,agent-openrouter-deepseek-v3-007,agent-openrouter-deepseek-v3-007,agent-openrouter-deepseek-v3-008",7,1,1,0.7727272727272727
pretrain,medical_qa_721,"agent-openrouter-deepseek-v3-006,agent-openrouter-deepseek-v3-009,agent-openrouter-deepseek-v3-008,agent-openrouter-deepseek-v3-006,agent-openrouter-deepseek-v3-009,agent-openrouter-deepseek-v3-008",6,1,1,0.773371104815864
pretrain,medical_qa_993,"agent-openrouter-deepseek-v3-007,agent-openrouter-deepseek-v3-009,agent-openrouter-deepseek-v3-008,agent-openrouter-deepseek-v3-008",4,1,1,0.7740112994350282
pretrain,medical_qa_948,"agent-openrouter-deepseek-v3-007,agent-openrouter-deepseek-v3-006,agent-openrouter-deepseek-v3-008,agent-openrouter-deepseek-v3-007,agent-openrouter-deepseek-v3-007,agent-openrouter-deepseek-v3-008",6,0,1,0.7718309859154929
pretrain,medical_qa_1156,"agent-openrouter-deepseek-v3-008,agent-openrouter-deepseek-v3-009,agent-openrouter-deepseek-v3-007,agent-openrouter-deepseek-v3-008,agent-openrouter-deepseek-v3-008",5,1,1,0.7724719101123596
pretrain,medical_qa_1040,"agent-openrouter-deepseek-v3-007,agent-openrouter-deepseek-v3-008,agent-openrouter-deepseek-v3-009,agent-openrouter-deepseek-v3-008,agent-openrouter-deepseek-v3-007,agent-openrouter-deepseek-v3-008",6,1,1,0.773109243697479
pretrain,medical_qa_173,"agent-openrouter-deepseek-v3-010,agent-openrouter-deepseek-v3-009,agent-openrouter-deepseek-v3-007,agent-openrouter-deepseek-v3-007,agent-openrouter-deepseek-v3-007,agent-openrouter-deepseek-v3-008",6,1,1,0.7737430167597765
pretrain,medical_qa_674,"agent-openrouter-deepseek-v3-009,agent-openrouter-deepseek-v3-007,agent-openrouter-deepseek-v3-008,agent-openrouter-deepseek-v3-007,agent-openrouter-deepseek-v3-008",5,1,1,0.7743732590529248
pretrain,medical_qa_86,"agent-openrouter-deepseek-v3-007,agent-openrouter-deepseek-v3-006,agent-openrouter-deepseek-v3-008,agent-openrouter-deepseek-v3-008,agent-openrouter-deepseek-v3-006,agent-openrouter-deepseek-v3-008",6,1,1,0.775
pretrain,medical_qa_290,"agent-openrouter-deepseek-v3-007,agent-openrouter-deepseek-v3-008,agent-openrouter-deepseek-v3-009,agent-openrouter-deepseek-v3-007,agent-openrouter-deepseek-v3-008",5,1,1,0.775623268698061
pretrain,medical_qa_527,"agent-openrouter-deepseek-v3-007,agent-openrouter-deepseek-v3-009,agent-openrouter-deepseek-v3-008,agent-openrouter-deepseek-v3-008,agent-openrouter-deepseek-v3-008",5,1,1,0.7762430939226519
pretrain,medical_qa_756,"agent-openrouter-deepseek-v3-007,agent-openrouter-deepseek-v3-008,agent-openrouter-deepseek-v3-009,agent-openrouter-deepseek-v3-007,agent-openrouter-deepseek-v3-009,agent-openrouter-deepseek-v3-007,agent-openrouter-deepseek-v3-008",7,1,1,0.7768595041322314
pretrain,medical_qa_648,"agent-openrouter-deepseek-v3-007,agent-openrouter-deepseek-v3-008,agent-openrouter-deepseek-v3-009,agent-openrouter-deepseek-v3-007,agent-openrouter-deepseek-v3-008",5,1,1,0.7774725274725275
pretrain,medical_qa_981,"agent-openrouter-deepseek-v3-010,agent-openrouter-deepseek-v3-009,agent-openrouter-deepseek-v3-008,agent-openrouter-deepseek-v3-010,agent-openrouter-deepseek-v3-008",5,1,1,0.7780821917808219
pretrain,medical_qa_343,"agent-openrouter-deepseek-v3-007,agent-openrouter-deepseek-v3-008,agent-openrouter-deepseek-v3-009,agent-openrouter-deepseek-v3-008,agent-openrouter-deepseek-v3-008,agent-openrouter-deepseek-v3-008",6,1,1,0.7786885245901639
pretrain,medical_qa_95,"agent-openrouter-deepseek-v3-008,agent-openrouter-deepseek-v3-007,agent-openrouter-deepseek-v3-009,agent-openrouter-deepseek-v3-008,agent-openrouter-deepseek-v3-008",5,1,1,0.779291553133515
pretrain,medical_qa_1019,"agent-openrouter-deepseek-v3-007,agent-openrouter-deepseek-v3-010,agent-openrouter-deepseek-v3-006,agent-openrouter-deepseek-v3-007,agent-openrouter-deepseek-v3-010",5,1,1,0.779891304347826
pretrain,medical_qa_688,"agent-openrouter-deepseek-v3-007,agent-openrouter-deepseek-v3-009,agent-openrouter-deepseek-v3-008,agent-openrouter-deepseek-v3-007,agent-openrouter-deepseek-v3-008",5,0,1,0.7777777777777778
pretrain,medical_qa_1023,"agent-openrouter-deepseek-v3-009,agent-openrouter-deepseek-v3-007,agent-openrouter-deepseek-v3-008,agent-openrouter-deepseek-v3-008,agent-openrouter-deepseek-v3-009,agent-openrouter-deepseek-v3-008",6,1,1,0.7783783783783784
pretrain,medical_qa_230,"agent-openrouter-deepseek-v3-006,agent-openrouter-deepseek-v3-008,agent-openrouter-deepseek-v3-007,agent-openrouter-deepseek-v3-006,agent-openrouter-deepseek-v3-006,agent-openrouter-deepseek-v3-008,agent-openrouter-deepseek-v3-008",7,1,1,0.7789757412398922
pretrain,medical_qa_203,"agent-openrouter-deepseek-v3-007,agent-openrouter-deepseek-v3-009,agent-openrouter-deepseek-v3-008,agent-openrouter-deepseek-v3-009,agent-openrouter-deepseek-v3-009,agent-openrouter-deepseek-v3-008",6,0,1,0.7768817204301075
pretrain,medical_qa_150,"agent-openrouter-deepseek-v3-009,agent-openrouter-deepseek-v3-007,agent-openrouter-deepseek-v3-008,agent-openrouter-deepseek-v3-009,agent-openrouter-deepseek-v3-009,agent-openrouter-deepseek-v3-008",6,1,1,0.7774798927613941
pretrain,medical_qa_838,"agent-openrouter-deepseek-v3-007,agent-openrouter-deepseek-v3-008,agent-openrouter-deepseek-v3-009,agent-openrouter-deepseek-v3-008,agent-openrouter-deepseek-v3-008,agent-openrouter-deepseek-v3-008",6,1,1,0.7780748663101604
pretrain,medical_qa_47,"agent-openrouter-deepseek-v3-009,agent-openrouter-deepseek-v3-007,agent-openrouter-deepseek-v3-008,agent-openrouter-deepseek-v3-008,agent-openrouter-deepseek-v3-008",5,1,1,0.7786666666666666
pretrain,medical_qa_1229,"agent-openrouter-deepseek-v3-008,agent-openrouter-deepseek-v3-007,agent-openrouter-deepseek-v3-006,agent-openrouter-deepseek-v3-006,agent-openrouter-deepseek-v3-008",5,0,1,0.776595744680851
pretrain,medical_qa_486,"agent-openrouter-deepseek-v3-007,agent-openrouter-deepseek-v3-009,agent-openrouter-deepseek-v3-008,agent-openrouter-deepseek-v3-007,agent-openrouter-deepseek-v3-008",5,1,1,0.7771883289124668
pretrain,medical_qa_625,"agent-openrouter-deepseek-v3-007,agent-openrouter-deepseek-v3-009,agent-openrouter-deepseek-v3-008,agent-openrouter-deepseek-v3-007,agent-openrouter-deepseek-v3-008",5,1,1,0.7777777777777778
pretrain,medical_qa_1063,"agent-openrouter-deepseek-v3-008,agent-openrouter-deepseek-v3-010,agent-openrouter-deepseek-v3-009,agent-openrouter-deepseek-v3-008",4,1,1,0.7783641160949868
pretrain,medical_qa_1217,"agent-openrouter-deepseek-v3-008,agent-openrouter-deepseek-v3-009,agent-openrouter-deepseek-v3-007,agent-openrouter-deepseek-v3-008,agent-openrouter-deepseek-v3-009,agent-openrouter-deepseek-v3-008,agent-openrouter-deepseek-v3-008",7,1,1,0.7789473684210526
pretrain,medical_qa_424,"agent-openrouter-deepseek-v3-007,agent-openrouter-deepseek-v3-009,agent-openrouter-deepseek-v3-008,agent-openrouter-deepseek-v3-008,agent-openrouter-deepseek-v3-007,agent-openrouter-deepseek-v3-008",6,1,1,0.7795275590551181
pretrain,medical_qa_1183,"agent-openrouter-deepseek-v3-010,agent-openrouter-deepseek-v3-006,agent-openrouter-deepseek-v3-009,agent-openrouter-deepseek-v3-008,agent-openrouter-deepseek-v3-006,agent-openrouter-deepseek-v3-006,agent-openrouter-deepseek-v3-008",7,1,1,0.7801047120418848
pretrain,medical_qa_589,"agent-openrouter-deepseek-v3-006,agent-openrouter-deepseek-v3-008,agent-openrouter-deepseek-v3-009,agent-openrouter-deepseek-v3-008",4,1,1,0.7806788511749347
pretrain,medical_qa_199,"agent-openrouter-deepseek-v3-007,agent-openrouter-deepseek-v3-008,agent-openrouter-deepseek-v3-009,agent-openrouter-deepseek-v3-007,agent-openrouter-deepseek-v3-008",5,1,1,0.78125
pretrain,medical_qa_1220,"agent-openrouter-deepseek-v3-008,agent-openrouter-deepseek-v3-009,agent-openrouter-deepseek-v3-007,agent-openrouter-deepseek-v3-008,agent-openrouter-deepseek-v3-008,agent-openrouter-deepseek-v3-008",6,1,1,0.7818181818181819
pretrain,medical_qa_506,"agent-openrouter-deepseek-v3-008,agent-openrouter-deepseek-v3-009,agent-openrouter-deepseek-v3-007,agent-openrouter-deepseek-v3-008,agent-openrouter-deepseek-v3-008,agent-openrouter-deepseek-v3-008",6,1,1,0.7823834196891192
pretrain,medical_qa_800,"agent-openrouter-deepseek-v3-008,agent-openrouter-deepseek-v3-009,agent-openrouter-deepseek-v3-007,agent-openrouter-deepseek-v3-008,agent-openrouter-deepseek-v3-009,agent-openrouter-deepseek-v3-008",6,1,1,0.7829457364341085
pretrain,medical_qa_249,"agent-openrouter-deepseek-v3-009,agent-openrouter-deepseek-v3-008,agent-openrouter-deepseek-v3-007,agent-openrouter-deepseek-v3-009,agent-openrouter-deepseek-v3-009,agent-openrouter-deepseek-v3-008",6,1,1,0.7835051546391752
pretrain,medical_qa_1243,"agent-openrouter-deepseek-v3-007,agent-openrouter-deepseek-v3-009,agent-openrouter-deepseek-v3-008,agent-openrouter-deepseek-v3-007,agent-openrouter-deepseek-v3-007,agent-openrouter-deepseek-v3-008",6,1,1,0.7840616966580977
pretrain,medical_qa_671,"agent-openrouter-deepseek-v3-009,agent-openrouter-deepseek-v3-008,agent-openrouter-deepseek-v3-007,agent-openrouter-deepseek-v3-008",4,1,1,0.7846153846153846
pretrain,medical_qa_5,"agent-openrouter-deepseek-v3-006,agent-openrouter-deepseek-v3-009,agent-openrouter-deepseek-v3-008,agent-openrouter-deepseek-v3-006,agent-openrouter-deepseek-v3-009,agent-openrouter-deepseek-v3-009",6,1,1,0.7851662404092071
pretrain,medical_qa_915,"agent-openrouter-deepseek-v3-009,agent-openrouter-deepseek-v3-007,agent-openrouter-deepseek-v3-008,agent-openrouter-deepseek-v3-009,agent-openrouter-deepseek-v3-009,agent-openrouter-deepseek-v3-008",6,1,1,0.7857142857142857
pretrain,medical_qa_1221,"agent-openrouter-deepseek-v3-007,agent-openrouter-deepseek-v3-008,agent-openrouter-deepseek-v3-009,agent-openrouter-deepseek-v3-008,agent-openrouter-deepseek-v3-008",5,1,1,0.7862595419847328
pretrain,medical_qa_1162,"agent-openrouter-deepseek-v3-006,agent-openrouter-deepseek-v3-007,agent-openrouter-deepseek-v3-008,agent-openrouter-deepseek-v3-008,agent-openrouter-deepseek-v3-008",5,1,1,0.7868020304568528
pretrain,medical_qa_180,"agent-openrouter-deepseek-v3-007,agent-openrouter-deepseek-v3-009,agent-openrouter-deepseek-v3-008,agent-openrouter-deepseek-v3-007,agent-openrouter-deepseek-v3-009,agent-openrouter-deepseek-v3-009,agent-openrouter-deepseek-v3-008",7,0,1,0.7848101265822784
pretrain,medical_qa_530,"agent-openrouter-deepseek-v3-008,agent-openrouter-deepseek-v3-009,agent-openrouter-deepseek-v3-007,agent-openrouter-deepseek-v3-008,agent-openrouter-deepseek-v3-008",5,1,1,0.7853535353535354
pretrain,medical_qa_475,"agent-openrouter-deepseek-v3-009,agent-openrouter-deepseek-v3-007,agent-openrouter-deepseek-v3-008,agent-openrouter-deepseek-v3-009,agent-openrouter-deepseek-v3-006,agent-openrouter-deepseek-v3-008",6,1,1,0.7858942065491183
pretrain,medical_qa_1165,"agent-openrouter-deepseek-v3-009,agent-openrouter-deepseek-v3-008,agent-openrouter-deepseek-v3-007,agent-openrouter-deepseek-v3-009",4,1,1,0.7864321608040201
pretrain,medical_qa_1049,"agent-openrouter-deepseek-v3-009,agent-openrouter-deepseek-v3-008,agent-openrouter-deepseek-v3-007,agent-openrouter-deepseek-v3-009,agent-openrouter-deepseek-v3-009,agent-openrouter-deepseek-v3-008,agent-openrouter-deepseek-v3-008",7,1,1,0.7869674185463659
pretrain,medical_qa_869,"agent-openrouter-deepseek-v3-007,agent-openrouter-deepseek-v3-009,agent-openrouter-deepseek-v3-008,agent-openrouter-deepseek-v3-007,agent-openrouter-deepseek-v3-007,agent-openrouter-deepseek-v3-007,agent-openrouter-deepseek-v3-009",7,0,1,0.785
pretrain,medical_qa_1060,"agent-openrouter-deepseek-v3-009,agent-openrouter-deepseek-v3-008,agent-openrouter-deepseek-v3-007,agent-openrouter-deepseek-v3-009,agent-openrouter-deepseek-v3-009,agent-openrouter-deepseek-v3-008",6,0,1,0.7830423940149626
pretrain,medical_qa_467,"agent-openrouter-deepseek-v3-008,agent-openrouter-deepseek-v3-009,agent-openrouter-deepseek-v3-007,agent-openrouter-deepseek-v3-008,agent-openrouter-deepseek-v3-008,agent-openrouter-deepseek-v3-008",6,1,1,0.7835820895522388
pretrain,medical_qa_136,"agent-openrouter-deepseek-v3-009,agent-openrouter-deepseek-v3-008,agent-openrouter-deepseek-v3-007,agent-openrouter-deepseek-v3-009,agent-openrouter-deepseek-v3-008",5,1,1,0.7841191066997518
pretrain,medical_qa_1082,"agent-openrouter-deepseek-v3-009,agent-openrouter-deepseek-v3-007,agent-openrouter-deepseek-v3-008,agent-openrouter-deepseek-v3-009,agent-openrouter-deepseek-v3-008",5,1,1,0.7846534653465347
pretrain,medical_qa_1004,"agent-openrouter-deepseek-v3-007,agent-openrouter-deepseek-v3-009,agent-openrouter-deepseek-v3-008,agent-openrouter-deepseek-v3-008,agent-openrouter-deepseek-v3-009,agent-openrouter-deepseek-v3-009,agent-openrouter-deepseek-v3-008",7,0,1,0.782716049382716
pretrain,medical_qa_572,"agent-openrouter-deepseek-v3-007,agent-openrouter-deepseek-v3-008,agent-openrouter-deepseek-v3-009,agent-openrouter-deepseek-v3-008,agent-openrouter-deepseek-v3-008",5,0,1,0.7807881773399015
pretrain,medical_qa_1115,"agent-openrouter-deepseek-v3-009,agent-openrouter-deepseek-v3-007,agent-openrouter-deepseek-v3-008,agent-openrouter-deepseek-v3-009,agent-openrouter-deepseek-v3-009,agent-openrouter-deepseek-v3-009,agent-openrouter-deepseek-v3-009",7,1,1,0.7813267813267813
pretrain,medical_qa_324,"agent-openrouter-deepseek-v3-009,agent-openrouter-deepseek-v3-008,agent-openrouter-deepseek-v3-006,agent-openrouter-deepseek-v3-009,agent-openrouter-deepseek-v3-009,agent-openrouter-deepseek-v3-008",6,1,1,0.7818627450980392
pretrain,medical_qa_453,"agent-openrouter-deepseek-v3-009,agent-openrouter-deepseek-v3-007,agent-openrouter-deepseek-v3-008,agent-openrouter-deepseek-v3-007,agent-openrouter-deepseek-v3-008",5,1,1,0.78239608801956
pretrain,medical_qa_627,"agent-openrouter-deepseek-v3-007,agent-openrouter-deepseek-v3-006,agent-openrouter-deepseek-v3-008,agent-openrouter-deepseek-v3-007,agent-openrouter-deepseek-v3-008",5,0,1,0.7804878048780488
pretrain,medical_qa_516,"agent-openrouter-deepseek-v3-009,agent-openrouter-deepseek-v3-007,agent-openrouter-deepseek-v3-008,agent-openrouter-deepseek-v3-009,agent-openrouter-deepseek-v3-008",5,1,1,0.781021897810219
pretrain,medical_qa_436,"agent-openrouter-deepseek-v3-008,agent-openrouter-deepseek-v3-007,agent-openrouter-deepseek-v3-009,agent-openrouter-deepseek-v3-008,agent-openrouter-deepseek-v3-008",5,1,1,0.7815533980582524
pretrain,medical_qa_732,"agent-openrouter-deepseek-v3-007,agent-openrouter-deepseek-v3-008,agent-openrouter-deepseek-v3-009,agent-openrouter-deepseek-v3-009,agent-openrouter-deepseek-v3-008",5,1,1,0.7820823244552058
pretrain,medical_qa_456,"agent-openrouter-deepseek-v3-009,agent-openrouter-deepseek-v3-007,agent-openrouter-deepseek-v3-008,agent-openrouter-deepseek-v3-009,agent-openrouter-deepseek-v3-009,agent-openrouter-deepseek-v3-008",6,1,1,0.782608695652174
pretrain,medical_qa_162,"agent-openrouter-deepseek-v3-007,agent-openrouter-deepseek-v3-009,agent-openrouter-deepseek-v3-008,agent-openrouter-deepseek-v3-008",4,1,1,0.7831325301204819
pretrain,medical_qa_1147,"agent-openrouter-deepseek-v3-010,agent-openrouter-deepseek-v3-009,agent-openrouter-deepseek-v3-008,agent-openrouter-deepseek-v3-009,agent-openrouter-deepseek-v3-010,agent-openrouter-deepseek-v3-010",6,1,1,0.7836538461538461
pretrain,medical_qa_1094,"agent-openrouter-deepseek-v3-007,agent-openrouter-deepseek-v3-009,agent-openrouter-deepseek-v3-008,agent-openrouter-deepseek-v3-007,agent-openrouter-deepseek-v3-008",5,0,1,0.7817745803357314
pretrain,medical_qa_265,"agent-openrouter-deepseek-v3-007,agent-openrouter-deepseek-v3-006,agent-openrouter-deepseek-v3-008,agent-openrouter-deepseek-v3-007,agent-openrouter-deepseek-v3-007,agent-openrouter-deepseek-v3-008",6,0,1,0.7799043062200957
pretrain,medical_qa_253,"agent-openrouter-deepseek-v3-009,agent-openrouter-deepseek-v3-007,agent-openrouter-deepseek-v3-008,agent-openrouter-deepseek-v3-007,agent-openrouter-deepseek-v3-008",5,1,1,0.7804295942720764
pretrain,medical_qa_885,"agent-openrouter-deepseek-v3-006,agent-openrouter-deepseek-v3-009,agent-openrouter-deepseek-v3-008,agent-openrouter-deepseek-v3-010,agent-openrouter-deepseek-v3-006,agent-openrouter-deepseek-v3-008",6,0,1,0.7785714285714286
pretrain,medical_qa_891,"agent-openrouter-deepseek-v3-007,agent-openrouter-deepseek-v3-008,agent-openrouter-deepseek-v3-006,agent-openrouter-deepseek-v3-008,agent-openrouter-deepseek-v3-008,agent-openrouter-deepseek-v3-008",6,1,1,0.7790973871733967
pretrain,medical_qa_533,"agent-openrouter-deepseek-v3-007,agent-openrouter-deepseek-v3-008,agent-openrouter-deepseek-v3-009,agent-openrouter-deepseek-v3-007,agent-openrouter-deepseek-v3-008",5,1,1,0.7796208530805687
pretrain,medical_qa_496,"agent-openrouter-deepseek-v3-010,agent-openrouter-deepseek-v3-009,agent-openrouter-deepseek-v3-008,agent-openrouter-deepseek-v3-010,agent-openrouter-deepseek-v3-008",5,1,1,0.7801418439716312
pretrain,medical_qa_641,"agent-openrouter-deepseek-v3-009,agent-openrouter-deepseek-v3-007,agent-openrouter-deepseek-v3-008,agent-openrouter-deepseek-v3-009,agent-openrouter-deepseek-v3-008",5,1,1,0.7806603773584906
pretrain,medical_qa_967,"agent-openrouter-deepseek-v3-009,agent-openrouter-deepseek-v3-007,agent-openrouter-deepseek-v3-008,agent-openrouter-deepseek-v3-009,agent-openrouter-deepseek-v3-008",5,1,1,0.7811764705882352
pretrain,medical_qa_281,"agent-openrouter-deepseek-v3-007,agent-openrouter-deepseek-v3-009,agent-openrouter-deepseek-v3-008,agent-openrouter-deepseek-v3-009,agent-openrouter-deepseek-v3-008",5,1,1,0.7816901408450704
pretrain,medical_qa_450,"agent-openrouter-deepseek-v3-009,agent-openrouter-deepseek-v3-008,agent-openrouter-deepseek-v3-007,agent-openrouter-deepseek-v3-008,agent-openrouter-deepseek-v3-008,agent-openrouter-deepseek-v3-008,agent-openrouter-deepseek-v3-008",7,1,1,0.7822014051522248
pretrain,medical_qa_79,"agent-openrouter-deepseek-v3-009,agent-openrouter-deepseek-v3-008,agent-openrouter-deepseek-v3-007,agent-openrouter-deepseek-v3-007,agent-openrouter-deepseek-v3-008",5,1,1,0.7827102803738317
pretrain,medical_qa_1178,"agent-openrouter-deepseek-v3-007,agent-openrouter-deepseek-v3-008,agent-openrouter-deepseek-v3-009,agent-openrouter-deepseek-v3-009,agent-openrouter-deepseek-v3-008",5,1,1,0.7832167832167832
pretrain,medical_qa_705,"agent-openrouter-deepseek-v3-007,agent-openrouter-deepseek-v3-009,agent-openrouter-deepseek-v3-008,agent-openrouter-deepseek-v3-007,agent-openrouter-deepseek-v3-008",5,1,1,0.7837209302325582
pretrain,medical_qa_916,"agent-openrouter-deepseek-v3-010,agent-openrouter-deepseek-v3-009,agent-openrouter-deepseek-v3-008,agent-openrouter-deepseek-v3-006,agent-openrouter-deepseek-v3-007",5,1,1,0.7842227378190255
pretrain,medical_qa_943,"agent-openrouter-deepseek-v3-007,agent-openrouter-deepseek-v3-009,agent-openrouter-deepseek-v3-008,agent-openrouter-deepseek-v3-009,agent-openrouter-deepseek-v3-008",5,1,1,0.7847222222222222
pretrain,medical_qa_1160,"agent-openrouter-deepseek-v3-009,agent-openrouter-deepseek-v3-007,agent-openrouter-deepseek-v3-008,agent-openrouter-deepseek-v3-009,agent-openrouter-deepseek-v3-008",5,1,1,0.7852193995381063
pretrain,medical_qa_553,"agent-openrouter-deepseek-v3-006,agent-openrouter-deepseek-v3-009,agent-openrouter-deepseek-v3-008,agent-openrouter-deepseek-v3-006,agent-openrouter-deepseek-v3-008",5,1,1,0.7857142857142857
pretrain,medical_qa_999,"agent-openrouter-deepseek-v3-008,agent-openrouter-deepseek-v3-007,agent-openrouter-deepseek-v3-009,agent-openrouter-deepseek-v3-008,agent-openrouter-deepseek-v3-008,agent-openrouter-deepseek-v3-008",6,1,1,0.7862068965517242
pretrain,medical_qa_1114,"agent-openrouter-deepseek-v3-007,agent-openrouter-deepseek-v3-008,agent-openrouter-deepseek-v3-009,agent-openrouter-deepseek-v3-008",4,0,1,0.7844036697247706
pretrain,medical_qa_1046,"agent-openrouter-deepseek-v3-008,agent-openrouter-deepseek-v3-007,agent-openrouter-deepseek-v3-009,agent-openrouter-deepseek-v3-008,agent-openrouter-deepseek-v3-008,agent-openrouter-deepseek-v3-008,agent-openrouter-deepseek-v3-008",7,1,1,0.7848970251716247
pretrain,medical_qa_236,"agent-openrouter-deepseek-v3-008,agent-openrouter-deepseek-v3-007,agent-openrouter-deepseek-v3-009,agent-openrouter-deepseek-v3-007,agent-openrouter-deepseek-v3-008",5,1,1,0.7853881278538812
pretrain,medical_qa_1055,"agent-openrouter-deepseek-v3-008,agent-openrouter-deepseek-v3-007,agent-openrouter-deepseek-v3-009,agent-openrouter-deepseek-v3-008,agent-openrouter-deepseek-v3-008",5,1,1,0.785876993166287
pretrain,medical_qa_156,"agent-openrouter-deepseek-v3-007,agent-openrouter-deepseek-v3-009,agent-openrouter-deepseek-v3-006,agent-openrouter-deepseek-v3-009,agent-openrouter-deepseek-v3-008",5,1,1,0.7863636363636364
pretrain,medical_qa_219,"agent-openrouter-deepseek-v3-009,agent-openrouter-deepseek-v3-007,agent-openrouter-deepseek-v3-008,agent-openrouter-deepseek-v3-008,agent-openrouter-deepseek-v3-009,agent-openrouter-deepseek-v3-008,agent-openrouter-deepseek-v3-008",7,1,1,0.7868480725623582
pretrain,medical_qa_1190,"agent-openrouter-deepseek-v3-009,agent-openrouter-deepseek-v3-008,agent-openrouter-deepseek-v3-007,agent-openrouter-deepseek-v3-009,agent-openrouter-deepseek-v3-009,agent-openrouter-deepseek-v3-009,agent-openrouter-deepseek-v3-008",7,1,1,0.7873303167420814
pretrain,medical_qa_1092,"agent-openrouter-deepseek-v3-006,agent-openrouter-deepseek-v3-008,agent-openrouter-deepseek-v3-007,agent-openrouter-deepseek-v3-008,agent-openrouter-deepseek-v3-008,agent-openrouter-deepseek-v3-008",6,1,1,0.7878103837471784
pretrain,medical_qa_417,"agent-openrouter-deepseek-v3-007,agent-openrouter-deepseek-v3-008,agent-openrouter-deepseek-v3-009,agent-openrouter-deepseek-v3-008,agent-openrouter-deepseek-v3-008,agent-openrouter-deepseek-v3-008",6,1,1,0.7882882882882883
pretrain,medical_qa_846,"agent-openrouter-deepseek-v3-008,agent-openrouter-deepseek-v3-009,agent-openrouter-deepseek-v3-007,agent-openrouter-deepseek-v3-008,agent-openrouter-deepseek-v3-008,agent-openrouter-deepseek-v3-008",6,1,1,0.7887640449438202
pretrain,medical_qa_1015,"agent-openrouter-deepseek-v3-006,agent-openrouter-deepseek-v3-008,agent-openrouter-deepseek-v3-007,agent-openrouter-deepseek-v3-008,agent-openrouter-deepseek-v3-006,agent-openrouter-deepseek-v3-008",6,1,1,0.7892376681614349
pretrain,medical_qa_477,"agent-openrouter-deepseek-v3-008,agent-openrouter-deepseek-v3-009,agent-openrouter-deepseek-v3-007,agent-openrouter-deepseek-v3-008,agent-openrouter-deepseek-v3-008",5,0,1,0.7874720357941835
pretrain,medical_qa_425,"agent-openrouter-deepseek-v3-008,agent-openrouter-deepseek-v3-007,agent-openrouter-deepseek-v3-009,agent-openrouter-deepseek-v3-008,agent-openrouter-deepseek-v3-008,agent-openrouter-deepseek-v3-008",6,1,1,0.7879464285714286
pretrain,medical_qa_63,"agent-openrouter-deepseek-v3-008,agent-openrouter-deepseek-v3-006,agent-openrouter-deepseek-v3-009,agent-openrouter-deepseek-v3-008,agent-openrouter-deepseek-v3-008,agent-openrouter-deepseek-v3-008",6,1,1,0.7884187082405345
pretrain,medical_qa_211,"agent-openrouter-deepseek-v3-007,agent-openrouter-deepseek-v3-008,agent-openrouter-deepseek-v3-009,agent-openrouter-deepseek-v3-007,agent-openrouter-deepseek-v3-008",5,0,1,0.7866666666666666
pretrain,medical_qa_1169,"agent-openrouter-deepseek-v3-010,agent-openrouter-deepseek-v3-009,agent-openrouter-deepseek-v3-008,agent-openrouter-deepseek-v3-010,agent-openrouter-deepseek-v3-010,agent-openrouter-deepseek-v3-008",6,1,1,0.7871396895787139
pretrain,medical_qa_398,"agent-openrouter-deepseek-v3-009,agent-openrouter-deepseek-v3-007,agent-openrouter-deepseek-v3-008,agent-openrouter-deepseek-v3-008,agent-openrouter-deepseek-v3-009,agent-openrouter-deepseek-v3-008",6,1,1,0.7876106194690266
pretrain,medical_qa_1009,"agent-openrouter-deepseek-v3-007,agent-openrouter-deepseek-v3-008,agent-openrouter-deepseek-v3-009,agent-openrouter-deepseek-v3-008,agent-openrouter-deepseek-v3-008,agent-openrouter-deepseek-v3-008",6,1,1,0.7880794701986755
pretrain,medical_qa_20,"agent-openrouter-deepseek-v3-007,agent-openrouter-deepseek-v3-009,agent-openrouter-deepseek-v3-008,agent-openrouter-deepseek-v3-007,agent-openrouter-deepseek-v3-007,agent-openrouter-deepseek-v3-008",6,1,1,0.788546255506608
pretrain,medical_qa_690,"agent-openrouter-deepseek-v3-007,agent-openrouter-deepseek-v3-009,agent-openrouter-deepseek-v3-008,agent-openrouter-deepseek-v3-008,agent-openrouter-deepseek-v3-008,agent-openrouter-deepseek-v3-007,agent-openrouter-deepseek-v3-008",7,0,1,0.7868131868131868
pretrain,medical_qa_1054,"agent-openrouter-deepseek-v3-007,agent-openrouter-deepseek-v3-009,agent-openrouter-deepseek-v3-008,agent-openrouter-deepseek-v3-008,agent-openrouter-deepseek-v3-008",5,1,1,0.7872807017543859
pretrain,medical_qa_1008,"agent-openrouter-deepseek-v3-008,agent-openrouter-deepseek-v3-009,agent-openrouter-deepseek-v3-007,agent-openrouter-deepseek-v3-008,agent-openrouter-deepseek-v3-008,agent-openrouter-deepseek-v3-008",6,0,1,0.7855579868708972
pretrain,medical_qa_1141,"agent-openrouter-deepseek-v3-007,agent-openrouter-deepseek-v3-009,agent-openrouter-deepseek-v3-008,agent-openrouter-deepseek-v3-008,agent-openrouter-deepseek-v3-007,agent-openrouter-deepseek-v3-008",6,1,1,0.7860262008733624
pretrain,medical_qa_360,"agent-openrouter-deepseek-v3-010,agent-openrouter-deepseek-v3-008,agent-openrouter-deepseek-v3-007,agent-openrouter-deepseek-v3-008,agent-openrouter-deepseek-v3-008,agent-openrouter-deepseek-v3-008",6,1,1,0.7864923747276689
pretrain,medical_qa_305,"agent-openrouter-deepseek-v3-008,agent-openrouter-deepseek-v3-009,agent-openrouter-deepseek-v3-007,agent-openrouter-deepseek-v3-008,agent-openrouter-deepseek-v3-008",5,1,1,0.7869565217391304
pretrain,medical_qa_399,"agent-openrouter-deepseek-v3-007,agent-openrouter-deepseek-v3-009,agent-openrouter-deepseek-v3-008,agent-openrouter-deepseek-v3-007,agent-openrouter-deepseek-v3-007,agent-openrouter-deepseek-v3-008",6,1,1,0.7874186550976139
pretrain,medical_qa_979,"agent-openrouter-deepseek-v3-007,agent-openrouter-deepseek-v3-008,agent-openrouter-deepseek-v3-009,agent-openrouter-deepseek-v3-007,agent-openrouter-deepseek-v3-007,agent-openrouter-deepseek-v3-007,agent-openrouter-deepseek-v3-008",7,0,1,0.7857142857142857
pretrain,medical_qa_770,"agent-openrouter-deepseek-v3-008,agent-openrouter-deepseek-v3-007,agent-openrouter-deepseek-v3-009,agent-openrouter-deepseek-v3-008",4,1,1,0.7861771058315334
pretrain,medical_qa_559,"agent-openrouter-deepseek-v3-008,agent-openrouter-deepseek-v3-009,agent-openrouter-deepseek-v3-007,agent-openrouter-deepseek-v3-008,agent-openrouter-deepseek-v3-008",5,1,1,0.7866379310344828
pretrain,medical_qa_225,"agent-openrouter-deepseek-v3-009,agent-openrouter-deepseek-v3-008,agent-openrouter-deepseek-v3-007,agent-openrouter-deepseek-v3-008,agent-openrouter-deepseek-v3-008",5,1,1,0.7870967741935484
pretrain,medical_qa_499,"agent-openrouter-deepseek-v3-008,agent-openrouter-deepseek-v3-007,agent-openrouter-deepseek-v3-009,agent-openrouter-deepseek-v3-008,agent-openrouter-deepseek-v3-008,agent-openrouter-deepseek-v3-008,agent-openrouter-deepseek-v3-008",7,0,1,0.7854077253218884
pretrain,medical_qa_710,"agent-openrouter-deepseek-v3-007,agent-openrouter-deepseek-v3-008,agent-openrouter-deepseek-v3-009,agent-openrouter-deepseek-v3-007,agent-openrouter-deepseek-v3-008",5,1,1,0.7858672376873662
pretrain,medical_qa_279,"agent-openrouter-deepseek-v3-007,agent-openrouter-deepseek-v3-009,agent-openrouter-deepseek-v3-008,agent-openrouter-deepseek-v3-009,agent-openrouter-deepseek-v3-009,agent-openrouter-deepseek-v3-008",6,1,1,0.7863247863247863
pretrain,medical_qa_773,"agent-openrouter-deepseek-v3-007,agent-openrouter-deepseek-v3-008,agent-openrouter-deepseek-v3-009,agent-openrouter-deepseek-v3-008",4,1,1,0.7867803837953091
pretrain,medical_qa_1073,"agent-openrouter-deepseek-v3-007,agent-openrouter-deepseek-v3-009,agent-openrouter-deepseek-v3-008,agent-openrouter-deepseek-v3-007,agent-openrouter-deepseek-v3-008",5,1,1,0.7872340425531915
pretrain,medical_qa_29,"agent-openrouter-deepseek-v3-008,agent-openrouter-deepseek-v3-006,agent-openrouter-deepseek-v3-007,agent-openrouter-deepseek-v3-008,agent-openrouter-deepseek-v3-008,agent-openrouter-deepseek-v3-008",6,1,1,0.7876857749469215
pretrain,medical_qa_774,"agent-openrouter-deepseek-v3-009,agent-openrouter-deepseek-v3-008,agent-openrouter-deepseek-v3-007,agent-openrouter-deepseek-v3-008,agent-openrouter-deepseek-v3-009,agent-openrouter-deepseek-v3-008",6,1,1,0.788135593220339
pretrain,medical_qa_344,"agent-openrouter-deepseek-v3-009,agent-openrouter-deepseek-v3-008,agent-openrouter-deepseek-v3-007,agent-openrouter-deepseek-v3-008,agent-openrouter-deepseek-v3-008,agent-openrouter-deepseek-v3-008",6,1,1,0.7885835095137421
pretrain,medical_qa_414,"agent-openrouter-deepseek-v3-009,agent-openrouter-deepseek-v3-007,agent-openrouter-deepseek-v3-008,agent-openrouter-deepseek-v3-008,agent-openrouter-deepseek-v3-007,agent-openrouter-deepseek-v3-008",6,1,1,0.7890295358649789
pretrain,medical_qa_169,"agent-openrouter-deepseek-v3-007,agent-openrouter-deepseek-v3-009,agent-openrouter-deepseek-v3-008,agent-openrouter-deepseek-v3-007,agent-openrouter-deepseek-v3-007,agent-openrouter-deepseek-v3-008",6,1,1,0.7894736842105263
pretrain,medical_qa_478,"agent-openrouter-deepseek-v3-010,agent-openrouter-deepseek-v3-008,agent-openrouter-deepseek-v3-007,agent-openrouter-deepseek-v3-008",4,1,1,0.7899159663865546
pretrain,medical_qa_1122,"agent-openrouter-deepseek-v3-009,agent-openrouter-deepseek-v3-007,agent-openrouter-deepseek-v3-008,agent-openrouter-deepseek-v3-009,agent-openrouter-deepseek-v3-009,agent-openrouter-deepseek-v3-009,agent-openrouter-deepseek-v3-009",7,1,1,0.790356394129979
pretrain,medical_qa_1148,"agent-openrouter-deepseek-v3-007,agent-openrouter-deepseek-v3-009,agent-openrouter-deepseek-v3-008,agent-openrouter-deepseek-v3-008",4,1,1,0.7907949790794979
pretrain,medical_qa_27,"agent-openrouter-deepseek-v3-009,agent-openrouter-deepseek-v3-007,agent-openrouter-deepseek-v3-008,agent-openrouter-deepseek-v3-009,agent-openrouter-deepseek-v3-008",5,1,1,0.791231732776618
pretrain,medical_qa_403,"agent-openrouter-deepseek-v3-009,agent-openrouter-deepseek-v3-007,agent-openrouter-deepseek-v3-008,agent-openrouter-deepseek-v3-009,agent-openrouter-deepseek-v3-009,agent-openrouter-deepseek-v3-009,agent-openrouter-deepseek-v3-008",7,1,1,0.7916666666666666
pretrain,medical_qa_577,"agent-openrouter-deepseek-v3-007,agent-openrouter-deepseek-v3-008,agent-openrouter-deepseek-v3-009,agent-openrouter-deepseek-v3-008,agent-openrouter-deepseek-v3-007,agent-openrouter-deepseek-v3-007,agent-openrouter-deepseek-v3-008",7,1,1,0.7920997920997921
pretrain,medical_qa_792,"agent-openrouter-deepseek-v3-006,agent-openrouter-deepseek-v3-007,agent-openrouter-deepseek-v3-008,agent-openrouter-deepseek-v3-006,agent-openrouter-deepseek-v3-008",5,1,1,0.7925311203319502
pretrain,medical_qa_85,"agent-openrouter-deepseek-v3-008,agent-openrouter-deepseek-v3-009,agent-openrouter-deepseek-v3-007,agent-openrouter-deepseek-v3-008,agent-openrouter-deepseek-v3-008,agent-openrouter-deepseek-v3-008",6,1,1,0.7929606625258799
pretrain,medical_qa_1076,"agent-openrouter-deepseek-v3-007,agent-openrouter-deepseek-v3-006,agent-openrouter-deepseek-v3-009,agent-openrouter-deepseek-v3-009,agent-openrouter-deepseek-v3-009",5,0,1,0.7913223140495868
pretrain,medical_qa_1084,"agent-openrouter-deepseek-v3-009,agent-openrouter-deepseek-v3-007,agent-openrouter-deepseek-v3-008,agent-openrouter-deepseek-v3-009,agent-openrouter-deepseek-v3-009,agent-openrouter-deepseek-v3-009,agent-openrouter-deepseek-v3-008",7,0,1,0.7896907216494845
pretrain,medical_qa_472,"agent-openrouter-deepseek-v3-009,agent-openrouter-deepseek-v3-008,agent-openrouter-deepseek-v3-007,agent-openrouter-deepseek-v3-008",4,1,1,0.7901234567901234
pretrain,medical_qa_1164,"agent-openrouter-deepseek-v3-008,agent-openrouter-deepseek-v3-009,agent-openrouter-deepseek-v3-007,agent-openrouter-deepseek-v3-008,agent-openrouter-deepseek-v3-008,agent-openrouter-deepseek-v3-008,agent-openrouter-deepseek-v3-008",7,0,1,0.7885010266940452
pretrain,medical_qa_811,"agent-openrouter-deepseek-v3-008,agent-openrouter-deepseek-v3-007,agent-openrouter-deepseek-v3-009,agent-openrouter-deepseek-v3-008,agent-openrouter-deepseek-v3-008,agent-openrouter-deepseek-v3-008,agent-openrouter-deepseek-v3-008",7,1,1,0.7889344262295082
pretrain,medical_qa_266,"agent-openrouter-deepseek-v3-008,agent-openrouter-deepseek-v3-010,agent-openrouter-deepseek-v3-007,agent-openrouter-deepseek-v3-008,agent-openrouter-deepseek-v3-008",5,1,1,0.7893660531697342
pretrain,medical_qa_739,"agent-openrouter-deepseek-v3-010,agent-openrouter-deepseek-v3-008,agent-openrouter-deepseek-v3-006,agent-openrouter-deepseek-v3-006,agent-openrouter-deepseek-v3-008",5,1,1,0.789795918367347
pretrain,medical_qa_335,"agent-openrouter-deepseek-v3-008,agent-openrouter-deepseek-v3-007,agent-openrouter-deepseek-v3-009,agent-openrouter-deepseek-v3-008,agent-openrouter-deepseek-v3-008,agent-openrouter-deepseek-v3-008,agent-openrouter-deepseek-v3-008",7,1,1,0.790224032586558
pretrain,medical_qa_216,"agent-openrouter-deepseek-v3-007,agent-openrouter-deepseek-v3-009,agent-openrouter-deepseek-v3-008,agent-openrouter-deepseek-v3-007,agent-openrouter-deepseek-v3-008",5,0,1,0.7886178861788617
pretrain,medical_qa_465,"agent-openrouter-deepseek-v3-007,agent-openrouter-deepseek-v3-008,agent-openrouter-deepseek-v3-009,agent-openrouter-deepseek-v3-007,agent-openrouter-deepseek-v3-008",5,1,1,0.7890466531440162
pretrain,medical_qa_748,"agent-openrouter-deepseek-v3-007,agent-openrouter-deepseek-v3-009,agent-openrouter-deepseek-v3-008,agent-openrouter-deepseek-v3-007,agent-openrouter-deepseek-v3-008",5,1,1,0.7894736842105263
pretrain,medical_qa_345,"agent-openrouter-deepseek-v3-007,agent-openrouter-deepseek-v3-010,agent-openrouter-deepseek-v3-009,agent-openrouter-deepseek-v3-010,agent-openrouter-deepseek-v3-010,agent-openrouter-deepseek-v3-010,agent-openrouter-deepseek-v3-008",7,1,1,0.7898989898989899
pretrain,medical_qa_986,"agent-openrouter-deepseek-v3-008,agent-openrouter-deepseek-v3-007,agent-openrouter-deepseek-v3-009,agent-openrouter-deepseek-v3-008,agent-openrouter-deepseek-v3-008",5,0,1,0.7883064516129032
pretrain,medical_qa_284,"agent-openrouter-deepseek-v3-010,agent-openrouter-deepseek-v3-008,agent-openrouter-deepseek-v3-007,agent-openrouter-deepseek-v3-010,agent-openrouter-deepseek-v3-008",5,0,1,0.7867203219315896
pretrain,medical_qa_431,"agent-openrouter-deepseek-v3-008,agent-openrouter-deepseek-v3-009,agent-openrouter-deepseek-v3-006,agent-openrouter-deepseek-v3-008,agent-openrouter-deepseek-v3-008",5,1,1,0.7871485943775101
pretrain,medical_qa_258,"agent-openrouter-deepseek-v3-009,agent-openrouter-deepseek-v3-007,agent-openrouter-deepseek-v3-008,agent-openrouter-deepseek-v3-008,agent-openrouter-deepseek-v3-009,agent-openrouter-deepseek-v3-008",6,0,1,0.7855711422845691
pretrain,medical_qa_980,"agent-openrouter-deepseek-v3-007,agent-openrouter-deepseek-v3-008,agent-openrouter-deepseek-v3-009,agent-openrouter-deepseek-v3-008,agent-openrouter-deepseek-v3-008",5,0,1,0.784
pretrain,medical_qa_1038,"agent-openrouter-deepseek-v3-007,agent-openrouter-deepseek-v3-008,agent-openrouter-deepseek-v3-009,agent-openrouter-deepseek-v3-007,agent-openrouter-deepseek-v3-008,agent-openrouter-deepseek-v3-008",6,0,1,0.782435129740519
pretrain,medical_qa_19,"agent-openrouter-deepseek-v3-009,agent-openrouter-deepseek-v3-007,agent-openrouter-deepseek-v3-008,agent-openrouter-deepseek-v3-007,agent-openrouter-deepseek-v3-007,agent-openrouter-deepseek-v3-008",6,1,1,0.7828685258964143
pretrain,medical_qa_1196,"agent-openrouter-deepseek-v3-007,agent-openrouter-deepseek-v3-009,agent-openrouter-deepseek-v3-008,agent-openrouter-deepseek-v3-009,agent-openrouter-deepseek-v3-009,agent-openrouter-deepseek-v3-008",6,1,1,0.7833001988071571
pretrain,medical_qa_53,"agent-openrouter-deepseek-v3-006,agent-openrouter-deepseek-v3-009,agent-openrouter-deepseek-v3-007,agent-openrouter-deepseek-v3-006,agent-openrouter-deepseek-v3-007,agent-openrouter-deepseek-v3-008",6,0,1,0.7817460317460317
pretrain,medical_qa_1101,"agent-openrouter-deepseek-v3-008,agent-openrouter-deepseek-v3-009,agent-openrouter-deepseek-v3-007,agent-openrouter-deepseek-v3-008,agent-openrouter-deepseek-v3-008",5,1,1,0.7821782178217822
pretrain,medical_qa_1123,"agent-openrouter-deepseek-v3-007,agent-openrouter-deepseek-v3-008,agent-openrouter-deepseek-v3-009,agent-openrouter-deepseek-v3-007,agent-openrouter-deepseek-v3-008",5,1,1,0.782608695652174
pretrain,medical_qa_942,"agent-openrouter-deepseek-v3-010,agent-openrouter-deepseek-v3-006,agent-openrouter-deepseek-v3-007,agent-openrouter-deepseek-v3-006,agent-openrouter-deepseek-v3-008",5,0,1,0.7810650887573964
pretrain,medical_qa_41,"agent-openrouter-deepseek-v3-009,agent-openrouter-deepseek-v3-007,agent-openrouter-deepseek-v3-008,agent-openrouter-deepseek-v3-009,agent-openrouter-deepseek-v3-009,agent-openrouter-deepseek-v3-009,agent-openrouter-deepseek-v3-008",7,1,1,0.781496062992126
pretrain,medical_qa_31,"agent-openrouter-deepseek-v3-009,agent-openrouter-deepseek-v3-007,agent-openrouter-deepseek-v3-008,agent-openrouter-deepseek-v3-008,agent-openrouter-deepseek-v3-006,agent-openrouter-deepseek-v3-008",6,0,1,0.7799607072691552
pretrain,medical_qa_654,"agent-openrouter-deepseek-v3-007,agent-openrouter-deepseek-v3-008,agent-openrouter-deepseek-v3-009,agent-openrouter-deepseek-v3-008,agent-openrouter-deepseek-v3-008,agent-openrouter-deepseek-v3-008",6,1,1,0.7803921568627451
pretrain,medical_qa_842,"agent-openrouter-deepseek-v3-009,agent-openrouter-deepseek-v3-007,agent-openrouter-deepseek-v3-008,agent-openrouter-deepseek-v3-009,agent-openrouter-deepseek-v3-008",5,1,1,0.7808219178082192
pretrain,medical_qa_909,"agent-openrouter-deepseek-v3-006,agent-openrouter-deepseek-v3-008,agent-openrouter-deepseek-v3-007,agent-openrouter-deepseek-v3-008,agent-openrouter-deepseek-v3-008",5,0,1,0.779296875
pretrain,medical_qa_633,"agent-openrouter-deepseek-v3-007,agent-openrouter-deepseek-v3-008,agent-openrouter-deepseek-v3-009,agent-openrouter-deepseek-v3-007,agent-openrouter-deepseek-v3-007,agent-openrouter-deepseek-v3-007,agent-openrouter-deepseek-v3-007",7,0,1,0.7777777777777778
pretrain,medical_qa_709,"agent-openrouter-deepseek-v3-007,agent-openrouter-deepseek-v3-008,agent-openrouter-deepseek-v3-009,agent-openrouter-deepseek-v3-008",4,0,1,0.7762645914396887
pretrain,medical_qa_129,"agent-openrouter-deepseek-v3-007,agent-openrouter-deepseek-v3-009,agent-openrouter-deepseek-v3-008,agent-openrouter-deepseek-v3-007,agent-openrouter-deepseek-v3-008",5,1,1,0.7766990291262136
pretrain,medical_qa_716,"agent-openrouter-deepseek-v3-007,agent-openrouter-deepseek-v3-008,agent-openrouter-deepseek-v3-009,agent-openrouter-deepseek-v3-008,agent-openrouter-deepseek-v3-008",5,0,1,0.7751937984496124
pretrain,medical_qa_117,"agent-openrouter-deepseek-v3-007,agent-openrouter-deepseek-v3-008,agent-openrouter-deepseek-v3-009,agent-openrouter-deepseek-v3-008,agent-openrouter-deepseek-v3-007,agent-openrouter-deepseek-v3-008,agent-openrouter-deepseek-v3-008",7,0,1,0.7736943907156673
pretrain,medical_qa_1057,"agent-openrouter-deepseek-v3-009,agent-openrouter-deepseek-v3-008,agent-openrouter-deepseek-v3-007,agent-openrouter-deepseek-v3-007,agent-openrouter-deepseek-v3-007",5,1,1,0.7741312741312741
pretrain,medical_qa_879,"agent-openrouter-deepseek-v3-007,agent-openrouter-deepseek-v3-009,agent-openrouter-deepseek-v3-008,agent-openrouter-deepseek-v3-008,agent-openrouter-deepseek-v3-007,agent-openrouter-deepseek-v3-009,agent-openrouter-deepseek-v3-008",7,1,1,0.7745664739884393
pretrain,medical_qa_1111,"agent-openrouter-deepseek-v3-009,agent-openrouter-deepseek-v3-007,agent-openrouter-deepseek-v3-008,agent-openrouter-deepseek-v3-009,agent-openrouter-deepseek-v3-008",5,1,1,0.775
pretrain,medical_qa_377,"agent-openrouter-deepseek-v3-007,agent-openrouter-deepseek-v3-008,agent-openrouter-deepseek-v3-009,agent-openrouter-deepseek-v3-007,agent-openrouter-deepseek-v3-007,agent-openrouter-deepseek-v3-008",6,1,1,0.7754318618042226
pretrain,medical_qa_171,"agent-openrouter-deepseek-v3-008,agent-openrouter-deepseek-v3-006,agent-openrouter-deepseek-v3-009,agent-openrouter-deepseek-v3-008,agent-openrouter-deepseek-v3-008",5,0,1,0.7739463601532567
pretrain,medical_qa_934,"agent-openrouter-deepseek-v3-007,agent-openrouter-deepseek-v3-008,agent-openrouter-deepseek-v3-009,agent-openrouter-deepseek-v3-007,agent-openrouter-deepseek-v3-008",5,0,1,0.7724665391969407
pretrain,medical_qa_167,"agent-openrouter-deepseek-v3-007,agent-openrouter-deepseek-v3-009,agent-openrouter-deepseek-v3-008,agent-openrouter-deepseek-v3-007,agent-openrouter-deepseek-v3-007,agent-openrouter-deepseek-v3-009,agent-openrouter-deepseek-v3-008",7,1,1,0.7729007633587787
pretrain,medical_qa_1240,"agent-openrouter-deepseek-v3-009,agent-openrouter-deepseek-v3-008,agent-openrouter-deepseek-v3-007,agent-openrouter-deepseek-v3-008,agent-openrouter-deepseek-v3-008",5,1,1,0.7733333333333333
pretrain,medical_qa_1228,"agent-openrouter-deepseek-v3-009,agent-openrouter-deepseek-v3-008,agent-openrouter-deepseek-v3-007,agent-openrouter-deepseek-v3-008,agent-openrouter-deepseek-v3-008,agent-openrouter-deepseek-v3-008,agent-openrouter-deepseek-v3-008",7,1,1,0.7737642585551331
pretrain,medical_qa_26,"agent-openrouter-deepseek-v3-007,agent-openrouter-deepseek-v3-009,agent-openrouter-deepseek-v3-008,agent-openrouter-deepseek-v3-007,agent-openrouter-deepseek-v3-008",5,1,1,0.7741935483870968
pretrain,medical_qa_319,"agent-openrouter-deepseek-v3-010,agent-openrouter-deepseek-v3-008,agent-openrouter-deepseek-v3-009,agent-openrouter-deepseek-v3-010,agent-openrouter-deepseek-v3-008,agent-openrouter-deepseek-v3-008",6,1,1,0.7746212121212122
pretrain,medical_qa_384,"agent-openrouter-deepseek-v3-009,agent-openrouter-deepseek-v3-007,agent-openrouter-deepseek-v3-008,agent-openrouter-deepseek-v3-008,agent-openrouter-deepseek-v3-008,agent-openrouter-deepseek-v3-008",6,0,1,0.7731568998109641
pretrain,medical_qa_406,"agent-openrouter-deepseek-v3-007,agent-openrouter-deepseek-v3-008,agent-openrouter-deepseek-v3-009,agent-openrouter-deepseek-v3-008",4,1,1,0.7735849056603774
pretrain,medical_qa_701,"agent-openrouter-deepseek-v3-009,agent-openrouter-deepseek-v3-008,agent-openrouter-deepseek-v3-007",3,0,1,0.7721280602636534
pretrain,medical_qa_874,"agent-openrouter-deepseek-v3-007,agent-openrouter-deepseek-v3-008,agent-openrouter-deepseek-v3-009,agent-openrouter-deepseek-v3-007,agent-openrouter-deepseek-v3-007,agent-openrouter-deepseek-v3-008",6,0,1,0.7706766917293233
pretrain,medical_qa_248,"agent-openrouter-deepseek-v3-007,agent-openrouter-deepseek-v3-008,agent-openrouter-deepseek-v3-009,agent-openrouter-deepseek-v3-007,agent-openrouter-deepseek-v3-008",5,0,1,0.7692307692307693
pretrain,medical_qa_104,"agent-openrouter-deepseek-v3-006,agent-openrouter-deepseek-v3-008,agent-openrouter-deepseek-v3-007,agent-openrouter-deepseek-v3-008,agent-openrouter-deepseek-v3-008,agent-openrouter-deepseek-v3-008",6,1,1,0.7696629213483146
pretrain,medical_qa_1045,"agent-openrouter-deepseek-v3-008,agent-openrouter-deepseek-v3-009,agent-openrouter-deepseek-v3-007,agent-openrouter-deepseek-v3-008,agent-openrouter-deepseek-v3-008,agent-openrouter-deepseek-v3-008,agent-openrouter-deepseek-v3-008",7,1,1,0.7700934579439253
pretrain,medical_qa_123,"agent-openrouter-deepseek-v3-008,agent-openrouter-deepseek-v3-006,agent-openrouter-deepseek-v3-009,agent-openrouter-deepseek-v3-008,agent-openrouter-deepseek-v3-008,agent-openrouter-deepseek-v3-008",6,1,1,0.7705223880597015
pretrain,medical_qa_862,"agent-openrouter-deepseek-v3-006,agent-openrouter-deepseek-v3-009,agent-openrouter-deepseek-v3-008,agent-openrouter-deepseek-v3-007,agent-openrouter-deepseek-v3-008,agent-openrouter-deepseek-v3-009,agent-openrouter-deepseek-v3-008",7,0,1,0.7690875232774674
pretrain,medical_qa_355,"agent-openrouter-deepseek-v3-009,agent-openrouter-deepseek-v3-007,agent-openrouter-deepseek-v3-008,agent-openrouter-deepseek-v3-009,agent-openrouter-deepseek-v3-009,agent-openrouter-deepseek-v3-009",6,1,1,0.7695167286245354
pretrain,medical_qa_618,"agent-openrouter-deepseek-v3-009,agent-openrouter-deepseek-v3-008,agent-openrouter-deepseek-v3-007,agent-openrouter-deepseek-v3-009,agent-openrouter-deepseek-v3-008",5,1,1,0.7699443413729128
pretrain,medical_qa_379,"agent-openrouter-deepseek-v3-007,agent-openrouter-deepseek-v3-009,agent-openrouter-deepseek-v3-008,agent-openrouter-deepseek-v3-007,agent-openrouter-deepseek-v3-009,agent-openrouter-deepseek-v3-007,agent-openrouter-deepseek-v3-009",7,1,1,0.7703703703703704
pretrain,medical_qa_913,"agent-openrouter-deepseek-v3-008,agent-openrouter-deepseek-v3-009,agent-openrouter-deepseek-v3-007",3,0,1,0.7689463955637708
pretrain,medical_qa_1048,"agent-openrouter-deepseek-v3-006,agent-openrouter-deepseek-v3-010,agent-openrouter-deepseek-v3-008,agent-openrouter-deepseek-v3-006,agent-openrouter-deepseek-v3-006,agent-openrouter-deepseek-v3-008",6,1,1,0.7693726937269373
pretrain,medical_qa_349,"agent-openrouter-deepseek-v3-007,agent-openrouter-deepseek-v3-009,agent-openrouter-deepseek-v3-008,agent-openrouter-deepseek-v3-007,agent-openrouter-deepseek-v3-008",5,1,1,0.7697974217311234
pretrain,medical_qa_12,"agent-openrouter-deepseek-v3-008,agent-openrouter-deepseek-v3-009,agent-openrouter-deepseek-v3-007,agent-openrouter-deepseek-v3-008,agent-openrouter-deepseek-v3-008",5,1,1,0.7702205882352942
pretrain,medical_qa_622,"agent-openrouter-deepseek-v3-008,agent-openrouter-deepseek-v3-009,agent-openrouter-deepseek-v3-007,agent-openrouter-deepseek-v3-008,agent-openrouter-deepseek-v3-008",5,1,1,0.7706422018348624
pretrain,medical_qa_1200,"agent-openrouter-deepseek-v3-007,agent-openrouter-deepseek-v3-009,agent-openrouter-deepseek-v3-008,agent-openrouter-deepseek-v3-009,agent-openrouter-deepseek-v3-008,agent-openrouter-deepseek-v3-008",6,1,1,0.7710622710622711
pretrain,medical_qa_108,"agent-openrouter-deepseek-v3-006,agent-openrouter-deepseek-v3-007,agent-openrouter-deepseek-v3-008,agent-openrouter-deepseek-v3-006,agent-openrouter-deepseek-v3-006,agent-openrouter-deepseek-v3-006,agent-openrouter-deepseek-v3-008",7,1,1,0.7714808043875686
pretrain,medical_qa_443,"agent-openrouter-deepseek-v3-007,agent-openrouter-deepseek-v3-009,agent-openrouter-deepseek-v3-008,agent-openrouter-deepseek-v3-007,agent-openrouter-deepseek-v3-009",5,1,1,0.7718978102189781
pretrain,medical_qa_370,"agent-openrouter-deepseek-v3-010,agent-openrouter-deepseek-v3-007,agent-openrouter-deepseek-v3-008,agent-openrouter-deepseek-v3-007,agent-openrouter-deepseek-v3-008",5,1,1,0.7723132969034608
pretrain,medical_qa_470,"agent-openrouter-deepseek-v3-010,agent-openrouter-deepseek-v3-009,agent-openrouter-deepseek-v3-008,agent-openrouter-deepseek-v3-010,agent-openrouter-deepseek-v3-007,agent-openrouter-deepseek-v3-008",6,1,1,0.7727272727272727
pretrain,medical_qa_560,"agent-openrouter-deepseek-v3-008,agent-openrouter-deepseek-v3-007,agent-openrouter-deepseek-v3-009,agent-openrouter-deepseek-v3-008,agent-openrouter-deepseek-v3-008,agent-openrouter-deepseek-v3-007,agent-openrouter-deepseek-v3-008",7,0,1,0.7713248638838476
pretrain,medical_qa_445,"agent-openrouter-deepseek-v3-006,agent-openrouter-deepseek-v3-009,agent-openrouter-deepseek-v3-008,agent-openrouter-deepseek-v3-006,agent-openrouter-deepseek-v3-008",5,1,1,0.7717391304347826
pretrain,medical_qa_678,"agent-openrouter-deepseek-v3-009,agent-openrouter-deepseek-v3-008,agent-openrouter-deepseek-v3-007,agent-openrouter-deepseek-v3-009,agent-openrouter-deepseek-v3-009,agent-openrouter-deepseek-v3-008,agent-openrouter-deepseek-v3-008",7,1,1,0.7721518987341772
pretrain,medical_qa_276,"agent-openrouter-deepseek-v3-009,agent-openrouter-deepseek-v3-007,agent-openrouter-deepseek-v3-008,agent-openrouter-deepseek-v3-009,agent-openrouter-deepseek-v3-009,agent-openrouter-deepseek-v3-008",6,1,1,0.7725631768953068
pretrain,medical_qa_495,"agent-openrouter-deepseek-v3-007,agent-openrouter-deepseek-v3-009,agent-openrouter-deepseek-v3-008,agent-openrouter-deepseek-v3-008,agent-openrouter-deepseek-v3-009,agent-openrouter-deepseek-v3-008,agent-openrouter-deepseek-v3-008",7,0,1,0.7711711711711712
pretrain,medical_qa_554,"agent-openrouter-deepseek-v3-007,agent-openrouter-deepseek-v3-008,agent-openrouter-deepseek-v3-009,agent-openrouter-deepseek-v3-007,agent-openrouter-deepseek-v3-008",5,1,1,0.7715827338129496
pretrain,medical_qa_604,"agent-openrouter-deepseek-v3-009,agent-openrouter-deepseek-v3-008,agent-openrouter-deepseek-v3-007,agent-openrouter-deepseek-v3-009,agent-openrouter-deepseek-v3-009,agent-openrouter-deepseek-v3-008",6,1,1,0.7719928186714542
pretrain,medical_qa_274,"agent-openrouter-deepseek-v3-009,agent-openrouter-deepseek-v3-007,agent-openrouter-deepseek-v3-008,agent-openrouter-deepseek-v3-009,agent-openrouter-deepseek-v3-008,agent-openrouter-deepseek-v3-008",6,1,1,0.7724014336917563
pretrain,medical_qa_1224,"agent-openrouter-deepseek-v3-007,agent-openrouter-deepseek-v3-009,agent-openrouter-deepseek-v3-008,agent-openrouter-deepseek-v3-007,agent-openrouter-deepseek-v3-008",5,0,1,0.7710196779964222
pretrain,medical_qa_251,"agent-openrouter-deepseek-v3-007,agent-openrouter-deepseek-v3-008,agent-openrouter-deepseek-v3-009,agent-openrouter-deepseek-v3-007,agent-openrouter-deepseek-v3-008,agent-openrouter-deepseek-v3-007,agent-openrouter-deepseek-v3-008",7,1,1,0.7714285714285715
pretrain,medical_qa_1230,"agent-openrouter-deepseek-v3-007,agent-openrouter-deepseek-v3-008,agent-openrouter-deepseek-v3-009,agent-openrouter-deepseek-v3-007,agent-openrouter-deepseek-v3-008,agent-openrouter-deepseek-v3-008",6,1,1,0.7718360071301248
pretrain,medical_qa_804,"agent-openrouter-deepseek-v3-009,agent-openrouter-deepseek-v3-008,agent-openrouter-deepseek-v3-010,agent-openrouter-deepseek-v3-008,agent-openrouter-deepseek-v3-008",5,1,1,0.7722419928825622
pretrain,medical_qa_1089,"agent-openrouter-deepseek-v3-010,agent-openrouter-deepseek-v3-009,agent-openrouter-deepseek-v3-008,agent-openrouter-deepseek-v3-010,agent-openrouter-deepseek-v3-010,agent-openrouter-deepseek-v3-008",6,1,1,0.7726465364120781
pretrain,medical_qa_702,"agent-openrouter-deepseek-v3-008,agent-openrouter-deepseek-v3-009,agent-openrouter-deepseek-v3-007,agent-openrouter-deepseek-v3-008,agent-openrouter-deepseek-v3-008",5,1,1,0.7730496453900709
pretrain,medical_qa_672,"agent-openrouter-deepseek-v3-009,agent-openrouter-deepseek-v3-007,agent-openrouter-deepseek-v3-008,agent-openrouter-deepseek-v3-008,agent-openrouter-deepseek-v3-008",5,1,1,0.7734513274336283
pretrain,medical_qa_544,"agent-openrouter-deepseek-v3-007,agent-openrouter-deepseek-v3-009,agent-openrouter-deepseek-v3-010,agent-openrouter-deepseek-v3-007,agent-openrouter-deepseek-v3-008",5,1,1,0.773851590106007
pretrain,medical_qa_237,"agent-openrouter-deepseek-v3-010,agent-openrouter-deepseek-v3-007,agent-openrouter-deepseek-v3-009,agent-openrouter-deepseek-v3-007,agent-openrouter-deepseek-v3-008",5,0,1,0.7724867724867724
pretrain,medical_qa_938,"agent-openrouter-deepseek-v3-007,agent-openrouter-deepseek-v3-009,agent-openrouter-deepseek-v3-008,agent-openrouter-deepseek-v3-008",4,1,1,0.772887323943662
pretrain,medical_qa_816,"agent-openrouter-deepseek-v3-007,agent-openrouter-deepseek-v3-008,agent-openrouter-deepseek-v3-009,agent-openrouter-deepseek-v3-008,agent-openrouter-deepseek-v3-008,agent-openrouter-deepseek-v3-008,agent-openrouter-deepseek-v3-008",7,1,1,0.773286467486819
pretrain,medical_qa_342,"agent-openrouter-deepseek-v3-009,agent-openrouter-deepseek-v3-007,agent-openrouter-deepseek-v3-008,agent-openrouter-deepseek-v3-009,agent-openrouter-deepseek-v3-009",5,1,1,0.7736842105263158
pretrain,medical_qa_1197,"agent-openrouter-deepseek-v3-007,agent-openrouter-deepseek-v3-009,agent-openrouter-deepseek-v3-008,agent-openrouter-deepseek-v3-008,agent-openrouter-deepseek-v3-008",5,1,1,0.7740805604203153
pretrain,medical_qa_172,"agent-openrouter-deepseek-v3-006,agent-openrouter-deepseek-v3-009,agent-openrouter-deepseek-v3-008,agent-openrouter-deepseek-v3-008,agent-openrouter-deepseek-v3-008,agent-openrouter-deepseek-v3-008",6,1,1,0.7744755244755245
pretrain,medical_qa_1088,"agent-openrouter-deepseek-v3-009,agent-openrouter-deepseek-v3-007,agent-openrouter-deepseek-v3-008,agent-openrouter-deepseek-v3-009,agent-openrouter-deepseek-v3-008",5,1,1,0.774869109947644
pretrain,medical_qa_1270,"agent-openrouter-deepseek-v3-009,agent-openrouter-deepseek-v3-007,agent-openrouter-deepseek-v3-008,agent-openrouter-deepseek-v3-009,agent-openrouter-deepseek-v3-009,agent-openrouter-deepseek-v3-010,agent-openrouter-deepseek-v3-010,agent-openrouter-deepseek-v3-010",8,1,1,0.7752613240418118
pretrain,medical_qa_1222,"agent-openrouter-deepseek-v3-006,agent-openrouter-deepseek-v3-010,agent-openrouter-deepseek-v3-009,agent-openrouter-deepseek-v3-006,agent-openrouter-deepseek-v3-008",5,0,1,0.7739130434782608
pretrain,medical_qa_843,"agent-openrouter-deepseek-v3-009,agent-openrouter-deepseek-v3-008,agent-openrouter-deepseek-v3-007,agent-openrouter-deepseek-v3-008,agent-openrouter-deepseek-v3-008",5,1,1,0.7743055555555556
pretrain,medical_qa_1218,"agent-openrouter-deepseek-v3-007,agent-openrouter-deepseek-v3-008,agent-openrouter-deepseek-v3-009,agent-openrouter-deepseek-v3-008,agent-openrouter-deepseek-v3-008",5,0,1,0.7729636048526863
pretrain,medical_qa_831,"agent-openrouter-deepseek-v3-007,agent-openrouter-deepseek-v3-008,agent-openrouter-deepseek-v3-009,agent-openrouter-deepseek-v3-008,agent-openrouter-deepseek-v3-008",5,1,1,0.773356401384083
pretrain,medical_qa_526,"agent-openrouter-deepseek-v3-007,agent-openrouter-deepseek-v3-008,agent-openrouter-deepseek-v3-009,agent-openrouter-deepseek-v3-008,agent-openrouter-deepseek-v3-008",5,1,1,0.7737478411053541
pretrain,medical_qa_840,"agent-openrouter-deepseek-v3-007,agent-openrouter-deepseek-v3-008,agent-openrouter-deepseek-v3-009,agent-openrouter-deepseek-v3-008",4,1,1,0.7741379310344828
pretrain,medical_qa_809,"agent-openrouter-deepseek-v3-010,agent-openrouter-deepseek-v3-008,agent-openrouter-deepseek-v3-009,agent-openrouter-deepseek-v3-009,agent-openrouter-deepseek-v3-008",5,1,1,0.774526678141136
pretrain,medical_qa_132,"agent-openrouter-deepseek-v3-007,agent-openrouter-deepseek-v3-009,agent-openrouter-deepseek-v3-008,agent-openrouter-deepseek-v3-007,agent-openrouter-deepseek-v3-007,agent-openrouter-deepseek-v3-008",6,1,1,0.7749140893470791
pretrain,medical_qa_174,"agent-openrouter-deepseek-v3-008,agent-openrouter-deepseek-v3-009,agent-openrouter-deepseek-v3-007,agent-openrouter-deepseek-v3-008",4,1,1,0.7753001715265866
pretrain,medical_qa_143,"agent-openrouter-deepseek-v3-007,agent-openrouter-deepseek-v3-009,agent-openrouter-deepseek-v3-008,agent-openrouter-deepseek-v3-007,agent-openrouter-deepseek-v3-008",5,1,1,0.7756849315068494
pretrain,medical_qa_1189,"agent-openrouter-deepseek-v3-009,agent-openrouter-deepseek-v3-006,agent-openrouter-deepseek-v3-008,agent-openrouter-deepseek-v3-008,agent-openrouter-deepseek-v3-008,agent-openrouter-deepseek-v3-008",6,1,1,0.7760683760683761
pretrain,medical_qa_613,"agent-openrouter-deepseek-v3-007,agent-openrouter-deepseek-v3-009,agent-openrouter-deepseek-v3-008,agent-openrouter-deepseek-v3-009,agent-openrouter-deepseek-v3-007,agent-openrouter-deepseek-v3-008",6,1,1,0.7764505119453925
pretrain,medical_qa_803,"agent-openrouter-deepseek-v3-008,agent-openrouter-deepseek-v3-006,agent-openrouter-deepseek-v3-009,agent-openrouter-deepseek-v3-008,agent-openrouter-deepseek-v3-008,agent-openrouter-deepseek-v3-008,agent-openrouter-deepseek-v3-008",7,1,1,0.7768313458262351
pretrain,medical_qa_616,"agent-openrouter-deepseek-v3-007,agent-openrouter-deepseek-v3-009,agent-openrouter-deepseek-v3-008,agent-openrouter-deepseek-v3-009,agent-openrouter-deepseek-v3-009",5,0,1,0.7755102040816326
pretrain,medical_qa_637,"agent-openrouter-deepseek-v3-008,agent-openrouter-deepseek-v3-007,agent-openrouter-deepseek-v3-009,agent-openrouter-deepseek-v3-008,agent-openrouter-deepseek-v3-008",5,1,1,0.7758913412563667
pretrain,medical_qa_952,"agent-openrouter-deepseek-v3-009,agent-openrouter-deepseek-v3-007,agent-openrouter-deepseek-v3-008,agent-openrouter-deepseek-v3-009,agent-openrouter-deepseek-v3-009",5,0,1,0.7745762711864407
pretrain,medical_qa_750,"agent-openrouter-deepseek-v3-008,agent-openrouter-deepseek-v3-007,agent-openrouter-deepseek-v3-009,agent-openrouter-deepseek-v3-007,agent-openrouter-deepseek-v3-008",5,1,1,0.7749576988155669
pretrain,medical_qa_264,"agent-openrouter-deepseek-v3-009,agent-openrouter-deepseek-v3-006,agent-openrouter-deepseek-v3-008,agent-openrouter-deepseek-v3-009,agent-openrouter-deepseek-v3-006,agent-openrouter-deepseek-v3-008",6,1,1,0.7753378378378378
pretrain,medical_qa_97,"agent-openrouter-deepseek-v3-009,agent-openrouter-deepseek-v3-008,agent-openrouter-deepseek-v3-007,agent-openrouter-deepseek-v3-009,agent-openrouter-deepseek-v3-008",5,1,1,0.7757166947723441
pretrain,medical_qa_1091,"agent-openrouter-deepseek-v3-007,agent-openrouter-deepseek-v3-008,agent-openrouter-deepseek-v3-009,agent-openrouter-deepseek-v3-008,agent-openrouter-deepseek-v3-007,agent-openrouter-deepseek-v3-008",6,1,1,0.7760942760942761
pretrain,medical_qa_537,"agent-openrouter-deepseek-v3-008,agent-openrouter-deepseek-v3-009,agent-openrouter-deepseek-v3-006,agent-openrouter-deepseek-v3-008,agent-openrouter-deepseek-v3-008,agent-openrouter-deepseek-v3-008,agent-openrouter-deepseek-v3-008",7,1,1,0.7764705882352941
pretrain,medical_qa_368,"agent-openrouter-deepseek-v3-007,agent-openrouter-deepseek-v3-009,agent-openrouter-deepseek-v3-008,agent-openrouter-deepseek-v3-007,agent-openrouter-deepseek-v3-007,agent-openrouter-deepseek-v3-008",6,1,1,0.7768456375838926
pretrain,medical_qa_905,"agent-openrouter-deepseek-v3-008,agent-openrouter-deepseek-v3-009,agent-openrouter-deepseek-v3-006,agent-openrouter-deepseek-v3-008,agent-openrouter-deepseek-v3-008",5,0,1,0.7755443886097152
pretrain,medical_qa_697,"agent-openrouter-deepseek-v3-007,agent-openrouter-deepseek-v3-008,agent-openrouter-deepseek-v3-009,agent-openrouter-deepseek-v3-007,agent-openrouter-deepseek-v3-008",5,1,1,0.7759197324414716
pretrain,medical_qa_483,"agent-openrouter-deepseek-v3-007,agent-openrouter-deepseek-v3-008,agent-openrouter-deepseek-v3-009,agent-openrouter-deepseek-v3-007,agent-openrouter-deepseek-v3-008",5,0,1,0.7746243739565943
pretrain,medical_qa_984,"agent-openrouter-deepseek-v3-008,agent-openrouter-deepseek-v3-009,agent-openrouter-deepseek-v3-006,agent-openrouter-deepseek-v3-008,agent-openrouter-deepseek-v3-008",5,0,1,0.7733333333333333
pretrain,medical_qa_977,"agent-openrouter-deepseek-v3-008,agent-openrouter-deepseek-v3-007,agent-openrouter-deepseek-v3-009,agent-openrouter-deepseek-v3-008,agent-openrouter-deepseek-v3-008",5,1,1,0.7737104825291181
pretrain,medical_qa_786,"agent-openrouter-deepseek-v3-007,agent-openrouter-deepseek-v3-009,agent-openrouter-deepseek-v3-008,agent-openrouter-deepseek-v3-008,agent-openrouter-deepseek-v3-008",5,0,1,0.7724252491694352
pretrain,medical_qa_243,"agent-openrouter-deepseek-v3-009,agent-openrouter-deepseek-v3-007,agent-openrouter-deepseek-v3-008,agent-openrouter-deepseek-v3-007,agent-openrouter-deepseek-v3-009,agent-openrouter-deepseek-v3-009",6,0,1,0.7711442786069652
pretrain,medical_qa_1007,"agent-openrouter-deepseek-v3-009,agent-openrouter-deepseek-v3-008,agent-openrouter-deepseek-v3-007,agent-openrouter-deepseek-v3-009,agent-openrouter-deepseek-v3-008",5,1,1,0.7715231788079471
pretrain,medical_qa_364,"agent-openrouter-deepseek-v3-009,agent-openrouter-deepseek-v3-008,agent-openrouter-deepseek-v3-007,agent-openrouter-deepseek-v3-009,agent-openrouter-deepseek-v3-007",5,1,1,0.771900826446281
pretrain,medical_qa_513,"agent-openrouter-deepseek-v3-007,agent-openrouter-deepseek-v3-009,agent-openrouter-deepseek-v3-008,agent-openrouter-deepseek-v3-009,agent-openrouter-deepseek-v3-008",5,1,1,0.7722772277227723
pretrain,medical_qa_744,"agent-openrouter-deepseek-v3-007,agent-openrouter-deepseek-v3-010,agent-openrouter-deepseek-v3-008,agent-openrouter-deepseek-v3-007,agent-openrouter-deepseek-v3-007,agent-openrouter-deepseek-v3-007,agent-openrouter-deepseek-v3-008",7,1,1,0.7726523887973641
pretrain,medical_qa_965,"agent-openrouter-deepseek-v3-008,agent-openrouter-deepseek-v3-007,agent-openrouter-deepseek-v3-009,agent-openrouter-deepseek-v3-008,agent-openrouter-deepseek-v3-008",5,1,1,0.7730263157894737
pretrain,medical_qa_927,"agent-openrouter-deepseek-v3-007,agent-openrouter-deepseek-v3-009,agent-openrouter-deepseek-v3-008,agent-openrouter-deepseek-v3-009,agent-openrouter-deepseek-v3-008",5,1,1,0.7733990147783252
pretrain,medical_qa_855,"agent-openrouter-deepseek-v3-009,agent-openrouter-deepseek-v3-008,agent-openrouter-deepseek-v3-007,agent-openrouter-deepseek-v3-008,agent-openrouter-deepseek-v3-008",5,1,1,0.7737704918032787
pretrain,medical_qa_700,"agent-openrouter-deepseek-v3-008,agent-openrouter-deepseek-v3-007,agent-openrouter-deepseek-v3-009,agent-openrouter-deepseek-v3-008,agent-openrouter-deepseek-v3-008,agent-openrouter-deepseek-v3-008",6,1,1,0.7741407528641571
pretrain,medical_qa_113,"agent-openrouter-deepseek-v3-009,agent-openrouter-deepseek-v3-008,agent-openrouter-deepseek-v3-007,agent-openrouter-deepseek-v3-008,agent-openrouter-deepseek-v3-008,agent-openrouter-deepseek-v3-008,agent-openrouter-deepseek-v3-009,agent-openrouter-deepseek-v3-008",8,1,1,0.7745098039215687
pretrain,medical_qa_207,"agent-openrouter-deepseek-v3-007,agent-openrouter-deepseek-v3-008,agent-openrouter-deepseek-v3-009,agent-openrouter-deepseek-v3-008,agent-openrouter-deepseek-v3-008",5,1,1,0.7748776508972267
pretrain,medical_qa_354,"agent-openrouter-deepseek-v3-007,agent-openrouter-deepseek-v3-009,agent-openrouter-deepseek-v3-008,agent-openrouter-deepseek-v3-007,agent-openrouter-deepseek-v3-008",5,1,1,0.7752442996742671
pretrain,medical_qa_508,"agent-openrouter-deepseek-v3-008,agent-openrouter-deepseek-v3-007,agent-openrouter-deepseek-v3-010,agent-openrouter-deepseek-v3-008,agent-openrouter-deepseek-v3-008",5,1,1,0.775609756097561
pretrain,medical_qa_522,"agent-openrouter-deepseek-v3-007,agent-openrouter-deepseek-v3-009,agent-openrouter-deepseek-v3-008,agent-openrouter-deepseek-v3-007,agent-openrouter-deepseek-v3-008",5,1,1,0.775974025974026
pretrain,medical_qa_797,"agent-openrouter-deepseek-v3-007,agent-openrouter-deepseek-v3-008,agent-openrouter-deepseek-v3-009,agent-openrouter-deepseek-v3-007,agent-openrouter-deepseek-v3-007,agent-openrouter-deepseek-v3-008",6,1,1,0.7763371150729336
pretrain,medical_qa_297,"agent-openrouter-deepseek-v3-006,agent-openrouter-deepseek-v3-009,agent-openrouter-deepseek-v3-008,agent-openrouter-deepseek-v3-006,agent-openrouter-deepseek-v3-006,agent-openrouter-deepseek-v3-008",6,1,1,0.7766990291262136
pretrain,medical_qa_188,"agent-openrouter-deepseek-v3-007,agent-openrouter-deepseek-v3-009,agent-openrouter-deepseek-v3-008,agent-openrouter-deepseek-v3-007,agent-openrouter-deepseek-v3-008,agent-openrouter-deepseek-v3-008",6,0,1,0.7754442649434572
pretrain,medical_qa_844,"agent-openrouter-deepseek-v3-007,agent-openrouter-deepseek-v3-008,agent-openrouter-deepseek-v3-009,agent-openrouter-deepseek-v3-008,agent-openrouter-deepseek-v3-007,agent-openrouter-deepseek-v3-008",6,1,1,0.7758064516129032
pretrain,medical_qa_653,"agent-openrouter-deepseek-v3-007,agent-openrouter-deepseek-v3-008,agent-openrouter-deepseek-v3-010,agent-openrouter-deepseek-v3-007,agent-openrouter-deepseek-v3-008",5,1,1,0.7761674718196457
pretrain,medical_qa_805,"agent-openrouter-deepseek-v3-008,agent-openrouter-deepseek-v3-007,agent-openrouter-deepseek-v3-009,agent-openrouter-deepseek-v3-007,agent-openrouter-deepseek-v3-008",5,1,1,0.7765273311897106
pretrain,medical_qa_176,"agent-openrouter-deepseek-v3-007,agent-openrouter-deepseek-v3-008,agent-openrouter-deepseek-v3-009,agent-openrouter-deepseek-v3-008,agent-openrouter-deepseek-v3-008",5,1,1,0.7768860353130016
pretrain,medical_qa_1136,"agent-openrouter-deepseek-v3-009,agent-openrouter-deepseek-v3-008,agent-openrouter-deepseek-v3-007,agent-openrouter-deepseek-v3-008,agent-openrouter-deepseek-v3-008",5,0,1,0.7756410256410257
pretrain,medical_qa_381,"agent-openrouter-deepseek-v3-008,agent-openrouter-deepseek-v3-007,agent-openrouter-deepseek-v3-009,agent-openrouter-deepseek-v3-008,agent-openrouter-deepseek-v3-008,agent-openrouter-deepseek-v3-008,agent-openrouter-deepseek-v3-008",7,0,1,0.7744
pretrain,medical_qa_647,"agent-openrouter-deepseek-v3-009,agent-openrouter-deepseek-v3-008,agent-openrouter-deepseek-v3-007,agent-openrouter-deepseek-v3-007,agent-openrouter-deepseek-v3-007",5,1,1,0.7747603833865815
pretrain,medical_qa_782,"agent-openrouter-deepseek-v3-007,agent-openrouter-deepseek-v3-008,agent-openrouter-deepseek-v3-009,agent-openrouter-deepseek-v3-007,agent-openrouter-deepseek-v3-008",5,1,1,0.7751196172248804
pretrain,medical_qa_1125,"agent-openrouter-deepseek-v3-006,agent-openrouter-deepseek-v3-009,agent-openrouter-deepseek-v3-008,agent-openrouter-deepseek-v3-006,agent-openrouter-deepseek-v3-007,agent-openrouter-deepseek-v3-009,agent-openrouter-deepseek-v3-008",7,1,1,0.7754777070063694
pretrain,medical_qa_657,"agent-openrouter-deepseek-v3-009,agent-openrouter-deepseek-v3-006,agent-openrouter-deepseek-v3-008,agent-openrouter-deepseek-v3-009,agent-openrouter-deepseek-v3-006,agent-openrouter-deepseek-v3-009,agent-openrouter-deepseek-v3-008",7,1,1,0.7758346581875993
pretrain,medical_qa_232,"agent-openrouter-deepseek-v3-007,agent-openrouter-deepseek-v3-008,agent-openrouter-deepseek-v3-009,agent-openrouter-deepseek-v3-007,agent-openrouter-deepseek-v3-007,agent-openrouter-deepseek-v3-007,agent-openrouter-deepseek-v3-008",7,1,1,0.7761904761904762
pretrain,medical_qa_588,"agent-openrouter-deepseek-v3-007,agent-openrouter-deepseek-v3-009,agent-openrouter-deepseek-v3-008,agent-openrouter-deepseek-v3-008,agent-openrouter-deepseek-v3-009,agent-openrouter-deepseek-v3-007,agent-openrouter-deepseek-v3-008",7,1,1,0.7765451664025357
pretrain,medical_qa_1268,"agent-openrouter-deepseek-v3-007,agent-openrouter-deepseek-v3-009,agent-openrouter-deepseek-v3-008,agent-openrouter-deepseek-v3-008",4,1,1,0.7768987341772152
pretrain,medical_qa_128,"agent-openrouter-deepseek-v3-007,agent-openrouter-deepseek-v3-008,agent-openrouter-deepseek-v3-009,agent-openrouter-deepseek-v3-008,agent-openrouter-deepseek-v3-008,agent-openrouter-deepseek-v3-008",6,0,1,0.7756714060031595
pretrain,medical_qa_780,"agent-openrouter-deepseek-v3-008,agent-openrouter-deepseek-v3-007,agent-openrouter-deepseek-v3-009,agent-openrouter-deepseek-v3-008,agent-openrouter-deepseek-v3-008",5,0,1,0.7744479495268138
pretrain,medical_qa_1260,"agent-openrouter-deepseek-v3-006,agent-openrouter-deepseek-v3-008,agent-openrouter-deepseek-v3-007,agent-openrouter-deepseek-v3-008,agent-openrouter-deepseek-v3-008",5,1,1,0.7748031496062993
pretrain,medical_qa_369,"agent-openrouter-deepseek-v3-006,agent-openrouter-deepseek-v3-008,agent-openrouter-deepseek-v3-009,agent-openrouter-deepseek-v3-008",4,1,1,0.7751572327044025
pretrain,medical_qa_98,"agent-openrouter-deepseek-v3-008,agent-openrouter-deepseek-v3-006,agent-openrouter-deepseek-v3-009,agent-openrouter-deepseek-v3-008,agent-openrouter-deepseek-v3-008,agent-openrouter-deepseek-v3-008,agent-openrouter-deepseek-v3-008",7,1,1,0.7755102040816326
pretrain,medical_qa_937,"agent-openrouter-deepseek-v3-007,agent-openrouter-deepseek-v3-009,agent-openrouter-deepseek-v3-008,agent-openrouter-deepseek-v3-007,agent-openrouter-deepseek-v3-007,agent-openrouter-deepseek-v3-007,agent-openrouter-deepseek-v3-008",7,1,1,0.7758620689655172
pretrain,medical_qa_534,"agent-openrouter-deepseek-v3-007,agent-openrouter-deepseek-v3-009,agent-openrouter-deepseek-v3-008,agent-openrouter-deepseek-v3-007,agent-openrouter-deepseek-v3-009",5,1,1,0.7762128325508607
pretrain,medical_qa_380,"agent-openrouter-deepseek-v3-007,agent-openrouter-deepseek-v3-009,agent-openrouter-deepseek-v3-008,agent-openrouter-deepseek-v3-007,agent-openrouter-deepseek-v3-009,agent-openrouter-deepseek-v3-008",6,0,1,0.775
pretrain,medical_qa_515,"agent-openrouter-deepseek-v3-008,agent-openrouter-deepseek-v3-009,agent-openrouter-deepseek-v3-007,agent-openrouter-deepseek-v3-007,agent-openrouter-deepseek-v3-008,agent-openrouter-deepseek-v3-008",6,0,1,0.7737909516380655
pretrain,medical_qa_390,"agent-openrouter-deepseek-v3-007,agent-openrouter-deepseek-v3-008,agent-openrouter-deepseek-v3-009,agent-openrouter-deepseek-v3-008,agent-openrouter-deepseek-v3-008,agent-openrouter-deepseek-v3-008",6,1,1,0.7741433021806854
pretrain,medical_qa_818,"agent-openrouter-deepseek-v3-007,agent-openrouter-deepseek-v3-009,agent-openrouter-deepseek-v3-008,agent-openrouter-deepseek-v3-007,agent-openrouter-deepseek-v3-007,agent-openrouter-deepseek-v3-009",6,1,1,0.7744945567651633
pretrain,medical_qa_895,"agent-openrouter-deepseek-v3-008,agent-openrouter-deepseek-v3-009,agent-openrouter-deepseek-v3-007,agent-openrouter-deepseek-v3-008,agent-openrouter-deepseek-v3-008,agent-openrouter-deepseek-v3-008,agent-openrouter-deepseek-v3-007",7,0,1,0.7732919254658385
pretrain,medical_qa_661,"agent-openrouter-deepseek-v3-009,agent-openrouter-deepseek-v3-008,agent-openrouter-deepseek-v3-007,agent-openrouter-deepseek-v3-009,agent-openrouter-deepseek-v3-009,agent-openrouter-deepseek-v3-009,agent-openrouter-deepseek-v3-008",7,1,1,0.7736434108527132
pretrain,medical_qa_547,"agent-openrouter-deepseek-v3-006,agent-openrouter-deepseek-v3-008,agent-openrouter-deepseek-v3-009,agent-openrouter-deepseek-v3-008,agent-openrouter-deepseek-v3-008",5,1,1,0.7739938080495357
pretrain,medical_qa_868,"agent-openrouter-deepseek-v3-008,agent-openrouter-deepseek-v3-006,agent-openrouter-deepseek-v3-009,agent-openrouter-deepseek-v3-008,agent-openrouter-deepseek-v3-008,agent-openrouter-deepseek-v3-008",6,1,1,0.7743431221020093
pretrain,medical_qa_1096,"agent-openrouter-deepseek-v3-007,agent-openrouter-deepseek-v3-008,agent-openrouter-deepseek-v3-009,agent-openrouter-deepseek-v3-008,agent-openrouter-deepseek-v3-008",5,1,1,0.7746913580246914
pretrain,medical_qa_557,"agent-openrouter-deepseek-v3-007,agent-openrouter-deepseek-v3-008,agent-openrouter-deepseek-v3-009,agent-openrouter-deepseek-v3-007,agent-openrouter-deepseek-v3-008",5,1,1,0.7750385208012327
pretrain,medical_qa_524,"agent-openrouter-deepseek-v3-008,agent-openrouter-deepseek-v3-009,agent-openrouter-deepseek-v3-007,agent-openrouter-deepseek-v3-008,agent-openrouter-deepseek-v3-007,agent-openrouter-deepseek-v3-007,agent-openrouter-deepseek-v3-008",7,0,1,0.7738461538461539
pretrain,medical_qa_301,"agent-openrouter-deepseek-v3-007,agent-openrouter-deepseek-v3-008,agent-openrouter-deepseek-v3-009,agent-openrouter-deepseek-v3-007,agent-openrouter-deepseek-v3-008",5,0,1,0.7726574500768049
pretrain,medical_qa_617,"agent-openrouter-deepseek-v3-007,agent-openrouter-deepseek-v3-008,agent-openrouter-deepseek-v3-009,agent-openrouter-deepseek-v3-007,agent-openrouter-deepseek-v3-007",5,1,1,0.7730061349693251
pretrain,medical_qa_884,"agent-openrouter-deepseek-v3-009,agent-openrouter-deepseek-v3-008,agent-openrouter-deepseek-v3-007,agent-openrouter-deepseek-v3-009,agent-openrouter-deepseek-v3-008,agent-openrouter-deepseek-v3-008",6,1,1,0.7733537519142419
pretrain,medical_qa_1079,"agent-openrouter-deepseek-v3-008,agent-openrouter-deepseek-v3-007,agent-openrouter-deepseek-v3-009,agent-openrouter-deepseek-v3-008,agent-openrouter-deepseek-v3-008",5,1,1,0.7737003058103975
pretrain,medical_qa_144,"agent-openrouter-deepseek-v3-007,agent-openrouter-deepseek-v3-008,agent-openrouter-deepseek-v3-009,agent-openrouter-deepseek-v3-008,agent-openrouter-deepseek-v3-008,agent-openrouter-deepseek-v3-007,agent-openrouter-deepseek-v3-008",7,1,1,0.7740458015267175
pretrain,medical_qa_585,"agent-openrouter-deepseek-v3-009,agent-openrouter-deepseek-v3-007,agent-openrouter-deepseek-v3-008,agent-openrouter-deepseek-v3-009,agent-openrouter-deepseek-v3-009,agent-openrouter-deepseek-v3-008",6,1,1,0.774390243902439
pretrain,medical_qa_99,"agent-openrouter-deepseek-v3-008,agent-openrouter-deepseek-v3-009,agent-openrouter-deepseek-v3-007,agent-openrouter-deepseek-v3-008,agent-openrouter-deepseek-v3-009,agent-openrouter-deepseek-v3-008",6,1,1,0.7747336377473364
pretrain,medical_qa_684,"agent-openrouter-deepseek-v3-007,agent-openrouter-deepseek-v3-009,agent-openrouter-deepseek-v3-008,agent-openrouter-deepseek-v3-007,agent-openrouter-deepseek-v3-007,agent-openrouter-deepseek-v3-008",6,0,1,0.7735562310030395
pretrain,medical_qa_116,"agent-openrouter-deepseek-v3-008,agent-openrouter-deepseek-v3-009,agent-openrouter-deepseek-v3-007,agent-openrouter-deepseek-v3-008,agent-openrouter-deepseek-v3-008,agent-openrouter-deepseek-v3-008",6,1,1,0.7738998482549317
pretrain,medical_qa_184,"agent-openrouter-deepseek-v3-008,agent-openrouter-deepseek-v3-007,agent-openrouter-deepseek-v3-010,agent-openrouter-deepseek-v3-008,agent-openrouter-deepseek-v3-008,agent-openrouter-deepseek-v3-008,agent-openrouter-deepseek-v3-008",7,0,1,0.7727272727272727
pretrain,medical_qa_91,"agent-openrouter-deepseek-v3-006,agent-openrouter-deepseek-v3-008,agent-openrouter-deepseek-v3-009,agent-openrouter-deepseek-v3-006,agent-openrouter-deepseek-v3-008",5,1,1,0.773071104387292
pretrain,medical_qa_953,"agent-openrouter-deepseek-v3-008,agent-openrouter-deepseek-v3-007,agent-openrouter-deepseek-v3-009",3,1,1,0.7734138972809668
pretrain,medical_qa_7,"agent-openrouter-deepseek-v3-006,agent-openrouter-deepseek-v3-009,agent-openrouter-deepseek-v3-008,agent-openrouter-deepseek-v3-007,agent-openrouter-deepseek-v3-006,agent-openrouter-deepseek-v3-007,agent-openrouter-deepseek-v3-008",7,1,1,0.7737556561085973
pretrain,medical_qa_851,"agent-openrouter-deepseek-v3-008,agent-openrouter-deepseek-v3-007,agent-openrouter-deepseek-v3-009,agent-openrouter-deepseek-v3-008,agent-openrouter-deepseek-v3-008",5,1,1,0.7740963855421686
pretrain,medical_qa_828,"agent-openrouter-deepseek-v3-007,agent-openrouter-deepseek-v3-008,agent-openrouter-deepseek-v3-009,agent-openrouter-deepseek-v3-008,agent-openrouter-deepseek-v3-007,agent-openrouter-deepseek-v3-008",6,0,1,0.7729323308270677
pretrain,medical_qa_1154,"agent-openrouter-deepseek-v3-010,agent-openrouter-deepseek-v3-009,agent-openrouter-deepseek-v3-008,agent-openrouter-deepseek-v3-007,agent-openrouter-deepseek-v3-007,agent-openrouter-deepseek-v3-008",6,1,1,0.7732732732732732
pretrain,medical_qa_140,"agent-openrouter-deepseek-v3-009,agent-openrouter-deepseek-v3-008,agent-openrouter-deepseek-v3-007,agent-openrouter-deepseek-v3-008,agent-openrouter-deepseek-v3-009,agent-openrouter-deepseek-v3-009,agent-openrouter-deepseek-v3-008",7,1,1,0.7736131934032984
pretrain,medical_qa_1151,"agent-openrouter-deepseek-v3-008,agent-openrouter-deepseek-v3-007,agent-openrouter-deepseek-v3-009,agent-openrouter-deepseek-v3-008",4,1,1,0.7739520958083832
pretrain,medical_qa_591,"agent-openrouter-deepseek-v3-007,agent-openrouter-deepseek-v3-009,agent-openrouter-deepseek-v3-008,agent-openrouter-deepseek-v3-009,agent-openrouter-deepseek-v3-009,agent-openrouter-deepseek-v3-008",6,0,1,0.772795216741405
pretrain,medical_qa_933,"agent-openrouter-deepseek-v3-008,agent-openrouter-deepseek-v3-007,agent-openrouter-deepseek-v3-009,agent-openrouter-deepseek-v3-008,agent-openrouter-deepseek-v3-008",5,0,1,0.7716417910447761
pretrain,medical_qa_149,"agent-openrouter-deepseek-v3-009,agent-openrouter-deepseek-v3-008,agent-openrouter-deepseek-v3-007,agent-openrouter-deepseek-v3-008,agent-openrouter-deepseek-v3-008,agent-openrouter-deepseek-v3-008",6,0,1,0.7704918032786885
pretrain,medical_qa_944,"agent-openrouter-deepseek-v3-009,agent-openrouter-deepseek-v3-007,agent-openrouter-deepseek-v3-008,agent-openrouter-deepseek-v3-009,agent-openrouter-deepseek-v3-009,agent-openrouter-deepseek-v3-008",6,0,1,0.7693452380952381
pretrain,medical_qa_1152,"agent-openrouter-deepseek-v3-007,agent-openrouter-deepseek-v3-009,agent-openrouter-deepseek-v3-008,agent-openrouter-deepseek-v3-009,agent-openrouter-deepseek-v3-009,agent-openrouter-deepseek-v3-009,agent-openrouter-deepseek-v3-008",7,1,1,0.7696879643387816
pretrain,medical_qa_1244,"agent-openrouter-deepseek-v3-006,agent-openrouter-deepseek-v3-007,agent-openrouter-deepseek-v3-008,agent-openrouter-deepseek-v3-009,agent-openrouter-deepseek-v3-006,agent-openrouter-deepseek-v3-006",6,0,1,0.7685459940652819
pretrain,medical_qa_385,"agent-openrouter-deepseek-v3-007,agent-openrouter-deepseek-v3-009,agent-openrouter-deepseek-v3-008,agent-openrouter-deepseek-v3-009,agent-openrouter-deepseek-v3-008",5,1,1,0.7688888888888888
pretrain,medical_qa_926,"agent-openrouter-deepseek-v3-008,agent-openrouter-deepseek-v3-007,agent-openrouter-deepseek-v3-009,agent-openrouter-deepseek-v3-008,agent-openrouter-deepseek-v3-008,agent-openrouter-deepseek-v3-006,agent-openrouter-deepseek-v3-008",7,1,1,0.7692307692307693
pretrain,medical_qa_896,"agent-openrouter-deepseek-v3-008,agent-openrouter-deepseek-v3-007,agent-openrouter-deepseek-v3-009,agent-openrouter-deepseek-v3-008,agent-openrouter-deepseek-v3-008,agent-openrouter-deepseek-v3-008,agent-openrouter-deepseek-v3-008",7,1,1,0.7695716395864106
pretrain,medical_qa_615,"agent-openrouter-deepseek-v3-009,agent-openrouter-deepseek-v3-007,agent-openrouter-deepseek-v3-008,agent-openrouter-deepseek-v3-006,agent-openrouter-deepseek-v3-009",5,1,1,0.7699115044247787
pretrain,medical_qa_729,"agent-openrouter-deepseek-v3-009,agent-openrouter-deepseek-v3-008,agent-openrouter-deepseek-v3-007,agent-openrouter-deepseek-v3-009,agent-openrouter-deepseek-v3-008",5,1,1,0.7702503681885126
pretrain,medical_qa_1081,"agent-openrouter-deepseek-v3-008,agent-openrouter-deepseek-v3-007,agent-openrouter-deepseek-v3-009,agent-openrouter-deepseek-v3-008,agent-openrouter-deepseek-v3-008",5,1,1,0.7705882352941177
pretrain,medical_qa_643,"agent-openrouter-deepseek-v3-008,agent-openrouter-deepseek-v3-007,agent-openrouter-deepseek-v3-009,agent-openrouter-deepseek-v3-008,agent-openrouter-deepseek-v3-008",5,0,1,0.7694566813509545
pretrain,medical_qa_245,"agent-openrouter-deepseek-v3-007,agent-openrouter-deepseek-v3-006,agent-openrouter-deepseek-v3-008,agent-openrouter-deepseek-v3-007,agent-openrouter-deepseek-v3-008",5,1,1,0.7697947214076246
pretrain,medical_qa_1001,"agent-openrouter-deepseek-v3-007,agent-openrouter-deepseek-v3-008,agent-openrouter-deepseek-v3-009,agent-openrouter-deepseek-v3-008,agent-openrouter-deepseek-v3-008,agent-openrouter-deepseek-v3-008,agent-openrouter-deepseek-v3-008,agent-openrouter-deepseek-v3-008",8,1,1,0.7701317715959004
pretrain,medical_qa_1120,"agent-openrouter-deepseek-v3-009,agent-openrouter-deepseek-v3-008,agent-openrouter-deepseek-v3-007,agent-openrouter-deepseek-v3-009,agent-openrouter-deepseek-v3-008,agent-openrouter-deepseek-v3-008",6,1,1,0.77046783625731
pretrain,medical_qa_1135,"agent-openrouter-deepseek-v3-009,agent-openrouter-deepseek-v3-007,agent-openrouter-deepseek-v3-008,agent-openrouter-deepseek-v3-007,agent-openrouter-deepseek-v3-009,agent-openrouter-deepseek-v3-008,agent-openrouter-deepseek-v3-008",7,0,1,0.7693430656934307
pretrain,medical_qa_595,"agent-openrouter-deepseek-v3-008,agent-openrouter-deepseek-v3-007,agent-openrouter-deepseek-v3-009,agent-openrouter-deepseek-v3-008",4,1,1,0.7696793002915452
pretrain,medical_qa_998,"agent-openrouter-deepseek-v3-008,agent-openrouter-deepseek-v3-009,agent-openrouter-deepseek-v3-007",3,1,1,0.7700145560407569
pretrain,medical_qa_666,"agent-openrouter-deepseek-v3-007,agent-openrouter-deepseek-v3-009,agent-openrouter-deepseek-v3-008,agent-openrouter-deepseek-v3-008",4,1,1,0.7703488372093024
pretrain,medical_qa_1002,"agent-openrouter-deepseek-v3-009,agent-openrouter-deepseek-v3-007,agent-openrouter-deepseek-v3-008,agent-openrouter-deepseek-v3-008",4,1,1,0.7706821480406386
pretrain,medical_qa_33,"agent-openrouter-deepseek-v3-007,agent-openrouter-deepseek-v3-009,agent-openrouter-deepseek-v3-008,agent-openrouter-deepseek-v3-007,agent-openrouter-deepseek-v3-008",5,0,1,0.7695652173913043
pretrain,medical_qa_205,"agent-openrouter-deepseek-v3-008,agent-openrouter-deepseek-v3-006,agent-openrouter-deepseek-v3-009,agent-openrouter-deepseek-v3-007,agent-openrouter-deepseek-v3-008",5,1,1,0.7698986975397974
pretrain,medical_qa_397,"agent-openrouter-deepseek-v3-009,agent-openrouter-deepseek-v3-008,agent-openrouter-deepseek-v3-007,agent-openrouter-deepseek-v3-009,agent-openrouter-deepseek-v3-008",5,0,1,0.7687861271676301
pretrain,medical_qa_37,"agent-openrouter-deepseek-v3-009,agent-openrouter-deepseek-v3-007,agent-openrouter-deepseek-v3-008,agent-openrouter-deepseek-v3-008",4,1,1,0.7691197691197691
pretrain,medical_qa_295,"agent-openrouter-deepseek-v3-007,agent-openrouter-deepseek-v3-009,agent-openrouter-deepseek-v3-008,agent-openrouter-deepseek-v3-008,agent-openrouter-deepseek-v3-007,agent-openrouter-deepseek-v3-008",6,1,1,0.7694524495677233
pretrain,medical_qa_322,"agent-openrouter-deepseek-v3-008,agent-openrouter-deepseek-v3-009,agent-openrouter-deepseek-v3-007,agent-openrouter-deepseek-v3-008,agent-openrouter-deepseek-v3-008",5,1,1,0.7697841726618705
pretrain,medical_qa_906,"agent-openrouter-deepseek-v3-007,agent-openrouter-deepseek-v3-008,agent-openrouter-deepseek-v3-009,agent-openrouter-deepseek-v3-007,agent-openrouter-deepseek-v3-008,agent-openrouter-deepseek-v3-008",6,0,1,0.7686781609195402
pretrain,medical_qa_404,"agent-openrouter-deepseek-v3-008,agent-openrouter-deepseek-v3-009,agent-openrouter-deepseek-v3-007,agent-openrouter-deepseek-v3-008,agent-openrouter-deepseek-v3-008",5,1,1,0.7690100430416069
pretrain,medical_qa_1210,"agent-openrouter-deepseek-v3-007,agent-openrouter-deepseek-v3-008,agent-openrouter-deepseek-v3-009,agent-openrouter-deepseek-v3-007",4,1,1,0.7693409742120344
pretrain,medical_qa_76,"agent-openrouter-deepseek-v3-007,agent-openrouter-deepseek-v3-008,agent-openrouter-deepseek-v3-009,agent-openrouter-deepseek-v3-008,agent-openrouter-deepseek-v3-007,agent-openrouter-deepseek-v3-008",6,1,1,0.7696709585121603
pretrain,medical_qa_910,"agent-openrouter-deepseek-v3-010,agent-openrouter-deepseek-v3-006,agent-openrouter-deepseek-v3-009,agent-openrouter-deepseek-v3-006,agent-openrouter-deepseek-v3-008",5,1,1,0.77
test,medical_qa_155,"agent-openrouter-deepseek-v3-008,agent-openrouter-deepseek-v3-007,agent-openrouter-deepseek-v3-009,agent-openrouter-deepseek-v3-008,agent-openrouter-deepseek-v3-008,agent-openrouter-deepseek-v3-008",6,0,1,0.0
test,medical_qa_479,"agent-openrouter-deepseek-v3-007,agent-openrouter-deepseek-v3-009,agent-openrouter-deepseek-v3-008,agent-openrouter-deepseek-v3-008",4,1,1,0.5
test,medical_qa_755,"agent-openrouter-deepseek-v3-008,agent-openrouter-deepseek-v3-007,agent-openrouter-deepseek-v3-009,agent-openrouter-deepseek-v3-008,agent-openrouter-deepseek-v3-008,agent-openrouter-deepseek-v3-008",6,0,1,0.3333333333333333
test,medical_qa_60,"agent-openrouter-deepseek-v3-009,agent-openrouter-deepseek-v3-007,agent-openrouter-deepseek-v3-008,agent-openrouter-deepseek-v3-009,agent-openrouter-deepseek-v3-008",5,1,1,0.5
test,medical_qa_1047,"agent-openrouter-deepseek-v3-007,agent-openrouter-deepseek-v3-009,agent-openrouter-deepseek-v3-008,agent-openrouter-deepseek-v3-007,agent-openrouter-deepseek-v3-009,agent-openrouter-deepseek-v3-007,agent-openrouter-deepseek-v3-008",7,0,1,0.4
test,medical_qa_213,"agent-openrouter-deepseek-v3-007,agent-openrouter-deepseek-v3-008,agent-openrouter-deepseek-v3-009,agent-openrouter-deepseek-v3-008,agent-openrouter-deepseek-v3-008",5,1,1,0.5
test,medical_qa_310,"agent-openrouter-deepseek-v3-008,agent-openrouter-deepseek-v3-009,agent-openrouter-deepseek-v3-007",3,1,1,0.5714285714285714
test,medical_qa_419,"agent-openrouter-deepseek-v3-009,agent-openrouter-deepseek-v3-007,agent-openrouter-deepseek-v3-008,agent-openrouter-deepseek-v3-008,agent-openrouter-deepseek-v3-009,agent-openrouter-deepseek-v3-008",6,1,1,0.625
test,medical_qa_751,"agent-openrouter-deepseek-v3-009,agent-openrouter-deepseek-v3-008,agent-openrouter-deepseek-v3-007,agent-openrouter-deepseek-v3-008",4,0,1,0.5555555555555556
test,medical_qa_115,"agent-openrouter-deepseek-v3-008,agent-openrouter-deepseek-v3-007,agent-openrouter-deepseek-v3-009,agent-openrouter-deepseek-v3-008,agent-openrouter-deepseek-v3-008",5,1,1,0.6
test,medical_qa_794,"agent-openrouter-deepseek-v3-009,agent-openrouter-deepseek-v3-007,agent-openrouter-deepseek-v3-008,agent-openrouter-deepseek-v3-009,agent-openrouter-deepseek-v3-006,agent-openrouter-deepseek-v3-008",6,1,1,0.6363636363636364
test,medical_qa_502,"agent-openrouter-deepseek-v3-009,agent-openrouter-deepseek-v3-008,agent-openrouter-deepseek-v3-006,agent-openrouter-deepseek-v3-008,agent-openrouter-deepseek-v3-008",5,1,1,0.6666666666666666
test,medical_qa_1056,"agent-openrouter-deepseek-v3-009,agent-openrouter-deepseek-v3-008,agent-openrouter-deepseek-v3-007,agent-openrouter-deepseek-v3-008,agent-openrouter-deepseek-v3-008",5,1,1,0.6923076923076923
test,medical_qa_226,"agent-openrouter-deepseek-v3-008,agent-openrouter-deepseek-v3-009,agent-openrouter-deepseek-v3-007,agent-openrouter-deepseek-v3-009,agent-openrouter-deepseek-v3-008",5,0,1,0.6428571428571429
test,medical_qa_872,"agent-openrouter-deepseek-v3-009,agent-openrouter-deepseek-v3-006,agent-openrouter-deepseek-v3-008,agent-openrouter-deepseek-v3-009,agent-openrouter-deepseek-v3-009",5,1,1,0.6666666666666666
test,medical_qa_839,"agent-openrouter-deepseek-v3-007,agent-openrouter-deepseek-v3-009,agent-openrouter-deepseek-v3-008,agent-openrouter-deepseek-v3-009,agent-openrouter-deepseek-v3-009,agent-openrouter-deepseek-v3-008",6,1,1,0.6875
test,medical_qa_632,"agent-openrouter-deepseek-v3-007,agent-openrouter-deepseek-v3-009,agent-openrouter-deepseek-v3-008,agent-openrouter-deepseek-v3-007,agent-openrouter-deepseek-v3-008",5,1,1,0.7058823529411765
test,medical_qa_762,"agent-openrouter-deepseek-v3-010,agent-openrouter-deepseek-v3-008,agent-openrouter-deepseek-v3-007,agent-openrouter-deepseek-v3-006,agent-openrouter-deepseek-v3-006,agent-openrouter-deepseek-v3-008",6,0,1,0.6666666666666666
test,medical_qa_1175,"agent-openrouter-deepseek-v3-010,agent-openrouter-deepseek-v3-008,agent-openrouter-deepseek-v3-007,agent-openrouter-deepseek-v3-008,agent-openrouter-deepseek-v3-008",5,1,1,0.6842105263157895
test,medical_qa_1110,"agent-openrouter-deepseek-v3-008,agent-openrouter-deepseek-v3-007,agent-openrouter-deepseek-v3-009,agent-openrouter-deepseek-v3-008,agent-openrouter-deepseek-v3-008,agent-openrouter-deepseek-v3-008,agent-openrouter-deepseek-v3-008,agent-openrouter-deepseek-v3-008",8,0,1,0.65
test,medical_qa_1042,"agent-openrouter-deepseek-v3-008,agent-openrouter-deepseek-v3-009,agent-openrouter-deepseek-v3-007,agent-openrouter-deepseek-v3-008,agent-openrouter-deepseek-v3-008,agent-openrouter-deepseek-v3-008",6,1,1,0.6666666666666666
test,medical_qa_504,"agent-openrouter-deepseek-v3-009,agent-openrouter-deepseek-v3-007,agent-openrouter-deepseek-v3-008,agent-openrouter-deepseek-v3-008",4,1,1,0.6818181818181818
test,medical_qa_50,"agent-openrouter-deepseek-v3-008,agent-openrouter-deepseek-v3-007,agent-openrouter-deepseek-v3-009",3,1,1,0.6956521739130435
test,medical_qa_921,"agent-openrouter-deepseek-v3-008,agent-openrouter-deepseek-v3-007,agent-openrouter-deepseek-v3-009,agent-openrouter-deepseek-v3-008,agent-openrouter-deepseek-v3-008,agent-openrouter-deepseek-v3-008",6,1,1,0.7083333333333334
test,medical_qa_320,"agent-openrouter-deepseek-v3-007,agent-openrouter-deepseek-v3-009,agent-openrouter-deepseek-v3-008,agent-openrouter-deepseek-v3-007,agent-openrouter-deepseek-v3-009,agent-openrouter-deepseek-v3-008,agent-openrouter-deepseek-v3-008",7,0,1,0.68
test,medical_qa_494,"agent-openrouter-deepseek-v3-006,agent-openrouter-deepseek-v3-010,agent-openrouter-deepseek-v3-007,agent-openrouter-deepseek-v3-010,agent-openrouter-deepseek-v3-006",5,1,1,0.6923076923076923
test,medical_qa_945,"agent-openrouter-deepseek-v3-007,agent-openrouter-deepseek-v3-008,agent-openrouter-deepseek-v3-009,agent-openrouter-deepseek-v3-008,agent-openrouter-deepseek-v3-008",5,1,1,0.7037037037037037
test,medical_qa_628,"agent-openrouter-deepseek-v3-007,agent-openrouter-deepseek-v3-009,agent-openrouter-deepseek-v3-008,agent-openrouter-deepseek-v3-007,agent-openrouter-deepseek-v3-008",5,1,1,0.7142857142857143
test,medical_qa_1174,"agent-openrouter-deepseek-v3-010,agent-openrouter-deepseek-v3-007,agent-openrouter-deepseek-v3-009,agent-openrouter-deepseek-v3-007,agent-openrouter-deepseek-v3-009",5,0,1,0.6896551724137931
test,medical_qa_80,"agent-openrouter-deepseek-v3-007,agent-openrouter-deepseek-v3-009,agent-openrouter-deepseek-v3-008,agent-openrouter-deepseek-v3-007,agent-openrouter-deepseek-v3-009,agent-openrouter-deepseek-v3-008",6,1,1,0.7
test,medical_qa_989,"agent-openrouter-deepseek-v3-009,agent-openrouter-deepseek-v3-008,agent-openrouter-deepseek-v3-007,agent-openrouter-deepseek-v3-008,agent-openrouter-deepseek-v3-008",5,0,1,0.6774193548387096
test,medical_qa_512,"agent-openrouter-deepseek-v3-007,agent-openrouter-deepseek-v3-009,agent-openrouter-deepseek-v3-008,agent-openrouter-deepseek-v3-009,agent-openrouter-deepseek-v3-009,agent-openrouter-deepseek-v3-008",6,1,1,0.6875
test,medical_qa_282,"agent-openrouter-deepseek-v3-008,agent-openrouter-deepseek-v3-007,agent-openrouter-deepseek-v3-010,agent-openrouter-deepseek-v3-008",4,1,1,0.696969696969697
test,medical_qa_38,"agent-openrouter-deepseek-v3-008,agent-openrouter-deepseek-v3-007,agent-openrouter-deepseek-v3-009,agent-openrouter-deepseek-v3-007,agent-openrouter-deepseek-v3-008",5,1,1,0.7058823529411765
test,medical_qa_894,"agent-openrouter-deepseek-v3-007,agent-openrouter-deepseek-v3-008,agent-openrouter-deepseek-v3-009,agent-openrouter-deepseek-v3-008,agent-openrouter-deepseek-v3-008,agent-openrouter-deepseek-v3-008",6,1,1,0.7142857142857143
test,medical_qa_772,"agent-openrouter-deepseek-v3-008,agent-openrouter-deepseek-v3-007,agent-openrouter-deepseek-v3-009,agent-openrouter-deepseek-v3-008,agent-openrouter-deepseek-v3-009,agent-openrouter-deepseek-v3-008",6,0,1,0.6944444444444444
test,medical_qa_971,"agent-openrouter-deepseek-v3-007,agent-openrouter-deepseek-v3-009,agent-openrouter-deepseek-v3-008,agent-openrouter-deepseek-v3-007,agent-openrouter-deepseek-v3-007,agent-openrouter-deepseek-v3-008",6,0,1,0.6756756756756757
test,medical_qa_614,"agent-openrouter-deepseek-v3-007,agent-openrouter-deepseek-v3-008,agent-openrouter-deepseek-v3-009,agent-openrouter-deepseek-v3-008,agent-openrouter-deepseek-v3-008,agent-openrouter-deepseek-v3-008,agent-openrouter-deepseek-v3-008",7,1,1,0.6842105263157895
test,medical_qa_304,"agent-openrouter-deepseek-v3-009,agent-openrouter-deepseek-v3-007,agent-openrouter-deepseek-v3-008,agent-openrouter-deepseek-v3-009,agent-openrouter-deepseek-v3-008",5,1,1,0.6923076923076923
test,medical_qa_708,"agent-openrouter-deepseek-v3-009,agent-openrouter-deepseek-v3-008,agent-openrouter-deepseek-v3-007,agent-openrouter-deepseek-v3-007,agent-openrouter-deepseek-v3-009,agent-openrouter-deepseek-v3-007",6,1,1,0.7
test,medical_qa_402,"agent-openrouter-deepseek-v3-009,agent-openrouter-deepseek-v3-007,agent-openrouter-deepseek-v3-008,agent-openrouter-deepseek-v3-010,agent-openrouter-deepseek-v3-009,agent-openrouter-deepseek-v3-008",6,1,1,0.7073170731707317
test,medical_qa_16,"agent-openrouter-deepseek-v3-009,agent-openrouter-deepseek-v3-007,agent-openrouter-deepseek-v3-010,agent-openrouter-deepseek-v3-010,agent-openrouter-deepseek-v3-007,agent-openrouter-deepseek-v3-008",6,1,1,0.7142857142857143
test,medical_qa_439,"agent-openrouter-deepseek-v3-009,agent-openrouter-deepseek-v3-007,agent-openrouter-deepseek-v3-008,agent-openrouter-deepseek-v3-009,agent-openrouter-deepseek-v3-009,agent-openrouter-deepseek-v3-009,agent-openrouter-deepseek-v3-008",7,1,1,0.7209302325581395
test,medical_qa_147,"agent-openrouter-deepseek-v3-008,agent-openrouter-deepseek-v3-007,agent-openrouter-deepseek-v3-009,agent-openrouter-deepseek-v3-008,agent-openrouter-deepseek-v3-008",5,1,1,0.7272727272727273
test,medical_qa_749,"agent-openrouter-deepseek-v3-006,agent-openrouter-deepseek-v3-009,agent-openrouter-deepseek-v3-008,agent-openrouter-deepseek-v3-007,agent-openrouter-deepseek-v3-008,agent-openrouter-deepseek-v3-008",6,0,1,0.7111111111111111
test,medical_qa_525,"agent-openrouter-deepseek-v3-009,agent-openrouter-deepseek-v3-008,agent-openrouter-deepseek-v3-007,agent-openrouter-deepseek-v3-009,agent-openrouter-deepseek-v3-007,agent-openrouter-deepseek-v3-009,agent-openrouter-deepseek-v3-008",7,0,1,0.6956521739130435
test,medical_qa_870,"agent-openrouter-deepseek-v3-009,agent-openrouter-deepseek-v3-008,agent-openrouter-deepseek-v3-007,agent-openrouter-deepseek-v3-008,agent-openrouter-deepseek-v3-008,agent-openrouter-deepseek-v3-008",6,1,1,0.7021276595744681
test,medical_qa_119,"agent-openrouter-deepseek-v3-007,agent-openrouter-deepseek-v3-008,agent-openrouter-deepseek-v3-009,agent-openrouter-deepseek-v3-007,agent-openrouter-deepseek-v3-007,agent-openrouter-deepseek-v3-007,agent-openrouter-deepseek-v3-008",7,1,1,0.7083333333333334
test,medical_qa_346,"agent-openrouter-deepseek-v3-008,agent-openrouter-deepseek-v3-007,agent-openrouter-deepseek-v3-010,agent-openrouter-deepseek-v3-008,agent-openrouter-deepseek-v3-008",5,1,1,0.7142857142857143
test,medical_qa_348,"agent-openrouter-deepseek-v3-006,agent-openrouter-deepseek-v3-010,agent-openrouter-deepseek-v3-008,agent-openrouter-deepseek-v3-010,agent-openrouter-deepseek-v3-006,agent-openrouter-deepseek-v3-008,agent-openrouter-deepseek-v3-008",7,1,1,0.72
test,medical_qa_401,"agent-openrouter-deepseek-v3-006,agent-openrouter-deepseek-v3-008,agent-openrouter-deepseek-v3-007,agent-openrouter-deepseek-v3-008,agent-openrouter-deepseek-v3-006,agent-openrouter-deepseek-v3-008,agent-openrouter-deepseek-v3-008",7,1,1,0.7254901960784313
test,medical_qa_101,"agent-openrouter-deepseek-v3-010,agent-openrouter-deepseek-v3-008,agent-openrouter-deepseek-v3-009,agent-openrouter-deepseek-v3-009,agent-openrouter-deepseek-v3-008",5,1,1,0.7307692307692307
test,medical_qa_1168,"agent-openrouter-deepseek-v3-010,agent-openrouter-deepseek-v3-009,agent-openrouter-deepseek-v3-007,agent-openrouter-deepseek-v3-010,agent-openrouter-deepseek-v3-010",5,1,1,0.7358490566037735
test,medical_qa_1095,"agent-openrouter-deepseek-v3-008,agent-openrouter-deepseek-v3-006,agent-openrouter-deepseek-v3-009,agent-openrouter-deepseek-v3-008,agent-openrouter-deepseek-v3-008,agent-openrouter-deepseek-v3-008,agent-openrouter-deepseek-v3-008",7,1,1,0.7407407407407407
test,medical_qa_642,"agent-openrouter-deepseek-v3-009,agent-openrouter-deepseek-v3-010,agent-openrouter-deepseek-v3-007,agent-openrouter-deepseek-v3-009,agent-openrouter-deepseek-v3-008",5,1,1,0.7454545454545455
test,medical_qa_363,"agent-openrouter-deepseek-v3-007,agent-openrouter-deepseek-v3-006,agent-openrouter-deepseek-v3-009,agent-openrouter-deepseek-v3-007,agent-openrouter-deepseek-v3-008",5,1,1,0.75
test,medical_qa_374,"agent-openrouter-deepseek-v3-008,agent-openrouter-deepseek-v3-007,agent-openrouter-deepseek-v3-009,agent-openrouter-deepseek-v3-007,agent-openrouter-deepseek-v3-007,agent-openrouter-deepseek-v3-008,agent-openrouter-deepseek-v3-008",7,1,1,0.7543859649122807
test,medical_qa_724,"agent-openrouter-deepseek-v3-009,agent-openrouter-deepseek-v3-007,agent-openrouter-deepseek-v3-008,agent-openrouter-deepseek-v3-009,agent-openrouter-deepseek-v3-008",5,0,1,0.7413793103448276
test,medical_qa_72,"agent-openrouter-deepseek-v3-009,agent-openrouter-deepseek-v3-008,agent-openrouter-deepseek-v3-007,agent-openrouter-deepseek-v3-009,agent-openrouter-deepseek-v3-007",5,1,1,0.7457627118644068
test,medical_qa_612,"agent-openrouter-deepseek-v3-007,agent-openrouter-deepseek-v3-008,agent-openrouter-deepseek-v3-009,agent-openrouter-deepseek-v3-008,agent-openrouter-deepseek-v3-008",5,1,1,0.75
test,medical_qa_352,"agent-openrouter-deepseek-v3-007,agent-openrouter-deepseek-v3-008,agent-openrouter-deepseek-v3-009,agent-openrouter-deepseek-v3-007,agent-openrouter-deepseek-v3-007,agent-openrouter-deepseek-v3-008",6,0,1,0.7377049180327869
test,medical_qa_84,"agent-openrouter-deepseek-v3-007,agent-openrouter-deepseek-v3-009,agent-openrouter-deepseek-v3-008,agent-openrouter-deepseek-v3-007,agent-openrouter-deepseek-v3-007,agent-openrouter-deepseek-v3-008",6,1,1,0.7419354838709677
test,medical_qa_157,"agent-openrouter-deepseek-v3-008,agent-openrouter-deepseek-v3-007,agent-openrouter-deepseek-v3-009,agent-openrouter-deepseek-v3-008,agent-openrouter-deepseek-v3-008,agent-openrouter-deepseek-v3-008",6,1,1,0.746031746031746
test,medical_qa_579,"agent-openrouter-deepseek-v3-007,agent-openrouter-deepseek-v3-008,agent-openrouter-deepseek-v3-009,agent-openrouter-deepseek-v3-008,agent-openrouter-deepseek-v3-007,agent-openrouter-deepseek-v3-008",6,0,1,0.734375
test,medical_qa_459,"agent-openrouter-deepseek-v3-009,agent-openrouter-deepseek-v3-007,agent-openrouter-deepseek-v3-006,agent-openrouter-deepseek-v3-006,agent-openrouter-deepseek-v3-008",5,1,1,0.7384615384615385
test,medical_qa_723,"agent-openrouter-deepseek-v3-009,agent-openrouter-deepseek-v3-008,agent-openrouter-deepseek-v3-007,agent-openrouter-deepseek-v3-009,agent-openrouter-deepseek-v3-008",5,0,1,0.7272727272727273
test,medical_qa_606,"agent-openrouter-deepseek-v3-006,agent-openrouter-deepseek-v3-009,agent-openrouter-deepseek-v3-008,agent-openrouter-deepseek-v3-006,agent-openrouter-deepseek-v3-008",5,1,1,0.7313432835820896
test,medical_qa_624,"agent-openrouter-deepseek-v3-009,agent-openrouter-deepseek-v3-007,agent-openrouter-deepseek-v3-008,agent-openrouter-deepseek-v3-007,agent-openrouter-deepseek-v3-009,agent-openrouter-deepseek-v3-008",6,1,1,0.7352941176470589
test,medical_qa_239,"agent-openrouter-deepseek-v3-008,agent-openrouter-deepseek-v3-007,agent-openrouter-deepseek-v3-009,agent-openrouter-deepseek-v3-008,agent-openrouter-deepseek-v3-008",5,0,1,0.7246376811594203
test,medical_qa_763,"agent-openrouter-deepseek-v3-008,agent-openrouter-deepseek-v3-007,agent-openrouter-deepseek-v3-009,agent-openrouter-deepseek-v3-008,agent-openrouter-deepseek-v3-008,agent-openrouter-deepseek-v3-008",6,0,1,0.7142857142857143
test,medical_qa_1213,"agent-openrouter-deepseek-v3-008,agent-openrouter-deepseek-v3-006,agent-openrouter-deepseek-v3-007,agent-openrouter-deepseek-v3-008,agent-openrouter-deepseek-v3-008,agent-openrouter-deepseek-v3-008,agent-openrouter-deepseek-v3-008,agent-openrouter-deepseek-v3-008",8,0,1,0.704225352112676
test,medical_qa_139,"agent-openrouter-deepseek-v3-007,agent-openrouter-deepseek-v3-008,agent-openrouter-deepseek-v3-009,agent-openrouter-deepseek-v3-008,agent-openrouter-deepseek-v3-008",5,1,1,0.7083333333333334
test,medical_qa_256,"agent-openrouter-deepseek-v3-008,agent-openrouter-deepseek-v3-007,agent-openrouter-deepseek-v3-009,agent-openrouter-deepseek-v3-008,agent-openrouter-deepseek-v3-008,agent-openrouter-deepseek-v3-008,agent-openrouter-deepseek-v3-008",7,0,1,0.6986301369863014
test,medical_qa_1064,"agent-openrouter-deepseek-v3-007,agent-openrouter-deepseek-v3-009,agent-openrouter-deepseek-v3-008,agent-openrouter-deepseek-v3-007,agent-openrouter-deepseek-v3-008,agent-openrouter-deepseek-v3-008",6,1,1,0.7027027027027027
test,medical_qa_1036,"agent-openrouter-deepseek-v3-007,agent-openrouter-deepseek-v3-008,agent-openrouter-deepseek-v3-009,agent-openrouter-deepseek-v3-008,agent-openrouter-deepseek-v3-008",5,0,1,0.6933333333333334
test,medical_qa_923,"agent-openrouter-deepseek-v3-008,agent-openrouter-deepseek-v3-009,agent-openrouter-deepseek-v3-006,agent-openrouter-deepseek-v3-008,agent-openrouter-deepseek-v3-008",5,1,1,0.6973684210526315
test,medical_qa_1223,"agent-openrouter-deepseek-v3-007,agent-openrouter-deepseek-v3-009,agent-openrouter-deepseek-v3-008,agent-openrouter-deepseek-v3-007,agent-openrouter-deepseek-v3-008",5,1,1,0.7012987012987013
test,medical_qa_962,"agent-openrouter-deepseek-v3-009,agent-openrouter-deepseek-v3-008,agent-openrouter-deepseek-v3-007,agent-openrouter-deepseek-v3-009,agent-openrouter-deepseek-v3-008",5,1,1,0.7051282051282052
test,medical_qa_221,"agent-openrouter-deepseek-v3-009,agent-openrouter-deepseek-v3-007,agent-openrouter-deepseek-v3-008,agent-openrouter-deepseek-v3-009",4,1,1,0.7088607594936709
test,medical_qa_883,"agent-openrouter-deepseek-v3-008,agent-openrouter-deepseek-v3-007,agent-openrouter-deepseek-v3-009,agent-openrouter-deepseek-v3-008,agent-openrouter-deepseek-v3-008,agent-openrouter-deepseek-v3-008",6,1,1,0.7125
test,medical_qa_1247,"agent-openrouter-deepseek-v3-010,agent-openrouter-deepseek-v3-009,agent-openrouter-deepseek-v3-008,agent-openrouter-deepseek-v3-007",4,0,1,0.7037037037037037
test,medical_qa_1245,"agent-openrouter-deepseek-v3-007,agent-openrouter-deepseek-v3-008,agent-openrouter-deepseek-v3-009,agent-openrouter-deepseek-v3-007,agent-openrouter-deepseek-v3-007,agent-openrouter-deepseek-v3-008",6,1,1,0.7073170731707317
test,medical_qa_46,"agent-openrouter-deepseek-v3-007,agent-openrouter-deepseek-v3-008,agent-openrouter-deepseek-v3-009,agent-openrouter-deepseek-v3-007,agent-openrouter-deepseek-v3-008,agent-openrouter-deepseek-v3-008",6,0,1,0.6987951807228916
test,medical_qa_949,"agent-openrouter-deepseek-v3-009,agent-openrouter-deepseek-v3-008,agent-openrouter-deepseek-v3-007,agent-openrouter-deepseek-v3-009,agent-openrouter-deepseek-v3-009,agent-openrouter-deepseek-v3-010",6,1,1,0.7023809523809523
test,medical_qa_10,"agent-openrouter-deepseek-v3-009,agent-openrouter-deepseek-v3-007,agent-openrouter-deepseek-v3-008,agent-openrouter-deepseek-v3-009,agent-openrouter-deepseek-v3-007",5,1,1,0.7058823529411765
test,medical_qa_1248,"agent-openrouter-deepseek-v3-007,agent-openrouter-deepseek-v3-009,agent-openrouter-deepseek-v3-008,agent-openrouter-deepseek-v3-009,agent-openrouter-deepseek-v3-008",5,0,1,0.6976744186046512
test,medical_qa_651,"agent-openrouter-deepseek-v3-007,agent-openrouter-deepseek-v3-008,agent-openrouter-deepseek-v3-009,agent-openrouter-deepseek-v3-008,agent-openrouter-deepseek-v3-008,agent-openrouter-deepseek-v3-008",6,0,1,0.6896551724137931
test,medical_qa_89,"agent-openrouter-deepseek-v3-009,agent-openrouter-deepseek-v3-007,agent-openrouter-deepseek-v3-008,agent-openrouter-deepseek-v3-007,agent-openrouter-deepseek-v3-008,agent-openrouter-deepseek-v3-009,agent-openrouter-deepseek-v3-009,agent-openrouter-deepseek-v3-008",8,1,1,0.6931818181818182
test,medical_qa_1208,"agent-openrouter-deepseek-v3-008,agent-openrouter-deepseek-v3-007,agent-openrouter-deepseek-v3-009,agent-openrouter-deepseek-v3-008",4,1,1,0.6966292134831461
test,medical_qa_655,"agent-openrouter-deepseek-v3-009,agent-openrouter-deepseek-v3-006,agent-openrouter-deepseek-v3-008,agent-openrouter-deepseek-v3-009,agent-openrouter-deepseek-v3-008",5,1,1,0.7
test,medical_qa_787,"agent-openrouter-deepseek-v3-007,agent-openrouter-deepseek-v3-008,agent-openrouter-deepseek-v3-009,agent-openrouter-deepseek-v3-008,agent-openrouter-deepseek-v3-008",5,1,1,0.7032967032967034
test,medical_qa_1219,"agent-openrouter-deepseek-v3-007,agent-openrouter-deepseek-v3-008,agent-openrouter-deepseek-v3-009,agent-openrouter-deepseek-v3-008,agent-openrouter-deepseek-v3-008",5,1,1,0.7065217391304348
test,medical_qa_92,"agent-openrouter-deepseek-v3-007,agent-openrouter-deepseek-v3-009,agent-openrouter-deepseek-v3-008,agent-openrouter-deepseek-v3-007,agent-openrouter-deepseek-v3-007,agent-openrouter-deepseek-v3-008,agent-openrouter-deepseek-v3-008",7,1,1,0.7096774193548387
test,medical_qa_1126,"agent-openrouter-deepseek-v3-008,agent-openrouter-deepseek-v3-009,agent-openrouter-deepseek-v3-007,agent-openrouter-deepseek-v3-008,agent-openrouter-deepseek-v3-008",5,0,1,0.7021276595744681
test,medical_qa_936,"agent-openrouter-deepseek-v3-007,agent-openrouter-deepseek-v3-008,agent-openrouter-deepseek-v3-009,agent-openrouter-deepseek-v3-006,agent-openrouter-deepseek-v3-007,agent-openrouter-deepseek-v3-008",6,1,1,0.7052631578947368
test,medical_qa_712,"agent-openrouter-deepseek-v3-009,agent-openrouter-deepseek-v3-007,agent-openrouter-deepseek-v3-008,agent-openrouter-deepseek-v3-007,agent-openrouter-deepseek-v3-008",5,1,1,0.7083333333333334
test,medical_qa_474,"agent-openrouter-deepseek-v3-008,agent-openrouter-deepseek-v3-006,agent-openrouter-deepseek-v3-009,agent-openrouter-deepseek-v3-008,agent-openrouter-deepseek-v3-008,agent-openrouter-deepseek-v3-008,agent-openrouter-deepseek-v3-008",7,1,1,0.711340206185567
test,medical_qa_766,"agent-openrouter-deepseek-v3-007,agent-openrouter-deepseek-v3-009,agent-openrouter-deepseek-v3-008,agent-openrouter-deepseek-v3-008,agent-openrouter-deepseek-v3-008,agent-openrouter-deepseek-v3-008",6,1,1,0.7142857142857143
test,medical_qa_808,"agent-openrouter-deepseek-v3-008,agent-openrouter-deepseek-v3-007,agent-openrouter-deepseek-v3-009,agent-openrouter-deepseek-v3-008,agent-openrouter-deepseek-v3-008,agent-openrouter-deepseek-v3-008,agent-openrouter-deepseek-v3-008",7,1,1,0.7171717171717171
test,medical_qa_170,"agent-openrouter-deepseek-v3-008,agent-openrouter-deepseek-v3-009,agent-openrouter-deepseek-v3-007,agent-openrouter-deepseek-v3-008,agent-openrouter-deepseek-v3-008,agent-openrouter-deepseek-v3-008",6,1,1,0.72
