t,policy,task_difficulty,chosen_agent,match_score,load,latency_ms,call_cost,success,fallback_used,total_cost_this_task,total_latency_this_task,reward_used_for_update
0,linucb,hard,A,0.95,0.3,927.8436182847211,1.0,1,0,1.0,927.8436182847211,0.7137763883693636
1,linucb,hard,A,0.95,0.5640000000000001,1161.048495197944,1.0,1,0,1.0,1161.048495197944,0.6976157163485719
2,linucb,simple,A,0.8,0.79632,1412.7167473168872,1.0,1,0,1.0,1412.7167473168872,0.6819097416673477
3,linucb,hard,A,0.95,1.0,1574.978100447392,1.0,1,0,1.0,1574.978100447392,0.6725188404113049
4,linucb,simple,A,0.8,1.0,1453.2555110775115,1.0,1,0,1.0,1453.2555110775115,0.6795150733303666
5,linucb,hard,C,0.75,0.3,480.0565718445091,0.35,1,0,0.35,480.0565718445091,0.8495146366190839
6,linucb,simple,B,0.95,0.3,344.44439111265785,0.1,1,0,0.1,344.44439111265785,0.9020006757723104
7,linucb,simple,D,0.85,0.3,422.23144750373183,0.22,1,0,0.22,422.23144750373183,0.87510533774982
8,linucb,simple,A,0.8,0.8996953599999999,1548.835987246637,1.0,1,0,1.0,1548.835987246637,0.6739979552819549
9,linucb,hard,A,0.95,1.0,1865.394585754942,1.0,1,0,1.0,1865.394585754942,0.6568474910463267
10,linucb,simple,A,0.8,1.0,1759.6041692773324,1.0,0,0,1.0,1759.6041692773324,0.0
11,linucb,simple,B,0.95,0.45831957504,477.27756108843795,0.1,1,0,0.1,477.27756108843795,0.8872986631526019
12,linucb,simple,A,0.8,1.0,1872.9845708532719,1.0,1,0,1.0,1872.9845708532719,0.6564549369860718
13,linucb,hard,E,0.9,0.3,707.9646079656771,0.6,1,0,0.6,707.9646079656771,0.7910071760175701
14,linucb,simple,A,0.8,1.0,1664.5070026829972,1.0,1,0,1.0,1664.5070026829972,0.6675441421777312
15,linucb,hard,C,0.75,0.3835502928028206,587.3789750622798,0.35,1,0,0.35,587.3789750622798,0.8391137485598584
16,linucb,simple,D,0.85,0.39494351454865984,492.65652524530316,0.22,1,0,0.22,492.65652524530316,0.8677370637906269
17,linucb,hard,A,0.95,0.9814719999999999,1721.8724788847321,1.0,1,0,1.0,1721.8724788847321,0.6644267002564899
18,linucb,simple,A,0.8,1.0,2000.627025441742,1.0,1,0,1.0,2000.627025441742,0.65
19,linucb,simple,A,0.8,1.0,2106.0129771058932,1.0,1,0,1.0,2106.0129771058932,0.65
20,linucb,simple,B,0.95,0.4450482374691528,487.72507492172156,0.1,1,0,0.1,487.72507492172156,0.8862351201163368
21,linucb,hard,A,0.95,1.0,1527.2815391808404,1.0,1,0,1.0,1527.2815391808404,0.6752269163068385
22,linucb,hard,A,0.95,1.0,1811.4859536431252,1.0,1,0,1.0,1811.4859536431252,0.6596589401288767
23,linucb,simple,D,0.85,0.46140377634060575,529.4934154143035,0.22,1,0,0.22,529.4934154143035,0.8640929141978743
24,linucb,hard,C,0.75,0.42138537601622444,696.9993994073444,0.35,1,0,0.35,696.9993994073444,0.8294322737233122
25,linucb,simple,B,0.95,0.5348661594280576,408.93692445790276,0.1,1,0,0.1,408.93692445790276,0.8945636218706319
26,linucb,simple,A,0.8,0.8996953599999999,1235.1980647678947,1.0,1,0,1.0,1235.1980647678947,0.692825061490841
27,linucb,simple,B,0.95,0.7142003538610878,537.9940241960048,0.1,1,0,0.1,537.9940241960048,0.8812701562523104
28,linucb,simple,B,0.95,0.9284963113977573,556.2727511931928,0.1,1,0,0.1,556.2727511931928,0.8795227274534279
29,linucb,simple,B,0.95,1.0,651.5494718985698,0.1,1,0,0.1,651.5494718985698,0.8708466407065855
30,linucb,simple,B,0.95,1.0,775.4224735296364,0.1,0,0,0.1,775.4224735296364,0.0
31,linucb,simple,B,0.95,1.0,777.2138093558979,0.1,1,0,0.1,777.2138093558979,0.860323313377689
32,linucb,simple,A,0.8,0.7178222020446021,1354.5663690359752,1.0,1,0,1.0,1354.5663690359752,0.6854055669813844
33,linucb,simple,D,0.85,0.4285014020452826,547.8703419666031,0.22,1,0,0.22,547.8703419666031,0.8623223670532617
34,linucb,simple,A,0.8,0.8558815132633399,1413.2095033302521,1.0,1,0,1.0,1413.2095033302521,0.6818804292576113
35,linucb,simple,A,0.8,1.0,1704.5225159117338,1.0,1,0,1.0,1704.5225159117338,0.6653640058974559
36,linucb,simple,A,0.8,1.0,1762.940717882343,1.0,1,0,1.0,1762.940717882343,0.6622266942357171
37,linucb,simple,A,0.8,1.0,1807.9606835990526,1.0,1,0,1.0,1807.9606835990526,0.6598442383939391
38,linucb,simple,A,0.8,1.0,1965.5485373849515,1.0,1,0,1.0,1965.5485373849515,0.6517300558639837
39,linucb,simple,D,0.85,0.4989978023025031,498.32624796064533,0.22,1,0,0.22,498.32624796064533,0.8671675155111679
40,linucb,simple,A,0.8,1.0,1711.1100999879918,1.0,1,0,1.0,1711.1100999879918,0.6650075623173751
41,linucb,simple,A,0.8,1.0,1688.5953332757094,1.0,1,0,1.0,1688.5953332757094,0.666228656571504
42,linucb,simple,A,0.8,1.0,1820.5106430607098,1.0,1,0,1.0,1820.5106430607098,0.6591853966248542
43,linucb,simple,B,0.95,0.515671155821681,469.13582840775825,0.1,0,0,0.1,469.13582840775825,0.0
44,linucb,simple,D,0.85,0.5633370666880875,562.2169449267813,0.22,1,0,0.22,562.2169449267813,0.860960672868338
45,linucb,simple,A,0.8,0.9814719999999999,1833.1515766565722,1.0,1,0,1.0,1833.1515766565722,0.658524070616875
46,linucb,simple,A,0.8,1.0,1902.4045098729164,1.0,1,0,1.0,1902.4045098729164,0.6549408033507306
47,linucb,hard,C,0.75,0.32227311292751437,575.2494751782565,0.35,0,0,0.35,575.2494751782565,0.0
48,linucb,simple,A,0.8,1.0,1598.9100400339498,1.0,1,0,1.0,1598.9100400339498,0.671175502794838
49,linucb,hard,E,0.9,0.30300952151286964,753.9395555576231,0.6,1,0,0.6,753.9395555576231,0.7872042707943291
50,linucb,simple,A,0.8,1.0,1787.3108757922053,1.0,1,0,1.0,1787.3108757922053,0.6609332987651074
51,linucb,simple,B,0.95,0.48545315107984843,415.309840533526,0.1,1,0,0.1,415.309840533526,0.8938616611372002
52,linucb,simple,D,0.85,0.5025954582837113,492.11684008918616,0.22,1,0,0.22,492.11684008918616,0.8677914479402923
53,linucb,hard,C,0.75,0.4496649507041392,682.9709468622743,0.35,0,0,0.35,682.9709468622743,0.0
54,linucb,simple,A,0.8,0.8996953599999999,1709.1622524126592,1.0,1,0,1.0,1709.1622524126592,0.6651128856619445
55,linucb,simple,A,0.8,1.0,1957.6093279784684,1.0,1,0,1.0,1957.6093279784684,0.6521308852812815
56,linucb,hard,E,0.9,0.42383259691003605,930.251682990095,0.6,1,0,0.6,930.251682990095,0.7735997299863308
57,linucb,simple,A,0.8,1.0,1478.8564742038116,1.0,1,0,1.0,1478.8564742038116,0.6780199735897326
58,linucb,simple,B,0.95,0.49839285602721395,478.2335301750893,0.1,1,0,0.1,478.2335301750893,0.8872008660391014
59,linucb,simple,D,0.85,0.505398498646909,518.5528003750285,0.22,1,0,0.22,518.5528003750285,0.8651616182006971
60,linucb,hard,C,0.75,0.4837670918956648,618.7530524310334,0.35,1,0,0.35,618.7530524310334,0.836256748300759
61,linucb,hard,A,0.95,0.8996953599999999,1494.420818592399,1.0,0,0,1.0,1494.420818592399,0.0
62,linucb,simple,B,0.95,0.5988838832166683,478.901215972408,0.1,1,0,0.1,478.901215972408,0.8871326187156917
63,linucb,hard,E,0.9,0.47321003930322086,992.0972705410015,0.6,0,0,0.6,992.0972705410015,0.0
64,linucb,simple,B,0.95,0.7637756791629879,471.1739030004613,0.1,0,0,0.1,471.1739030004613,0.0
65,linucb,simple,B,0.95,0.9721225976634293,691.0954965024619,0.1,1,0,0.1,691.0954965024619,0.8674333808853497
66,linucb,simple,B,0.95,1.0,680.5418964995224,0.1,1,0,0.1,680.5418964995224,0.8683345041154392
67,linucb,simple,B,0.95,1.0,694.9063951600981,0.1,1,0,0.1,694.9063951600981,0.867109678500727
68,linucb,simple,B,0.95,1.0,752.7869084860497,0.1,1,0,0.1,752.7869084860497,0.8622981737311094
69,linucb,simple,A,0.8,0.6235615132633399,1211.3068727596565,1.0,1,0,1.0,1211.3068727596565,0.694352521847628
70,linucb,simple,B,0.95,1.0,649.1539880665331,0.1,1,0,0.1,649.1539880665331,0.8710566818048084
71,linucb,simple,B,0.95,1.0,757.9017183392268,0.1,1,0,0.1,757.9017183392268,0.8618820306909485
72,linucb,simple,B,0.95,1.0,668.6252090242397,0.1,1,0,0.1,668.6252090242397,0.8693604558099401
73,linucb,simple,B,0.95,1.0,594.1082954624031,0.1,1,0,0.1,594.1082954624031,0.8759946519236416
74,linucb,simple,B,0.95,1.0,692.8576051140407,0.1,1,0,0.1,692.8576051140407,0.8672835945915743
75,linucb,hard,A,0.95,0.5895845151207104,1326.0511476628692,1.0,1,0,1.0,1326.0511476628692,0.6871472353527353
76,linucb,simple,D,0.85,0.3575227147345761,447.2772281055017,0.22,1,0,0.22,447.2772281055017,0.8724191110101515
77,linucb,simple,A,0.8,0.7565742485094782,1577.314945559569,1.0,1,0,1.0,1577.314945559569,0.6723872219934856
78,linucb,simple,D,0.85,0.5768655902904557,483.185740531935,0.22,0,0,0.22,483.185740531935,0.0
79,linucb,hard,C,0.75,0.34263900808823927,592.8631995313997,0.35,1,0,0.35,592.8631995313997,0.8386089352121673
80,linucb,hard,E,0.9,0.35385913526307067,889.0328382444748,0.6,1,0,0.6,889.0328382444748,0.7766558709020548
81,linucb,hard,A,0.95,0.7537140663266211,1488.0949983520397,1.0,1,0,1.0,1488.0949983520397,0.677483624061248
82,linucb,simple,A,0.8,0.9632683783674265,1610.1475677690223,1.0,1,0,1.0,1610.1475677690223,0.6705481921089106
83,linucb,simple,A,0.8,1.0,1939.8616138694997,1.0,1,0,1.0,1939.8616138694997,0.6530298695807154
84,linucb,simple,A,0.8,1.0,1841.96173513047,1.0,1,0,1.0,1841.96173513047,0.6580645037972147
85,linucb,simple,A,0.8,1.0,1785.4139109771013,1.0,1,0,1.0,1785.4139109771013,0.661033658500933
86,linucb,simple,B,0.95,0.515671155821681,450.4120165523618,0.1,0,0,0.1,450.4120165523618,0.0
87,linucb,hard,C,0.75,0.4232248168536519,625.6498202197263,0.35,1,0,0.35,625.6498202197263,0.8356384945372425
88,linucb,hard,E,0.9,0.4272599619584301,890.5478742141537,0.6,1,0,0.6,890.5478742141537,0.7765423007680595
89,linucb,simple,D,0.85,0.44137871433147596,574.4424411069264,0.22,1,0,0.22,574.4424411069264,0.8598139522972391
90,linucb,hard,A,0.95,0.8277319167999999,1503.8370518775812,1.0,1,0,1.0,1503.8370518775812,0.6765735284405762
91,linucb,simple,A,0.8,1.0,1923.9777468931911,1.0,1,0,1.0,1923.9777468931911,0.6538379370574834
92,linucb,hard,A,0.95,1.0,1856.8919057900307,1.0,1,0,1.0,1856.8919057900307,0.6572881993343411
93,linucb,simple,A,0.8,1.0,1954.345633383566,1.0,1,0,1.0,1954.345633383566,0.6522958961789833
94,linucb,hard,A,0.95,1.0,1939.160181892577,1.0,1,0,1.0,1939.160181892577,0.6530654838839784
95,linucb,simple,B,0.95,0.4631987729502667,459.8070306396089,0.1,1,0,0.1,459.8070306396089,0.8891034900906598
96,linucb,simple,A,0.8,1.0,1611.6189028786048,1.0,1,0,1.0,1611.6189028786048,0.670466220288292
97,linucb,simple,D,0.85,0.45873502418787593,457.1943825844226,0.22,1,0,0.22,457.1943825844226,0.871376322745418
98,linucb,simple,A,0.8,1.0,1747.709081009004,1.0,1,0,1.0,1747.709081009004,0.6630396255347671
99,linucb,simple,A,0.8,1.0,1826.9868157041335,1.0,1,0,1.0,1826.9868157041335,0.6588463018561171
100,linucb,simple,A,0.8,1.0,1869.4040326623297,1.0,1,0,1.0,1869.4040326623297,0.6566400231349657
101,linucb,simple,B,0.95,0.5151114031514379,444.4361443420082,0.1,1,0,0.1,444.4361443420082,0.8907199762047114
102,linucb,simple,A,0.8,1.0,1835.839530231979,1.0,1,0,1.0,1835.839530231979,0.6583837412831584
103,linucb,simple,D,0.85,0.5130384199838067,543.4607123094194,0.22,1,0,0.22,543.4607123094194,0.8627444761838089
104,linucb,simple,A,0.8,1.0,1687.6441221803577,1.0,1,0,1.0,1687.6441221803577,0.6662804244409236
105,linucb,simple,A,0.8,1.0,1662.5758262122001,1.0,1,0,1.0,1662.5758262122001,0.6676500163854023
106,linucb,simple,B,0.95,0.5718407281506459,470.7162605515896,0.1,1,0,0.1,470.7162605515896,0.887972554341404
107,linucb,simple,B,0.95,0.8032198407725684,555.474935053317,0.1,0,0,0.1,555.474935053317,0.0
108,linucb,simple,B,0.95,1.0,599.447011235047,0.1,0,0,0.1,599.447011235047,0.0
109,linucb,simple,B,0.95,1.0,696.9716593248694,0.1,1,0,0.1,696.9716593248694,0.8669346232526344
110,linucb,simple,B,0.95,1.0,681.7125206502775,0.1,1,0,0.1,681.7125206502775,0.8682342070081929
111,linucb,hard,C,0.75,0.3196858992146126,560.0371400959215,0.35,1,0,0.35,560.0371400959215,0.8416664382064063
112,linucb,simple,A,0.8,0.70867559636992,1171.3135125301674,1.0,1,0,1.0,1171.3135125301674,0.6969435716782749
113,linucb,hard,E,0.9,0.3174887593280381,910.2708180718191,0.6,1,0,0.6,910.2708180718191,0.7750725514899345
114,linucb,simple,D,0.85,0.4257358966123143,395.1790280935811,0.22,1,0,0.22,395.1790280935811,0.8780979158744204
115,linucb,simple,A,0.8,0.7829425760094022,1465.8139267110766,1.0,1,0,1.0,1465.8139267110766,0.678780028810242
116,linucb,hard,C,0.75,0.4687084523664591,615.5077681032067,0.35,1,0,0.35,615.5077681032067,0.8365488604742424
117,linucb,simple,A,0.8,0.9063107308616811,1827.196163893339,1.0,1,0,1.0,1827.196163893339,0.6588353503446132
118,linucb,simple,D,0.85,0.5553118417838445,513.451803561193,0.22,1,0,0.22,513.451803561193,0.8656637474976311
119,linucb,simple,D,0.85,0.7886744207697831,586.3904305469129,0.22,1,0,0.22,586.3904305469129,0.8587049926776942
120,linucb,simple,D,0.85,0.9940334902774091,659.9531933265182,0.22,1,0,0.22,659.9531933265182,0.8521128211394745
121,linucb,hard,E,0.9,0.4141799190920361,909.4576799388464,0.6,1,0,0.6,909.4576799388464,0.7751328297962142
122,linucb,simple,D,0.85,1.0,744.953689818675,0.22,1,0,0.22,744.953689818675,0.8449382377795015
123,linucb,simple,D,0.85,1.0,843.7282891913085,0.22,1,0,0.22,843.7282891913085,0.8370978607419178
124,linucb,simple,D,0.85,1.0,865.5179743973348,0.22,0,0,0.22,865.5179743973348,0.0
125,linucb,simple,A,0.8,0.6259406290195929,1131.4354953277702,1.0,1,0,1.0,1131.4354953277702,0.6995715787939146
126,linucb,simple,B,0.95,0.4293369914320991,376.27165308349055,0.1,0,0,0.1,376.27165308349055,0.0
127,linucb,hard,C,0.75,0.41487147007416536,499.78636730434994,0.35,0,0,0.35,499.78636730434994,0.0
128,linucb,hard,A,0.95,0.7265610123392401,1168.6083898332772,1.0,1,0,1.0,1168.6083898332772,0.6971204140617017
129,linucb,simple,A,0.8,0.9393736908585313,1382.979557889804,1.0,1,0,1.0,1382.979557889804,0.6836882711358093
130,linucb,simple,A,0.8,1.0,1984.3340709407855,1.0,1,0,1.0,1984.3340709407855,0.6507848363732928
131,linucb,simple,A,0.8,1.0,1665.516042992234,1.0,1,0,1.0,1665.516042992234,0.6674888473001042
132,linucb,simple,A,0.8,1.0,2134.7536130780336,1.0,1,0,1.0,2134.7536130780336,0.65
133,linucb,simple,B,0.95,0.4754595510171803,478.7034719871477,0.1,1,0,0.1,478.7034719871477,0.8871528261024215
134,linucb,simple,A,0.8,1.0,1726.2615305521642,1.0,1,0,1.0,1726.2615305521642,0.6641903376811548
135,linucb,simple,A,0.8,1.0,1903.9670994159696,1.0,1,0,1.0,1903.9670994159696,0.6548607113154313
136,linucb,simple,A,0.8,1.0,1991.00894067422,1.0,1,0,1.0,1991.00894067422,0.6504500593498349
137,linucb,hard,E,0.9,0.3535687846469542,918.0537540746433,0.6,1,0,0.6,918.0537540746433,0.7744969554530495
138,linucb,simple,D,0.85,0.46701574306830973,491.4295663348487,0.22,1,0,0.22,491.4295663348487,0.8678607478003945
139,linucb,simple,A,0.8,0.9814719999999999,1633.4044282202387,1.0,1,0,1.0,1633.4044282202387,0.6692568436581767
140,linucb,simple,B,0.95,0.4943087155617205,445.7967726031365,0.1,1,0,0.1,445.7967726031365,0.8905757687240042
141,linucb,hard,C,0.75,0.3692900668522788,601.5374986186162,0.35,1,0,0.35,601.5374986186162,0.8378152245187496
142,linucb,simple,A,0.8,0.9688456867839998,1809.6365913079637,1.0,1,0,1.0,1809.6365913079637,0.6597561253912251
143,linucb,simple,A,0.8,1.0,1883.224601583545,1.0,1,0,1.0,1883.224601583545,0.6559265808214043
144,linucb,simple,A,0.8,1.0,1925.103766861222,1.0,1,0,1.0,1925.103766861222,0.6537805429188419
145,linucb,simple,D,0.85,0.4908579373125828,522.1226142267326,0.22,1,0,0.22,522.1226142267326,0.8648116822501972
146,linucb,simple,B,0.95,0.5295589876398128,410.02024298490585,0.1,1,0,0.1,410.02024298490585,0.8944439131825026
147,linucb,simple,A,0.8,0.9814719999999999,1361.653064397657,1.0,1,0,1.0,1361.653064397657,0.6849755736627055
148,linucb,simple,A,0.8,1.0,1937.3842331511098,1.0,1,0,1.0,1937.3842331511098,0.6531556841993597
149,linucb,simple,A,0.8,1.0,1876.5364572996048,1.0,1,0,1.0,1876.5364572996048,0.6562715066233361
150,linucb,simple,B,0.95,0.6175740677338931,424.1080268985727,0.1,1,0,0.1,424.1080268985727,0.8929013543097867
151,linucb,simple,B,0.95,0.8434651796058259,553.4778535040124,0.1,1,0,0.1,553.4778535040124,0.8797880374193112
152,linucb,simple,B,0.95,1.0,557.0100943129712,0.1,1,0,0.1,557.0100943129712,0.8794528452005482
153,linucb,hard,C,0.75,0.37964521555149683,541.9773216116013,0.35,1,0,0.35,541.9773216116013,0.84338685754319
154,linucb,hard,E,0.9,0.34024198012607587,790.7385044195953,0.6,1,0,0.6,790.7385044195953,0.7842432105674135
155,linucb,hard,A,0.95,0.764404086784,1641.6987773730925,1.0,1,0,1.0,1641.6987773730925,0.668798522226054
156,linucb,simple,D,0.85,0.4202998848686943,487.7096385438239,0.22,1,0,0.22,487.7096385438239,0.8682366830707043
157,linucb,simple,A,0.8,0.8919545248055296,1518.350855120996,1.0,1,0,1.0,1518.350855120996,0.675738652873278
158,linucb,hard,C,0.75,0.5003508973069406,732.9788329019025,0.35,1,0,0.35,732.9788329019025,0.8264232612842664
159,linucb,simple,B,0.95,0.70867559636992,496.9491472517748,0.1,1,0,0.1,496.9491472517748,0.8853055520852063
160,linucb,hard,A,0.95,0.9078420339282738,1497.2910909341665,1.0,1,0,1.0,1497.2910909341665,0.6769513888565316
161,linucb,simple,B,0.95,0.848798381828866,612.4601725838265,0.1,1,0,0.1,612.4601725838265,0.8743238803911316
162,linucb,simple,B,0.95,1.0,666.3426461678976,0.1,0,0,0.1,666.3426461678976,0.0
163,linucb,simple,B,0.95,1.0,689.0366569920567,0.1,0,0,0.1,689.0366569920567,0.0
164,linucb,simple,B,0.95,1.0,708.8235708243503,0.1,1,0,0.1,708.8235708243503,0.8659350117940332
165,linucb,simple,B,0.95,1.0,773.0938123752165,0.1,1,0,0.1,773.0938123752165,0.8606542069569527
166,linucb,simple,B,0.95,1.0,707.5291745373122,0.1,1,0,0.1,707.5291745373122,0.8660437748970393
167,linucb,simple,A,0.8,0.6710128846253185,1026.1876713965291,1.0,1,0,1.0,1026.1876713965291,0.7067388628136346
168,linucb,simple,D,0.85,0.3906465619613507,483.5632588959602,0.22,1,0,0.22,483.5632588959602,0.8686574091356181
169,linucb,simple,A,0.8,0.8196323778538466,1463.28728261292,1.0,1,0,1.0,1463.28728261292,0.6789276595932048
170,linucb,simple,D,0.85,0.60251669758287,619.0204153600624,0.22,1,0,0.22,619.0204153600624,0.8557327168157627
171,linucb,simple,D,0.85,0.8302146938729256,700.4355182338697,0.22,1,0,0.22,700.4355182338697,0.8486416020525903
172,linucb,simple,D,0.85,1.0,804.5202362198166,0.22,1,0,0.22,804.5202362198166,0.8401520409135553
173,linucb,simple,D,0.85,1.0,883.732516342317,0.22,0,0,0.22,883.732516342317,0.0
174,linucb,simple,D,0.85,1.0,841.7486348068225,0.22,1,0,0.22,841.7486348068225,0.8372503460654462
175,linucb,simple,A,0.8,0.680640625935814,1338.6003165063473,1.0,1,0,1.0,1338.6003165063473,0.6863784661784185
176,linucb,simple,D,0.85,1.0,855.5514295339844,0.22,1,0,0.22,855.5514295339844,0.8361908696203522
177,linucb,simple,D,0.85,1.0,954.2323877024733,0.22,0,0,0.22,954.2323877024733,0.0
178,linucb,hard,C,0.75,0.3388086133945012,552.6183314311363,0.35,0,0,0.35,552.6183314311363,0.0
179,linucb,simple,A,0.8,0.7081770252012033,1383.8309389702806,1.0,1,0,1.0,1383.8309389702806,0.6836370871275523
180,linucb,simple,B,0.95,0.46701574306830973,387.8385043213308,0.1,1,0,0.1,387.8385043213308,0.8969274725784105
181,linucb,simple,A,0.8,0.8484122883158118,1214.9143690417013,1.0,1,0,1.0,1214.9143690417013,0.6941209206441287
182,linucb,simple,A,0.8,1.0,2157.713528073408,1.0,1,0,1.0,2157.713528073408,0.65
183,linucb,simple,A,0.8,1.0,1819.5445347782668,1.0,1,0,1.0,1819.5445347782668,0.6592360340746571
184,linucb,simple,B,0.95,0.5800671741650175,449.19887499335977,0.1,0,0,0.1,449.19887499335977,0.0
185,linucb,hard,E,0.9,0.3064677129060768,681.5961610427489,0.6,1,0,0.6,681.5961610427489,0.7932441726471223
186,linucb,hard,C,0.75,0.4218472746781518,640.2134729459502,0.35,1,0,0.35,640.2134729459502,0.8343440480623356
187,linucb,simple,A,0.8,0.8996953599999999,1706.048493693343,1.0,1,0,1.0,1706.048493693343,0.6652813764834015
188,linucb,simple,A,0.8,1.0,1954.10662973554,1.0,1,0,1.0,1954.10662973554,0.6523079855059623
189,linucb,simple,A,0.8,1.0,2171.9345410142582,1.0,1,0,1.0,2171.9345410142582,0.65
190,linucb,simple,A,0.8,1.0,1696.5647000458546,1.0,1,0,1.0,1696.5647000458546,0.6657955103671002
191,linucb,simple,B,0.95,0.5370592983365028,458.1749074372545,0.1,1,0,0.1,458.1749074372545,0.889273837699691
192,linucb,simple,D,0.85,0.44697385390011257,477.3876524855338,0.22,1,0,0.22,477.3876524855338,0.8692873956456452
193,linucb,simple,A,0.8,0.9814719999999999,1378.1097435731385,1.0,1,0,1.0,1378.1097435731385,0.683981341797186
194,linucb,simple,A,0.8,1.0,1940.7457697872733,1.0,0,0,1.0,1940.7457697872733,0.0
195,linucb,simple,B,0.95,0.6220719692572565,475.30929327445057,0.1,1,0,0.1,475.30929327445057,0.8875003288954829
196,linucb,hard,C,0.75,0.4174848777247716,623.2713161795434,0.35,1,0,0.35,623.2713161795434,0.8358513263688687
197,linucb,simple,B,0.95,0.7817325329928193,636.7468176294303,0.1,1,0,0.1,636.7468176294303,0.8721508247589349
198,linucb,hard,E,0.9,0.358164696360743,999.5168132879277,0.6,1,0,0.6,999.5168132879277,0.7686128143509513
199,linucb,simple,A,0.8,0.8277319167999999,1335.4551337312128,1.0,1,0,1.0,1335.4551337312128,0.6865708022579066
200,linucb,simple,D,0.85,0.4607472295478632,549.7203218707701,0.22,1,0,0.22,549.7203218707701,0.8621457848371588
201,linucb,simple,B,0.95,0.7688013727968408,627.2354002479066,0.1,1,0,0.1,627.2354002479066,0.8729968393081778
202,linucb,hard,C,0.75,0.49388168338590255,619.5449800074801,0.35,0,0,0.35,619.5449800074801,0.0
203,linucb,simple,A,0.8,0.796386989828866,1250.205859019244,1.0,1,0,1.0,1250.205859019244,0.691873097860026
204,linucb,simple,B,0.95,0.8239166091226087,514.2566462033307,0.1,1,0,0.1,514.2566462033307,0.8835843556246542
205,linucb,simple,B,0.95,1.0,663.3655697577727,0.1,1,0,0.1,663.3655697577727,0.8698161843176071
206,linucb,hard,E,0.9,0.4288083903778126,967.3506479417127,0.6,0,0,0.6,967.3506479417127,0.0
207,linucb,simple,B,0.95,1.0,646.0652138757732,0.1,1,0,0.1,646.0652138757732,0.8713280849219321
208,linucb,simple,B,0.95,1.0,679.2508950807216,0.1,1,0,0.1,679.2508950807216,0.8684452150205131
209,linucb,simple,B,0.95,1.0,735.4043191174447,0.1,1,0,0.1,735.4043191174447,0.863723100376251
210,linucb,simple,B,0.95,1.0,816.9644585348225,0.1,1,0,0.1,816.9644585348225,0.8571747709929826
211,linucb,hard,A,0.95,0.5864082566484105,1178.6876136465828,1.0,1,0,1.0,1178.6876136465828,0.6964625378842947
212,linucb,simple,D,0.85,0.399369887538225,423.085393827656,0.22,1,0,0.22,423.085393827656,0.8750124580361388
213,linucb,hard,C,0.75,0.4210409471534035,670.5685879036513,0.35,1,0,0.35,670.5685879036513,0.8316925228749326
214,linucb,simple,A,0.8,0.6996208074747056,1180.1709582612473,1.0,1,0,1.0,1180.1709582612473,0.6963659570107427
215,linucb,simple,D,0.85,0.5721593960004492,533.7644175760807,0.22,1,0,0.22,533.7644175760807,0.8636787129797464
216,linucb,simple,B,0.95,0.764404086784,600.1093495284134,0.1,1,0,0.1,600.1093495284134,0.8754455067531766
217,linucb,simple,B,0.95,0.9726755963699198,569.351277861517,0.1,1,0,0.1,569.351277861517,0.8782899931720068
218,linucb,simple,B,0.95,1.0,686.7988552297436,0.1,1,0,0.1,686.7988552297436,0.867799415084246
219,linucb,simple,B,0.95,1.0,761.7340830762844,0.1,1,0,0.1,761.7340830762844,0.8615711473701319
220,linucb,simple,B,0.95,1.0,783.1549751290447,0.1,1,0,0.1,783.1549751290447,0.8598476947771999
221,linucb,simple,A,0.8,0.5859179507275303,1155.6367696367188,1.0,1,0,1.0,1155.6367696367188,0.6979712678710555
222,linucb,simple,B,0.95,1.0,705.18736824037,0.1,1,0,0.1,705.18736824037,0.8662408009255392
223,linucb,simple,B,0.95,1.0,734.6935856359266,0.1,1,0,0.1,734.6935856359266,0.8637817187355037
224,linucb,simple,B,0.95,1.0,790.2800222244111,0.1,1,0,0.1,790.2800222244111,0.8592796737019498
225,linucb,simple,B,0.95,1.0,626.3833598810628,0.1,1,0,0.1,626.3833598810628,0.8730729380461487
226,linucb,simple,B,0.95,1.0,761.5885796897721,0.1,1,0,0.1,761.5885796897721,0.8615829363750885
227,linucb,hard,A,0.95,0.5721026908379714,1233.1194069556173,1.0,1,0,1.0,1233.1194069556173,0.6929573684023591
228,linucb,hard,C,0.75,0.36188201065288933,523.5608789931412,0.35,1,0,0.35,523.5608789931412,0.8451710325476562
229,linucb,simple,D,0.85,0.39555962667653033,488.4721620624371,0.22,1,0,0.22,488.4721620624371,0.868159506065334
230,linucb,simple,A,0.8,0.689871964930734,1227.9616468699496,1.0,1,0,1.0,1227.9616468699496,0.693286143122572
231,linucb,simple,D,0.85,0.6063213748983051,558.6915727814023,0.22,1,0,0.22,558.6915727814023,0.8612936546103874
232,linucb,hard,E,0.9,0.31544588334102724,873.999032077213,0.6,1,0,0.6,873.999032077213,0.7777881221616444
233,linucb,simple,B,0.95,0.70867559636992,465.19186762179544,0.1,1,0,0.1,465.19186762179544,0.8885435986964271
234,linucb,hard,C,0.75,0.4680594846808128,634.8124351832842,0.35,1,0,0.35,634.8124351832842,0.8348223682194834
235,linucb,simple,A,0.8,0.6640674543994786,1097.068762274468,1.0,1,0,1.0,1097.068762274468,0.7018737860961491
236,linucb,simple,B,0.95,0.7829425760094022,575.8349604358604,0.1,1,0,0.1,575.8349604358604,0.877684114835141
237,linucb,simple,B,0.95,0.9889894668882739,658.1088502840648,0.1,1,0,0.1,658.1088502840648,0.8702734686060748
238,linucb,simple,B,0.95,1.0,808.0966704333123,0.1,1,0,0.1,808.0966704333123,0.857870407030203
239,linucb,simple,B,0.95,1.0,717.8029827260298,0.1,1,0,0.1,717.8029827260298,0.8651832246531371
240,linucb,simple,B,0.95,1.0,661.3454106580479,0.1,1,0,0.1,661.3454106580479,0.8699917037202926
241,linucb,simple,B,0.95,1.0,684.5107326051674,0.1,1,0,0.1,684.5107326051674,0.8679948092941884
242,linucb,simple,B,0.95,1.0,661.934149102939,0.1,0,0,0.1,661.934149102939,0.0
243,linucb,simple,A,0.8,0.5388215834017742,1214.2066219338083,1.0,1,0,1.0,1214.2066219338083,0.6941663308566594
244,linucb,simple,D,0.85,0.4150741079168632,477.95210475052494,0.22,1,0,0.22,477.95210475052494,0.86922964613437
245,linucb,simple,D,0.85,0.6652652149668397,591.4571191741858,0.22,1,0,0.22,591.4571191741858,0.858238139113549
246,linucb,simple,A,0.8,0.6671918220839739,1257.519577029215,1.0,1,0,1.0,1257.519577029215,0.6914112502710728
247,linucb,simple,D,0.85,0.8151813824703207,751.3643129132703,0.22,1,0,0.22,751.3643129132703,0.8444141677914392
248,linucb,simple,D,0.85,1.0,820.132828541334,0.22,1,0,0.22,820.132828541334,0.8389271435048523
249,linucb,hard,C,0.75,0.3687925063180398,592.9208293774392,0.35,0,0,0.35,592.9208293774392,0.0
250,linucb,simple,D,0.85,1.0,800.4268681348042,0.22,1,0,0.22,800.4268681348042,0.8404751512046108
251,linucb,hard,E,0.9,0.3278032544927233,699.0379496109906,0.6,1,0,0.6,699.0379496109906,0.7917597403917777
252,linucb,simple,A,0.8,0.609846608844661,1283.6409433964754,1.0,1,0,1.0,1283.6409433964754,0.6897726026301072
253,linucb,simple,B,0.95,0.5450808588882738,475.2694468608968,0.1,1,0,0.1,475.2694468608968,0.8875044158065714
254,linucb,simple,B,0.95,0.7796711558216809,589.762860737751,0.1,1,0,0.1,589.762860737751,0.8763940277205944
255,linucb,simple,B,0.95,0.9861106171230791,637.2472881252779,0.1,1,0,0.1,637.2472881252779,0.87210648485185
256,linucb,hard,C,0.75,0.4507164974562824,689.8632269114174,0.35,1,0,0.35,689.8632269114174,0.8300382422308079
257,linucb,hard,A,0.95,0.6218355198395729,1178.2203946686443,1.0,1,0,1.0,1178.2203946686443,0.6964929711922841
258,linucb,simple,B,0.95,0.972006774472099,605.2497356857746,0.1,1,0,0.1,605.2497356857746,0.8749772990982521
259,linucb,simple,B,0.95,1.0,648.707304472638,0.1,1,0,0.1,648.707304472638,0.8710958908140151
260,linucb,simple,B,0.95,1.0,706.3417903548992,0.1,1,0,0.1,706.3417903548992,0.8661436337123753
261,linucb,simple,B,0.95,1.0,676.4103600662245,0.1,1,0,0.1,676.4103600662245,0.8686891784857295
262,linucb,simple,B,0.95,1.0,585.3947145610776,0.1,1,0,0.1,585.3947145610776,0.8767969765153415
263,linucb,simple,B,0.95,1.0,662.1418729087866,0.1,1,0,0.1,662.1418729087866,0.8699224719670442
264,linucb,simple,B,0.95,1.0,756.3563717963993,0.1,1,0,0.1,756.3563717963993,0.8620076122846296
265,linucb,simple,A,0.8,0.5236335216847042,1141.617464383788,1.0,1,0,1.0,1141.617464383788,0.698896230067957
266,linucb,hard,E,0.9,0.34817850763379493,982.4564668433054,0.6,1,0,0.6,982.4564668433054,0.769824647898191
267,linucb,simple,D,0.85,0.4138165524602472,495.03857216876935,0.22,1,0,0.22,495.03857216876935,0.8674973797160327
268,linucb,simple,A,0.8,0.6568415832895187,1312.346799858937,1.0,1,0,1.0,1312.346799858937,0.6879909385337389
269,linucb,simple,B,0.95,0.8277319167999999,508.6932218364325,0.1,1,0,0.1,508.6932218364325,0.8841344239260557
270,linucb,hard,C,0.75,0.37527675073580696,726.3963375122079,0.35,1,0,0.35,726.3963375122079,0.8269681504736439
271,linucb,simple,D,0.85,0.5481638664016067,518.8131833735943,0.22,1,0,0.22,518.8131833735943,0.8651360531519031
272,linucb,hard,A,0.95,0.6939048497537779,1319.5222591757051,1.0,1,0,1.0,1319.5222591757051,0.6875486374833559
273,linucb,simple,B,0.95,0.796386989828866,529.4518231250761,0.1,1,0,0.1,529.4518231250761,0.882096956009545
274,linucb,simple,B,0.95,1.0,591.5387435372039,0.1,1,0,0.1,591.5387435372039,0.8762306345024294
275,linucb,simple,B,0.95,1.0,717.8653222973837,0.1,1,0,0.1,717.8653222973837,0.8651780218576421
276,linucb,hard,E,0.9,0.39696805420150894,881.5015414826148,0.6,1,0,0.6,881.5015414826148,0.7772218736777315
277,linucb,simple,B,0.95,1.0,718.2674219837954,0.1,1,0,0.1,718.2674219837954,0.8651444684644221
278,linucb,simple,B,0.95,1.0,736.6266059718891,0.1,1,0,0.1,736.6266059718891,0.8636223574152233
279,linucb,simple,D,0.85,0.4971386516089037,522.2466400704932,0.22,1,0,0.22,522.2466400704932,0.8647995459823692
280,linucb,simple,A,0.8,0.5495521409014523,1319.3942215358531,1.0,1,0,1.0,1319.3942215358531,0.6875565192729574
281,linucb,simple,B,0.95,0.9814719999999999,500.8817453878153,0.1,0,0,0.1,500.8817453878153,0.0
282,linucb,hard,C,0.75,0.3809363705841963,586.8052042700116,0.35,1,0,0.35,586.8052042700116,0.8391666990930294
283,linucb,simple,D,0.85,0.598131742646516,498.9309589257692,0.22,1,0,0.22,498.9309589257692,0.8671069613110334
284,linucb,simple,A,0.8,0.6295638689766672,1427.7566581733888,1.0,1,0,1.0,1427.7566581733888,0.6810173583959944
285,linucb,hard,E,0.9,0.42563180743144713,763.2688951996306,0.6,1,0,0.6,763.2688951996306,0.7864468620228826
286,linucb,simple,D,0.85,0.7076100349248066,538.78646175018,0.22,1,0,0.22,538.78646175018,0.863193789997883
287,linucb,hard,C,0.75,0.5010322810272331,681.7208367962199,0.35,1,0,0.35,681.7208367962199,0.8307334948029855
288,linucb,simple,D,0.85,0.8479732110457703,793.6040568080126,0.22,1,0,0.22,793.6040568080126,0.8410155520067645
289,linucb,hard,A,0.95,0.6322409473230806,1195.4751939666533,1.0,1,0,1.0,1195.4751939666533,0.6953730169752605
290,linucb,simple,B,0.95,0.6106146703703408,467.38902770323114,0.1,1,0,0.1,467.38902770323114,0.8883160791337844
291,linucb,simple,B,0.95,0.8373409099258999,539.9807315533205,0.1,1,0,0.1,539.9807315533205,0.8810788056695535
292,linucb,hard,A,0.95,0.7308545028541543,1374.3339511205786,1.0,1,0,1.0,1374.3339511205786,0.6842089296059297
293,linucb,simple,B,0.95,0.9484368006466168,600.1718285707445,0.1,1,0,0.1,600.1718285707445,0.8754398038911262
294,linucb,simple,B,0.95,1.0,653.6069331413709,0.1,1,0,0.1,653.6069331413709,0.8706665461781748
295,linucb,simple,B,0.95,1.0,762.1617646042673,0.1,1,0,0.1,762.1617646042673,0.861536502187548
296,linucb,simple,B,0.95,1.0,624.4127831415975,0.1,1,0,0.1,624.4127831415975,0.8732491357401119
297,linucb,simple,B,0.95,1.0,715.9538497345764,0.1,1,0,0.1,715.9538497345764,0.865337654232037
298,linucb,hard,C,0.75,0.42279342176490525,682.8967797206382,0.35,0,0,0.35,682.8967797206382,0.0
299,linucb,hard,A,0.95,0.5986823998135629,1374.5570170564736,1.0,1,0,1.0,1374.5570170564736,0.6841954755106802
300,linucb,simple,D,0.85,0.4828833625320635,552.9488616726771,0.22,0,0,0.22,552.9488616726771,0.0
301,linucb,simple,B,0.95,0.8996953599999999,608.8696384531162,0.1,1,0,0.1,608.8696384531162,0.8746487754075093
302,linucb,simple,B,0.95,1.0,666.0939227601457,0.1,1,0,0.1,666.0939227601457,0.8695795578972125
303,linucb,hard,E,0.9,0.3426306715465586,860.0264159774156,0.6,1,0,0.6,860.0264159774156,0.778849215330032
304,linucb,simple,A,0.8,0.6159438104080355,1203.009609812937,1.0,1,0,1.0,1203.009609812937,0.6948865183284871
305,linucb,hard,C,0.75,0.4727853537810518,648.2438258201526,0.35,1,0,0.35,648.2438258201526,0.8336365883332005
306,linucb,simple,D,0.85,0.5242530069998902,505.8575014013934,0.22,0,0,0.22,505.8575014013934,0.0
307,linucb,simple,B,0.95,0.8277319167999999,559.0392675104042,0.1,1,0,0.1,559.0392675104042,0.8792607672138288
308,linucb,simple,B,0.95,1.0,630.7748998120081,0.1,1,0,0.1,630.7748998120081,0.8726812660495135
309,linucb,simple,B,0.95,1.0,743.6960071283746,0.1,1,0,0.1,743.6960071283746,0.8630413178877063
310,linucb,simple,B,0.95,1.0,671.6805986994799,0.1,1,0,0.1,671.6805986994799,0.869096540284642
311,linucb,simple,B,0.95,1.0,772.9181438256352,0.1,1,0,0.1,772.9181438256352,0.860668335181609
312,linucb,simple,A,0.8,0.521514659563001,1105.838329255958,1.0,1,0,1.0,1105.838329255958,0.7012829310902102
313,linucb,simple,B,0.95,1.0,775.8392130310347,0.1,0,0,0.1,775.8392130310347,0.0
314,linucb,hard,C,0.75,0.4496263437170152,665.2980033609629,0.35,1,0,0.35,665.2980033609629,0.832148536779028
315,linucb,hard,E,0.9,0.37389555295240506,914.5046367608285,0.6,1,0,0.6,914.5046367608285,0.7747591306770895
316,linucb,simple,A,0.8,0.6127499215119113,1270.8109404703728,1.0,1,0,1.0,1270.8109404703728,0.690575350684383
317,linucb,simple,D,0.85,0.4284843772302933,510.014488320323,0.22,1,0,0.22,510.014488320323,0.8660035160690904
318,linucb,hard,C,0.75,0.5696388320608592,564.18276227266,0.35,0,0,0.35,564.18276227266,0.0
319,linucb,simple,A,0.8,0.7175719145125652,1408.7207692819195,1.0,1,0,1.0,1408.7207692819195,0.6821476381291035
320,linucb,simple,B,0.95,0.70867559636992,510.1344575288761,0.1,1,0,0.1,510.1344575288761,0.883991638214564
321,linucb,simple,D,0.85,0.5569600928574966,563.9575059410383,0.22,1,0,0.22,563.9575059410383,0.8607966567436751
322,linucb,hard,C,0.75,0.6416097644627166,730.5192080190751,0.35,0,0,0.35,730.5192080190751,0.0
323,linucb,simple,A,0.8,0.730324547599502,1196.8992542886028,1.0,1,0,1.0,1196.8992542886028,0.6952809478901448
324,linucb,simple,B,0.95,0.7249894668882739,581.9914869086156,0.1,1,0,0.1,581.9914869086156,0.8771119573902079
325,linucb,simple,B,0.95,0.937990730861681,705.8981217167172,0.1,1,0,0.1,705.8981217167172,0.8661809677099904
326,linucb,simple,B,0.95,1.0,836.0727828666871,0.1,1,0,0.1,836.0727828666871,0.8556885323827242
327,linucb,hard,E,0.9,0.38063848606183176,905.8053300222313,0.6,1,0,0.6,905.8053300222313,0.7754039131310103
328,linucb,simple,B,0.95,1.0,686.1391443477253,0.1,1,0,0.1,686.1391443477253,0.8678557176514597
329,linucb,simple,B,0.95,1.0,695.6288755734118,0.1,1,0,0.1,695.6288755734118,0.8670484103054638
330,linucb,simple,B,0.95,1.0,719.730083496881,0.1,1,0,0.1,719.730083496881,0.8650224951503923
331,linucb,simple,A,0.8,0.5626499216297602,1210.0668622461296,1.0,1,0,1.0,1210.0668622461296,0.694432210130366
332,linucb,hard,C,0.75,0.47868894562002917,708.6446949020607,0.35,0,0,0.35,708.6446949020607,0.0
333,linucb,simple,D,0.85,0.42012022697312706,550.0890460059442,0.22,1,0,0.22,550.0890460059442,0.8621106253230629
334,linucb,simple,A,0.8,0.683430167392876,1479.353400703436,1.0,1,0,1.0,1479.353400703436,0.6779910815856668
335,linucb,hard,C,0.75,0.6262131131495725,779.72739742244,0.35,0,0,0.35,779.72739742244,0.0
336,linucb,hard,C,0.75,0.8510675395716238,875.6373579166334,0.35,0,0,0.35,875.6373579166334,0.0
337,linucb,simple,B,0.95,0.70867559636992,506.67316412062206,0.1,1,0,0.1,506.67316412062206,0.8843348954085258
338,linucb,simple,D,0.85,0.5217108526669794,517.501797579027,0.22,1,0,0.22,517.501797579027,0.8652648735608957
339,linucb,hard,C,0.75,0.8799786983269535,887.2326963588441,0.35,0,0,0.35,887.2326963588441,0.0
340,linucb,simple,A,0.8,0.6173877627687248,1212.0037645442658,1.0,1,0,1.0,1212.0037645442658,0.6943077545576359
341,linucb,hard,C,0.75,0.9814555039843929,1038.4558520926707,0.35,1,0,0.35,1038.4558520926707,0.8033850561466528
342,linucb,hard,C,0.75,1.0,1076.9810170345258,0.35,1,0,0.35,1076.9810170345258,0.8007361749589139
343,linucb,hard,C,0.75,1.0,1228.090050686565,0.35,1,0,0.35,1228.090050686565,0.7907779498164623
344,linucb,simple,B,0.95,0.5896184219792857,479.06695959632066,0.1,1,0,0.1,479.06695959632066,0.8871156846480172
345,linucb,simple,A,0.8,0.6258152274548028,1215.903439786374,1.0,1,0,1.0,1215.903439786374,0.6940574823990343
346,linucb,simple,D,0.85,0.4876252345847768,471.32363239884853,0.22,1,0,0.22,471.32363239884853,0.8699099765785537
347,linucb,hard,E,0.9,0.32952338434516676,731.9433111704923,0.6,1,0,0.6,731.9433111704923,0.7890088175799168
348,linucb,hard,C,0.75,0.8277319167999999,947.7549259421296,0.35,1,0,0.35,947.7549259421296,0.8098224836117291
349,linucb,simple,B,0.95,0.6111604600117198,487.38163771162965,0.1,1,0,0.1,487.38163771162965,0.886269899451927
350,linucb,hard,A,0.95,0.630262669547351,1309.4852201501196,1.0,1,0,1.0,1309.4852201501196,0.6881676657679239
351,linucb,simple,B,0.95,0.7732826602330758,593.9091245352263,0.1,1,0,0.1,593.9091245352263,0.8760129251208909
352,linucb,simple,B,0.95,0.9804887410051066,484.7177248449644,0.1,1,0,0.1,484.7177248449644,0.8865400868530787
353,linucb,simple,B,0.95,1.0,736.0034316507135,0.1,1,0,0.1,736.0034316507135,0.8636737100500709
354,linucb,simple,B,0.95,1.0,639.8504509096198,0.1,0,0,0.1,639.8504509096198,0.0
355,linucb,simple,D,0.85,0.4543228451803114,477.37250698809464,0.22,1,0,0.22,477.37250698809464,0.869288945662418
356,linucb,simple,A,0.8,0.5926965594851835,1288.460502497965,1.0,1,0,1.0,1288.460502497965,0.689472089498557
357,linucb,simple,D,0.85,0.6518276113076331,539.9179394848608,0.22,1,0,0.22,539.9179394848608,0.8630848481226283
358,linucb,simple,D,0.85,0.8736082979507171,719.0016858750001,0.22,1,0,0.22,719.0016858750001,0.8470832217014649
359,linucb,hard,E,0.9,0.3710686891719941,912.5597674756958,0.6,1,0,0.6,912.5597674756958,0.7749030150243392
360,linucb,hard,A,0.95,0.6554373766112286,1246.0908046585455,1.0,1,0,1.0,1246.0908046585455,0.6921335498176674
361,linucb,simple,B,0.95,0.70867559636992,504.30647308569877,0.1,1,0,0.1,504.30647308569877,0.8845702760049895
362,linucb,simple,B,0.95,0.9236345248055295,642.3790572190095,0.1,1,0,0.1,642.3790572190095,0.8716528291293506
363,linucb,simple,B,0.95,1.0,666.211864599318,0.1,1,0,0.1,666.211864599318,0.8695693398962547
364,linucb,simple,B,0.95,1.0,707.5820005291021,0.1,1,0,0.1,707.5820005291021,0.8660393341873792
365,linucb,hard,C,0.75,0.3942095931314882,607.9606688705807,0.35,1,0,0.35,607.9606688705807,0.8372311767659979
366,linucb,hard,A,0.95,0.6043877963292383,1259.9778153359296,1.0,1,0,1.0,1259.9778153359296,0.6912563188447534
367,linucb,simple,D,0.85,0.5764781404877128,573.9953735751859,0.22,1,0,0.22,573.9953735751859,0.859855669905012
368,linucb,simple,B,0.95,0.8996953599999999,516.2012910566995,0.1,1,0,0.1,516.2012910566995,0.8833927865693877
369,linucb,hard,E,0.9,0.40334299210092983,885.229734976445,0.6,1,0,0.6,885.229734976445,0.7769413862257355
370,linucb,simple,A,0.8,0.6624485570992693,1326.5221070263306,1.0,1,0,1.0,1326.5221070263306,0.6871183185851564
371,linucb,simple,B,0.95,0.9131171963699201,655.9735786067009,0.1,1,0,0.1,655.9735786067009,0.870459738204708
372,linucb,simple,B,0.95,1.0,729.4829503426159,0.1,1,0,0.1,729.4829503426159,0.8642123391779925
373,linucb,simple,B,0.95,1.0,801.6457428995885,0.1,1,0,0.1,801.6457428995885,0.8583788530379235
374,linucb,simple,B,0.95,1.0,639.2343893584895,0.1,1,0,0.1,639.2343893584895,0.8719306063199692
375,linucb,simple,B,0.95,1.0,787.130669067667,0.1,1,0,0.1,787.130669067667,0.8595304284642952
376,linucb,simple,D,0.85,0.4824428690612651,539.1212879326665,0.22,1,0,0.22,539.1212879326665,0.8631615400795383
377,linucb,simple,A,0.8,0.5707265591369368,1224.0112079940773,1.0,1,0,1.0,1224.0112079940773,0.6935384259318552
378,linucb,simple,D,0.85,0.6736037578010436,654.4515755137105,0.22,1,0,0.22,654.4515755137105,0.8525926946813526
379,linucb,simple,D,0.85,0.8927713068649183,612.7866603297514,0.22,1,0,0.22,612.7866603297514,0.8562943849364675
380,linucb,simple,D,0.85,1.0,734.7259173897269,0.22,1,0,0.22,734.7259173897269,0.8457790515307088
381,linucb,simple,D,0.85,1.0,914.3833406938747,0.22,1,0,0.22,914.3833406938747,0.8317680998659063
382,linucb,simple,D,0.85,1.0,864.1113198336737,0.22,1,0,0.22,864.1113198336737,0.8355381180848476
383,linucb,simple,A,0.8,0.5650477464993637,1089.2904043323,1.0,1,0,1.0,1089.2904043323,0.7023998371049476
384,linucb,simple,B,0.95,0.6164783818288659,471.89557234942646,0.1,1,0,0.1,471.89557234942646,0.8878510862284682
385,linucb,simple,B,0.95,0.842500976009402,588.9630382687011,0.1,0,0,0.1,588.9630382687011,0.0
386,linucb,hard,C,0.75,0.326906877643582,546.6680277984744,0.35,1,0,0.35,546.6680277984744,0.8429372888838019
387,linucb,simple,A,0.8,0.6388565117541247,1390.1758333465432,1.0,1,0,1.0,1390.1758333465432,0.6832561345448329
388,linucb,simple,A,0.8,0.8621937303436298,1476.802594169043,1.0,0,0,1.0,1476.802594169043,0.0
389,linucb,simple,B,0.95,0.8052439261083097,530.9199747809498,0.1,1,0,0.1,530.9199747809498,0.8819543814826705
390,linucb,hard,E,0.9,0.3275302801503262,754.9941462400031,0.6,1,0,0.6,754.9941462400031,0.7871184190987109
391,linucb,simple,D,0.85,0.6164783818288659,590.3998755619436,0.22,1,0,0.22,590.3998755619436,0.858335389793922
392,linucb,simple,B,0.95,0.848751188812882,619.5033707020015,0.1,0,0,0.1,619.5033707020015,0.0
393,linucb,simple,B,0.95,1.0,692.0835509399864,0.1,1,0,0.1,692.0835509399864,0.867349368812574
394,linucb,hard,C,0.75,0.41756699959700905,650.8283296850324,0.35,0,0,0.35,650.8283296850324,0.0
395,linucb,simple,B,0.95,1.0,622.2073401869638,0.1,0,0,0.1,622.2073401869638,0.0
396,linucb,simple,B,0.95,1.0,834.4818393300989,0.1,1,0,0.1,834.4818393300989,0.8558116228656696
397,linucb,hard,A,0.95,0.5728656766021456,1137.3832286655131,1.0,1,0,1.0,1137.3832286655131,0.6991767107728045
398,linucb,simple,D,0.85,0.551939670343075,499.2723732075331,0.22,1,0,0.22,499.2723732075331,0.8670727891705634
399,linucb,hard,E,0.9,0.40365625306193037,724.9985536485946,0.6,1,0,0.6,724.9985536485946,0.7895841743250834
400,linucb,simple,D,0.85,0.7274220807136773,609.0370979988161,0.22,1,0,0.22,609.0370979988161,0.8566336013092013
401,linucb,simple,D,0.85,0.940131431028036,686.226897794069,0.22,1,0,0.22,686.226897794069,0.8498482268342412
402,linucb,simple,D,0.85,1.0,785.1580106925292,0.22,1,0,0.22,785.1580106925292,0.8416877491469785
403,linucb,simple,D,0.85,1.0,838.7651077926822,0.22,1,0,0.22,838.7651077926822,0.8374804950756309
404,linucb,simple,D,0.85,1.0,823.3300000102521,0.22,0,0,0.22,823.3300000102521,0.0
405,linucb,simple,A,0.8,0.5060222753822109,1200.1371270048503,1.0,1,0,1.0,1200.1371270048503,0.6950718148944582
406,linucb,hard,C,0.75,0.39005715743607833,549.2292111175885,0.35,1,0,0.35,549.2292111175885,0.8426926327858972
407,linucb,hard,E,0.9,0.4451687247547079,759.8014697392478,0.6,1,0,0.6,759.8014697392478,0.7867278239228943
408,linucb,simple,B,0.95,0.515671155821681,451.9716378334548,0.1,0,0,0.1,451.9716378334548,0.0
409,linucb,simple,A,0.8,0.6034592106033541,1235.7932701495831,1.0,1,0,1.0,1235.7932701495831,0.6927871970767276
410,linucb,simple,A,0.8,0.8310441053309516,1385.7020495433783,1.0,1,0,1.0,1385.7020495433783,0.6835246535042874
411,linucb,simple,A,0.8,1.0,1803.412798377602,1.0,1,0,1.0,1803.412798377602,0.6600835552998318
412,linucb,simple,A,0.8,1.0,1987.0171240650968,1.0,1,0,1.0,1987.0171240650968,0.6506502006991179
413,linucb,simple,A,0.8,1.0,1658.2322446048458,1.0,1,0,1.0,1658.2322446048458,0.6678883724412499
414,linucb,hard,C,0.75,0.44027802046151965,696.023758194428,0.35,1,0,0.35,696.023758194428,0.829514936691594
415,linucb,simple,B,0.95,0.5107422171361914,458.9860737943539,0.1,0,0,0.1,458.9860737943539,0.0
416,linucb,simple,D,0.85,0.515671155821681,552.9955986255227,0.22,1,0,0.22,552.9955986255227,0.8618338839144924
417,linucb,simple,A,0.8,0.8996953599999999,1419.0060661741084,1.0,1,0,1.0,1419.0060661741084,0.6815359939824469
418,linucb,simple,A,0.8,1.0,1806.1605441509007,1.0,1,0,1.0,1806.1605441509007,0.6599389285439597
419,linucb,hard,E,0.9,0.39601005340351164,927.5891672096192,0.6,1,0,0.6,927.5891672096192,0.7737950685760887
420,linucb,hard,A,0.95,1.0,1922.8393406905227,1.0,1,0,1.0,1922.8393406905227,0.6538959796082434
421,linucb,simple,A,0.8,1.0,1819.0591319299724,1.0,1,0,1.0,1819.0591319299724,0.6592614809782789
422,linucb,hard,A,0.95,1.0,1919.4303784914384,1.0,1,0,1.0,1919.4303784914384,0.6540698911095367
423,linucb,simple,A,0.8,1.0,1854.9010779160294,1.0,1,0,1.0,1854.9010779160294,0.6573915330045935
424,linucb,simple,A,0.8,1.0,2004.265176326321,1.0,1,0,1.0,2004.265176326321,0.65
425,linucb,simple,A,0.8,1.0,1903.5540027053187,1.0,1,0,1.0,1903.5540027053187,0.6548818817892444
426,linucb,simple,D,0.85,0.44361492019623466,487.67858225421395,0.22,1,0,0.22,487.67858225421395,0.8682398276374312
427,linucb,hard,A,0.95,1.0,1863.9476483961162,1.0,1,0,1.0,1863.9476483961162,0.6569224172309941
428,linucb,simple,B,0.95,0.39693408058108753,334.53008176169544,0.1,1,0,0.1,334.53008176169544,0.9032039020781926
429,linucb,simple,A,0.8,1.0,1701.2177406014507,1.0,1,0,1.0,1701.2177406014507,0.6655430814199993
430,linucb,simple,A,0.8,1.0,2084.069942795267,1.0,1,0,1.0,2084.069942795267,0.65
431,linucb,simple,A,0.8,1.0,1887.0197218522371,1.0,1,0,1.0,1887.0197218522371,0.6557311284918638
432,linucb,simple,A,0.8,1.0,1941.7271947514766,1.0,1,0,1.0,1941.7271947514766,0.6529351784436666
433,linucb,simple,A,0.8,1.0,1879.6307349623564,1.0,1,0,1.0,1879.6307349623564,0.6561118500288191
434,linucb,simple,D,0.85,0.45953924102141575,534.3473193710912,0.22,1,0,0.22,534.3473193710912,0.8636223119458467
435,linucb,simple,A,0.8,1.0,1360.6757422174974,1.0,1,0,1.0,1360.6757422174974,0.6850348071733011
436,linucb,simple,B,0.95,0.4427511994488992,390.91490917719005,0.1,1,0,0.1,390.91490917719005,0.896578858955882
437,linucb,hard,C,0.75,0.3232717190187073,576.692355976341,0.35,1,0,0.35,576.692355976341,0.8401042499931826
438,linucb,hard,E,0.9,0.33490414323952844,757.4528047060173,0.6,1,0,0.6,757.4528047060173,0.786918498164345
439,linucb,hard,A,0.95,0.8996953599999999,1615.575651454922,1.0,0,0,1.0,1615.575651454922,0.0
440,linucb,simple,D,0.85,0.513411901567963,439.27600664458123,0.22,1,0,0.22,439.27600664458123,0.8732688945285951
441,linucb,simple,B,0.95,0.5336539391506667,423.9961190823839,0.1,1,0,0.1,423.9961190823839,0.8929135059759159
442,linucb,simple,A,0.8,0.9131171963699201,1559.0253112561531,1.0,1,0,1.0,1559.0253112561531,0.6734199721794022
443,linucb,simple,D,0.85,0.6498758353853229,673.1600892845645,0.22,1,0,0.22,673.1600892845645,0.8509689619727062
444,linucb,simple,D,0.85,0.8718907351390841,721.6885561657087,0.22,0,0,0.22,721.6885561657087,0.0
445,linucb,simple,D,0.85,1.0,898.2220746102771,0.22,1,0,0.22,898.2220746102771,0.8329685055958654
446,linucb,simple,D,0.85,1.0,942.5989047715746,0.22,1,0,0.22,942.5989047715746,0.8296974942128458
447,linucb,hard,A,0.95,0.78188108830334,1375.2866048398935,1.0,1,0,1.0,1375.2866048398935,0.684151478460621
448,linucb,hard,C,0.75,0.37922771055139354,629.7289150577003,0.35,1,0,0.35,629.7289150577003,0.8352744311613703
449,linucb,simple,B,0.95,0.49192038081704903,436.2138929115559,0.1,1,0,0.1,436.2138929115559,0.8915961571549055
450,linucb,simple,A,0.8,0.8328300690082537,1277.1181095722986,1.0,1,0,1.0,1277.1181095722986,0.6901802196489871
451,linucb,simple,B,0.95,0.6809431429047228,515.6845479760041,0.1,1,0,0.1,515.6845479760041,0.8834436562320203
452,linucb,hard,E,0.9,0.3559342643398055,850.2201001759101,0.6,1,0,0.6,850.2201001759101,0.7795990720757011
453,linucb,simple,B,0.95,0.8273223698654173,620.9535182889607,0.1,1,0,0.1,620.9535182889607,0.8735591171706756
454,linucb,hard,A,0.95,0.7994443280527295,1167.8743614210805,1.0,1,0,1.0,1167.8743614210805,0.6971684351044536
455,linucb,simple,B,0.95,0.9406784432237791,528.9136632579845,0.1,0,0,0.1,528.9136632579845,0.0
456,linucb,hard,C,0.75,0.4363833774772393,730.2952940590328,0.35,1,0,0.35,730.2952940590328,0.8266451040247824
457,linucb,simple,B,0.95,1.0,625.4963577901506,0.1,1,0,0.1,625.4963577901506,0.8731522143455535
458,linucb,simple,B,0.95,1.0,766.2694120349323,0.1,1,0,0.1,766.2694120349323,0.8612042478891192
459,linucb,hard,A,0.95,0.7218922876181549,1297.9642599313916,1.0,1,0,1.0,1297.9642599313916,0.6888811457382227
460,linucb,hard,E,0.9,0.4280062500178517,1013.5081122145148,0.6,1,0,0.6,1013.5081122145148,0.7676266800124044
461,linucb,simple,D,0.85,0.44697385390011257,500.60750204196216,0.22,1,0,0.22,500.60750204196216,0.8669392682375386
462,linucb,simple,B,0.95,0.8996953599999999,712.4852307633998,0.1,1,0,0.1,712.4852307633998,0.8656278733737729
463,linucb,simple,B,0.95,1.0,647.4159031077572,0.1,1,0,0.1,647.4159031077572,0.8712093234831818
464,linucb,simple,B,0.95,1.0,780.7531428971232,0.1,0,0,0.1,780.7531428971232,0.0
465,linucb,simple,B,0.95,1.0,670.7357518929566,0.1,1,0,0.1,670.7357518929566,0.8691780891287874
466,linucb,hard,A,0.95,0.5950197611571952,1059.85665514562,1.0,1,0,1.0,1059.85665514562,0.7044076475122666
467,linucb,simple,D,0.85,0.5075764844368068,569.9881682173461,0.22,1,0,0.22,569.9881682173461,0.8602303256334135
468,linucb,simple,B,0.95,0.9814719999999999,682.254090738995,0.1,1,0,0.1,682.254090738995,0.8681878353304764
469,linucb,simple,B,0.95,1.0,728.1003704920699,0.1,0,0,0.1,728.1003704920699,0.0
470,linucb,simple,B,0.95,1.0,753.5156158675409,0.1,1,0,0.1,753.5156158675409,0.862238799625652
471,linucb,hard,C,0.75,0.36413694676577746,561.0182758244632,0.35,1,0,0.35,561.0182758244632,0.8415737732358541
472,linucb,hard,A,0.95,0.576329608798641,1209.897935405634,1.0,1,0,1.0,1209.897935405634,0.6944430692379389
473,linucb,simple,D,0.85,0.5357205937279085,471.9507147202363,0.22,1,0,0.22,471.9507147202363,0.8698454103276395
474,linucb,simple,D,0.85,0.7714341224805594,788.4797587721519,0.22,1,0,0.22,788.4797587721519,0.8414229512393167
475,linucb,simple,D,0.85,0.9788620277828923,853.6366355145057,0.22,1,0,0.22,853.6366355145057,0.8363373323772619
476,linucb,simple,D,0.85,1.0,863.9583798208876,0.22,1,0,0.22,863.9583798208876,0.8355497523911889
477,linucb,simple,D,0.85,1.0,858.2520148751436,0.22,0,0,0.22,858.2520148751436,0.0
478,linucb,simple,A,0.8,0.5676498256607129,1152.0244771272119,1.0,1,0,1.0,1152.0244771272119,0.6982090597481383
479,linucb,simple,D,0.85,1.0,922.9509426424206,0.22,1,0,0.22,922.9509426424206,0.8311360281279528
480,linucb,hard,E,0.9,0.33319736044599,764.5515990665465,0.6,1,0,0.6,764.5515990665465,0.7863430876120104
481,linucb,simple,A,0.8,0.6868374619926574,1390.2466448269975,1.0,1,0,1.0,1390.2466448269975,0.6832518878771338
482,linucb,simple,B,0.95,0.515671155821681,474.44238796638814,0.1,1,0,0.1,474.44238796638814,0.8875892831392368
483,linucb,simple,A,0.8,0.8318869305671139,1475.9266155266475,1.0,1,0,1.0,1475.9266155266475,0.678190418455393
484,linucb,hard,C,0.75,0.36910977584399074,557.8911466471922,0.35,1,0,0.35,557.8911466471922,0.8418694034242737
485,linucb,simple,B,0.95,0.6514154539001126,479.49346642176,0.1,1,0,0.1,479.49346642176,0.8870721218016279
486,linucb,hard,E,0.9,0.4547382158967593,996.9288588559475,0.6,0,0,0.6,996.9288588559475,0.0
487,linucb,simple,A,0.8,0.7988787323057405,1414.3364621506985,1.0,0,0,1.0,1414.3364621506985,0.0
488,linucb,simple,B,0.95,0.7439213922002175,524.4868046459601,0.1,1,0,0.1,524.4868046459601,0.8825805873238906
489,linucb,simple,B,0.95,0.9546508251361914,589.8684268589313,0.1,1,0,0.1,589.8684268589313,0.8763843080527559
490,linucb,simple,B,0.95,1.0,645.8847527933309,0.1,1,0,0.1,645.8847527933309,0.8713439616392221
491,linucb,simple,B,0.95,1.0,663.8858610479555,0.1,1,0,0.1,663.8858610479555,0.8697710226507277
492,linucb,simple,B,0.95,1.0,696.0675292941705,0.1,1,0,0.1,696.0675292941705,0.8670112268650808
493,linucb,simple,B,0.95,1.0,731.7446914428549,0.1,1,0,0.1,731.7446914428549,0.8640252347435338
494,linucb,hard,C,0.75,0.40279743282716307,636.4059252497534,0.35,1,0,0.35,636.4059252497534,0.8346810365896093
495,linucb,hard,A,0.95,0.5873043732700189,1083.9118774950887,1.0,1,0,1.0,1083.9118774950887,0.7027646864712755
496,linucb,simple,D,0.85,0.4138165524602472,557.1616466258985,0.22,1,0,0.22,557.1616466258985,0.8614384874468067
497,linucb,simple,B,0.95,0.8996953599999999,603.5110247633618,0.1,1,0,0.1,603.5110247633618,0.8751354447728147
498,linucb,hard,E,0.9,0.3980739166187432,892.1935200383473,0.6,1,0,0.6,892.1935200383473,0.7764190492593838
499,linucb,simple,B,0.95,0.9967240867839999,608.5860495173079,0.1,0,0,0.1,608.5860495173079,0.0
500,linucb,hard,C,0.75,0.4870607739510382,644.2678538176325,0.35,0,0,0.35,644.2678538176325,0.0
501,linucb,simple,B,0.95,1.0,642.4202443960189,0.1,1,0,0.1,642.4202443960189,0.8716491954685791
502,linucb,hard,A,0.95,0.5400169649967871,1098.6660254137314,1.0,1,0,1.0,1098.6660254137314,0.7017659940894984
503,linucb,simple,D,0.85,0.4691167263644358,461.3016444110623,0.22,1,0,0.22,461.3016444110623,0.8709477595877053
504,linucb,simple,B,0.95,0.9814719999999999,717.7048831070795,0.1,1,0,0.1,717.7048831070795,0.8651914124023591
505,linucb,simple,B,0.95,1.0,635.8787522192705,0.1,1,0,0.1,635.8787522192705,0.8722277736125361
506,linucb,simple,B,0.95,1.0,666.859545177567,0.1,1,0,0.1,666.859545177567,0.869513243601046
507,linucb,simple,B,0.95,1.0,667.1804016849742,0.1,1,0,0.1,667.1804016849742,0.8694854639722797
508,linucb,simple,B,0.95,1.0,756.825339132143,0.1,1,0,0.1,756.825339132143,0.8619694884077821
509,linucb,hard,A,0.95,0.5206917552199362,1118.8347249682151,1.0,1,0,1.0,1118.8347249682151,0.7004115830040163
510,linucb,simple,D,0.85,0.4917165579140904,519.6127814586022,0.22,1,0,0.22,519.6127814586022,0.8650575867012554
511,linucb,simple,D,0.85,0.7327105709643995,618.4429559622583,0.22,1,0,0.22,618.4429559622583,0.8557846273249728
512,linucb,simple,D,0.85,0.9447853024486716,728.4656148148151,0.22,1,0,0.22,728.4656148148151,0.8462965936839547
513,linucb,hard,C,0.75,0.3924395648646121,593.8558082858294,0.35,1,0,0.35,593.8558082858294,0.8385178172097999
514,linucb,hard,E,0.9,0.3514856827430605,843.8635309152459,0.6,1,0,0.6,843.8635309152459,0.780087450112374
515,linucb,hard,A,0.95,0.5418113790788726,1251.6268100492948,1.0,1,0,1.0,1251.6268100492948,0.6917832619443003
516,linucb,simple,D,0.85,0.866583362074665,740.9158513287077,0.22,1,0,0.22,740.9158513287077,0.8452694901572569
517,linucb,hard,C,0.75,0.5353441861297269,733.3018797798038,0.35,1,0,0.35,733.3018797798038,0.8263965830556541
518,linucb,simple,B,0.95,0.5785009760094021,492.9712925413826,0.1,1,0,0.1,492.9712925413826,0.8857053583982114
519,linucb,simple,A,0.8,0.624921770028801,1174.9202404767664,1.0,1,0,1.0,1174.9202404767664,0.6967081058583483
520,linucb,simple,D,0.85,0.8196860212893766,722.6768679428411,0.22,1,0,0.22,722.6768679428411,0.846777134625493
521,linucb,simple,D,0.85,1.0,818.5562116711795,0.22,0,0,0.22,818.5562116711795,0.0
522,linucb,simple,D,0.85,1.0,834.6026217722897,0.22,1,0,0.22,834.6026217722897,0.8378022738766436
523,linucb,simple,D,0.85,1.0,794.5685625307506,0.22,1,0,0.22,794.5685625307506,0.8409390177310401
524,linucb,hard,E,0.9,0.3978891056972734,861.6725768955373,0.6,1,0,0.6,861.6725768955373,0.7787237586693208
525,linucb,simple,B,0.95,0.5364192313712232,454.82582501693224,0.1,1,0,0.1,454.82582501693224,0.8896243401053568
526,linucb,simple,A,0.8,0.5553902770510661,1292.9721959644535,1.0,1,0,1.0,1292.9721959644535,0.6891912815818462
527,linucb,simple,B,0.95,0.7154030527738753,609.1505698689726,0.1,1,0,0.1,609.1505698689726,0.8746233204097013
528,linucb,simple,B,0.95,0.9295546864410102,572.9936165045877,0.1,1,0,0.1,572.9936165045877,0.8779492067750464
529,linucb,simple,B,0.95,1.0,631.081594444532,0.1,1,0,0.1,631.081594444532,0.8726539636262558
530,linucb,simple,B,0.95,1.0,782.171553173988,0.1,0,0,0.1,782.171553173988,0.0
531,linucb,simple,B,0.95,1.0,683.2756162107439,0.1,1,0,0.1,683.2756162107439,0.8681004177757042
532,linucb,hard,C,0.75,0.37868159819850516,596.5350373022932,0.35,1,0,0.35,596.5350373022932,0.8382722528564932
533,linucb,simple,A,0.8,0.5269744526918996,1096.436544970773,1.0,1,0,1.0,1096.436544970773,0.701916473234139
534,linucb,simple,D,0.85,0.5450808588882738,576.8974884641224,0.22,0,0,0.22,576.8974884641224,0.0
535,linucb,simple,A,0.8,0.708089016164607,1379.941413133228,1.0,1,0,1.0,1379.941413133228,0.6838710492940362
536,linucb,simple,B,0.95,0.8277319167999999,606.5623262153206,0.1,1,0,0.1,606.5623262153206,0.8748580619186932
537,linucb,simple,B,0.95,1.0,565.601152088503,0.1,1,0,0.1,565.601152088503,0.8786420052757196
538,linucb,simple,B,0.95,1.0,745.1672990518791,0.1,1,0,0.1,745.1672990518791,0.8629207389396644
539,linucb,simple,B,0.95,1.0,730.5020538254485,0.1,0,0,0.1,730.5020538254485,0.0
540,linucb,simple,B,0.95,1.0,811.0548970688427,0.1,1,0,0.1,811.0548970688427,0.8576379258123642
541,linucb,simple,B,0.95,1.0,852.336079371795,0.1,1,0,0.1,852.336079371795,0.8544369057220383
542,linucb,simple,B,0.95,1.0,708.8819839419626,0.1,1,0,0.1,708.8819839419626,0.8659301059090113
543,linucb,simple,A,0.8,0.5546532568483734,1184.8952630425485,1.0,1,0,1.0,1184.8952630425485,0.6960587603634069
544,linucb,simple,D,0.85,0.45180555120442745,466.37750470778326,0.22,1,0,0.22,466.37750470778326,0.8704207574364156
545,linucb,simple,A,0.8,0.7295234821033804,1284.1400051419994,1.0,1,0,1.0,1284.1400051419994,0.6897414585651048
546,linucb,simple,A,0.8,0.9419806642509747,1714.4973118923335,1.0,1,0,1.0,1714.4973118923335,0.6648245528212591
547,linucb,simple,A,0.8,1.0,2091.663813193693,1.0,1,0,1.0,2091.663813193693,0.65
548,linucb,simple,A,0.8,1.0,1901.7377760559607,1.0,1,0,1.0,1901.7377760559607,0.6549749874474579
549,linucb,simple,A,0.8,1.0,1901.6870174778594,1.0,1,0,1.0,1901.6870174778594,0.6549775901349868
550,linucb,simple,A,0.8,1.0,1984.8401764483049,1.0,1,0,1.0,1984.8401764483049,0.6507594330238792
551,linucb,hard,C,0.75,0.3333768211996028,579.1418706087807,0.35,0,0,0.35,579.1418706087807,0.0
552,linucb,simple,A,0.8,1.0,1973.1784186895898,1.0,1,0,1.0,1973.1784186895898,0.6513456057022855
553,linucb,simple,A,0.8,1.0,1896.9231532691633,1.0,1,0,1.0,1896.9231532691633,0.6552220159633454
554,linucb,simple,A,0.8,1.0,1919.980894436548,1.0,1,0,1.0,1919.980894436548,0.6540417955564733
555,linucb,simple,A,0.8,1.0,1974.1491315156945,1.0,0,0,1.0,1974.1491315156945,0.0
556,linucb,simple,A,0.8,1.0,1707.0929866913316,1.0,1,0,1.0,1707.0929866913316,0.6652248400519521
557,linucb,hard,E,0.9,0.3058572023665067,835.5065117170047,0.6,1,0,0.6,835.5065117170047,0.7807323310555184
558,linucb,hard,A,0.95,1.0,1876.2978931732903,1.0,1,0,1.0,1876.2978931732903,0.6562838213688237
559,linucb,simple,B,0.95,0.4138165524602472,398.3686999141855,0.1,0,0,0.1,398.3686999141855,0.0
560,linucb,hard,A,0.95,1.0,1855.3725849842233,1.0,1,0,1.0,1855.3725849842233,0.6573670544800696
561,linucb,simple,D,0.85,0.3514229502204896,399.1050193535967,0.22,0,0,0.22,399.1050193535967,0.0
562,linucb,simple,A,0.8,1.0,1980.6741136564106,1.0,1,0,1.0,1980.6741136564106,0.6509686399756857
563,linucb,simple,A,0.8,1.0,1735.0063581668867,1.0,1,0,1.0,1735.0063581668867,0.663720298574059
564,linucb,simple,A,0.8,1.0,2212.479674311348,1.0,1,0,1.0,2212.479674311348,0.65
565,linucb,simple,A,0.8,1.0,1620.1155878348618,1.0,1,0,1.0,1620.1155878348618,0.6699935785681598
566,linucb,simple,A,0.8,1.0,1402.2059264185523,1.0,1,0,1.0,1402.2059264185523,0.6825362172636392
567,linucb,simple,B,0.95,0.4488227192007035,425.2571032157321,0.1,1,0,0.1,425.2571032157321,0.8927766728841632
568,linucb,simple,A,0.8,1.0,1864.3805465582168,1.0,1,0,1.0,1864.3805465582168,0.6568999975889064
569,linucb,simple,A,0.8,1.0,1863.7016113931006,1.0,1,0,1.0,1863.7016113931006,0.6569351605603392
570,linucb,simple,A,0.8,1.0,1845.988000129061,1.0,1,0,1.0,1845.988000129061,0.6578548465285131
571,linucb,simple,A,0.8,1.0,1903.4438790804802,1.0,1,0,1.0,1903.4438790804802,0.6548875258175182
572,linucb,simple,A,0.8,1.0,1906.0108256799724,1.0,0,0,1.0,1906.0108256799724,0.0
573,linucb,simple,A,0.8,1.0,1963.2047388802077,1.0,1,0,1.0,1963.2047388802077,0.6518483036216844
574,linucb,simple,D,0.85,0.36669677859355987,461.1481359110097,0.22,1,0,0.22,461.1481359110097,0.8709637426894394
575,linucb,simple,B,0.95,0.46141214534167063,472.4817738172596,0.1,1,0,0.1,472.4817738172596,0.8877907644493322
576,linucb,simple,A,0.8,0.9814719999999999,1681.4891628072808,1.0,1,0,1.0,1681.4891628072808,0.6666157497053097
577,linucb,simple,A,0.8,1.0,1856.7721350102388,1.0,1,0,1.0,1856.7721350102388,0.6572944144550947
578,linucb,simple,A,0.8,1.0,1997.0408090760875,1.0,1,0,1.0,1997.0408090760875,0.6501480143167905
579,linucb,simple,A,0.8,1.0,2029.2727687525814,1.0,1,0,1.0,2029.2727687525814,0.65
580,linucb,simple,A,0.8,1.0,1956.8575274983511,1.0,0,0,1.0,1956.8575274983511,0.0
581,linucb,simple,A,0.8,1.0,1775.7205743268435,1.0,1,0,1.0,1775.7205743268435,0.6615473229520554
582,linucb,simple,A,0.8,1.0,1965.2984188534233,1.0,1,0,1.0,1965.2984188534233,0.6517426713156145
583,linucb,simple,B,0.95,0.4659397376294517,414.9601981733568,0.1,1,0,0.1,414.9601981733568,0.8939000331313609
584,linucb,simple,D,0.85,0.40212541073781005,430.6692399640391,0.22,1,0,0.22,430.6692399640391,0.8741916771012385
585,linucb,hard,C,0.75,0.30431863255549374,445.1368778298879,0.35,0,0,0.35,445.1368778298879,0.0
586,linucb,simple,A,0.8,0.8996953599999999,1612.8907945460928,1.0,1,0,1.0,1612.8907945460928,0.6703953901178429
587,linucb,hard,E,0.9,0.306606917384976,850.2496601884088,0.6,0,0,0.6,850.2496601884088,0.0
588,linucb,simple,B,0.95,0.5458912708524797,527.491176712632,0.1,0,0,0.1,527.491176712632,0.0
589,linucb,hard,A,0.95,0.9131171963699201,1500.756752628621,1.0,1,0,1.0,1500.756752628621,0.6767512336189015
590,linucb,simple,D,0.85,0.4867486841463336,507.0957110682706,0.22,1,0,0.22,507.0957110682706,0.8662929286426945
591,linucb,simple,A,0.8,1.0,1802.423864238991,1.0,1,0,1.0,1802.423864238991,0.660135634505103
592,linucb,hard,C,0.75,0.42436759864609497,589.3155517474662,0.35,0,0,0.35,589.3155517474662,0.0
593,linucb,simple,A,0.8,1.0,1673.5705847337015,1.0,1,0,1.0,1673.5705847337015,0.6670480617903324
594,linucb,simple,A,0.8,1.0,1916.9995110808757,1.0,1,0,1.0,1916.9995110808757,0.6541939985045976
595,linucb,simple,B,0.95,0.5230924406687707,370.9745626378514,0.1,1,0,0.1,370.9745626378514,0.8988635312265645
596,linucb,hard,A,0.95,1.0,1820.331899536243,1.0,1,0,1.0,1820.331899536243,0.6591947642470866
597,linucb,simple,A,0.8,1.0,1741.769172934034,1.0,1,0,1.0,1741.769172934034,0.6633576054089514
598,linucb,simple,D,0.85,0.4750516317226835,445.73593167808326,0.22,1,0,0.22,445.73593167808326,0.8725822123031806
599,linucb,hard,C,0.75,0.4734286814567637,793.0301150403053,0.35,0,0,0.35,793.0301150403053,0.0
600,linucb,hard,C,0.75,0.7166172396819521,816.7767082787846,0.35,0,0,0.35,816.7767082787846,0.0
601,linucb,simple,B,0.95,0.5429262672123941,478.7482951342352,0.1,1,0,0.1,478.7482951342352,0.8871482452753927
602,linucb,simple,A,0.8,0.8277319167999999,1377.9979525428091,1.0,1,0,1.0,1377.9979525428091,0.6839880755763122
603,linucb,simple,D,0.85,0.5506999081879794,542.1221754796566,0.22,1,0,0.22,542.1221754796566,0.8628729453523575
604,linucb,simple,B,0.95,0.6699890491697646,534.8127613884267,0.1,1,0,0.1,534.8127613884267,0.8815772982959325
605,linucb,simple,B,0.95,0.8895903632693929,681.3918376969624,0.1,1,0,0.1,681.3918376969624,0.8682616740143184
606,linucb,simple,B,0.95,1.0,672.0871847966337,0.1,1,0,0.1,672.0871847966337,0.8690614658712097
607,linucb,simple,B,0.95,1.0,817.3248208049793,0.1,1,0,0.1,817.3248208049793,0.857146582305753
608,linucb,simple,B,0.95,1.0,730.4230052272147,0.1,1,0,0.1,730.4230052272147,0.8641345371723407
609,linucb,simple,B,0.95,1.0,738.3182832107764,0.1,1,0,0.1,738.3182832107764,0.8634830642905461
610,linucb,simple,A,0.8,0.5976809745647381,1252.3689288299647,1.0,1,0,1.0,1252.3689288299647,0.6917363636946272
611,linucb,simple,D,0.85,0.49805069979163274,522.0222321390667,0.22,1,0,0.22,522.0222321390667,0.8648215059673449
612,linucb,simple,D,0.85,0.7382846158166367,593.8115632896412,0.22,1,0,0.22,593.8115632896412,0.8580218771230077
613,linucb,simple,D,0.85,0.9496904619186404,658.799572657223,0.22,1,0,0.22,658.799572657223,0.8522132784110267
614,linucb,hard,C,0.75,0.41968636078104227,647.2194702512672,0.35,1,0,0.35,647.2194702512672,0.8337265874422968
615,linucb,hard,A,0.95,0.6154153263419413,1264.6142268847648,1.0,1,0,1.0,1264.6142268847648,0.6909645179914391
616,linucb,simple,D,0.85,0.9471874584646196,760.1558554002745,0.22,1,0,0.22,760.1558554002745,0.8436990790464017
617,linucb,simple,D,0.85,1.0,797.0078613504694,0.22,1,0,0.22,797.0078613504694,0.8407456645219286
618,linucb,simple,D,0.85,1.0,809.7712329999154,0.22,0,0,0.22,809.7712329999154,0.0
619,linucb,simple,D,0.85,1.0,824.9210494365902,0.22,1,0,0.22,824.9210494365902,0.8385538206534277
620,linucb,simple,D,0.85,1.0,916.9709978401302,0.22,1,0,0.22,916.9709978401302,0.831576885441212
621,linucb,simple,B,0.95,0.515671155821681,416.6689258083616,0.1,1,0,0.1,416.6689258083616,0.8937126596062344
622,linucb,simple,A,0.8,0.5515052255079818,1220.5427825359754,1.0,1,0,1.0,1220.5427825359754,0.693760262254702
623,linucb,simple,B,0.95,0.6993357430683098,489.40137378040384,0.1,1,0,0.1,489.40137378040384,0.8860655394940262
624,linucb,simple,B,0.95,0.9154154539001127,595.1508633393254,0.1,1,0,0.1,595.1508633393254,0.8758990501105214
625,linucb,simple,B,0.95,1.0,653.8777375012738,0.1,1,0,0.1,653.8777375012738,0.8706428631434597
626,linucb,simple,B,0.95,1.0,688.4094082320863,0.1,1,0,0.1,688.4094082320863,0.8676620770396811
627,linucb,hard,C,0.75,0.3796525334107733,610.4113886020405,0.35,1,0,0.35,610.4113886020405,0.8370091507316519
628,linucb,hard,A,0.95,0.5561212806086382,1118.372893777431,1.0,1,0,1.0,1118.372893777431,0.7004424596499774
629,linucb,simple,B,0.95,0.9814719999999999,672.073305453708,0.1,1,0,0.1,672.073305453708,0.8690626630068028
630,linucb,simple,B,0.95,1.0,694.2170777806587,0.1,1,0,0.1,694.2170777806587,0.8671681640828203
631,linucb,simple,B,0.95,1.0,686.0925338691449,0.1,0,0,0.1,686.0925338691449,0.0
632,linucb,simple,B,0.95,1.0,779.0125628397954,0.1,1,0,0.1,779.0125628397954,0.860179123313462
633,linucb,simple,B,0.95,1.0,774.940464533597,0.1,1,0,0.1,774.940464533597,0.8605057861156915
634,linucb,simple,B,0.95,1.0,792.3625399466787,0.1,1,0,0.1,792.3625399466787,0.8591141358256076
635,linucb,simple,A,0.8,0.5272731960067388,1009.0356713398307,1.0,1,0,1.0,1009.0356713398307,0.7079411620954309
636,linucb,hard,E,0.9,0.300583758052182,698.1041739909518,0.6,1,0,0.6,698.1041739909518,0.7918387395132439
637,linucb,simple,D,0.85,0.4138165524602472,497.6610559512534,0.22,1,0,0.22,497.6610559512534,0.8672341685794928
638,linucb,simple,A,0.8,0.6593219194291042,1295.3979741639387,1.0,1,0,1.0,1295.3979741639387,0.6890405035939824
639,linucb,simple,B,0.95,0.8277319167999999,506.92658442925335,0.1,1,0,0.1,506.92658442925335,0.884309723962117
640,linucb,hard,C,0.75,0.3720544886083711,564.3952208279177,0.35,1,0,0.35,564.3952208279177,0.8412554499442049
641,linucb,simple,D,0.85,0.5481638664016067,540.23171366994,0.22,1,0,0.22,540.23171366994,0.8630546572789392
642,linucb,hard,C,0.75,0.5881189959783226,728.9273188541562,0.35,1,0,0.35,728.9273188541562,0.8267583486236704
643,linucb,simple,A,0.8,0.6479452203285763,1324.7241219599196,1.0,1,0,1.0,1324.7241219599196,0.6872287419745169
644,linucb,simple,B,0.95,0.7368205510494021,551.9764065978934,0.1,1,0,0.1,551.9764065978934,0.8799308411951544
645,linucb,hard,C,0.75,0.7007866284273395,760.0230900701507,0.35,1,0,0.35,760.0230900701507,0.8242098471028484
646,linucb,simple,B,0.95,0.870593834732657,561.4609296921545,0.1,1,0,0.1,561.4609296921545,0.8790319925928439
647,linucb,simple,B,0.95,1.0,689.7680262082478,0.1,1,0,0.1,689.7680262082478,0.8675463473357897
648,linucb,simple,B,0.95,1.0,822.879784704762,0.1,1,0,0.1,822.879784704762,0.8567128389350858
649,linucb,hard,E,0.9,0.35704797693789797,788.660368782629,0.6,1,0,0.6,788.660368782629,0.7844085696567932
650,linucb,hard,A,0.95,0.5647993993328201,1150.2672939006552,1.0,1,0,1.0,1150.2672939006552,0.6983248673051079
651,linucb,simple,D,0.85,0.452664171805935,448.82103261248545,0.22,1,0,0.22,448.82103261248545,0.8722560257734049
652,linucb,simple,B,0.95,0.8996953599999999,542.743057020063,0.1,0,0,0.1,542.743057020063,0.0
653,linucb,simple,B,0.95,1.0,632.5327214900458,0.1,1,0,0.1,632.5327214900458,0.87252487195028
654,linucb,simple,B,0.95,1.0,683.2339936320235,0.1,1,0,0.1,683.2339936320235,0.8681039783712017
655,linucb,simple,B,0.95,1.0,766.9935770374942,0.1,1,0,0.1,766.9935770374942,0.8611457649462486
656,linucb,simple,B,0.95,1.0,662.6010325345278,0.1,1,0,0.1,662.6010325345278,0.869882578856671
657,linucb,simple,B,0.95,1.0,703.5103901202833,0.1,1,0,0.1,703.5103901202833,0.8663820932472434
658,linucb,hard,A,0.95,0.5031213635895073,1155.5100956534502,1.0,1,0,1.0,1155.5100956534502,0.6979796003390696
659,linucb,simple,D,0.85,0.462793664323916,527.0808717881382,0.22,1,0,0.22,527.0808717881382,0.8643276208721996
660,linucb,simple,D,0.85,0.7072584246050461,650.4464783309879,0.22,1,0,0.22,650.4464783309879,0.8529433054721479
661,linucb,simple,D,0.85,0.9223874136524406,645.6817937606647,0.22,1,0,0.22,645.6817937606647,0.8533618203453905
662,linucb,hard,C,0.75,0.37976111805784,679.544529386776,0.35,1,0,0.35,679.544529386776,0.8309200249282257
663,linucb,simple,A,0.8,0.5655132015901204,1138.6139211830573,1.0,1,0,1.0,1138.6139211830573,0.699095134526215
664,linucb,simple,D,0.85,0.9285811955565559,733.1962671805097,0.22,1,0,0.22,733.1962671805097,0.845905304230077
665,linucb,simple,D,0.85,1.0,859.1525285119635,0.22,1,0,0.22,859.1525285119635,0.8359158645364005
666,linucb,simple,D,0.85,1.0,899.097559728235,0.22,1,0,0.22,899.097559728235,0.8329032021464916
667,linucb,simple,D,0.85,1.0,839.9656861070554,0.22,1,0,0.22,839.9656861070554,0.8373878334331953
668,linucb,simple,B,0.95,0.5450808588882738,348.06836951603935,0.1,1,0,0.1,348.06836951603935,0.9015651907755474
669,linucb,simple,A,0.8,0.562626641948756,1248.7491289570776,1.0,1,0,1.0,1248.7491289570776,0.6919652488243755
670,linucb,hard,E,0.9,0.3243704019276672,756.8507672137837,0.6,1,0,0.6,756.8507672137837,0.7869674216141282
671,linucb,hard,C,0.75,0.4201861841244662,582.1666325621095,0.35,1,0,0.35,582.1666325621095,0.8395957245923861
672,linucb,simple,B,0.95,0.6268824619001125,532.3471918115113,0.1,1,0,0.1,532.3471918115113,0.8818159710215276
673,linucb,simple,B,0.95,0.851656566472099,640.9454325563349,0.1,1,0,0.1,640.9454325563349,0.871779380627349
674,linucb,simple,B,0.95,1.0,698.4896483931302,0.1,1,0,0.1,698.4896483931302,0.866806121275835
675,linucb,simple,B,0.95,1.0,780.7339294927804,0.1,1,0,0.1,780.7339294927804,0.8600412924608468
676,linucb,simple,B,0.95,1.0,659.0972398512788,0.1,1,0,0.1,659.0972398512788,0.8701873491420672
677,linucb,simple,B,0.95,1.0,657.0553588976644,0.1,1,0,0.1,657.0553588976644,0.8703653316925752
678,linucb,hard,A,0.95,0.4780591692177511,1137.2141733542328,1.0,1,0,1.0,1137.2141733542328,0.699187920022683
679,linucb,simple,D,0.85,0.515671155821681,535.5327226378296,0.22,1,0,0.22,535.5327226378296,0.8635077082447364
680,linucb,hard,C,0.75,0.432979843618557,655.2061526961028,0.35,0,0,0.35,655.2061526961028,0.0
681,linucb,simple,A,0.8,0.6257839381651593,1318.7799701746767,1.0,1,0,1.0,1318.7799701746767,0.6875943369106435
682,linucb,simple,B,0.95,0.8277319167999999,585.5376985807324,0.1,1,0,0.1,585.5376985807324,0.8767837629021659
683,linucb,hard,E,0.9,0.3615624587583132,932.5761526072722,0.6,0,0,0.6,932.5761526072722,0.0
684,linucb,simple,D,0.85,0.5721361275002472,499.7080120703057,0.22,1,0,0.22,499.7080120703057,0.8670292030570621
685,linucb,simple,B,0.95,0.8640761248055295,558.77675808096,0.1,0,0,0.1,558.77675808096,0.0
686,linucb,simple,B,0.95,1.0,698.0241017530559,0.1,1,0,0.1,698.0241017530559,0.8668455162295517
687,linucb,hard,A,0.95,0.590616618327686,1284.8367366323105,1.0,1,0,1.0,1284.8367366323105,0.6896979889937552
688,linucb,simple,B,0.95,1.0,705.0041621894018,0.1,1,0,0.1,705.0041621894018,0.8662562286105581
689,linucb,simple,B,0.95,1.0,743.2006262967028,0.1,1,0,0.1,743.2006262967028,0.8630819433966648
690,linucb,simple,B,0.95,1.0,734.2298797358409,0.1,1,0,0.1,734.2298797358409,0.863819978566115
691,linucb,simple,D,0.85,0.5338180731109401,609.996062161177,0.22,1,0,0.22,609.996062161177,0.8565467463438784
692,linucb,simple,B,0.95,1.0,703.7854096517755,0.1,1,0,0.1,703.7854096517755,0.8663589101827047
693,linucb,simple,B,0.95,1.0,732.6631441913019,0.1,1,0,0.1,732.6631441913019,0.8639493375324776
694,linucb,simple,B,0.95,1.0,769.3140877955478,0.1,1,0,0.1,769.3140877955478,0.8609585482352332
695,linucb,simple,A,0.8,0.5124061268745261,1214.683006807633,1.0,1,0,1.0,1214.683006807633,0.6941357637681027
696,linucb,simple,D,0.85,0.581712834945319,581.129880780094,0.22,1,0,0.22,581.129880780094,0.8591918481022799
697,linucb,simple,D,0.85,0.8119072947518806,643.481201276416,0.22,1,0,0.22,643.481201276416,0.853555634668229
698,linucb,simple,D,0.85,1.0,782.287750600014,0.22,1,0,0.22,782.287750600014,0.841917007503017
699,linucb,simple,D,0.85,1.0,858.0006705425778,0.22,1,0,0.22,858.0006705425778,0.8360037656615597
700,linucb,hard,C,0.75,0.33358312626008174,627.9575184376667,0.35,1,0,0.35,627.9575184376667,0.8354323848350768
701,linucb,simple,A,0.8,0.5379634994136907,1150.5649728752232,1.0,1,0,1.0,1150.5649728752232,0.6983052424850994
702,linucb,simple,D,0.85,0.9814719999999999,716.1284814486239,0.22,1,0,0.22,716.1284814486239,0.8473230614154402
703,linucb,simple,D,0.85,1.0,927.8619953282711,0.22,1,0,0.22,927.8619953282711,0.830775039340929
704,linucb,simple,D,0.85,1.0,827.4495401500386,0.22,1,0,0.22,827.4495401500386,0.838357119112635
705,linucb,simple,B,0.95,0.5450808588882738,515.1412241001377,0.1,0,0,0.1,515.1412241001377,0.0
706,linucb,simple,A,0.8,0.5839005087140227,1136.545528834981,1.0,1,0,1.0,1136.545528834981,0.6992322628122992
707,linucb,simple,D,0.85,0.9814719999999999,805.2239025300807,0.22,1,0,0.22,805.2239025300807,0.8400965798309532
708,linucb,hard,E,0.9,0.3147996053603849,725.7848388353652,0.6,1,0,0.6,725.7848388353652,0.7895188945240487
709,linucb,simple,D,0.85,1.0,795.6948996427813,0.22,1,0,0.22,795.6948996427813,0.8408497007817436
710,linucb,simple,D,0.85,1.0,770.275987854206,0.22,1,0,0.22,770.275987854206,0.8428810257974868
711,linucb,hard,C,0.75,0.38175483909445634,610.9432806158904,0.35,1,0,0.35,610.9432806158904,0.8369610222033974
712,linucb,simple,B,0.95,0.5227612450759935,506.84927862799145,0.1,1,0,0.1,506.84927862799145,0.8843174018384515
713,linucb,simple,A,0.8,0.5386258886194029,1135.1955412790849,1.0,1,0,1.0,1135.1955412790849,0.6993218302952225
714,linucb,simple,D,0.85,0.8996953599999999,768.2798081032871,0.22,1,0,0.22,768.2798081032871,0.8430419580581164
715,linucb,simple,D,0.85,1.0,723.2380605897832,0.22,0,0,0.22,723.2380605897832,0.0
716,linucb,simple,D,0.85,1.0,848.8666906330413,0.22,0,0,0.22,848.8666906330413,0.0
717,linucb,simple,B,0.95,0.5758777938927087,443.64895283264985,0.1,0,0,0.1,443.64895283264985,0.0
718,linucb,hard,A,0.95,0.5842500726392208,1417.4014653949848,1.0,1,0,1.0,1417.4014653949848,0.6816312698037438
719,linucb,simple,B,0.95,0.7459597635905135,520.774871091308,0.1,1,0,0.1,520.774871091308,0.8829436556512719
720,linucb,simple,B,0.95,0.9564445919596518,609.4548970386215,0.1,1,0,0.1,609.4548970386215,0.8745957521615566
721,linucb,simple,B,0.95,1.0,595.6594801025499,0.1,1,0,0.1,595.6594801025499,0.8758524411539543
722,linucb,simple,B,0.95,1.0,646.301855926324,0.1,1,0,0.1,646.301855926324,0.8713072688404114
723,linucb,simple,B,0.95,1.0,665.1802061247865,0.1,1,0,0.1,665.1802061247865,0.8696587492590108
724,linucb,simple,B,0.95,1.0,677.8383473513577,0.1,1,0,0.1,677.8383473513577,0.8685664698335263
725,linucb,hard,A,0.95,0.5387687468650026,1023.3501983147229,1.0,1,0,1.0,1023.3501983147229,0.7069370629188172
726,linucb,simple,B,0.95,1.0,676.4429942379251,0.1,0,0,0.1,676.4429942379251,0.0
727,linucb,simple,B,0.95,1.0,879.5018515416779,0.1,0,0,0.1,879.5018515416779,0.0
728,linucb,simple,B,0.95,1.0,756.2972535030183,0.1,1,0,0.1,756.2972535030183,0.8620124190413505
729,linucb,simple,B,0.95,1.0,701.076502700291,0.1,1,0,0.1,701.076502700291,0.8665874582064643
730,linucb,hard,C,0.75,0.3336476952330268,544.4285742887012,0.35,1,0,0.35,544.4285742887012,0.8431516819216811
731,linucb,simple,A,0.8,0.5502064078756016,1080.2922964430493,1.0,1,0,1.0,1080.2922964430493,0.7030107285246266
732,linucb,hard,E,0.9,0.3146426037820634,701.1570122559335,0.6,1,0,0.6,701.1570122559335,0.7915806593283062
733,linucb,simple,D,0.85,0.4138165524602472,434.3057015273958,0.22,1,0,0.22,434.3057015273958,0.8738006758042317
734,linucb,simple,A,0.8,0.674950261187802,1176.705337660608,1.0,1,0,1.0,1176.705337660608,0.6965916992036866
735,linucb,hard,C,0.75,0.4760765377412275,623.7748705728233,0.35,1,0,0.35,623.7748705728233,0.8358062337842597
736,linucb,hard,C,0.75,0.7189473532122802,956.2863960379266,0.35,1,0,0.35,956.2863960379266,0.8092042013625919
737,linucb,simple,D,0.85,0.5481638664016067,554.8322792465374,0.22,0,0,0.22,554.8322792465374,0.0
738,linucb,hard,C,0.75,0.8567528303275898,832.9826572638888,0.35,1,0,0.35,832.9826572638888,0.818427721236209
739,linucb,simple,A,0.8,0.6561927950812994,1486.0228563990295,1.0,1,0,1.0,1486.0228563990295,0.6776037786725574
740,linucb,simple,B,0.95,0.5450808588882738,442.3485820218557,0.1,1,0,0.1,442.3485820218557,0.8909416583155055
741,linucb,simple,A,0.8,0.8081557005109581,1517.654503352516,1.0,1,0,1.0,1517.654503352516,0.6757786176525673
742,linucb,hard,E,0.9,0.3876282722474442,706.7415073012951,0.6,1,0,0.6,706.7415073012951,0.7911100082175716
743,linucb,simple,B,0.95,0.6714573430683097,443.1111330446395,0.1,0,0,0.1,443.1111330446395,0.0
744,linucb,simple,B,0.95,0.8908824619001126,511.86149080771787,0.1,0,0,0.1,511.86149080771787,0.0
745,linucb,simple,B,0.95,1.0,746.137422671392,0.1,1,0,0.1,746.137422671392,0.862841298085532
746,linucb,simple,B,0.95,1.0,717.0079597334911,0.1,1,0,0.1,717.0079597334911,0.8652495962651072
747,linucb,simple,B,0.95,1.0,701.4017962054909,0.1,1,0,0.1,701.4017962054909,0.866559990188662
748,linucb,hard,A,0.95,0.6302735128660663,1156.0508084423516,1.0,1,0,1.0,1156.0508084423516,0.697944036062879
749,linucb,simple,B,0.95,1.0,740.6395435132556,0.1,1,0,0.1,740.6395435132556,0.8632921905945837
750,linucb,simple,B,0.95,1.0,742.5821228435641,0.1,1,0,0.1,742.5821228435641,0.8631326850346194
751,linucb,simple,B,0.95,1.0,683.0017902544979,0.1,1,0,0.1,683.0017902544979,0.8681238441550632
752,linucb,simple,B,0.95,1.0,843.1266594325563,0.1,1,0,0.1,843.1266594325563,0.855144183077341
753,linucb,hard,A,0.95,0.6326154490530786,1272.8244507777474,1.0,1,0,1.0,1272.8244507777474,0.6904491021161117
754,linucb,hard,C,0.75,0.41080983347550615,533.9737377931966,0.35,1,0,0.35,533.9737377931966,0.8441584558085958
755,linucb,simple,D,0.85,0.35490330688225713,432.1267467931228,0.22,0,0,0.22,432.1267467931228,0.0
756,linucb,simple,A,0.8,0.7311097152970997,1478.929293995152,1.0,1,0,1.0,1478.929293995152,0.6780157394413574
757,linucb,hard,E,0.9,0.35697122105284895,744.2239533809023,0.6,1,0,0.6,744.2239533809023,0.7879980366239213
758,linucb,hard,C,0.75,0.5463607509776337,795.7386177354164,0.35,1,0,0.35,795.7386177354164,0.8213462352733446
759,linucb,simple,A,0.8,0.7982307999029451,1523.5787060218142,1.0,1,0,1.0,1523.5787060218142,0.6754389100617314
760,linucb,simple,A,0.8,1.0,1675.2895037188616,1.0,1,0,1.0,1675.2895037188616,0.666954131228325
761,linucb,hard,A,0.95,1.0,1698.4167471256562,1.0,1,0,1.0,1698.4167471256562,0.6656949947979894
762,linucb,simple,A,0.8,1.0,1910.1297978238836,1.0,1,0,1.0,1910.1297978238836,0.6545451562215004
763,linucb,simple,A,0.8,1.0,1822.237415510387,1.0,1,0,1.0,1822.237415510387,0.6590949232990182
764,linucb,hard,A,0.95,1.0,1910.8277187183965,1.0,1,0,1.0,1910.8277187183965,0.6545094519564489
765,linucb,simple,A,0.8,1.0,1876.0815125512206,1.0,1,0,1.0,1876.0815125512206,0.6562949916728418
766,linucb,hard,A,0.95,1.0,1493.9635755554964,1.0,1,0,1.0,1493.9635755554964,0.677143783707065
767,linucb,simple,B,0.95,0.44697385390011257,403.00465733264264,0.1,1,0,0.1,403.00465733264264,0.8952219784877565
768,linucb,simple,D,0.85,0.3673573176322052,386.91770031197956,0.22,1,0,0.22,386.91770031197956,0.8790320853592652
769,linucb,simple,A,0.8,0.9814719999999999,1726.5421657984357,1.0,1,0,1.0,1726.5421657984357,0.6641752349228749
770,linucb,hard,C,0.75,0.41783425465894786,682.389628854284,0.35,1,0,0.35,682.389628854284,0.8306762328244561
771,linucb,simple,A,0.8,1.0,1598.4213293491857,1.0,1,0,1.0,1598.4213293491857,0.6712028339514753
772,linucb,hard,E,0.9,0.3524654360895662,806.2193431457983,0.6,0,0,0.6,806.2193431457983,0.0
773,linucb,simple,B,0.95,0.5075764844368068,422.71130983685595,0.1,1,0,0.1,422.71130983685595,0.8930531338394988
774,linucb,simple,A,0.8,0.9814719999999999,1665.6573044510412,1.0,1,0,1.0,1665.6573044510412,0.6674811075832947
775,linucb,simple,A,0.8,1.0,1781.054745892149,1.0,0,0,1.0,1781.054745892149,0.0
776,linucb,simple,A,0.8,1.0,1593.027078944211,1.0,1,0,1.0,1593.027078944211,0.6715047855574715
777,linucb,simple,D,0.85,0.416260649437233,450.2551550972046,0.22,0,0,0.22,450.2551550972046,0.0
778,linucb,simple,B,0.95,0.5678643110544415,438.478140173604,0.1,0,0,0.1,438.478140173604,0.0
779,linucb,simple,A,0.8,0.9814719999999999,1694.4146879682003,1.0,1,0,1.0,1694.4146879682003,0.665912266135508
780,linucb,simple,A,0.8,1.0,1552.9702915053904,1.0,1,0,1.0,1552.9702915053904,0.6737632109061567
781,linucb,simple,A,0.8,1.0,1873.317362779858,1.0,1,0,1.0,1873.317362779858,0.656437743204939
782,linucb,hard,C,0.75,0.39011479664418586,594.3852685058171,0.35,1,0,0.35,594.3852685058171,0.8384692457601235
783,linucb,simple,A,0.8,1.0,1533.2971515078543,1.0,1,0,1.0,1533.2971515078543,0.6748830589858391
784,linucb,simple,A,0.8,1.0,1792.2494472938638,1.0,1,0,1.0,1792.2494472938638,0.6606722710592099
785,linucb,simple,B,0.95,0.5320722859773677,397.0746324806348,0.1,1,0,0.1,397.0746324806348,0.89588494712108
786,linucb,simple,D,0.85,0.4317374967529284,537.1508448862252,0.22,1,0,0.22,537.1508448862252,0.8633514742134529
787,linucb,simple,A,0.8,0.9814719999999999,1643.7750874510089,1.0,1,0,1.0,1643.7750874510089,0.6686839727188459
788,linucb,simple,A,0.8,1.0,1941.2588247442527,1.0,1,0,1.0,1941.2588247442527,0.6529589471838798
789,linucb,simple,A,0.8,1.0,1783.7842753718958,1.0,1,0,1.0,1783.7842753718958,0.6611199176529248
790,linucb,hard,A,0.95,1.0,1931.8379138023327,1.0,1,0,1.0,1931.8379138023327,0.6534376478670275
791,linucb,simple,A,0.8,1.0,1486.7282527217237,1.0,1,0,1.0,1486.7282527217237,0.6775628663702783
792,linucb,simple,B,0.95,0.5174449587837073,439.07337848287597,0.1,1,0,0.1,439.07337848287597,0.8912905150496625
793,linucb,simple,A,0.8,1.0,1855.104213355826,1.0,1,0,1.0,1855.104213355826,0.6573809867455538
794,linucb,hard,C,0.75,0.3841365090953916,608.7855147622438,0.35,1,0,0.35,608.7855147622438,0.8371563989383849
795,linucb,simple,A,0.8,1.0,1635.3959155120453,1.0,1,0,1.0,1635.3959155120453,0.6691466939471636
796,linucb,hard,E,0.9,0.3163945940199745,837.4918052373049,0.6,1,0,0.6,837.4918052373049,0.7805788421287072
797,linucb,hard,A,0.95,1.0,1781.3847461709738,1.0,1,0,1.0,1781.3847461709738,0.6612470002266998
798,linucb,simple,B,0.95,0.5403035535449321,499.3570558388838,0.1,1,0,0.1,499.3570558388838,0.885064315098271
799,linucb,simple,D,0.85,0.38193972594391173,436.17492734132037,0.22,1,0,0.22,436.17492734132037,0.8736003289790247
800,linucb,simple,A,0.8,0.9814719999999999,1669.7075959959086,1.0,1,0,1.0,1669.7075959959086,0.6672593315106947
801,linucb,simple,A,0.8,1.0,1386.8723457803724,1.0,1,0,1.0,1386.8723457803724,0.6834543698693735
802,linucb,simple,B,0.95,0.6240175340524073,506.846935057033,0.1,1,0,0.1,506.846935057033,0.8843176346069449
803,linucb,simple,B,0.95,0.8491354299661185,536.4773712730301,0.1,1,0,0.1,536.4773712730301,0.8814164712637158
804,linucb,simple,B,0.95,1.0,698.6555033333655,0.1,1,0,0.1,698.6555033333655,0.8667920896611935
805,linucb,simple,B,0.95,1.0,573.1926303966177,0.1,1,0,0.1,573.1926303966177,0.877930617784857
806,linucb,simple,B,0.95,1.0,795.4444928873711,0.1,1,0,0.1,795.4444928873711,0.8588695522177637
807,linucb,hard,C,0.75,0.37290550512071974,561.7825944718232,0.35,1,0,0.35,561.7825944718232,0.8415016420436785
808,linucb,simple,D,0.85,0.42087566642288976,368.6558672463351,0.22,1,0,0.22,368.6558672463351,0.8811331417546518
809,linucb,simple,A,0.8,0.6596345248055295,1039.3160084923607,1.0,1,0,1.0,1039.3160084923607,0.7058253830598215
810,linucb,simple,D,0.85,0.6259261160778858,625.8854283494147,0.22,1,0,0.22,625.8854283494147,0.8551174340346616
811,linucb,simple,D,0.85,0.8508149821485396,652.2864279085527,0.22,0,0,0.22,652.2864279085527,0.0
812,linucb,simple,D,0.85,1.0,789.194254970208,0.22,1,0,0.22,789.194254970208,0.8413660670861404
813,linucb,simple,D,0.85,1.0,939.6318310443058,0.22,1,0,0.22,939.6318310443058,0.829913762102514
814,linucb,hard,A,0.95,0.6481101921630792,1407.5056298111585,1.0,1,0,1.0,1407.5056298111585,0.6822200470967309
815,linucb,simple,D,0.85,1.0,858.9920756090421,0.22,1,0,0.22,858.9920756090421,0.8359281055596554
816,linucb,hard,C,0.75,0.4180165308356813,657.501648638676,0.35,1,0,0.35,657.501648638676,0.8328264068201684
817,linucb,simple,B,0.95,0.5450808588882738,455.38508847829485,0.1,1,0,0.1,455.38508847829485,0.8895657201548317
818,linucb,simple,A,0.8,0.688668675008907,1546.1963423137781,1.0,1,0,1.0,1546.1963423137781,0.6741479973208279
819,linucb,hard,E,0.9,0.31672362859120823,743.0571094984512,0.6,1,0,0.6,743.0571094984512,0.7880937155435823
820,linucb,simple,B,0.95,0.6714573430683097,469.3565989364144,0.1,1,0,0.1,469.3565989364144,0.8881127873312051
821,linucb,simple,B,0.95,0.8908824619001126,615.8367247203829,0.1,1,0,0.1,615.8367247203829,0.8740192156524037
822,linucb,simple,B,0.95,1.0,644.2885860646468,0.1,1,0,0.1,644.2885860646468,0.8714844868694461
823,linucb,simple,B,0.95,1.0,684.3993462677909,0.1,1,0,0.1,684.3993462677909,0.8680043294589247
824,linucb,simple,B,0.95,1.0,705.5919561127062,0.1,1,0,0.1,705.5919561127062,0.8662067378920246
825,linucb,simple,B,0.95,1.0,748.0590836723705,0.1,1,0,0.1,748.0590836723705,0.8626840906772655
826,linucb,hard,A,0.95,0.547669031685282,1089.0255289543525,1.0,1,0,1.0,1089.0255289543525,0.7024177836625054
827,linucb,simple,B,0.95,1.0,624.643286959551,0.1,1,0,0.1,624.643286959551,0.8732285110630129
828,linucb,simple,B,0.95,1.0,718.0361714228648,0.1,1,0,0.1,718.0361714228648,0.8651637641259652
829,linucb,simple,B,0.95,1.0,707.3380870754057,0.1,1,0,0.1,707.3380870754057,0.8660598396608272
830,linucb,simple,B,0.95,1.0,740.7347652034404,0.1,1,0,0.1,740.7347652034404,0.8632843670514391
831,linucb,simple,B,0.95,1.0,625.6600962634163,0.1,1,0,0.1,625.6600962634163,0.8731375759011618
832,linucb,simple,B,0.95,1.0,696.7839287652527,0.1,1,0,0.1,696.7839287652527,0.8669505248833987
833,linucb,simple,A,0.8,0.5238189681373192,1123.875777981225,1.0,1,0,1.0,1123.875777981225,0.7000749668680226
834,linucb,simple,B,0.95,1.0,690.8044843118498,0.1,1,0,0.1,690.8044843118498,0.8674581364524239
835,linucb,simple,B,0.95,1.0,763.4706983402443,0.1,1,0,0.1,763.4706983402443,0.8614305297947552
836,linucb,simple,B,0.95,1.0,663.0531916800859,0.1,1,0,0.1,663.0531916800859,0.8698433074736786
837,linucb,simple,B,0.95,1.0,609.4771564078675,0.1,1,0,0.1,609.4771564078675,0.8745937360103271
838,linucb,simple,B,0.95,1.0,709.967944605719,0.1,0,0,0.1,709.967944605719,0.0
839,linucb,simple,A,0.8,0.5432636695379489,1104.7361743712745,1.0,1,0,1.0,1104.7361743712745,0.7013570604185133
840,linucb,simple,D,0.85,0.3409323617590446,404.125518322079,0.22,1,0,0.22,404.125518322079,0.8770972171373901
841,linucb,hard,C,0.75,0.3171104038614269,687.3938961580532,0.35,0,0,0.35,687.3938961580532,0.0
842,linucb,hard,E,0.9,0.31674102032945844,773.6146449398058,0.6,1,0,0.6,773.6146449398058,0.785612328188055
843,linucb,simple,A,0.8,0.6257927018784812,1368.8856630921869,1.0,1,0,1.0,1368.8856630921869,0.6845378796768162
844,linucb,simple,B,0.95,0.764404086784,587.4724755755119,0.1,1,0,0.1,587.4724755755119,0.8766051223004047
845,linucb,simple,B,0.95,0.9726755963699198,568.0278921165475,0.1,1,0,0.1,568.0278921165475,0.878414082345129
846,linucb,simple,B,0.95,1.0,700.7418300715582,0.1,1,0,0.1,700.7418300715582,0.8666157248557429
847,linucb,hard,C,0.75,0.4472673675149714,648.3098516804093,0.35,1,0,0.35,648.3098516804093,0.8336307897910582
848,linucb,hard,A,0.95,0.6302507820817819,1323.347146913684,1.0,1,0,1.0,1323.347146913684,0.6873133596810307
849,linucb,simple,D,0.85,0.407897722162596,518.4206952611162,0.22,1,0,0.22,518.4206952611162,0.8651745910628279
850,linucb,simple,B,0.95,0.8996953599999999,590.6304778618213,0.1,1,0,0.1,590.6304778618213,0.876314170393577
851,linucb,simple,B,0.95,1.0,770.8203331800601,0.1,1,0,0.1,770.8203331800601,0.8608371768056106
852,linucb,hard,C,0.75,0.5360372651807659,738.8652565929382,0.35,1,0,0.35,738.8652565929382,0.8259380605129272
853,linucb,simple,B,0.95,1.0,590.1222350553136,0.1,1,0,0.1,590.1222350553136,0.876360943021829
854,linucb,simple,B,0.95,1.0,752.7779622451288,0.1,1,0,0.1,752.7779622451288,0.8622989028374132
855,linucb,simple,B,0.95,1.0,768.7776663836064,0.1,0,0,0.1,768.7776663836064,0.0
856,linucb,simple,A,0.8,0.526659940522295,951.9543979387693,1.0,1,0,1.0,951.9543979387693,0.7120177983985783
857,linucb,simple,D,0.85,0.44669410347920313,478.14588071116367,0.22,1,0,0.22,478.14588071116367,0.869209828642019
858,linucb,simple,A,0.8,0.7078454579404653,1382.9101769116487,1.0,1,0,1.0,1382.9101769116487,0.6836924429310772
859,linucb,simple,A,0.8,0.9229040029876094,1663.776067652532,1.0,1,0,1.0,1663.776067652532,0.6675842075009659
860,linucb,simple,A,0.8,1.0,1918.9547122002505,1.0,1,0,1.0,1918.9547122002505,0.654094169959123
861,linucb,simple,A,0.8,1.0,1588.0174717918944,1.0,0,0,1.0,1588.0174717918944,0.0
862,linucb,simple,A,0.8,1.0,1799.3480469802987,1.0,1,0,1.0,1799.3480469802987,0.6602977044429721
863,linucb,simple,A,0.8,1.0,1599.2544113880472,1.0,1,0,1.0,1599.2544113880472,0.6711562463272454
864,linucb,simple,D,0.85,0.48255297913429007,487.32625021872417,0.22,1,0,0.22,487.32625021872417,0.8682755096018496
865,linucb,hard,C,0.75,0.4017348433596252,731.5263315825789,0.35,0,0,0.35,731.5263315825789,0.0
866,linucb,simple,B,0.95,0.5450808588882738,383.2371077101421,0.1,1,0,0.1,383.2371077101421,0.8974514868532718
867,linucb,simple,B,0.95,0.7796711558216809,491.15693258264383,0.1,1,0,0.1,491.15693258264383,0.8858882516971228
868,linucb,simple,B,0.95,0.9861106171230791,662.3125633845524,0.1,1,0,0.1,662.3125633845524,0.8699076402722967
869,linucb,simple,B,0.95,1.0,747.6819560081867,0.1,1,0,0.1,747.6819560081867,0.8627149268301165
870,linucb,hard,E,0.9,0.3088352558772942,885.0781898630378,0.6,1,0,0.6,885.0781898630378,0.7769527760633061
871,linucb,simple,B,0.95,1.0,642.3447655906695,0.1,1,0,0.1,642.3447655906695,0.8716558545322547
872,linucb,simple,B,0.95,1.0,706.6313994850034,0.1,1,0,0.1,706.6313994850034,0.8661192698975142
873,linucb,simple,B,0.95,1.0,664.3915314620017,0.1,0,0,0.1,664.3915314620017,0.0
874,linucb,simple,A,0.8,0.5450808588882738,1160.8413047436318,1.0,1,0,1.0,1160.8413047436318,0.6976293135315305
875,linucb,simple,D,0.85,0.4182644985853271,487.39200576616906,0.22,1,0,0.22,487.39200576616906,0.8682688493163208
876,linucb,simple,B,0.95,0.9814719999999999,619.6934874770226,0.1,1,0,0.1,619.6934874770226,0.8736722417833699
877,linucb,simple,B,0.95,1.0,721.2124041076595,0.1,1,0,0.1,721.2124041076595,0.8648990088211043
878,linucb,simple,B,0.95,1.0,726.0780135070734,0.1,1,0,0.1,726.0780135070734,0.8644945633170791
879,linucb,hard,A,0.95,0.587656566472099,1116.1480941054801,1.0,1,0,1.0,1116.1480941054801,0.7005912924823
880,linucb,hard,C,0.75,0.3590445181745222,629.7014032843475,0.35,1,0,0.35,629.7014032843475,0.8352768826592001
881,linucb,hard,E,0.9,0.37568960976538707,914.7529176190476,0.6,0,0,0.6,914.7529176190476,0.0
882,linucb,simple,D,0.85,0.47093449339972415,509.5410614633447,0.22,1,0,0.22,509.5410614633447,0.8660504025304365
883,linucb,simple,D,0.85,0.7144223541917573,594.7581226923518,0.22,1,0,0.22,594.7581226923518,0.8579350539639475
884,linucb,simple,D,0.85,0.9286916716887463,831.1165219228835,0.22,1,0,0.22,831.1165219228835,0.8380723829489675
885,linucb,simple,D,0.85,1.0,859.292755271283,0.22,1,0,0.22,859.292755271283,0.8359051675105931
886,linucb,hard,A,0.95,0.5401608977636846,1162.2766706891741,1.0,1,0,1.0,1162.2766706891741,0.6975351403969312
887,linucb,simple,D,0.85,1.0,935.7711093144319,0.22,1,0,0.22,935.7711093144319,0.8301956792119173
888,linucb,hard,C,0.75,0.4291248046777246,720.2530852197887,0.35,1,0,0.35,720.2530852197887,0.8274789114180521
889,linucb,simple,B,0.95,0.5450808588882738,420.186190635177,0.1,1,0,0.1,420.186190635177,0.8933281732880622
890,linucb,simple,A,0.8,0.6239319840423161,1232.6880341166438,1.0,1,0,1.0,1232.6880341166438,0.6929848393232906
891,linucb,simple,B,0.95,0.7221106171230792,552.7508531014936,0.1,1,0,0.1,552.7508531014936,0.8798571587694631
892,linucb,simple,B,0.95,0.9354573430683097,627.7549608584054,0.1,1,0,0.1,627.7549608584054,0.8729504608792695
893,linucb,simple,B,0.95,1.0,705.9268401964723,0.1,0,0,0.1,705.9268401964723,0.0
894,linucb,simple,B,0.95,1.0,675.279978719002,0.1,1,0,0.1,675.279978719002,0.8687864053805233
895,linucb,simple,B,0.95,1.0,625.4745555666872,0.1,1,0,0.1,625.4745555666872,0.8731541636388115
896,linucb,simple,B,0.95,1.0,852.6197114008347,0.1,1,0,0.1,852.6197114008347,0.8544151837769157
897,linucb,hard,A,0.95,0.554985775672761,1057.51761005332,1.0,1,0,1.0,1057.51761005332,0.7045683933903417
898,linucb,simple,B,0.95,1.0,672.4583077646387,0.1,0,0,0.1,672.4583077646387,0.0
899,linucb,simple,B,0.95,1.0,714.819598426793,0.1,1,0,0.1,714.819598426793,0.8654324794581075
900,linucb,simple,B,0.95,1.0,792.8652624102879,0.1,1,0,0.1,792.8652624102879,0.8590742073751141
901,linucb,simple,B,0.95,1.0,660.3413248974392,0.1,1,0,0.1,660.3413248974392,0.8700790423902203
902,linucb,hard,C,0.75,0.37167059812229347,651.739201366166,0.35,0,0,0.35,651.739201366166,0.0
903,linucb,simple,D,0.85,0.4293369914320991,467.42710627447224,0.22,1,0,0.22,467.42710627447224,0.8703121407544389
904,linucb,simple,A,0.8,0.5268091428498882,1082.5968140148418,1.0,1,0,1.0,1082.5968140148418,0.7028540307031931
905,linucb,simple,D,0.85,0.6324785661650175,577.1764942110509,0.22,1,0,0.22,577.1764942110509,0.8595591796186336
906,linucb,simple,D,0.85,0.8565811382252153,696.7284515339203,0.22,1,0,0.22,696.7284515339203,0.8489552244668218
907,linucb,simple,D,0.85,1.0,786.8430103577382,0.22,1,0,0.22,786.8430103577382,0.8415533571307914
908,linucb,simple,D,0.85,1.0,876.206477935347,0.22,1,0,0.22,876.206477935347,0.8346212647034769
909,linucb,hard,E,0.9,0.31047958306526074,844.853589326987,0.6,1,0,0.6,844.853589326987,0.7800112628473538
910,linucb,simple,A,0.8,0.5446523188946641,1319.2048665008192,1.0,1,0,1.0,1319.2048665008192,0.6875681763630772
911,linucb,simple,B,0.95,0.5785009760094021,473.61068465940434,0.1,1,0,0.1,473.61068465940434,0.8876747016794292
912,linucb,simple,A,0.8,0.7217787557520279,1361.3429642545975,1.0,1,0,1.0,1361.3429642545975,0.6849943658989428
913,linucb,hard,C,0.75,0.39108934941133017,560.9520078739272,0.35,1,0,0.35,560.9520078739272,0.8415800294681001
914,linucb,simple,B,0.95,0.6942322171230793,514.1955760667113,0.1,1,0,0.1,514.1955760667113,0.8835903775703003
915,linucb,simple,B,0.95,0.9109243510683098,679.4463095351721,0.1,1,0,0.1,679.4463095351721,0.8684284503375569
916,linucb,simple,B,0.95,1.0,781.1025721240907,0.1,1,0,0.1,781.1025721240907,0.8600117947865407
917,linucb,simple,B,0.95,1.0,735.0957355309886,0.1,1,0,0.1,735.0957355309886,0.863748547593772
918,linucb,simple,B,0.95,1.0,797.807292526769,0.1,1,0,0.1,797.807292526769,0.8586823612849916
919,linucb,simple,B,0.95,1.0,776.4975461553419,0.1,1,0,0.1,776.4975461553419,0.8603807762698433
920,linucb,hard,A,0.95,0.559576559839607,1192.9151808049553,1.0,1,0,1.0,1192.9151808049553,0.6955386662750217
921,linucb,hard,C,0.75,0.44064923233204745,626.6144301311297,0.35,1,0,0.35,626.6144301311297,0.8355522952328964
922,linucb,hard,E,0.9,0.3589261116740722,736.7042672342445,0.6,1,0,0.6,736.7042672342445,0.7886159592669412
923,linucb,simple,D,0.85,0.44697385390011257,487.26978915341687,0.22,1,0,0.22,487.26978915341687,0.8682812288211186
924,linucb,hard,A,0.95,0.6355754665005746,1165.6588467089998,1.0,1,0,1.0,1165.6588467089998,0.6973134683929849
925,linucb,simple,D,0.85,0.6461365524602471,551.9044101365613,0.22,1,0,0.22,551.9044101365613,0.8619376937111543
926,linucb,simple,D,0.85,0.8686001661650176,784.9325283407178,0.22,1,0,0.22,784.9325283407178,0.8417057440789308
927,linucb,simple,D,0.85,1.0,858.3639566290256,0.22,0,0,0.22,858.3639566290256,0.0
928,linucb,simple,D,0.85,1.0,893.4829640050317,0.22,1,0,0.22,893.4829640050317,0.8333225550808939
929,linucb,simple,D,0.85,1.0,944.5653940572461,0.22,1,0,0.22,944.5653940572461,0.8295543457174984
930,linucb,simple,B,0.95,0.5450808588882738,444.7456681739326,0.1,1,0,0.1,444.7456681739326,0.8906871516521813
931,linucb,simple,A,0.8,0.5597441828102124,1144.6814651097109,1.0,1,0,1.0,1144.6814651097109,0.6986935913379931
932,linucb,simple,B,0.95,0.7221106171230792,497.6576872555923,0.1,1,0,0.1,497.6576872555923,0.8852345062403245
933,linucb,hard,C,0.75,0.3950353292489891,520.5997010502023,0.35,1,0,0.35,520.5997010502023,0.8454608211469533
934,linucb,simple,B,0.95,0.8592024619001126,518.0231542627578,0.1,1,0,0.1,518.0231542627578,0.8832136399842535
935,linucb,simple,B,0.95,1.0,705.676247612911,0.1,1,0,0.1,705.676247612911,0.8661996424573637
936,linucb,hard,A,0.95,0.5953948705120831,1082.3638233270535,1.0,1,0,1.0,1082.3638233270535,0.702869865538901
937,linucb,simple,B,0.95,1.0,618.5666552811782,0.1,1,0,0.1,618.5666552811782,0.8737735053792327
938,linucb,simple,B,0.95,1.0,728.1399696477968,0.1,1,0,0.1,728.1399696477968,0.8643235756539168
939,linucb,simple,B,0.95,1.0,751.486918570377,0.1,1,0,0.1,751.486918570377,0.8624041665821894
940,linucb,simple,B,0.95,1.0,772.8649321116516,0.1,0,0,0.1,772.8649321116516,0.0
941,linucb,simple,B,0.95,1.0,702.1109205698433,0.1,1,0,0.1,702.1109205698433,0.8665001332853203
942,linucb,simple,B,0.95,1.0,848.6762584789242,0.1,1,0,0.1,848.6762584789242,0.854717517794684
943,linucb,simple,A,0.8,0.5433233537821168,1127.1711064759968,1.0,1,0,1.0,1127.1711064759968,0.699855329333606
944,linucb,simple,D,0.85,0.44697385390011257,571.0483343294711,0.22,1,0,0.22,571.0483343294711,0.8601310770776208
945,linucb,hard,C,0.75,0.3851977260495278,641.1675733304676,0.35,1,0,0.35,641.1675733304676,0.8342597621575734
946,linucb,hard,E,0.9,0.3166951061906936,747.3321445038142,0.6,1,0,0.6,747.3321445038142,0.7877435364077781
947,linucb,simple,A,0.8,0.6258284942427739,1152.668457687215,1.0,1,0,1.0,1152.668457687215,0.6981666401815981
948,linucb,simple,D,0.85,0.5680481462252154,565.9006983729397,0.22,1,0,0.22,565.9006983729397,0.8606138450386575
949,linucb,simple,B,0.95,0.70867559636992,437.38240469053005,0.1,1,0,0.1,437.38240469053005,0.8914711376429147
950,linucb,hard,C,0.75,0.5032811343151186,648.7016273481261,0.35,1,0,0.35,648.7016273481261,0.8335963892277224
951,linucb,simple,A,0.8,0.6753064441531782,1388.5995244513192,1.0,1,0,1.0,1388.5995244513192,0.6833506961039849
952,linucb,hard,C,0.75,0.6897409104136278,801.6285812726885,0.35,0,0,0.35,801.6285812726885,0.0
953,linucb,simple,B,0.95,0.7249894668882739,527.526280125195,0.1,1,0,0.1,527.526280125195,0.8822842485180393
954,linucb,simple,D,0.85,0.5638038805970653,556.1248630193537,0.22,1,0,0.22,556.1248630193537,0.8615367492422735
955,linucb,simple,B,0.95,0.8614318431582793,496.1399446641213,0.1,1,0,0.1,496.1399446641213,0.8853867534246452
956,linucb,simple,B,0.95,1.0,541.2784508981447,0.1,1,0,0.1,541.2784508981447,0.8809540052766908
957,linucb,simple,B,0.95,1.0,744.100607477071,0.1,0,0,0.1,744.100607477071,0.0
958,linucb,simple,B,0.95,1.0,770.2052993053117,0.1,1,0,0.1,770.2052993053117,0.8608867211531891
959,linucb,simple,B,0.95,1.0,749.0230345046697,0.1,1,0,0.1,749.0230345046697,0.8626053077535901
960,linucb,simple,A,0.8,0.5137198906842033,1235.5010610257232,1.0,1,0,1.0,1235.5010610257232,0.6928057850284736
961,linucb,simple,D,0.85,0.5304128871386808,629.9536760598301,0.22,1,0,0.22,629.9536760598301,0.85475440533724
962,linucb,hard,E,0.9,0.3409603922359734,885.3759590253642,0.6,1,0,0.6,885.3759590253642,0.7769303972332251
963,linucb,hard,C,0.75,0.46904229473455195,722.0758198868701,0.35,0,0,0.35,722.0758198868701,0.0
964,linucb,simple,A,0.8,0.608075434783024,1355.736060739143,1.0,1,0,1.0,1355.736060739143,0.6853345172333228
965,linucb,simple,D,0.85,0.6180861473012706,582.7655934948816,0.22,1,0,0.22,582.7655934948816,0.8590402303175038
966,linucb,simple,D,0.85,0.8439158096251183,679.6618316396435,0.22,1,0,0.22,679.6618316396435,0.8504099634068465
967,linucb,simple,D,0.85,1.0,801.9037362110967,0.22,1,0,0.22,801.9037362110967,0.8403584794618213
968,linucb,simple,D,0.85,1.0,908.3467361923724,0.22,1,0,0.22,908.3467361923724,0.8322152281455822
969,linucb,simple,D,0.85,1.0,797.3179661640517,0.22,0,0,0.22,797.3179661640517,0.0
970,linucb,simple,B,0.95,0.5450808588882738,454.7497170090739,0.1,1,0,0.1,454.7497170090739,0.8896323202537596
971,linucb,simple,A,0.8,0.5485055909478507,1054.4925653678051,1.0,1,0,1.0,1054.4925653678051,0.7047765469789534
972,linucb,simple,B,0.95,0.7221106171230792,581.7429448702163,0.1,1,0,0.1,581.7429448702163,0.8771349968831209
973,linucb,simple,B,0.95,0.9354573430683097,583.5633803290897,0.1,1,0,0.1,583.5633803290897,0.8769663589126896
974,linucb,simple,B,0.95,1.0,623.7022352142593,0.1,0,0,0.1,623.7022352142593,0.0
975,linucb,simple,B,0.95,1.0,730.3357060738533,0.1,1,0,0.1,730.3357060738533,0.864141760225142
976,linucb,simple,B,0.95,1.0,692.8310309281544,0.1,1,0,0.1,692.8310309281544,0.8672858520883615
977,linucb,simple,B,0.95,1.0,800.9064982073293,0.1,1,0,0.1,800.9064982073293,0.8584372489073243
978,linucb,simple,A,0.8,0.5241608494928482,1131.2385094815338,1.0,1,0,1.0,1131.2385094815338,0.6995846743525425
979,linucb,hard,C,0.75,0.36066451925537485,560.6840184926701,0.35,1,0,0.35,560.6840184926701,0.8416053336099811
980,linucb,simple,A,0.8,0.7059101618472616,1365.9919694221155,1.0,1,0,1.0,1365.9919694221155,0.6847128577643067
981,linucb,hard,E,0.9,0.330052091524767,836.0086704798716,0.6,1,0,0.6,836.0086704798716,0.7806934904593066
982,linucb,hard,C,0.75,0.5457827712659988,729.8099940265178,0.35,0,0,0.35,729.8099940265178,0.0
983,linucb,simple,D,0.85,0.46701574306830973,515.4715757624732,0.22,1,0,0.22,515.4715757624732,0.8654646292405969
984,linucb,simple,A,0.8,0.7233310486366518,1400.3743576996296,1.0,1,0,1.0,1400.3743576996296,0.682645624036918
985,linucb,simple,B,0.95,0.6596345248055295,496.775331461523,0.1,1,0,0.1,496.775331461523,0.8853229884615793
986,linucb,simple,B,0.95,0.880478381828866,672.2758675628613,0.1,1,0,0.1,672.2758675628613,0.8690451926341248
987,linucb,simple,B,0.95,1.0,742.728280621362,0.1,1,0,0.1,742.728280621362,0.8631206924353964
988,linucb,simple,B,0.95,1.0,714.702257339601,0.1,1,0,0.1,714.702257339601,0.8654422936536836
989,linucb,simple,B,0.95,1.0,778.9666860145111,0.1,1,0,0.1,778.9666860145111,0.8601827987804156
990,linucb,simple,B,0.95,1.0,815.0081262300757,0.1,1,0,0.1,815.0081262300757,0.857327910158087
991,linucb,simple,D,0.85,0.4679549848350729,532.2946689673523,0.22,1,0,0.22,532.2946689673523,0.8638210613577216
992,linucb,simple,A,0.8,0.5601348179535277,1340.5763904320122,1.0,1,0,1.0,1340.5763904320122,0.686257739698512
993,linucb,hard,C,0.75,0.43376091034829334,647.1384761204632,0.35,1,0,0.35,647.1384761204632,0.8337337065629311
994,linucb,simple,D,0.85,0.6188982194255268,607.6121245095586,0.22,1,0,0.22,607.6121245095586,0.8567627899019973
995,linucb,hard,E,0.9,0.35512389531725874,801.6708261818463,0.6,1,0,0.6,801.6708261818463,0.7833768720823999
996,linucb,simple,A,0.8,0.6359102513011753,1176.3788386909825,1.0,1,0,1.0,1176.3788386909825,0.6966129836856468
997,linucb,simple,B,0.95,0.70867559636992,538.2009131990449,0.1,1,0,0.1,538.2009131990449,0.8812502131858532
998,linucb,simple,D,0.85,0.6711503905017502,551.0543644597808,0.22,1,0,0.22,551.0543644597808,0.862018633609599
999,linucb,simple,D,0.85,0.8906123436415401,765.6838478198883,0.22,0,0,0.22,765.6838478198883,0.0
