phase,task_id,node_id,subtask_count,acc,ok,cum_acc
cold_start,bbh_1481,agent-openrouter-deepseek-v3-0324-001,0,1,1,1.0
cold_start,bbh_1446,agent-openrouter-deepseek-v3-0324-002,0,1,1,1.0
cold_start,bbh_1510,agent-openrouter-deepseek-v3-0324-003,0,1,1,1.0
cold_start,bbh_1509,agent-openrouter-deepseek-v3-0324-004,0,0,1,0.75
cold_start,bbh_1442,agent-openrouter-deepseek-v3-0324-005,0,1,1,0.8
cold_start,bbh_1482,agent-openrouter-deepseek-v3-0324-001,0,1,1,0.8333333333333334
cold_start,bbh_1562,agent-openrouter-deepseek-v3-0324-002,0,1,1,0.8571428571428571
cold_start,bbh_1618,agent-openrouter-deepseek-v3-0324-003,0,1,1,0.875
cold_start,bbh_1593,agent-openrouter-deepseek-v3-0324-004,0,1,1,0.8888888888888888
cold_start,bbh_1567,agent-openrouter-deepseek-v3-0324-005,0,1,1,0.9
cold_start,bbh_1661,agent-openrouter-deepseek-v3-0324-001,0,1,1,0.9090909090909091
cold_start,bbh_1440,agent-openrouter-deepseek-v3-0324-002,0,0,1,0.8333333333333334
cold_start,bbh_1488,agent-openrouter-deepseek-v3-0324-003,0,1,1,0.8461538461538461
cold_start,bbh_1466,agent-openrouter-deepseek-v3-0324-004,0,1,1,0.8571428571428571
cold_start,bbh_1515,agent-openrouter-deepseek-v3-0324-005,0,1,1,0.8666666666666667
cold_start,bbh_1651,agent-openrouter-deepseek-v3-0324-001,0,0,1,0.8125
cold_start,bbh_1663,agent-openrouter-deepseek-v3-0324-002,0,1,1,0.8235294117647058
cold_start,bbh_1679,agent-openrouter-deepseek-v3-0324-003,0,1,1,0.8333333333333334
cold_start,bbh_1570,agent-openrouter-deepseek-v3-0324-004,0,0,1,0.7894736842105263
cold_start,bbh_1639,agent-openrouter-deepseek-v3-0324-005,0,0,1,0.75
cold_start,bbh_1642,agent-openrouter-deepseek-v3-0324-001,0,0,1,0.7142857142857143
cold_start,bbh_1498,agent-openrouter-deepseek-v3-0324-002,0,1,1,0.7272727272727273
cold_start,bbh_1589,agent-openrouter-deepseek-v3-0324-003,0,1,1,0.7391304347826086
cold_start,bbh_1637,agent-openrouter-deepseek-v3-0324-004,0,1,1,0.75
cold_start,bbh_1681,agent-openrouter-deepseek-v3-0324-005,0,1,1,0.76
cold_start,bbh_1650,agent-openrouter-deepseek-v3-0324-001,0,1,1,0.7692307692307693
cold_start,bbh_1532,agent-openrouter-deepseek-v3-0324-002,0,1,1,0.7777777777777778
cold_start,bbh_1497,agent-openrouter-deepseek-v3-0324-003,0,0,1,0.75
cold_start,bbh_1575,agent-openrouter-deepseek-v3-0324-004,0,1,1,0.7586206896551724
cold_start,bbh_1619,agent-openrouter-deepseek-v3-0324-005,0,1,1,0.7666666666666667
cold_start,bbh_1601,agent-openrouter-deepseek-v3-0324-001,0,0,1,0.7419354838709677
cold_start,bbh_1660,agent-openrouter-deepseek-v3-0324-002,0,1,1,0.75
cold_start,bbh_1458,agent-openrouter-deepseek-v3-0324-003,0,1,1,0.7575757575757576
cold_start,bbh_1548,agent-openrouter-deepseek-v3-0324-004,0,1,1,0.7647058823529411
cold_start,bbh_1649,agent-openrouter-deepseek-v3-0324-005,0,1,1,0.7714285714285715
cold_start,bbh_1452,agent-openrouter-deepseek-v3-0324-001,0,1,1,0.7777777777777778
cold_start,bbh_1503,agent-openrouter-deepseek-v3-0324-002,0,1,1,0.7837837837837838
cold_start,bbh_1569,agent-openrouter-deepseek-v3-0324-003,0,1,1,0.7894736842105263
cold_start,bbh_1542,agent-openrouter-deepseek-v3-0324-004,0,1,1,0.7948717948717948
cold_start,bbh_1465,agent-openrouter-deepseek-v3-0324-005,0,1,1,0.8
cold_start,bbh_1627,agent-openrouter-deepseek-v3-0324-001,0,1,1,0.8048780487804879
cold_start,bbh_1522,agent-openrouter-deepseek-v3-0324-002,0,1,1,0.8095238095238095
cold_start,bbh_1516,agent-openrouter-deepseek-v3-0324-003,0,0,1,0.7906976744186046
cold_start,bbh_1449,agent-openrouter-deepseek-v3-0324-004,0,0,1,0.7727272727272727
cold_start,bbh_1685,agent-openrouter-deepseek-v3-0324-005,0,1,1,0.7777777777777778
cold_start,bbh_1652,agent-openrouter-deepseek-v3-0324-001,0,1,1,0.782608695652174
cold_start,bbh_1464,agent-openrouter-deepseek-v3-0324-002,0,1,1,0.7872340425531915
cold_start,bbh_1521,agent-openrouter-deepseek-v3-0324-003,0,1,1,0.7916666666666666
cold_start,bbh_1604,agent-openrouter-deepseek-v3-0324-004,0,1,1,0.7959183673469388
cold_start,bbh_1582,agent-openrouter-deepseek-v3-0324-005,0,1,1,0.8
cold_start,bbh_1572,agent-openrouter-deepseek-v3-0324-001,0,1,1,0.803921568627451
cold_start,bbh_1669,agent-openrouter-deepseek-v3-0324-002,0,0,1,0.7884615384615384
cold_start,bbh_1502,agent-openrouter-deepseek-v3-0324-003,0,0,1,0.7735849056603774
cold_start,bbh_1479,agent-openrouter-deepseek-v3-0324-004,0,1,1,0.7777777777777778
cold_start,bbh_1605,agent-openrouter-deepseek-v3-0324-005,0,1,1,0.7818181818181819
cold_start,bbh_1552,agent-openrouter-deepseek-v3-0324-001,0,0,1,0.7678571428571429
cold_start,bbh_1658,agent-openrouter-deepseek-v3-0324-002,0,0,1,0.7543859649122807
cold_start,bbh_1537,agent-openrouter-deepseek-v3-0324-003,0,1,1,0.7586206896551724
cold_start,bbh_1550,agent-openrouter-deepseek-v3-0324-004,0,1,1,0.7627118644067796
cold_start,bbh_1441,agent-openrouter-deepseek-v3-0324-005,0,1,1,0.7666666666666667
cold_start,bbh_1489,agent-openrouter-deepseek-v3-0324-001,0,1,1,0.7704918032786885
cold_start,bbh_1630,agent-openrouter-deepseek-v3-0324-002,0,1,1,0.7741935483870968
cold_start,bbh_1549,agent-openrouter-deepseek-v3-0324-003,0,1,1,0.7777777777777778
cold_start,bbh_1536,agent-openrouter-deepseek-v3-0324-004,0,1,1,0.78125
cold_start,bbh_1447,agent-openrouter-deepseek-v3-0324-005,0,1,1,0.7846153846153846
cold_start,bbh_1680,agent-openrouter-deepseek-v3-0324-001,0,0,1,0.7727272727272727
cold_start,bbh_1673,agent-openrouter-deepseek-v3-0324-002,0,0,1,0.7611940298507462
cold_start,bbh_1467,agent-openrouter-deepseek-v3-0324-003,0,1,1,0.7647058823529411
cold_start,bbh_1646,agent-openrouter-deepseek-v3-0324-004,0,0,1,0.7536231884057971
cold_start,bbh_1483,agent-openrouter-deepseek-v3-0324-005,0,1,1,0.7571428571428571
cold_start,bbh_1556,agent-openrouter-deepseek-v3-0324-001,0,1,1,0.7605633802816901
cold_start,bbh_1439,agent-openrouter-deepseek-v3-0324-002,0,1,1,0.7638888888888888
cold_start,bbh_1596,agent-openrouter-deepseek-v3-0324-003,0,0,1,0.7534246575342466
cold_start,bbh_1624,agent-openrouter-deepseek-v3-0324-004,0,0,1,0.7432432432432432
cold_start,bbh_1638,agent-openrouter-deepseek-v3-0324-005,0,0,1,0.7333333333333333
cold_start,bbh_1561,agent-openrouter-deepseek-v3-0324-001,0,1,1,0.7368421052631579
cold_start,bbh_1600,agent-openrouter-deepseek-v3-0324-002,0,1,1,0.7402597402597403
cold_start,bbh_1607,agent-openrouter-deepseek-v3-0324-003,0,1,1,0.7435897435897436
cold_start,bbh_1484,agent-openrouter-deepseek-v3-0324-004,0,0,1,0.7341772151898734
cold_start,bbh_1559,agent-openrouter-deepseek-v3-0324-005,0,0,1,0.725
cold_start,bbh_1612,agent-openrouter-deepseek-v3-0324-001,0,0,1,0.7160493827160493
cold_start,bbh_1514,agent-openrouter-deepseek-v3-0324-002,0,0,1,0.7073170731707317
cold_start,bbh_1540,agent-openrouter-deepseek-v3-0324-003,0,1,1,0.7108433734939759
cold_start,bbh_1518,agent-openrouter-deepseek-v3-0324-004,0,0,1,0.7023809523809523
cold_start,bbh_1475,agent-openrouter-deepseek-v3-0324-005,0,0,1,0.6941176470588235
cold_start,bbh_1558,agent-openrouter-deepseek-v3-0324-001,0,0,1,0.686046511627907
cold_start,bbh_1450,agent-openrouter-deepseek-v3-0324-002,0,0,1,0.6781609195402298
cold_start,bbh_1526,agent-openrouter-deepseek-v3-0324-003,0,1,1,0.6818181818181818
cold_start,bbh_1677,agent-openrouter-deepseek-v3-0324-004,0,0,1,0.6741573033707865
cold_start,bbh_1501,agent-openrouter-deepseek-v3-0324-005,0,1,1,0.6777777777777778
cold_start,bbh_1470,agent-openrouter-deepseek-v3-0324-001,0,1,1,0.6813186813186813
cold_start,bbh_1437,agent-openrouter-deepseek-v3-0324-002,0,1,1,0.6847826086956522
cold_start,bbh_1657,agent-openrouter-deepseek-v3-0324-003,0,1,1,0.6881720430107527
cold_start,bbh_1557,agent-openrouter-deepseek-v3-0324-004,0,0,1,0.6808510638297872
cold_start,bbh_1645,agent-openrouter-deepseek-v3-0324-005,0,1,1,0.6842105263157895
cold_start,bbh_1474,agent-openrouter-deepseek-v3-0324-001,0,0,1,0.6770833333333334
cold_start,bbh_1541,agent-openrouter-deepseek-v3-0324-002,0,1,1,0.6804123711340206
cold_start,bbh_1598,agent-openrouter-deepseek-v3-0324-003,0,1,1,0.6836734693877551
cold_start,bbh_1519,agent-openrouter-deepseek-v3-0324-004,0,0,1,0.6767676767676768
cold_start,bbh_1535,agent-openrouter-deepseek-v3-0324-005,0,1,1,0.68
cold_start,bbh_685,agent-openrouter-deepseek-v3-0324-001,0,0,1,0.6732673267326733
cold_start,bbh_647,agent-openrouter-deepseek-v3-0324-002,0,0,1,0.6666666666666666
cold_start,bbh_511,agent-openrouter-deepseek-v3-0324-003,0,0,1,0.6601941747572816
cold_start,bbh_607,agent-openrouter-deepseek-v3-0324-004,0,1,1,0.6634615384615384
cold_start,bbh_466,agent-openrouter-deepseek-v3-0324-005,0,1,1,0.6666666666666666
cold_start,bbh_596,agent-openrouter-deepseek-v3-0324-001,0,1,1,0.6698113207547169
cold_start,bbh_535,agent-openrouter-deepseek-v3-0324-002,0,1,1,0.6728971962616822
cold_start,bbh_608,agent-openrouter-deepseek-v3-0324-003,0,0,1,0.6666666666666666
cold_start,bbh_525,agent-openrouter-deepseek-v3-0324-004,0,1,1,0.6697247706422018
cold_start,bbh_569,agent-openrouter-deepseek-v3-0324-005,0,1,1,0.6727272727272727
cold_start,bbh_557,agent-openrouter-deepseek-v3-0324-001,0,0,1,0.6666666666666666
cold_start,bbh_621,agent-openrouter-deepseek-v3-0324-002,0,1,1,0.6696428571428571
cold_start,bbh_595,agent-openrouter-deepseek-v3-0324-003,0,1,1,0.672566371681416
cold_start,bbh_505,agent-openrouter-deepseek-v3-0324-004,0,0,1,0.6666666666666666
cold_start,bbh_594,agent-openrouter-deepseek-v3-0324-005,0,0,1,0.6608695652173913
cold_start,bbh_468,agent-openrouter-deepseek-v3-0324-001,0,0,1,0.6551724137931034
cold_start,bbh_445,agent-openrouter-deepseek-v3-0324-002,0,1,1,0.6581196581196581
cold_start,bbh_537,agent-openrouter-deepseek-v3-0324-003,0,0,1,0.652542372881356
cold_start,bbh_612,agent-openrouter-deepseek-v3-0324-004,0,1,1,0.6554621848739496
cold_start,bbh_597,agent-openrouter-deepseek-v3-0324-005,0,1,1,0.6583333333333333
cold_start,bbh_654,agent-openrouter-deepseek-v3-0324-001,0,0,1,0.6528925619834711
cold_start,bbh_665,agent-openrouter-deepseek-v3-0324-002,0,1,1,0.6557377049180327
cold_start,bbh_465,agent-openrouter-deepseek-v3-0324-003,0,0,1,0.6504065040650406
cold_start,bbh_482,agent-openrouter-deepseek-v3-0324-004,0,0,1,0.6451612903225806
cold_start,bbh_659,agent-openrouter-deepseek-v3-0324-005,0,1,1,0.648
cold_start,bbh_630,agent-openrouter-deepseek-v3-0324-001,0,1,1,0.6507936507936508
cold_start,bbh_474,agent-openrouter-deepseek-v3-0324-002,0,0,1,0.6456692913385826
cold_start,bbh_668,agent-openrouter-deepseek-v3-0324-003,0,0,1,0.640625
cold_start,bbh_444,agent-openrouter-deepseek-v3-0324-004,0,1,1,0.6434108527131783
cold_start,bbh_633,agent-openrouter-deepseek-v3-0324-005,0,1,1,0.6461538461538462
cold_start,bbh_667,agent-openrouter-deepseek-v3-0324-001,0,1,1,0.648854961832061
cold_start,bbh_578,agent-openrouter-deepseek-v3-0324-002,0,0,1,0.6439393939393939
cold_start,bbh_461,agent-openrouter-deepseek-v3-0324-003,0,1,1,0.6466165413533834
cold_start,bbh_495,agent-openrouter-deepseek-v3-0324-004,0,1,1,0.6492537313432836
cold_start,bbh_490,agent-openrouter-deepseek-v3-0324-005,0,1,1,0.6518518518518519
cold_start,bbh_590,agent-openrouter-deepseek-v3-0324-001,0,0,1,0.6470588235294118
cold_start,bbh_481,agent-openrouter-deepseek-v3-0324-002,0,0,1,0.6423357664233577
cold_start,bbh_478,agent-openrouter-deepseek-v3-0324-003,0,0,1,0.6376811594202898
cold_start,bbh_458,agent-openrouter-deepseek-v3-0324-004,0,1,1,0.6402877697841727
cold_start,bbh_488,agent-openrouter-deepseek-v3-0324-005,0,1,1,0.6428571428571429
cold_start,bbh_509,agent-openrouter-deepseek-v3-0324-001,0,0,1,0.6382978723404256
cold_start,bbh_552,agent-openrouter-deepseek-v3-0324-002,0,1,1,0.6408450704225352
cold_start,bbh_670,agent-openrouter-deepseek-v3-0324-003,0,0,1,0.6363636363636364
cold_start,bbh_592,agent-openrouter-deepseek-v3-0324-004,0,0,1,0.6319444444444444
cold_start,bbh_584,agent-openrouter-deepseek-v3-0324-005,0,1,1,0.6344827586206897
cold_start,bbh_627,agent-openrouter-deepseek-v3-0324-001,0,1,1,0.636986301369863
cold_start,bbh_622,agent-openrouter-deepseek-v3-0324-002,0,0,1,0.6326530612244898
cold_start,bbh_531,agent-openrouter-deepseek-v3-0324-003,0,0,1,0.6283783783783784
cold_start,bbh_631,agent-openrouter-deepseek-v3-0324-004,0,0,1,0.6241610738255033
cold_start,bbh_599,agent-openrouter-deepseek-v3-0324-005,0,0,1,0.62
cold_start,bbh_530,agent-openrouter-deepseek-v3-0324-001,0,1,1,0.6225165562913907
cold_start,bbh_576,agent-openrouter-deepseek-v3-0324-002,0,0,1,0.618421052631579
cold_start,bbh_628,agent-openrouter-deepseek-v3-0324-003,0,0,1,0.6143790849673203
cold_start,bbh_573,agent-openrouter-deepseek-v3-0324-004,0,0,1,0.6103896103896104
cold_start,bbh_549,agent-openrouter-deepseek-v3-0324-005,0,1,1,0.6129032258064516
cold_start,bbh_459,agent-openrouter-deepseek-v3-0324-001,0,1,1,0.6153846153846154
cold_start,bbh_663,agent-openrouter-deepseek-v3-0324-002,0,0,1,0.6114649681528662
cold_start,bbh_502,agent-openrouter-deepseek-v3-0324-003,0,0,1,0.6075949367088608
cold_start,bbh_487,agent-openrouter-deepseek-v3-0324-004,0,0,1,0.6037735849056604
cold_start,bbh_496,agent-openrouter-deepseek-v3-0324-005,0,0,1,0.6
cold_start,bbh_494,agent-openrouter-deepseek-v3-0324-001,0,0,1,0.5962732919254659
cold_start,bbh_646,agent-openrouter-deepseek-v3-0324-002,0,0,1,0.5925925925925926
cold_start,bbh_558,agent-openrouter-deepseek-v3-0324-003,0,0,1,0.588957055214724
cold_start,bbh_519,agent-openrouter-deepseek-v3-0324-004,0,0,1,0.5853658536585366
cold_start,bbh_516,agent-openrouter-deepseek-v3-0324-005,0,0,1,0.5818181818181818
cold_start,bbh_619,agent-openrouter-deepseek-v3-0324-001,0,1,1,0.5843373493975904
cold_start,bbh_571,agent-openrouter-deepseek-v3-0324-002,0,1,1,0.5868263473053892
cold_start,bbh_563,agent-openrouter-deepseek-v3-0324-003,0,0,1,0.5833333333333334
cold_start,bbh_441,agent-openrouter-deepseek-v3-0324-004,0,1,1,0.5857988165680473
cold_start,bbh_580,agent-openrouter-deepseek-v3-0324-005,0,0,1,0.5823529411764706
cold_start,bbh_446,agent-openrouter-deepseek-v3-0324-001,0,0,1,0.5789473684210527
cold_start,bbh_682,agent-openrouter-deepseek-v3-0324-002,0,1,1,0.5813953488372093
cold_start,bbh_662,agent-openrouter-deepseek-v3-0324-003,0,0,1,0.5780346820809249
cold_start,bbh_680,agent-openrouter-deepseek-v3-0324-004,0,0,1,0.5747126436781609
cold_start,bbh_546,agent-openrouter-deepseek-v3-0324-005,0,1,1,0.5771428571428572
cold_start,bbh_638,agent-openrouter-deepseek-v3-0324-001,0,1,1,0.5795454545454546
cold_start,bbh_640,agent-openrouter-deepseek-v3-0324-002,0,0,1,0.576271186440678
cold_start,bbh_671,agent-openrouter-deepseek-v3-0324-003,0,0,1,0.5730337078651685
cold_start,bbh_533,agent-openrouter-deepseek-v3-0324-004,0,1,1,0.5754189944134078
cold_start,bbh_453,agent-openrouter-deepseek-v3-0324-005,0,1,1,0.5777777777777777
cold_start,bbh_636,agent-openrouter-deepseek-v3-0324-001,0,1,1,0.580110497237569
cold_start,bbh_634,agent-openrouter-deepseek-v3-0324-002,0,1,1,0.5824175824175825
cold_start,bbh_442,agent-openrouter-deepseek-v3-0324-003,0,0,1,0.5792349726775956
cold_start,bbh_661,agent-openrouter-deepseek-v3-0324-004,0,1,1,0.5815217391304348
cold_start,bbh_587,agent-openrouter-deepseek-v3-0324-005,0,1,1,0.5837837837837838
cold_start,bbh_529,agent-openrouter-deepseek-v3-0324-001,0,0,1,0.5806451612903226
cold_start,bbh_448,agent-openrouter-deepseek-v3-0324-002,0,1,1,0.5828877005347594
cold_start,bbh_443,agent-openrouter-deepseek-v3-0324-003,0,0,1,0.5797872340425532
cold_start,bbh_469,agent-openrouter-deepseek-v3-0324-004,0,1,1,0.582010582010582
cold_start,bbh_564,agent-openrouter-deepseek-v3-0324-005,0,1,1,0.5842105263157895
cold_start,bbh_501,agent-openrouter-deepseek-v3-0324-001,0,0,1,0.581151832460733
cold_start,bbh_610,agent-openrouter-deepseek-v3-0324-002,0,1,1,0.5833333333333334
cold_start,bbh_518,agent-openrouter-deepseek-v3-0324-003,0,1,1,0.5854922279792746
cold_start,bbh_524,agent-openrouter-deepseek-v3-0324-004,0,0,1,0.5824742268041238
cold_start,bbh_635,agent-openrouter-deepseek-v3-0324-005,0,1,1,0.5846153846153846
cold_start,bbh_480,agent-openrouter-deepseek-v3-0324-001,0,1,1,0.5867346938775511
cold_start,bbh_528,agent-openrouter-deepseek-v3-0324-002,0,0,1,0.583756345177665
cold_start,bbh_463,agent-openrouter-deepseek-v3-0324-003,0,1,1,0.5858585858585859
cold_start,bbh_514,agent-openrouter-deepseek-v3-0324-004,0,1,1,0.5879396984924623
cold_start,bbh_562,agent-openrouter-deepseek-v3-0324-005,0,0,1,0.585
pretrain,bbh_1386,"agent-openrouter-deepseek-v3-0324-003,agent-openrouter-deepseek-v3-0324-002,agent-openrouter-deepseek-v3-0324-004",3,1,1,1.0
pretrain,bbh_1304,"agent-openrouter-deepseek-v3-0324-004,agent-openrouter-deepseek-v3-0324-002,agent-openrouter-deepseek-v3-0324-003,agent-openrouter-deepseek-v3-0324-004",4,1,1,1.0
pretrain,bbh_1302,"agent-openrouter-deepseek-v3-0324-002,agent-openrouter-deepseek-v3-0324-004,agent-openrouter-deepseek-v3-0324-001",3,1,1,1.0
pretrain,bbh_1352,"agent-openrouter-deepseek-v3-0324-003,agent-openrouter-deepseek-v3-0324-004,agent-openrouter-deepseek-v3-0324-002",3,1,1,1.0
pretrain,bbh_1191,"agent-openrouter-deepseek-v3-0324-002,agent-openrouter-deepseek-v3-0324-004,agent-openrouter-deepseek-v3-0324-003,agent-openrouter-deepseek-v3-0324-002,agent-openrouter-deepseek-v3-0324-003",5,0,1,0.8
pretrain,bbh_1377,"agent-openrouter-deepseek-v3-0324-003,agent-openrouter-deepseek-v3-0324-002,agent-openrouter-deepseek-v3-0324-001",3,1,1,0.8333333333333334
pretrain,bbh_1343,"agent-openrouter-deepseek-v3-0324-003,agent-openrouter-deepseek-v3-0324-002,agent-openrouter-deepseek-v3-0324-004",3,1,1,0.8571428571428571
pretrain,bbh_1209,"agent-openrouter-deepseek-v3-0324-003,agent-openrouter-deepseek-v3-0324-002,agent-openrouter-deepseek-v3-0324-004",3,1,1,0.875
pretrain,bbh_1392,"agent-openrouter-deepseek-v3-0324-002,agent-openrouter-deepseek-v3-0324-004,agent-openrouter-deepseek-v3-0324-003,agent-openrouter-deepseek-v3-0324-003",4,1,1,0.8888888888888888
pretrain,bbh_1234,"agent-openrouter-deepseek-v3-0324-003,agent-openrouter-deepseek-v3-0324-002,agent-openrouter-deepseek-v3-0324-004",3,1,1,0.9
pretrain,bbh_1276,"agent-openrouter-deepseek-v3-0324-002,agent-openrouter-deepseek-v3-0324-001,agent-openrouter-deepseek-v3-0324-004,agent-openrouter-deepseek-v3-0324-003",4,1,1,0.9090909090909091
pretrain,bbh_1314,"agent-openrouter-deepseek-v3-0324-003,agent-openrouter-deepseek-v3-0324-002,agent-openrouter-deepseek-v3-0324-004",3,1,1,0.9166666666666666
pretrain,bbh_1265,"agent-openrouter-deepseek-v3-0324-003,agent-openrouter-deepseek-v3-0324-002,agent-openrouter-deepseek-v3-0324-004",3,0,1,0.8461538461538461
pretrain,bbh_1434,"agent-openrouter-deepseek-v3-0324-001,agent-openrouter-deepseek-v3-0324-003,agent-openrouter-deepseek-v3-0324-004",3,0,1,0.7857142857142857
pretrain,bbh_1321,"agent-openrouter-deepseek-v3-0324-003,agent-openrouter-deepseek-v3-0324-004,agent-openrouter-deepseek-v3-0324-005",3,1,1,0.8
pretrain,bbh_1347,"agent-openrouter-deepseek-v3-0324-003,agent-openrouter-deepseek-v3-0324-002,agent-openrouter-deepseek-v3-0324-004",3,1,1,0.8125
pretrain,bbh_1242,"agent-openrouter-deepseek-v3-0324-002,agent-openrouter-deepseek-v3-0324-004,agent-openrouter-deepseek-v3-0324-003,agent-openrouter-deepseek-v3-0324-001,agent-openrouter-deepseek-v3-0324-003",5,1,1,0.8235294117647058
pretrain,bbh_1228,"agent-openrouter-deepseek-v3-0324-003,agent-openrouter-deepseek-v3-0324-001,agent-openrouter-deepseek-v3-0324-002",3,1,1,0.8333333333333334
pretrain,bbh_1251,"agent-openrouter-deepseek-v3-0324-003,agent-openrouter-deepseek-v3-0324-001,agent-openrouter-deepseek-v3-0324-002",3,0,1,0.7894736842105263
pretrain,bbh_1311,"agent-openrouter-deepseek-v3-0324-003,agent-openrouter-deepseek-v3-0324-004,agent-openrouter-deepseek-v3-0324-001",3,1,1,0.8
pretrain,bbh_1202,"agent-openrouter-deepseek-v3-0324-003,agent-openrouter-deepseek-v3-0324-002,agent-openrouter-deepseek-v3-0324-004",3,1,1,0.8095238095238095
pretrain,bbh_1430,"agent-openrouter-deepseek-v3-0324-004,agent-openrouter-deepseek-v3-0324-001,agent-openrouter-deepseek-v3-0324-003",3,1,1,0.8181818181818182
pretrain,bbh_1389,"agent-openrouter-deepseek-v3-0324-003,agent-openrouter-deepseek-v3-0324-001,agent-openrouter-deepseek-v3-0324-002",3,1,1,0.8260869565217391
pretrain,bbh_1361,"agent-openrouter-deepseek-v3-0324-002,agent-openrouter-deepseek-v3-0324-004,agent-openrouter-deepseek-v3-0324-003,agent-openrouter-deepseek-v3-0324-002,agent-openrouter-deepseek-v3-0324-003",5,1,1,0.8333333333333334
pretrain,bbh_1366,"agent-openrouter-deepseek-v3-0324-003,agent-openrouter-deepseek-v3-0324-002,agent-openrouter-deepseek-v3-0324-004",3,1,1,0.84
pretrain,bbh_1255,"agent-openrouter-deepseek-v3-0324-003,agent-openrouter-deepseek-v3-0324-004,agent-openrouter-deepseek-v3-0324-002",3,1,1,0.8461538461538461
pretrain,bbh_1322,"agent-openrouter-deepseek-v3-0324-003,agent-openrouter-deepseek-v3-0324-004,agent-openrouter-deepseek-v3-0324-002",3,0,1,0.8148148148148148
pretrain,bbh_1312,"agent-openrouter-deepseek-v3-0324-003,agent-openrouter-deepseek-v3-0324-004,agent-openrouter-deepseek-v3-0324-002",3,0,1,0.7857142857142857
pretrain,bbh_1379,"agent-openrouter-deepseek-v3-0324-002,agent-openrouter-deepseek-v3-0324-004,agent-openrouter-deepseek-v3-0324-003,agent-openrouter-deepseek-v3-0324-003",4,0,1,0.7586206896551724
pretrain,bbh_1381,"agent-openrouter-deepseek-v3-0324-003,agent-openrouter-deepseek-v3-0324-002,agent-openrouter-deepseek-v3-0324-004",3,1,1,0.7666666666666667
pretrain,bbh_1201,"agent-openrouter-deepseek-v3-0324-003,agent-openrouter-deepseek-v3-0324-004,agent-openrouter-deepseek-v3-0324-002",3,1,1,0.7741935483870968
pretrain,bbh_1200,"agent-openrouter-deepseek-v3-0324-003,agent-openrouter-deepseek-v3-0324-002,agent-openrouter-deepseek-v3-0324-004",3,1,1,0.78125
pretrain,bbh_1340,"agent-openrouter-deepseek-v3-0324-003,agent-openrouter-deepseek-v3-0324-001,agent-openrouter-deepseek-v3-0324-002",3,1,1,0.7878787878787878
pretrain,bbh_1245,"agent-openrouter-deepseek-v3-0324-004,agent-openrouter-deepseek-v3-0324-002,agent-openrouter-deepseek-v3-0324-003",3,0,1,0.7647058823529411
pretrain,bbh_1203,"agent-openrouter-deepseek-v3-0324-003,agent-openrouter-deepseek-v3-0324-004,agent-openrouter-deepseek-v3-0324-002",3,1,1,0.7714285714285715
pretrain,bbh_1190,"agent-openrouter-deepseek-v3-0324-003,agent-openrouter-deepseek-v3-0324-002,agent-openrouter-deepseek-v3-0324-004",3,1,1,0.7777777777777778
pretrain,bbh_1367,"agent-openrouter-deepseek-v3-0324-002,agent-openrouter-deepseek-v3-0324-004,agent-openrouter-deepseek-v3-0324-001",3,1,1,0.7837837837837838
pretrain,bbh_1351,"agent-openrouter-deepseek-v3-0324-003,agent-openrouter-deepseek-v3-0324-001,agent-openrouter-deepseek-v3-0324-002",3,1,1,0.7894736842105263
pretrain,bbh_1254,"agent-openrouter-deepseek-v3-0324-003,agent-openrouter-deepseek-v3-0324-001,agent-openrouter-deepseek-v3-0324-002",3,1,1,0.7948717948717948
pretrain,bbh_1258,"agent-openrouter-deepseek-v3-0324-003,agent-openrouter-deepseek-v3-0324-004,agent-openrouter-deepseek-v3-0324-001",3,0,1,0.775
pretrain,bbh_1192,"agent-openrouter-deepseek-v3-0324-003,agent-openrouter-deepseek-v3-0324-002,agent-openrouter-deepseek-v3-0324-004",3,1,1,0.7804878048780488
pretrain,bbh_1402,"agent-openrouter-deepseek-v3-0324-003,agent-openrouter-deepseek-v3-0324-001,agent-openrouter-deepseek-v3-0324-002",3,0,1,0.7619047619047619
pretrain,bbh_1409,"agent-openrouter-deepseek-v3-0324-003,agent-openrouter-deepseek-v3-0324-004,agent-openrouter-deepseek-v3-0324-002",3,0,1,0.7441860465116279
pretrain,bbh_1287,"agent-openrouter-deepseek-v3-0324-003,agent-openrouter-deepseek-v3-0324-004,agent-openrouter-deepseek-v3-0324-002",3,1,1,0.75
pretrain,bbh_1330,"agent-openrouter-deepseek-v3-0324-003,agent-openrouter-deepseek-v3-0324-001,agent-openrouter-deepseek-v3-0324-002",3,1,1,0.7555555555555555
pretrain,bbh_1374,"agent-openrouter-deepseek-v3-0324-003,agent-openrouter-deepseek-v3-0324-002,agent-openrouter-deepseek-v3-0324-004",3,1,1,0.7608695652173914
pretrain,bbh_1299,"agent-openrouter-deepseek-v3-0324-002,agent-openrouter-deepseek-v3-0324-003,agent-openrouter-deepseek-v3-0324-004",3,1,1,0.7659574468085106
pretrain,bbh_1364,"agent-openrouter-deepseek-v3-0324-003,agent-openrouter-deepseek-v3-0324-001,agent-openrouter-deepseek-v3-0324-002",3,0,1,0.75
pretrain,bbh_1226,"agent-openrouter-deepseek-v3-0324-003,agent-openrouter-deepseek-v3-0324-002,agent-openrouter-deepseek-v3-0324-001",3,0,1,0.7346938775510204
pretrain,bbh_1273,"agent-openrouter-deepseek-v3-0324-002,agent-openrouter-deepseek-v3-0324-001,agent-openrouter-deepseek-v3-0324-003",3,1,1,0.74
pretrain,bbh_1288,"agent-openrouter-deepseek-v3-0324-003,agent-openrouter-deepseek-v3-0324-002,agent-openrouter-deepseek-v3-0324-004",3,1,1,0.7450980392156863
pretrain,bbh_1281,"agent-openrouter-deepseek-v3-0324-003,agent-openrouter-deepseek-v3-0324-002,agent-openrouter-deepseek-v3-0324-001",3,1,1,0.75
pretrain,bbh_1233,"agent-openrouter-deepseek-v3-0324-003,agent-openrouter-deepseek-v3-0324-004,agent-openrouter-deepseek-v3-0324-005",3,1,1,0.7547169811320755
pretrain,bbh_1212,"agent-openrouter-deepseek-v3-0324-002,agent-openrouter-deepseek-v3-0324-004,agent-openrouter-deepseek-v3-0324-003,agent-openrouter-deepseek-v3-0324-004",4,0,1,0.7407407407407407
pretrain,bbh_1238,"agent-openrouter-deepseek-v3-0324-002,agent-openrouter-deepseek-v3-0324-004,agent-openrouter-deepseek-v3-0324-003",3,1,1,0.7454545454545455
pretrain,bbh_1383,"agent-openrouter-deepseek-v3-0324-001,agent-openrouter-deepseek-v3-0324-004,agent-openrouter-deepseek-v3-0324-002",3,1,1,0.75
pretrain,bbh_1391,"agent-openrouter-deepseek-v3-0324-003,agent-openrouter-deepseek-v3-0324-004,agent-openrouter-deepseek-v3-0324-002",3,1,1,0.7543859649122807
pretrain,bbh_1399,"agent-openrouter-deepseek-v3-0324-003,agent-openrouter-deepseek-v3-0324-004,agent-openrouter-deepseek-v3-0324-002",3,1,1,0.7586206896551724
pretrain,bbh_1211,"agent-openrouter-deepseek-v3-0324-003,agent-openrouter-deepseek-v3-0324-001,agent-openrouter-deepseek-v3-0324-002",3,1,1,0.7627118644067796
pretrain,bbh_1329,"agent-openrouter-deepseek-v3-0324-003,agent-openrouter-deepseek-v3-0324-002,agent-openrouter-deepseek-v3-0324-004",3,1,1,0.7666666666666667
pretrain,bbh_1309,"agent-openrouter-deepseek-v3-0324-003,agent-openrouter-deepseek-v3-0324-004,agent-openrouter-deepseek-v3-0324-002",3,1,1,0.7704918032786885
pretrain,bbh_1274,"agent-openrouter-deepseek-v3-0324-003,agent-openrouter-deepseek-v3-0324-004,agent-openrouter-deepseek-v3-0324-002",3,1,1,0.7741935483870968
pretrain,bbh_1406,"agent-openrouter-deepseek-v3-0324-003,agent-openrouter-deepseek-v3-0324-004,agent-openrouter-deepseek-v3-0324-002",3,1,1,0.7777777777777778
pretrain,bbh_1420,"agent-openrouter-deepseek-v3-0324-003,agent-openrouter-deepseek-v3-0324-001,agent-openrouter-deepseek-v3-0324-002",3,0,1,0.765625
pretrain,bbh_1315,"agent-openrouter-deepseek-v3-0324-002,agent-openrouter-deepseek-v3-0324-004,agent-openrouter-deepseek-v3-0324-003,agent-openrouter-deepseek-v3-0324-003",4,1,1,0.7692307692307693
pretrain,bbh_1215,"agent-openrouter-deepseek-v3-0324-003,agent-openrouter-deepseek-v3-0324-001,agent-openrouter-deepseek-v3-0324-002",3,1,1,0.7727272727272727
pretrain,bbh_1372,"agent-openrouter-deepseek-v3-0324-002,agent-openrouter-deepseek-v3-0324-001,agent-openrouter-deepseek-v3-0324-004,agent-openrouter-deepseek-v3-0324-004",4,1,1,0.7761194029850746
pretrain,bbh_1396,"agent-openrouter-deepseek-v3-0324-003,agent-openrouter-deepseek-v3-0324-002,agent-openrouter-deepseek-v3-0324-004",3,0,1,0.7647058823529411
pretrain,bbh_1225,"agent-openrouter-deepseek-v3-0324-003,agent-openrouter-deepseek-v3-0324-002,agent-openrouter-deepseek-v3-0324-004",3,1,1,0.7681159420289855
pretrain,bbh_1325,"agent-openrouter-deepseek-v3-0324-003,agent-openrouter-deepseek-v3-0324-001,agent-openrouter-deepseek-v3-0324-002",3,1,1,0.7714285714285715
pretrain,bbh_1431,"agent-openrouter-deepseek-v3-0324-002,agent-openrouter-deepseek-v3-0324-003,agent-openrouter-deepseek-v3-0324-004,agent-openrouter-deepseek-v3-0324-002,agent-openrouter-deepseek-v3-0324-003",5,1,1,0.7746478873239436
pretrain,bbh_1248,"agent-openrouter-deepseek-v3-0324-003,agent-openrouter-deepseek-v3-0324-004,agent-openrouter-deepseek-v3-0324-002",3,1,1,0.7777777777777778
pretrain,bbh_1421,"agent-openrouter-deepseek-v3-0324-002,agent-openrouter-deepseek-v3-0324-001,agent-openrouter-deepseek-v3-0324-003",3,1,1,0.7808219178082192
pretrain,bbh_1397,"agent-openrouter-deepseek-v3-0324-003,agent-openrouter-deepseek-v3-0324-004,agent-openrouter-deepseek-v3-0324-001",3,1,1,0.7837837837837838
pretrain,bbh_1189,"agent-openrouter-deepseek-v3-0324-003,agent-openrouter-deepseek-v3-0324-004,agent-openrouter-deepseek-v3-0324-002",3,1,1,0.7866666666666666
pretrain,bbh_1261,"agent-openrouter-deepseek-v3-0324-002,agent-openrouter-deepseek-v3-0324-004,agent-openrouter-deepseek-v3-0324-003,agent-openrouter-deepseek-v3-0324-004",4,0,1,0.7763157894736842
pretrain,bbh_1277,"agent-openrouter-deepseek-v3-0324-004,agent-openrouter-deepseek-v3-0324-003,agent-openrouter-deepseek-v3-0324-002",3,1,1,0.7792207792207793
pretrain,bbh_1333,"agent-openrouter-deepseek-v3-0324-004,agent-openrouter-deepseek-v3-0324-002,agent-openrouter-deepseek-v3-0324-003",3,1,1,0.782051282051282
pretrain,bbh_1213,"agent-openrouter-deepseek-v3-0324-003,agent-openrouter-deepseek-v3-0324-002,agent-openrouter-deepseek-v3-0324-001",3,1,1,0.7848101265822784
pretrain,bbh_1194,"agent-openrouter-deepseek-v3-0324-003,agent-openrouter-deepseek-v3-0324-004,agent-openrouter-deepseek-v3-0324-002",3,1,1,0.7875
pretrain,bbh_1350,"agent-openrouter-deepseek-v3-0324-003,agent-openrouter-deepseek-v3-0324-002,agent-openrouter-deepseek-v3-0324-004",3,0,1,0.7777777777777778
pretrain,bbh_1246,"agent-openrouter-deepseek-v3-0324-003,agent-openrouter-deepseek-v3-0324-004,agent-openrouter-deepseek-v3-0324-002",3,1,1,0.7804878048780488
pretrain,bbh_1307,"agent-openrouter-deepseek-v3-0324-003,agent-openrouter-deepseek-v3-0324-002,agent-openrouter-deepseek-v3-0324-004",3,1,1,0.7831325301204819
pretrain,bbh_1382,"agent-openrouter-deepseek-v3-0324-003,agent-openrouter-deepseek-v3-0324-004,agent-openrouter-deepseek-v3-0324-002",3,0,1,0.7738095238095238
pretrain,bbh_1239,"agent-openrouter-deepseek-v3-0324-003,agent-openrouter-deepseek-v3-0324-004,agent-openrouter-deepseek-v3-0324-002",3,0,1,0.7647058823529411
pretrain,bbh_1370,"agent-openrouter-deepseek-v3-0324-003,agent-openrouter-deepseek-v3-0324-004,agent-openrouter-deepseek-v3-0324-002",3,1,1,0.7674418604651163
pretrain,bbh_1195,"agent-openrouter-deepseek-v3-0324-002,agent-openrouter-deepseek-v3-0324-003,agent-openrouter-deepseek-v3-0324-004",3,1,1,0.7701149425287356
pretrain,bbh_1387,"agent-openrouter-deepseek-v3-0324-001,agent-openrouter-deepseek-v3-0324-003,agent-openrouter-deepseek-v3-0324-004",3,0,1,0.7613636363636364
pretrain,bbh_1279,"agent-openrouter-deepseek-v3-0324-001,agent-openrouter-deepseek-v3-0324-003,agent-openrouter-deepseek-v3-0324-004",3,1,1,0.7640449438202247
pretrain,bbh_1432,"agent-openrouter-deepseek-v3-0324-003,agent-openrouter-deepseek-v3-0324-004,agent-openrouter-deepseek-v3-0324-002",3,1,1,0.7666666666666667
pretrain,bbh_1418,"agent-openrouter-deepseek-v3-0324-003,agent-openrouter-deepseek-v3-0324-004,agent-openrouter-deepseek-v3-0324-002",3,1,1,0.7692307692307693
pretrain,bbh_1425,"agent-openrouter-deepseek-v3-0324-002,agent-openrouter-deepseek-v3-0324-004,agent-openrouter-deepseek-v3-0324-001,agent-openrouter-deepseek-v3-0324-002,agent-openrouter-deepseek-v3-0324-003",5,1,1,0.7717391304347826
pretrain,bbh_1206,"agent-openrouter-deepseek-v3-0324-003,agent-openrouter-deepseek-v3-0324-004,agent-openrouter-deepseek-v3-0324-002",3,1,1,0.7741935483870968
pretrain,bbh_1404,"agent-openrouter-deepseek-v3-0324-004,agent-openrouter-deepseek-v3-0324-002,agent-openrouter-deepseek-v3-0324-003,agent-openrouter-deepseek-v3-0324-004",4,1,1,0.776595744680851
pretrain,bbh_1197,"agent-openrouter-deepseek-v3-0324-001,agent-openrouter-deepseek-v3-0324-002,agent-openrouter-deepseek-v3-0324-004",3,1,1,0.7789473684210526
pretrain,bbh_1256,"agent-openrouter-deepseek-v3-0324-003,agent-openrouter-deepseek-v3-0324-002,agent-openrouter-deepseek-v3-0324-004",3,1,1,0.78125
pretrain,bbh_1227,"agent-openrouter-deepseek-v3-0324-003,agent-openrouter-deepseek-v3-0324-002,agent-openrouter-deepseek-v3-0324-004",3,1,1,0.7835051546391752
pretrain,bbh_1229,"agent-openrouter-deepseek-v3-0324-002,agent-openrouter-deepseek-v3-0324-001,agent-openrouter-deepseek-v3-0324-003",3,1,1,0.7857142857142857
pretrain,bbh_1353,"agent-openrouter-deepseek-v3-0324-003,agent-openrouter-deepseek-v3-0324-004,agent-openrouter-deepseek-v3-0324-002",3,0,1,0.7777777777777778
pretrain,bbh_1292,"agent-openrouter-deepseek-v3-0324-002,agent-openrouter-deepseek-v3-0324-001,agent-openrouter-deepseek-v3-0324-003,agent-openrouter-deepseek-v3-0324-003",4,0,1,0.77
pretrain,bbh_1761,"agent-openrouter-deepseek-v3-0324-003,agent-openrouter-deepseek-v3-0324-002,agent-openrouter-deepseek-v3-0324-004,agent-openrouter-deepseek-v3-0324-003,agent-openrouter-deepseek-v3-0324-003",5,1,1,0.7722772277227723
pretrain,bbh_1734,"agent-openrouter-deepseek-v3-0324-003,agent-openrouter-deepseek-v3-0324-004,agent-openrouter-deepseek-v3-0324-002",3,1,1,0.7745098039215687
pretrain,bbh_1841,"agent-openrouter-deepseek-v3-0324-003,agent-openrouter-deepseek-v3-0324-002,agent-openrouter-deepseek-v3-0324-004,agent-openrouter-deepseek-v3-0324-003,agent-openrouter-deepseek-v3-0324-003",5,1,1,0.7766990291262136
pretrain,bbh_1792,"agent-openrouter-deepseek-v3-0324-002,agent-openrouter-deepseek-v3-0324-003,agent-openrouter-deepseek-v3-0324-004,agent-openrouter-deepseek-v3-0324-003",4,1,1,0.7788461538461539
pretrain,bbh_1836,"agent-openrouter-deepseek-v3-0324-003,agent-openrouter-deepseek-v3-0324-002,agent-openrouter-deepseek-v3-0324-004,agent-openrouter-deepseek-v3-0324-003,agent-openrouter-deepseek-v3-0324-003",5,1,1,0.780952380952381
pretrain,bbh_1705,"agent-openrouter-deepseek-v3-0324-003,agent-openrouter-deepseek-v3-0324-004,agent-openrouter-deepseek-v3-0324-005,agent-openrouter-deepseek-v3-0324-003",4,1,1,0.7830188679245284
pretrain,bbh_1917,"agent-openrouter-deepseek-v3-0324-002,agent-openrouter-deepseek-v3-0324-003,agent-openrouter-deepseek-v3-0324-004,agent-openrouter-deepseek-v3-0324-003",4,0,1,0.7757009345794392
pretrain,bbh_1888,"agent-openrouter-deepseek-v3-0324-002,agent-openrouter-deepseek-v3-0324-003,agent-openrouter-deepseek-v3-0324-004,agent-openrouter-deepseek-v3-0324-003",4,1,1,0.7777777777777778
pretrain,bbh_1928,"agent-openrouter-deepseek-v3-0324-002,agent-openrouter-deepseek-v3-0324-004,agent-openrouter-deepseek-v3-0324-003,agent-openrouter-deepseek-v3-0324-002,agent-openrouter-deepseek-v3-0324-002,agent-openrouter-deepseek-v3-0324-003",6,1,1,0.7798165137614679
pretrain,bbh_1918,"agent-openrouter-deepseek-v3-0324-003,agent-openrouter-deepseek-v3-0324-004,agent-openrouter-deepseek-v3-0324-002,agent-openrouter-deepseek-v3-0324-003",4,1,1,0.7818181818181819
pretrain,bbh_1871,"agent-openrouter-deepseek-v3-0324-003,agent-openrouter-deepseek-v3-0324-002,agent-openrouter-deepseek-v3-0324-004,agent-openrouter-deepseek-v3-0324-003,agent-openrouter-deepseek-v3-0324-003",5,1,1,0.7837837837837838
pretrain,bbh_1864,"agent-openrouter-deepseek-v3-0324-003,agent-openrouter-deepseek-v3-0324-002,agent-openrouter-deepseek-v3-0324-005,agent-openrouter-deepseek-v3-0324-003,agent-openrouter-deepseek-v3-0324-003",5,1,1,0.7857142857142857
pretrain,bbh_1787,"agent-openrouter-deepseek-v3-0324-003,agent-openrouter-deepseek-v3-0324-004,agent-openrouter-deepseek-v3-0324-002,agent-openrouter-deepseek-v3-0324-003",4,1,1,0.7876106194690266
pretrain,bbh_1698,"agent-openrouter-deepseek-v3-0324-002,agent-openrouter-deepseek-v3-0324-003,agent-openrouter-deepseek-v3-0324-004,agent-openrouter-deepseek-v3-0324-003",4,0,1,0.7807017543859649
pretrain,bbh_1850,"agent-openrouter-deepseek-v3-0324-002,agent-openrouter-deepseek-v3-0324-003,agent-openrouter-deepseek-v3-0324-004,agent-openrouter-deepseek-v3-0324-003,agent-openrouter-deepseek-v3-0324-003",5,1,1,0.782608695652174
pretrain,bbh_1909,"agent-openrouter-deepseek-v3-0324-004,agent-openrouter-deepseek-v3-0324-003,agent-openrouter-deepseek-v3-0324-002,agent-openrouter-deepseek-v3-0324-003",4,1,1,0.7844827586206896
pretrain,bbh_1687,"agent-openrouter-deepseek-v3-0324-003,agent-openrouter-deepseek-v3-0324-002,agent-openrouter-deepseek-v3-0324-004,agent-openrouter-deepseek-v3-0324-003,agent-openrouter-deepseek-v3-0324-003",5,0,1,0.7777777777777778
pretrain,bbh_1803,"agent-openrouter-deepseek-v3-0324-002,agent-openrouter-deepseek-v3-0324-003,agent-openrouter-deepseek-v3-0324-004,agent-openrouter-deepseek-v3-0324-003,agent-openrouter-deepseek-v3-0324-003",5,1,1,0.7796610169491526
pretrain,bbh_1877,"agent-openrouter-deepseek-v3-0324-004,agent-openrouter-deepseek-v3-0324-003,agent-openrouter-deepseek-v3-0324-002,agent-openrouter-deepseek-v3-0324-003",4,1,1,0.7815126050420168
pretrain,bbh_1882,"agent-openrouter-deepseek-v3-0324-002,agent-openrouter-deepseek-v3-0324-003,agent-openrouter-deepseek-v3-0324-004,agent-openrouter-deepseek-v3-0324-003",4,1,1,0.7833333333333333
pretrain,bbh_1837,"agent-openrouter-deepseek-v3-0324-003,agent-openrouter-deepseek-v3-0324-004,agent-openrouter-deepseek-v3-0324-002,agent-openrouter-deepseek-v3-0324-003,agent-openrouter-deepseek-v3-0324-003",5,0,1,0.7768595041322314
pretrain,bbh_1828,"agent-openrouter-deepseek-v3-0324-002,agent-openrouter-deepseek-v3-0324-003,agent-openrouter-deepseek-v3-0324-004,agent-openrouter-deepseek-v3-0324-003",4,1,1,0.7786885245901639
pretrain,bbh_1891,"agent-openrouter-deepseek-v3-0324-003,agent-openrouter-deepseek-v3-0324-002,agent-openrouter-deepseek-v3-0324-004,agent-openrouter-deepseek-v3-0324-002,agent-openrouter-deepseek-v3-0324-003,agent-openrouter-deepseek-v3-0324-003",6,1,1,0.7804878048780488
pretrain,bbh_1833,"agent-openrouter-deepseek-v3-0324-002,agent-openrouter-deepseek-v3-0324-004,agent-openrouter-deepseek-v3-0324-003,agent-openrouter-deepseek-v3-0324-003",4,1,1,0.782258064516129
pretrain,bbh_1830,"agent-openrouter-deepseek-v3-0324-003,agent-openrouter-deepseek-v3-0324-004,agent-openrouter-deepseek-v3-0324-002",3,1,1,0.784
pretrain,bbh_1695,"agent-openrouter-deepseek-v3-0324-002,agent-openrouter-deepseek-v3-0324-004,agent-openrouter-deepseek-v3-0324-003,agent-openrouter-deepseek-v3-0324-002,agent-openrouter-deepseek-v3-0324-003",5,0,1,0.7777777777777778
pretrain,bbh_1906,"agent-openrouter-deepseek-v3-0324-005,agent-openrouter-deepseek-v3-0324-003,agent-openrouter-deepseek-v3-0324-004,agent-openrouter-deepseek-v3-0324-003",4,0,1,0.7716535433070866
pretrain,bbh_1707,"agent-openrouter-deepseek-v3-0324-002,agent-openrouter-deepseek-v3-0324-003,agent-openrouter-deepseek-v3-0324-004,agent-openrouter-deepseek-v3-0324-003,agent-openrouter-deepseek-v3-0324-003",5,1,1,0.7734375
pretrain,bbh_1746,"agent-openrouter-deepseek-v3-0324-005,agent-openrouter-deepseek-v3-0324-004,agent-openrouter-deepseek-v3-0324-003,agent-openrouter-deepseek-v3-0324-005,agent-openrouter-deepseek-v3-0324-005",5,1,1,0.7751937984496124
pretrain,bbh_1807,"agent-openrouter-deepseek-v3-0324-005,agent-openrouter-deepseek-v3-0324-002,agent-openrouter-deepseek-v3-0324-003,agent-openrouter-deepseek-v3-0324-002,agent-openrouter-deepseek-v3-0324-003,agent-openrouter-deepseek-v3-0324-003",6,1,1,0.7769230769230769
pretrain,bbh_1892,"agent-openrouter-deepseek-v3-0324-005,agent-openrouter-deepseek-v3-0324-002,agent-openrouter-deepseek-v3-0324-003,agent-openrouter-deepseek-v3-0324-005,agent-openrouter-deepseek-v3-0324-003",5,1,1,0.7786259541984732
pretrain,bbh_1935,"agent-openrouter-deepseek-v3-0324-003,agent-openrouter-deepseek-v3-0324-002,agent-openrouter-deepseek-v3-0324-004,agent-openrouter-deepseek-v3-0324-003,agent-openrouter-deepseek-v3-0324-003",5,0,1,0.7727272727272727
pretrain,bbh_1861,"agent-openrouter-deepseek-v3-0324-002,agent-openrouter-deepseek-v3-0324-003,agent-openrouter-deepseek-v3-0324-004,agent-openrouter-deepseek-v3-0324-003",4,1,1,0.7744360902255639
pretrain,bbh_1910,"agent-openrouter-deepseek-v3-0324-003,agent-openrouter-deepseek-v3-0324-002,agent-openrouter-deepseek-v3-0324-004,agent-openrouter-deepseek-v3-0324-003",4,1,1,0.7761194029850746
pretrain,bbh_1908,"agent-openrouter-deepseek-v3-0324-005,agent-openrouter-deepseek-v3-0324-003,agent-openrouter-deepseek-v3-0324-002,agent-openrouter-deepseek-v3-0324-003,agent-openrouter-deepseek-v3-0324-003,agent-openrouter-deepseek-v3-0324-003,agent-openrouter-deepseek-v3-0324-003",7,1,1,0.7777777777777778
pretrain,bbh_1736,"agent-openrouter-deepseek-v3-0324-002,agent-openrouter-deepseek-v3-0324-003,agent-openrouter-deepseek-v3-0324-004,agent-openrouter-deepseek-v3-0324-002,agent-openrouter-deepseek-v3-0324-003",5,1,1,0.7794117647058824
pretrain,bbh_1881,"agent-openrouter-deepseek-v3-0324-002,agent-openrouter-deepseek-v3-0324-003,agent-openrouter-deepseek-v3-0324-004,agent-openrouter-deepseek-v3-0324-005,agent-openrouter-deepseek-v3-0324-003",5,1,1,0.781021897810219
pretrain,bbh_1715,"agent-openrouter-deepseek-v3-0324-005,agent-openrouter-deepseek-v3-0324-003,agent-openrouter-deepseek-v3-0324-002,agent-openrouter-deepseek-v3-0324-003",4,1,1,0.782608695652174
pretrain,bbh_1778,"agent-openrouter-deepseek-v3-0324-003,agent-openrouter-deepseek-v3-0324-002,agent-openrouter-deepseek-v3-0324-004,agent-openrouter-deepseek-v3-0324-003",4,1,1,0.7841726618705036
pretrain,bbh_1720,"agent-openrouter-deepseek-v3-0324-002,agent-openrouter-deepseek-v3-0324-004,agent-openrouter-deepseek-v3-0324-003,agent-openrouter-deepseek-v3-0324-003",4,0,1,0.7785714285714286
pretrain,bbh_1750,"agent-openrouter-deepseek-v3-0324-003,agent-openrouter-deepseek-v3-0324-002,agent-openrouter-deepseek-v3-0324-004",3,0,1,0.7730496453900709
pretrain,bbh_1880,"agent-openrouter-deepseek-v3-0324-005,agent-openrouter-deepseek-v3-0324-003,agent-openrouter-deepseek-v3-0324-004,agent-openrouter-deepseek-v3-0324-003,agent-openrouter-deepseek-v3-0324-003",5,1,1,0.7746478873239436
pretrain,bbh_1931,"agent-openrouter-deepseek-v3-0324-003,agent-openrouter-deepseek-v3-0324-002,agent-openrouter-deepseek-v3-0324-004,agent-openrouter-deepseek-v3-0324-002,agent-openrouter-deepseek-v3-0324-002,agent-openrouter-deepseek-v3-0324-003,agent-openrouter-deepseek-v3-0324-003",7,0,1,0.7692307692307693
pretrain,bbh_1846,"agent-openrouter-deepseek-v3-0324-002,agent-openrouter-deepseek-v3-0324-003,agent-openrouter-deepseek-v3-0324-004,agent-openrouter-deepseek-v3-0324-003",4,1,1,0.7708333333333334
pretrain,bbh_1902,"agent-openrouter-deepseek-v3-0324-003,agent-openrouter-deepseek-v3-0324-002,agent-openrouter-deepseek-v3-0324-004,agent-openrouter-deepseek-v3-0324-003",4,1,1,0.7724137931034483
pretrain,bbh_1897,"agent-openrouter-deepseek-v3-0324-004,agent-openrouter-deepseek-v3-0324-002,agent-openrouter-deepseek-v3-0324-003,agent-openrouter-deepseek-v3-0324-003",4,1,1,0.773972602739726
pretrain,bbh_1845,"agent-openrouter-deepseek-v3-0324-005,agent-openrouter-deepseek-v3-0324-002,agent-openrouter-deepseek-v3-0324-003,agent-openrouter-deepseek-v3-0324-005,agent-openrouter-deepseek-v3-0324-002",5,1,1,0.7755102040816326
pretrain,bbh_1795,"agent-openrouter-deepseek-v3-0324-002,agent-openrouter-deepseek-v3-0324-004,agent-openrouter-deepseek-v3-0324-003,agent-openrouter-deepseek-v3-0324-002",4,1,1,0.777027027027027
pretrain,bbh_1768,"agent-openrouter-deepseek-v3-0324-002,agent-openrouter-deepseek-v3-0324-003,agent-openrouter-deepseek-v3-0324-001,agent-openrouter-deepseek-v3-0324-003",4,1,1,0.7785234899328859
pretrain,bbh_1905,"agent-openrouter-deepseek-v3-0324-002,agent-openrouter-deepseek-v3-0324-003,agent-openrouter-deepseek-v3-0324-004,agent-openrouter-deepseek-v3-0324-003",4,1,1,0.78
pretrain,bbh_1744,"agent-openrouter-deepseek-v3-0324-002,agent-openrouter-deepseek-v3-0324-003,agent-openrouter-deepseek-v3-0324-004,agent-openrouter-deepseek-v3-0324-002,agent-openrouter-deepseek-v3-0324-003,agent-openrouter-deepseek-v3-0324-003",6,1,1,0.7814569536423841
pretrain,bbh_1738,"agent-openrouter-deepseek-v3-0324-002,agent-openrouter-deepseek-v3-0324-003,agent-openrouter-deepseek-v3-0324-004,agent-openrouter-deepseek-v3-0324-003",4,1,1,0.7828947368421053
pretrain,bbh_1740,"agent-openrouter-deepseek-v3-0324-002,agent-openrouter-deepseek-v3-0324-004,agent-openrouter-deepseek-v3-0324-003,agent-openrouter-deepseek-v3-0324-002,agent-openrouter-deepseek-v3-0324-002,agent-openrouter-deepseek-v3-0324-002,agent-openrouter-deepseek-v3-0324-002",7,0,1,0.7777777777777778
pretrain,bbh_1696,"agent-openrouter-deepseek-v3-0324-002,agent-openrouter-deepseek-v3-0324-003,agent-openrouter-deepseek-v3-0324-004,agent-openrouter-deepseek-v3-0324-003,agent-openrouter-deepseek-v3-0324-003",5,0,1,0.7727272727272727
pretrain,bbh_1922,"agent-openrouter-deepseek-v3-0324-003,agent-openrouter-deepseek-v3-0324-004,agent-openrouter-deepseek-v3-0324-002,agent-openrouter-deepseek-v3-0324-003,agent-openrouter-deepseek-v3-0324-003",5,1,1,0.7741935483870968
pretrain,bbh_1771,"agent-openrouter-deepseek-v3-0324-002,agent-openrouter-deepseek-v3-0324-003,agent-openrouter-deepseek-v3-0324-004,agent-openrouter-deepseek-v3-0324-003,agent-openrouter-deepseek-v3-0324-003,agent-openrouter-deepseek-v3-0324-003",6,1,1,0.7756410256410257
pretrain,bbh_1885,"agent-openrouter-deepseek-v3-0324-005,agent-openrouter-deepseek-v3-0324-002,agent-openrouter-deepseek-v3-0324-003,agent-openrouter-deepseek-v3-0324-002,agent-openrouter-deepseek-v3-0324-002,agent-openrouter-deepseek-v3-0324-003",6,1,1,0.7770700636942676
pretrain,bbh_1759,"agent-openrouter-deepseek-v3-0324-002,agent-openrouter-deepseek-v3-0324-003,agent-openrouter-deepseek-v3-0324-004,agent-openrouter-deepseek-v3-0324-002,agent-openrouter-deepseek-v3-0324-003",5,1,1,0.7784810126582279
pretrain,bbh_1751,"agent-openrouter-deepseek-v3-0324-003,agent-openrouter-deepseek-v3-0324-002,agent-openrouter-deepseek-v3-0324-004,agent-openrouter-deepseek-v3-0324-003,agent-openrouter-deepseek-v3-0324-003,agent-openrouter-deepseek-v3-0324-003",6,1,1,0.779874213836478
pretrain,bbh_1718,"agent-openrouter-deepseek-v3-0324-002,agent-openrouter-deepseek-v3-0324-003,agent-openrouter-deepseek-v3-0324-004,agent-openrouter-deepseek-v3-0324-003",4,1,1,0.78125
pretrain,bbh_1712,"agent-openrouter-deepseek-v3-0324-003,agent-openrouter-deepseek-v3-0324-002,agent-openrouter-deepseek-v3-0324-004,agent-openrouter-deepseek-v3-0324-002,agent-openrouter-deepseek-v3-0324-003",5,1,1,0.782608695652174
pretrain,bbh_1822,"agent-openrouter-deepseek-v3-0324-002,agent-openrouter-deepseek-v3-0324-003,agent-openrouter-deepseek-v3-0324-004,agent-openrouter-deepseek-v3-0324-002,agent-openrouter-deepseek-v3-0324-003,agent-openrouter-deepseek-v3-0324-002,agent-openrouter-deepseek-v3-0324-003",7,1,1,0.7839506172839507
pretrain,bbh_1739,"agent-openrouter-deepseek-v3-0324-003,agent-openrouter-deepseek-v3-0324-002,agent-openrouter-deepseek-v3-0324-004,agent-openrouter-deepseek-v3-0324-003,agent-openrouter-deepseek-v3-0324-002,agent-openrouter-deepseek-v3-0324-003",6,1,1,0.7852760736196319
pretrain,bbh_1701,"agent-openrouter-deepseek-v3-0324-003,agent-openrouter-deepseek-v3-0324-002,agent-openrouter-deepseek-v3-0324-004,agent-openrouter-deepseek-v3-0324-002,agent-openrouter-deepseek-v3-0324-003,agent-openrouter-deepseek-v3-0324-003",6,1,1,0.7865853658536586
pretrain,bbh_1912,"agent-openrouter-deepseek-v3-0324-002,agent-openrouter-deepseek-v3-0324-004,agent-openrouter-deepseek-v3-0324-003,agent-openrouter-deepseek-v3-0324-002,agent-openrouter-deepseek-v3-0324-003",5,1,1,0.7878787878787878
pretrain,bbh_1919,"agent-openrouter-deepseek-v3-0324-002,agent-openrouter-deepseek-v3-0324-003,agent-openrouter-deepseek-v3-0324-004,agent-openrouter-deepseek-v3-0324-002,agent-openrouter-deepseek-v3-0324-002,agent-openrouter-deepseek-v3-0324-003",6,1,1,0.7891566265060241
pretrain,bbh_1767,"agent-openrouter-deepseek-v3-0324-003,agent-openrouter-deepseek-v3-0324-004,agent-openrouter-deepseek-v3-0324-002",3,1,1,0.7904191616766467
pretrain,bbh_1818,"agent-openrouter-deepseek-v3-0324-003,agent-openrouter-deepseek-v3-0324-002,agent-openrouter-deepseek-v3-0324-004,agent-openrouter-deepseek-v3-0324-003,agent-openrouter-deepseek-v3-0324-003,agent-openrouter-deepseek-v3-0324-003",6,1,1,0.7916666666666666
pretrain,bbh_1730,"agent-openrouter-deepseek-v3-0324-002,agent-openrouter-deepseek-v3-0324-003,agent-openrouter-deepseek-v3-0324-004,agent-openrouter-deepseek-v3-0324-003",4,1,1,0.7928994082840237
pretrain,bbh_1872,"agent-openrouter-deepseek-v3-0324-002,agent-openrouter-deepseek-v3-0324-004,agent-openrouter-deepseek-v3-0324-003,agent-openrouter-deepseek-v3-0324-002,agent-openrouter-deepseek-v3-0324-004",5,1,1,0.7941176470588235
pretrain,bbh_1786,"agent-openrouter-deepseek-v3-0324-002,agent-openrouter-deepseek-v3-0324-003,agent-openrouter-deepseek-v3-0324-001,agent-openrouter-deepseek-v3-0324-003",4,1,1,0.7953216374269005
pretrain,bbh_1747,"agent-openrouter-deepseek-v3-0324-002,agent-openrouter-deepseek-v3-0324-003,agent-openrouter-deepseek-v3-0324-004,agent-openrouter-deepseek-v3-0324-002,agent-openrouter-deepseek-v3-0324-004",5,1,1,0.7965116279069767
pretrain,bbh_1780,"agent-openrouter-deepseek-v3-0324-003,agent-openrouter-deepseek-v3-0324-002,agent-openrouter-deepseek-v3-0324-004,agent-openrouter-deepseek-v3-0324-003,agent-openrouter-deepseek-v3-0324-002,agent-openrouter-deepseek-v3-0324-003",6,1,1,0.7976878612716763
pretrain,bbh_1760,"agent-openrouter-deepseek-v3-0324-003,agent-openrouter-deepseek-v3-0324-004,agent-openrouter-deepseek-v3-0324-002,agent-openrouter-deepseek-v3-0324-003,agent-openrouter-deepseek-v3-0324-003",5,1,1,0.7988505747126436
pretrain,bbh_1772,"agent-openrouter-deepseek-v3-0324-005,agent-openrouter-deepseek-v3-0324-003,agent-openrouter-deepseek-v3-0324-004,agent-openrouter-deepseek-v3-0324-003",4,1,1,0.8
pretrain,bbh_1700,"agent-openrouter-deepseek-v3-0324-003,agent-openrouter-deepseek-v3-0324-002,agent-openrouter-deepseek-v3-0324-004,agent-openrouter-deepseek-v3-0324-003,agent-openrouter-deepseek-v3-0324-003",5,0,1,0.7954545454545454
pretrain,bbh_1817,"agent-openrouter-deepseek-v3-0324-003,agent-openrouter-deepseek-v3-0324-002,agent-openrouter-deepseek-v3-0324-004,agent-openrouter-deepseek-v3-0324-002,agent-openrouter-deepseek-v3-0324-003",5,1,1,0.7966101694915254
pretrain,bbh_1848,"agent-openrouter-deepseek-v3-0324-002,agent-openrouter-deepseek-v3-0324-004,agent-openrouter-deepseek-v3-0324-003,agent-openrouter-deepseek-v3-0324-003",4,1,1,0.797752808988764
pretrain,bbh_1839,"agent-openrouter-deepseek-v3-0324-005,agent-openrouter-deepseek-v3-0324-002,agent-openrouter-deepseek-v3-0324-003,agent-openrouter-deepseek-v3-0324-002,agent-openrouter-deepseek-v3-0324-005,agent-openrouter-deepseek-v3-0324-003",6,1,1,0.7988826815642458
pretrain,bbh_1814,"agent-openrouter-deepseek-v3-0324-002,agent-openrouter-deepseek-v3-0324-003,agent-openrouter-deepseek-v3-0324-004,agent-openrouter-deepseek-v3-0324-002,agent-openrouter-deepseek-v3-0324-003",5,1,1,0.8
pretrain,bbh_1913,"agent-openrouter-deepseek-v3-0324-002,agent-openrouter-deepseek-v3-0324-003,agent-openrouter-deepseek-v3-0324-004,agent-openrouter-deepseek-v3-0324-003",4,1,1,0.8011049723756906
pretrain,bbh_1692,"agent-openrouter-deepseek-v3-0324-003,agent-openrouter-deepseek-v3-0324-002,agent-openrouter-deepseek-v3-0324-004,agent-openrouter-deepseek-v3-0324-003,agent-openrouter-deepseek-v3-0324-003",5,1,1,0.8021978021978022
pretrain,bbh_1785,"agent-openrouter-deepseek-v3-0324-003,agent-openrouter-deepseek-v3-0324-002,agent-openrouter-deepseek-v3-0324-004,agent-openrouter-deepseek-v3-0324-003,agent-openrouter-deepseek-v3-0324-003",5,1,1,0.8032786885245902
pretrain,bbh_1703,"agent-openrouter-deepseek-v3-0324-005,agent-openrouter-deepseek-v3-0324-003,agent-openrouter-deepseek-v3-0324-004,agent-openrouter-deepseek-v3-0324-002",4,1,1,0.8043478260869565
pretrain,bbh_1793,"agent-openrouter-deepseek-v3-0324-003,agent-openrouter-deepseek-v3-0324-004,agent-openrouter-deepseek-v3-0324-002,agent-openrouter-deepseek-v3-0324-003,agent-openrouter-deepseek-v3-0324-003",5,1,1,0.8054054054054054
pretrain,bbh_1688,"agent-openrouter-deepseek-v3-0324-003,agent-openrouter-deepseek-v3-0324-005,agent-openrouter-deepseek-v3-0324-004,agent-openrouter-deepseek-v3-0324-003",4,1,1,0.8064516129032258
pretrain,bbh_1725,"agent-openrouter-deepseek-v3-0324-002,agent-openrouter-deepseek-v3-0324-003,agent-openrouter-deepseek-v3-0324-004,agent-openrouter-deepseek-v3-0324-002,agent-openrouter-deepseek-v3-0324-003",5,0,1,0.8021390374331551
pretrain,bbh_1854,"agent-openrouter-deepseek-v3-0324-005,agent-openrouter-deepseek-v3-0324-003,agent-openrouter-deepseek-v3-0324-004,agent-openrouter-deepseek-v3-0324-003",4,1,1,0.8031914893617021
pretrain,bbh_1923,"agent-openrouter-deepseek-v3-0324-002,agent-openrouter-deepseek-v3-0324-003,agent-openrouter-deepseek-v3-0324-004,agent-openrouter-deepseek-v3-0324-003",4,1,1,0.8042328042328042
pretrain,bbh_1800,"agent-openrouter-deepseek-v3-0324-003,agent-openrouter-deepseek-v3-0324-002,agent-openrouter-deepseek-v3-0324-004,agent-openrouter-deepseek-v3-0324-002,agent-openrouter-deepseek-v3-0324-003",5,1,1,0.8052631578947368
pretrain,bbh_1724,"agent-openrouter-deepseek-v3-0324-002,agent-openrouter-deepseek-v3-0324-003,agent-openrouter-deepseek-v3-0324-004,agent-openrouter-deepseek-v3-0324-003",4,1,1,0.806282722513089
pretrain,bbh_1789,"agent-openrouter-deepseek-v3-0324-003,agent-openrouter-deepseek-v3-0324-004,agent-openrouter-deepseek-v3-0324-002,agent-openrouter-deepseek-v3-0324-003,agent-openrouter-deepseek-v3-0324-003,agent-openrouter-deepseek-v3-0324-003",6,0,1,0.8020833333333334
pretrain,bbh_1699,"agent-openrouter-deepseek-v3-0324-003,agent-openrouter-deepseek-v3-0324-002,agent-openrouter-deepseek-v3-0324-004,agent-openrouter-deepseek-v3-0324-003,agent-openrouter-deepseek-v3-0324-003",5,0,1,0.7979274611398963
pretrain,bbh_1723,"agent-openrouter-deepseek-v3-0324-002,agent-openrouter-deepseek-v3-0324-003,agent-openrouter-deepseek-v3-0324-004,agent-openrouter-deepseek-v3-0324-003,agent-openrouter-deepseek-v3-0324-003",5,1,1,0.7989690721649485
pretrain,bbh_1763,"agent-openrouter-deepseek-v3-0324-002,agent-openrouter-deepseek-v3-0324-003,agent-openrouter-deepseek-v3-0324-004,agent-openrouter-deepseek-v3-0324-003",4,0,1,0.7948717948717948
pretrain,bbh_1895,"agent-openrouter-deepseek-v3-0324-003,agent-openrouter-deepseek-v3-0324-004,agent-openrouter-deepseek-v3-0324-002,agent-openrouter-deepseek-v3-0324-003,agent-openrouter-deepseek-v3-0324-003",5,1,1,0.7959183673469388
pretrain,bbh_1932,"agent-openrouter-deepseek-v3-0324-002,agent-openrouter-deepseek-v3-0324-003,agent-openrouter-deepseek-v3-0324-004,agent-openrouter-deepseek-v3-0324-003",4,1,1,0.7969543147208121
pretrain,bbh_1859,"agent-openrouter-deepseek-v3-0324-002,agent-openrouter-deepseek-v3-0324-003,agent-openrouter-deepseek-v3-0324-004,agent-openrouter-deepseek-v3-0324-003,agent-openrouter-deepseek-v3-0324-003,agent-openrouter-deepseek-v3-0324-003,agent-openrouter-deepseek-v3-0324-003",7,1,1,0.797979797979798
pretrain,bbh_1722,"agent-openrouter-deepseek-v3-0324-002,agent-openrouter-deepseek-v3-0324-003,agent-openrouter-deepseek-v3-0324-004,agent-openrouter-deepseek-v3-0324-003",4,1,1,0.7989949748743719
pretrain,bbh_1826,"agent-openrouter-deepseek-v3-0324-003,agent-openrouter-deepseek-v3-0324-004,agent-openrouter-deepseek-v3-0324-002,agent-openrouter-deepseek-v3-0324-003",4,1,1,0.8
pretrain,bbh_123,"agent-openrouter-deepseek-v3-0324-003,agent-openrouter-deepseek-v3-0324-002,agent-openrouter-deepseek-v3-0324-004,agent-openrouter-deepseek-v3-0324-003",4,1,1,0.8009950248756219
pretrain,bbh_11,"agent-openrouter-deepseek-v3-0324-003,agent-openrouter-deepseek-v3-0324-002,agent-openrouter-deepseek-v3-0324-004,agent-openrouter-deepseek-v3-0324-003,agent-openrouter-deepseek-v3-0324-003",5,1,1,0.801980198019802
pretrain,bbh_245,"agent-openrouter-deepseek-v3-0324-003,agent-openrouter-deepseek-v3-0324-002,agent-openrouter-deepseek-v3-0324-004",3,1,1,0.8029556650246306
pretrain,bbh_247,"agent-openrouter-deepseek-v3-0324-003,agent-openrouter-deepseek-v3-0324-002,agent-openrouter-deepseek-v3-0324-004,agent-openrouter-deepseek-v3-0324-002,agent-openrouter-deepseek-v3-0324-002,agent-openrouter-deepseek-v3-0324-003",6,0,1,0.7990196078431373
pretrain,bbh_189,"agent-openrouter-deepseek-v3-0324-003,agent-openrouter-deepseek-v3-0324-002,agent-openrouter-deepseek-v3-0324-005,agent-openrouter-deepseek-v3-0324-003",4,1,1,0.8
pretrain,bbh_96,"agent-openrouter-deepseek-v3-0324-003,agent-openrouter-deepseek-v3-0324-002,agent-openrouter-deepseek-v3-0324-004,agent-openrouter-deepseek-v3-0324-003,agent-openrouter-deepseek-v3-0324-003",5,1,1,0.8009708737864077
pretrain,bbh_1,"agent-openrouter-deepseek-v3-0324-003,agent-openrouter-deepseek-v3-0324-002,agent-openrouter-deepseek-v3-0324-004",3,1,1,0.8019323671497585
pretrain,bbh_215,"agent-openrouter-deepseek-v3-0324-003,agent-openrouter-deepseek-v3-0324-002,agent-openrouter-deepseek-v3-0324-004",3,1,1,0.8028846153846154
pretrain,bbh_45,"agent-openrouter-deepseek-v3-0324-003,agent-openrouter-deepseek-v3-0324-002,agent-openrouter-deepseek-v3-0324-004,agent-openrouter-deepseek-v3-0324-003,agent-openrouter-deepseek-v3-0324-003",5,1,1,0.8038277511961722
pretrain,bbh_100,"agent-openrouter-deepseek-v3-0324-003,agent-openrouter-deepseek-v3-0324-002,agent-openrouter-deepseek-v3-0324-005,agent-openrouter-deepseek-v3-0324-003",4,1,1,0.8047619047619048
pretrain,bbh_94,"agent-openrouter-deepseek-v3-0324-003,agent-openrouter-deepseek-v3-0324-002,agent-openrouter-deepseek-v3-0324-004,agent-openrouter-deepseek-v3-0324-003,agent-openrouter-deepseek-v3-0324-003,agent-openrouter-deepseek-v3-0324-003",6,0,1,0.8009478672985783
pretrain,bbh_129,"agent-openrouter-deepseek-v3-0324-003,agent-openrouter-deepseek-v3-0324-002,agent-openrouter-deepseek-v3-0324-005,agent-openrouter-deepseek-v3-0324-003,agent-openrouter-deepseek-v3-0324-003",5,1,1,0.8018867924528302
pretrain,bbh_12,"agent-openrouter-deepseek-v3-0324-003,agent-openrouter-deepseek-v3-0324-002,agent-openrouter-deepseek-v3-0324-004,agent-openrouter-deepseek-v3-0324-005,agent-openrouter-deepseek-v3-0324-003",5,1,1,0.8028169014084507
pretrain,bbh_98,"agent-openrouter-deepseek-v3-0324-003,agent-openrouter-deepseek-v3-0324-002,agent-openrouter-deepseek-v3-0324-004",3,1,1,0.8037383177570093
pretrain,bbh_122,"agent-openrouter-deepseek-v3-0324-003,agent-openrouter-deepseek-v3-0324-002,agent-openrouter-deepseek-v3-0324-004,agent-openrouter-deepseek-v3-0324-003",4,1,1,0.8046511627906977
pretrain,bbh_93,"agent-openrouter-deepseek-v3-0324-003,agent-openrouter-deepseek-v3-0324-002,agent-openrouter-deepseek-v3-0324-004,agent-openrouter-deepseek-v3-0324-002,agent-openrouter-deepseek-v3-0324-002",5,0,1,0.8009259259259259
pretrain,bbh_175,"agent-openrouter-deepseek-v3-0324-003,agent-openrouter-deepseek-v3-0324-002,agent-openrouter-deepseek-v3-0324-005,agent-openrouter-deepseek-v3-0324-003,agent-openrouter-deepseek-v3-0324-003,agent-openrouter-deepseek-v3-0324-003",6,1,1,0.8018433179723502
pretrain,bbh_83,"agent-openrouter-deepseek-v3-0324-003,agent-openrouter-deepseek-v3-0324-002,agent-openrouter-deepseek-v3-0324-004,agent-openrouter-deepseek-v3-0324-003",4,1,1,0.8027522935779816
pretrain,bbh_136,"agent-openrouter-deepseek-v3-0324-003,agent-openrouter-deepseek-v3-0324-002,agent-openrouter-deepseek-v3-0324-005,agent-openrouter-deepseek-v3-0324-003",4,1,1,0.8036529680365296
pretrain,bbh_27,"agent-openrouter-deepseek-v3-0324-003,agent-openrouter-deepseek-v3-0324-002,agent-openrouter-deepseek-v3-0324-004",3,1,1,0.8045454545454546
pretrain,bbh_130,"agent-openrouter-deepseek-v3-0324-003,agent-openrouter-deepseek-v3-0324-002,agent-openrouter-deepseek-v3-0324-004,agent-openrouter-deepseek-v3-0324-003,agent-openrouter-deepseek-v3-0324-003,agent-openrouter-deepseek-v3-0324-003",6,1,1,0.8054298642533937
pretrain,bbh_143,"agent-openrouter-deepseek-v3-0324-003,agent-openrouter-deepseek-v3-0324-004,agent-openrouter-deepseek-v3-0324-002",3,1,1,0.8063063063063063
pretrain,bbh_240,"agent-openrouter-deepseek-v3-0324-003,agent-openrouter-deepseek-v3-0324-002,agent-openrouter-deepseek-v3-0324-004,agent-openrouter-deepseek-v3-0324-002,agent-openrouter-deepseek-v3-0324-003,agent-openrouter-deepseek-v3-0324-003,agent-openrouter-deepseek-v3-0324-003",7,1,1,0.8071748878923767
pretrain,bbh_222,"agent-openrouter-deepseek-v3-0324-003,agent-openrouter-deepseek-v3-0324-002,agent-openrouter-deepseek-v3-0324-004,agent-openrouter-deepseek-v3-0324-003",4,1,1,0.8080357142857143
pretrain,bbh_99,"agent-openrouter-deepseek-v3-0324-003,agent-openrouter-deepseek-v3-0324-002,agent-openrouter-deepseek-v3-0324-004,agent-openrouter-deepseek-v3-0324-003,agent-openrouter-deepseek-v3-0324-003",5,1,1,0.8088888888888889
pretrain,bbh_159,"agent-openrouter-deepseek-v3-0324-003,agent-openrouter-deepseek-v3-0324-002,agent-openrouter-deepseek-v3-0324-004,agent-openrouter-deepseek-v3-0324-003,agent-openrouter-deepseek-v3-0324-003",5,1,1,0.8097345132743363
pretrain,bbh_144,"agent-openrouter-deepseek-v3-0324-003,agent-openrouter-deepseek-v3-0324-002,agent-openrouter-deepseek-v3-0324-004,agent-openrouter-deepseek-v3-0324-003,agent-openrouter-deepseek-v3-0324-003",5,1,1,0.8105726872246696
pretrain,bbh_51,"agent-openrouter-deepseek-v3-0324-003,agent-openrouter-deepseek-v3-0324-002,agent-openrouter-deepseek-v3-0324-004",3,1,1,0.8114035087719298
pretrain,bbh_134,"agent-openrouter-deepseek-v3-0324-003,agent-openrouter-deepseek-v3-0324-002,agent-openrouter-deepseek-v3-0324-004,agent-openrouter-deepseek-v3-0324-003,agent-openrouter-deepseek-v3-0324-003,agent-openrouter-deepseek-v3-0324-003,agent-openrouter-deepseek-v3-0324-003",7,1,1,0.8122270742358079
pretrain,bbh_88,"agent-openrouter-deepseek-v3-0324-003,agent-openrouter-deepseek-v3-0324-002,agent-openrouter-deepseek-v3-0324-004,agent-openrouter-deepseek-v3-0324-003,agent-openrouter-deepseek-v3-0324-003,agent-openrouter-deepseek-v3-0324-003,agent-openrouter-deepseek-v3-0324-003",7,1,1,0.8130434782608695
pretrain,bbh_117,"agent-openrouter-deepseek-v3-0324-003,agent-openrouter-deepseek-v3-0324-002,agent-openrouter-deepseek-v3-0324-004,agent-openrouter-deepseek-v3-0324-005,agent-openrouter-deepseek-v3-0324-003",5,1,1,0.8138528138528138
pretrain,bbh_66,"agent-openrouter-deepseek-v3-0324-003,agent-openrouter-deepseek-v3-0324-002,agent-openrouter-deepseek-v3-0324-004,agent-openrouter-deepseek-v3-0324-003",4,1,1,0.8146551724137931
pretrain,bbh_173,"agent-openrouter-deepseek-v3-0324-003,agent-openrouter-deepseek-v3-0324-002,agent-openrouter-deepseek-v3-0324-004",3,1,1,0.8154506437768241
pretrain,bbh_207,"agent-openrouter-deepseek-v3-0324-003,agent-openrouter-deepseek-v3-0324-002,agent-openrouter-deepseek-v3-0324-004,agent-openrouter-deepseek-v3-0324-003",4,1,1,0.8162393162393162
pretrain,bbh_224,"agent-openrouter-deepseek-v3-0324-003,agent-openrouter-deepseek-v3-0324-002,agent-openrouter-deepseek-v3-0324-004,agent-openrouter-deepseek-v3-0324-003",4,1,1,0.8170212765957446
pretrain,bbh_146,"agent-openrouter-deepseek-v3-0324-003,agent-openrouter-deepseek-v3-0324-002,agent-openrouter-deepseek-v3-0324-004",3,1,1,0.8177966101694916
pretrain,bbh_248,"agent-openrouter-deepseek-v3-0324-003,agent-openrouter-deepseek-v3-0324-002,agent-openrouter-deepseek-v3-0324-004",3,1,1,0.8185654008438819
pretrain,bbh_216,"agent-openrouter-deepseek-v3-0324-003,agent-openrouter-deepseek-v3-0324-002,agent-openrouter-deepseek-v3-0324-004,agent-openrouter-deepseek-v3-0324-003,agent-openrouter-deepseek-v3-0324-003,agent-openrouter-deepseek-v3-0324-003",6,1,1,0.819327731092437
pretrain,bbh_25,"agent-openrouter-deepseek-v3-0324-003,agent-openrouter-deepseek-v3-0324-002,agent-openrouter-deepseek-v3-0324-004,agent-openrouter-deepseek-v3-0324-003,agent-openrouter-deepseek-v3-0324-003,agent-openrouter-deepseek-v3-0324-003",6,1,1,0.8200836820083682
pretrain,bbh_39,"agent-openrouter-deepseek-v3-0324-003,agent-openrouter-deepseek-v3-0324-002,agent-openrouter-deepseek-v3-0324-004,agent-openrouter-deepseek-v3-0324-003",4,1,1,0.8208333333333333
pretrain,bbh_56,"agent-openrouter-deepseek-v3-0324-003,agent-openrouter-deepseek-v3-0324-002,agent-openrouter-deepseek-v3-0324-004",3,1,1,0.8215767634854771
pretrain,bbh_16,"agent-openrouter-deepseek-v3-0324-003,agent-openrouter-deepseek-v3-0324-002,agent-openrouter-deepseek-v3-0324-005,agent-openrouter-deepseek-v3-0324-003",4,1,1,0.8223140495867769
pretrain,bbh_72,"agent-openrouter-deepseek-v3-0324-003,agent-openrouter-deepseek-v3-0324-002,agent-openrouter-deepseek-v3-0324-004,agent-openrouter-deepseek-v3-0324-003",4,1,1,0.823045267489712
pretrain,bbh_4,"agent-openrouter-deepseek-v3-0324-003,agent-openrouter-deepseek-v3-0324-002,agent-openrouter-deepseek-v3-0324-005,agent-openrouter-deepseek-v3-0324-003,agent-openrouter-deepseek-v3-0324-003",5,0,1,0.819672131147541
pretrain,bbh_47,"agent-openrouter-deepseek-v3-0324-003,agent-openrouter-deepseek-v3-0324-002,agent-openrouter-deepseek-v3-0324-004,agent-openrouter-deepseek-v3-0324-002,agent-openrouter-deepseek-v3-0324-002",5,1,1,0.8204081632653061
pretrain,bbh_87,"agent-openrouter-deepseek-v3-0324-003,agent-openrouter-deepseek-v3-0324-002,agent-openrouter-deepseek-v3-0324-004,agent-openrouter-deepseek-v3-0324-003",4,1,1,0.8211382113821138
pretrain,bbh_170,"agent-openrouter-deepseek-v3-0324-003,agent-openrouter-deepseek-v3-0324-002,agent-openrouter-deepseek-v3-0324-004,agent-openrouter-deepseek-v3-0324-003,agent-openrouter-deepseek-v3-0324-003",5,1,1,0.8218623481781376
pretrain,bbh_214,"agent-openrouter-deepseek-v3-0324-003,agent-openrouter-deepseek-v3-0324-002,agent-openrouter-deepseek-v3-0324-004,agent-openrouter-deepseek-v3-0324-003,agent-openrouter-deepseek-v3-0324-003",5,1,1,0.8225806451612904
pretrain,bbh_182,"agent-openrouter-deepseek-v3-0324-003,agent-openrouter-deepseek-v3-0324-002,agent-openrouter-deepseek-v3-0324-004,agent-openrouter-deepseek-v3-0324-003",4,1,1,0.8232931726907631
pretrain,bbh_178,"agent-openrouter-deepseek-v3-0324-003,agent-openrouter-deepseek-v3-0324-002,agent-openrouter-deepseek-v3-0324-004,agent-openrouter-deepseek-v3-0324-003,agent-openrouter-deepseek-v3-0324-003",5,1,1,0.824
pretrain,bbh_225,"agent-openrouter-deepseek-v3-0324-003,agent-openrouter-deepseek-v3-0324-002,agent-openrouter-deepseek-v3-0324-004,agent-openrouter-deepseek-v3-0324-003,agent-openrouter-deepseek-v3-0324-003",5,1,1,0.8247011952191236
pretrain,bbh_237,"agent-openrouter-deepseek-v3-0324-003,agent-openrouter-deepseek-v3-0324-002,agent-openrouter-deepseek-v3-0324-004",3,1,1,0.8253968253968254
pretrain,bbh_54,"agent-openrouter-deepseek-v3-0324-003,agent-openrouter-deepseek-v3-0324-002,agent-openrouter-deepseek-v3-0324-004,agent-openrouter-deepseek-v3-0324-003,agent-openrouter-deepseek-v3-0324-003",5,1,1,0.8260869565217391
pretrain,bbh_28,"agent-openrouter-deepseek-v3-0324-003,agent-openrouter-deepseek-v3-0324-002,agent-openrouter-deepseek-v3-0324-004,agent-openrouter-deepseek-v3-0324-003,agent-openrouter-deepseek-v3-0324-003",5,1,1,0.8267716535433071
pretrain,bbh_199,"agent-openrouter-deepseek-v3-0324-003,agent-openrouter-deepseek-v3-0324-002,agent-openrouter-deepseek-v3-0324-004,agent-openrouter-deepseek-v3-0324-002,agent-openrouter-deepseek-v3-0324-003,agent-openrouter-deepseek-v3-0324-003,agent-openrouter-deepseek-v3-0324-002",7,1,1,0.8274509803921568
pretrain,bbh_55,"agent-openrouter-deepseek-v3-0324-003,agent-openrouter-deepseek-v3-0324-005,agent-openrouter-deepseek-v3-0324-002,agent-openrouter-deepseek-v3-0324-003,agent-openrouter-deepseek-v3-0324-003",5,1,1,0.828125
pretrain,bbh_21,"agent-openrouter-deepseek-v3-0324-003,agent-openrouter-deepseek-v3-0324-002,agent-openrouter-deepseek-v3-0324-004",3,1,1,0.8287937743190662
pretrain,bbh_115,"agent-openrouter-deepseek-v3-0324-003,agent-openrouter-deepseek-v3-0324-002,agent-openrouter-deepseek-v3-0324-004,agent-openrouter-deepseek-v3-0324-003",4,1,1,0.8294573643410853
pretrain,bbh_32,"agent-openrouter-deepseek-v3-0324-003,agent-openrouter-deepseek-v3-0324-004,agent-openrouter-deepseek-v3-0324-002",3,1,1,0.8301158301158301
pretrain,bbh_97,"agent-openrouter-deepseek-v3-0324-003,agent-openrouter-deepseek-v3-0324-002,agent-openrouter-deepseek-v3-0324-005,agent-openrouter-deepseek-v3-0324-003,agent-openrouter-deepseek-v3-0324-003,agent-openrouter-deepseek-v3-0324-003,agent-openrouter-deepseek-v3-0324-003",7,1,1,0.8307692307692308
pretrain,bbh_2,"agent-openrouter-deepseek-v3-0324-003,agent-openrouter-deepseek-v3-0324-002,agent-openrouter-deepseek-v3-0324-005,agent-openrouter-deepseek-v3-0324-003,agent-openrouter-deepseek-v3-0324-003",5,1,1,0.8314176245210728
pretrain,bbh_81,"agent-openrouter-deepseek-v3-0324-003,agent-openrouter-deepseek-v3-0324-002,agent-openrouter-deepseek-v3-0324-004,agent-openrouter-deepseek-v3-0324-003,agent-openrouter-deepseek-v3-0324-005,agent-openrouter-deepseek-v3-0324-002",6,0,1,0.8282442748091603
pretrain,bbh_185,"agent-openrouter-deepseek-v3-0324-003,agent-openrouter-deepseek-v3-0324-002,agent-openrouter-deepseek-v3-0324-004",3,1,1,0.8288973384030418
pretrain,bbh_86,"agent-openrouter-deepseek-v3-0324-003,agent-openrouter-deepseek-v3-0324-002,agent-openrouter-deepseek-v3-0324-004,agent-openrouter-deepseek-v3-0324-002,agent-openrouter-deepseek-v3-0324-003,agent-openrouter-deepseek-v3-0324-005,agent-openrouter-deepseek-v3-0324-003",7,0,1,0.8257575757575758
pretrain,bbh_183,"agent-openrouter-deepseek-v3-0324-003,agent-openrouter-deepseek-v3-0324-004,agent-openrouter-deepseek-v3-0324-002",3,1,1,0.8264150943396227
pretrain,bbh_101,"agent-openrouter-deepseek-v3-0324-003,agent-openrouter-deepseek-v3-0324-002,agent-openrouter-deepseek-v3-0324-004",3,1,1,0.8270676691729323
pretrain,bbh_241,"agent-openrouter-deepseek-v3-0324-003,agent-openrouter-deepseek-v3-0324-002,agent-openrouter-deepseek-v3-0324-004,agent-openrouter-deepseek-v3-0324-003,agent-openrouter-deepseek-v3-0324-003",5,1,1,0.8277153558052435
pretrain,bbh_190,"agent-openrouter-deepseek-v3-0324-003,agent-openrouter-deepseek-v3-0324-002,agent-openrouter-deepseek-v3-0324-005,agent-openrouter-deepseek-v3-0324-003",4,1,1,0.8283582089552238
pretrain,bbh_193,"agent-openrouter-deepseek-v3-0324-002,agent-openrouter-deepseek-v3-0324-003,agent-openrouter-deepseek-v3-0324-004,agent-openrouter-deepseek-v3-0324-003",4,1,1,0.828996282527881
pretrain,bbh_142,"agent-openrouter-deepseek-v3-0324-003,agent-openrouter-deepseek-v3-0324-002,agent-openrouter-deepseek-v3-0324-004,agent-openrouter-deepseek-v3-0324-003,agent-openrouter-deepseek-v3-0324-003,agent-openrouter-deepseek-v3-0324-003",6,1,1,0.8296296296296296
pretrain,bbh_156,"agent-openrouter-deepseek-v3-0324-003,agent-openrouter-deepseek-v3-0324-004,agent-openrouter-deepseek-v3-0324-002",3,1,1,0.8302583025830258
pretrain,bbh_155,"agent-openrouter-deepseek-v3-0324-003,agent-openrouter-deepseek-v3-0324-002,agent-openrouter-deepseek-v3-0324-004,agent-openrouter-deepseek-v3-0324-003,agent-openrouter-deepseek-v3-0324-003",5,0,1,0.8272058823529411
pretrain,bbh_30,"agent-openrouter-deepseek-v3-0324-002,agent-openrouter-deepseek-v3-0324-003,agent-openrouter-deepseek-v3-0324-004,agent-openrouter-deepseek-v3-0324-003",4,1,1,0.8278388278388278
pretrain,bbh_164,"agent-openrouter-deepseek-v3-0324-003,agent-openrouter-deepseek-v3-0324-002,agent-openrouter-deepseek-v3-0324-005,agent-openrouter-deepseek-v3-0324-002",4,1,1,0.8284671532846716
pretrain,bbh_243,"agent-openrouter-deepseek-v3-0324-003,agent-openrouter-deepseek-v3-0324-002,agent-openrouter-deepseek-v3-0324-004,agent-openrouter-deepseek-v3-0324-003,agent-openrouter-deepseek-v3-0324-003",5,1,1,0.8290909090909091
pretrain,bbh_204,"agent-openrouter-deepseek-v3-0324-003,agent-openrouter-deepseek-v3-0324-002,agent-openrouter-deepseek-v3-0324-005,agent-openrouter-deepseek-v3-0324-003",4,1,1,0.8297101449275363
pretrain,bbh_148,"agent-openrouter-deepseek-v3-0324-003,agent-openrouter-deepseek-v3-0324-004,agent-openrouter-deepseek-v3-0324-002",3,1,1,0.8303249097472925
pretrain,bbh_212,"agent-openrouter-deepseek-v3-0324-003,agent-openrouter-deepseek-v3-0324-002,agent-openrouter-deepseek-v3-0324-004,agent-openrouter-deepseek-v3-0324-003,agent-openrouter-deepseek-v3-0324-003,agent-openrouter-deepseek-v3-0324-003",6,0,1,0.8273381294964028
pretrain,bbh_194,"agent-openrouter-deepseek-v3-0324-003,agent-openrouter-deepseek-v3-0324-002,agent-openrouter-deepseek-v3-0324-004,agent-openrouter-deepseek-v3-0324-005,agent-openrouter-deepseek-v3-0324-003",5,1,1,0.8279569892473119
pretrain,bbh_227,"agent-openrouter-deepseek-v3-0324-003,agent-openrouter-deepseek-v3-0324-002,agent-openrouter-deepseek-v3-0324-004,agent-openrouter-deepseek-v3-0324-002,agent-openrouter-deepseek-v3-0324-003",5,1,1,0.8285714285714286
pretrain,bbh_203,"agent-openrouter-deepseek-v3-0324-003,agent-openrouter-deepseek-v3-0324-002,agent-openrouter-deepseek-v3-0324-004",3,1,1,0.8291814946619217
pretrain,bbh_109,"agent-openrouter-deepseek-v3-0324-003,agent-openrouter-deepseek-v3-0324-002,agent-openrouter-deepseek-v3-0324-005,agent-openrouter-deepseek-v3-0324-003",4,1,1,0.8297872340425532
pretrain,bbh_141,"agent-openrouter-deepseek-v3-0324-003,agent-openrouter-deepseek-v3-0324-002,agent-openrouter-deepseek-v3-0324-004,agent-openrouter-deepseek-v3-0324-003,agent-openrouter-deepseek-v3-0324-003",5,1,1,0.8303886925795053
pretrain,bbh_221,"agent-openrouter-deepseek-v3-0324-003,agent-openrouter-deepseek-v3-0324-002,agent-openrouter-deepseek-v3-0324-004,agent-openrouter-deepseek-v3-0324-003",4,1,1,0.8309859154929577
pretrain,bbh_151,"agent-openrouter-deepseek-v3-0324-003,agent-openrouter-deepseek-v3-0324-002,agent-openrouter-deepseek-v3-0324-005,agent-openrouter-deepseek-v3-0324-003,agent-openrouter-deepseek-v3-0324-003",5,1,1,0.8315789473684211
pretrain,bbh_62,"agent-openrouter-deepseek-v3-0324-003,agent-openrouter-deepseek-v3-0324-002,agent-openrouter-deepseek-v3-0324-004,agent-openrouter-deepseek-v3-0324-003,agent-openrouter-deepseek-v3-0324-003,agent-openrouter-deepseek-v3-0324-003,agent-openrouter-deepseek-v3-0324-002",7,1,1,0.8321678321678322
pretrain,bbh_168,"agent-openrouter-deepseek-v3-0324-003,agent-openrouter-deepseek-v3-0324-002,agent-openrouter-deepseek-v3-0324-005,agent-openrouter-deepseek-v3-0324-003",4,1,1,0.8327526132404182
pretrain,bbh_74,"agent-openrouter-deepseek-v3-0324-003,agent-openrouter-deepseek-v3-0324-002,agent-openrouter-deepseek-v3-0324-004",3,1,1,0.8333333333333334
pretrain,bbh_75,"agent-openrouter-deepseek-v3-0324-003,agent-openrouter-deepseek-v3-0324-002,agent-openrouter-deepseek-v3-0324-004",3,1,1,0.8339100346020761
pretrain,bbh_234,"agent-openrouter-deepseek-v3-0324-003,agent-openrouter-deepseek-v3-0324-002,agent-openrouter-deepseek-v3-0324-005,agent-openrouter-deepseek-v3-0324-003,agent-openrouter-deepseek-v3-0324-003",5,1,1,0.8344827586206897
pretrain,bbh_230,"agent-openrouter-deepseek-v3-0324-003,agent-openrouter-deepseek-v3-0324-002,agent-openrouter-deepseek-v3-0324-004,agent-openrouter-deepseek-v3-0324-003,agent-openrouter-deepseek-v3-0324-003",5,1,1,0.8350515463917526
pretrain,bbh_206,"agent-openrouter-deepseek-v3-0324-003,agent-openrouter-deepseek-v3-0324-002,agent-openrouter-deepseek-v3-0324-004,agent-openrouter-deepseek-v3-0324-003",4,1,1,0.8356164383561644
pretrain,bbh_137,"agent-openrouter-deepseek-v3-0324-003,agent-openrouter-deepseek-v3-0324-002,agent-openrouter-deepseek-v3-0324-004",3,0,1,0.8327645051194539
pretrain,bbh_158,"agent-openrouter-deepseek-v3-0324-003,agent-openrouter-deepseek-v3-0324-002,agent-openrouter-deepseek-v3-0324-004,agent-openrouter-deepseek-v3-0324-003",4,1,1,0.8333333333333334
pretrain,bbh_43,"agent-openrouter-deepseek-v3-0324-003,agent-openrouter-deepseek-v3-0324-002,agent-openrouter-deepseek-v3-0324-004,agent-openrouter-deepseek-v3-0324-003,agent-openrouter-deepseek-v3-0324-003,agent-openrouter-deepseek-v3-0324-002",6,1,1,0.8338983050847457
pretrain,bbh_180,"agent-openrouter-deepseek-v3-0324-003,agent-openrouter-deepseek-v3-0324-002,agent-openrouter-deepseek-v3-0324-004,agent-openrouter-deepseek-v3-0324-003,agent-openrouter-deepseek-v3-0324-003",5,1,1,0.8344594594594594
pretrain,bbh_35,"agent-openrouter-deepseek-v3-0324-003,agent-openrouter-deepseek-v3-0324-002,agent-openrouter-deepseek-v3-0324-004",3,1,1,0.835016835016835
pretrain,bbh_8,"agent-openrouter-deepseek-v3-0324-003,agent-openrouter-deepseek-v3-0324-002,agent-openrouter-deepseek-v3-0324-004",3,1,1,0.8355704697986577
pretrain,bbh_17,"agent-openrouter-deepseek-v3-0324-003,agent-openrouter-deepseek-v3-0324-002,agent-openrouter-deepseek-v3-0324-004,agent-openrouter-deepseek-v3-0324-003,agent-openrouter-deepseek-v3-0324-003",5,1,1,0.8361204013377926
pretrain,bbh_95,"agent-openrouter-deepseek-v3-0324-003,agent-openrouter-deepseek-v3-0324-002,agent-openrouter-deepseek-v3-0324-004,agent-openrouter-deepseek-v3-0324-003",4,1,1,0.8366666666666667
test,bbh_2405,"agent-openrouter-deepseek-v3-0324-002,agent-openrouter-deepseek-v3-0324-004,agent-openrouter-deepseek-v3-0324-003,agent-openrouter-deepseek-v3-0324-002,agent-openrouter-deepseek-v3-0324-003",5,0,1,0.0
test,bbh_2372,"agent-openrouter-deepseek-v3-0324-002,agent-openrouter-deepseek-v3-0324-003,agent-openrouter-deepseek-v3-0324-004,agent-openrouter-deepseek-v3-0324-003,agent-openrouter-deepseek-v3-0324-003,agent-openrouter-deepseek-v3-0324-003",6,1,1,0.5
test,bbh_2212,"agent-openrouter-deepseek-v3-0324-002,agent-openrouter-deepseek-v3-0324-003,agent-openrouter-deepseek-v3-0324-004,agent-openrouter-deepseek-v3-0324-002,agent-openrouter-deepseek-v3-0324-002,agent-openrouter-deepseek-v3-0324-003",6,0,1,0.3333333333333333
test,bbh_2391,"agent-openrouter-deepseek-v3-0324-002,agent-openrouter-deepseek-v3-0324-003,agent-openrouter-deepseek-v3-0324-004,agent-openrouter-deepseek-v3-0324-002,agent-openrouter-deepseek-v3-0324-002,agent-openrouter-deepseek-v3-0324-003",6,0,1,0.25
test,bbh_2376,"agent-openrouter-deepseek-v3-0324-002,agent-openrouter-deepseek-v3-0324-004,agent-openrouter-deepseek-v3-0324-003,agent-openrouter-deepseek-v3-0324-002,agent-openrouter-deepseek-v3-0324-002,agent-openrouter-deepseek-v3-0324-003",6,0,1,0.2
test,bbh_2390,"agent-openrouter-deepseek-v3-0324-002,agent-openrouter-deepseek-v3-0324-003,agent-openrouter-deepseek-v3-0324-004,agent-openrouter-deepseek-v3-0324-003,agent-openrouter-deepseek-v3-0324-003,agent-openrouter-deepseek-v3-0324-003",6,0,1,0.16666666666666666
test,bbh_2367,"agent-openrouter-deepseek-v3-0324-002,agent-openrouter-deepseek-v3-0324-003,agent-openrouter-deepseek-v3-0324-004,agent-openrouter-deepseek-v3-0324-002,agent-openrouter-deepseek-v3-0324-002,agent-openrouter-deepseek-v3-0324-003",6,1,1,0.2857142857142857
test,bbh_2339,"agent-openrouter-deepseek-v3-0324-002,agent-openrouter-deepseek-v3-0324-003,agent-openrouter-deepseek-v3-0324-004,agent-openrouter-deepseek-v3-0324-002,agent-openrouter-deepseek-v3-0324-005,agent-openrouter-deepseek-v3-0324-002,agent-openrouter-deepseek-v3-0324-003",7,1,1,0.375
test,bbh_2287,"agent-openrouter-deepseek-v3-0324-002,agent-openrouter-deepseek-v3-0324-003,agent-openrouter-deepseek-v3-0324-004,agent-openrouter-deepseek-v3-0324-002,agent-openrouter-deepseek-v3-0324-002,agent-openrouter-deepseek-v3-0324-003",6,1,1,0.4444444444444444
test,bbh_2219,"agent-openrouter-deepseek-v3-0324-002,agent-openrouter-deepseek-v3-0324-004,agent-openrouter-deepseek-v3-0324-003,agent-openrouter-deepseek-v3-0324-002,agent-openrouter-deepseek-v3-0324-002,agent-openrouter-deepseek-v3-0324-003",6,1,1,0.5
test,bbh_2415,"agent-openrouter-deepseek-v3-0324-002,agent-openrouter-deepseek-v3-0324-003,agent-openrouter-deepseek-v3-0324-004,agent-openrouter-deepseek-v3-0324-002,agent-openrouter-deepseek-v3-0324-003,agent-openrouter-deepseek-v3-0324-003,agent-openrouter-deepseek-v3-0324-003",7,1,1,0.5454545454545454
test,bbh_2309,"agent-openrouter-deepseek-v3-0324-002,agent-openrouter-deepseek-v3-0324-003,agent-openrouter-deepseek-v3-0324-004,agent-openrouter-deepseek-v3-0324-002,agent-openrouter-deepseek-v3-0324-003,agent-openrouter-deepseek-v3-0324-003",6,0,1,0.5
test,bbh_2399,"agent-openrouter-deepseek-v3-0324-002,agent-openrouter-deepseek-v3-0324-004,agent-openrouter-deepseek-v3-0324-003,agent-openrouter-deepseek-v3-0324-002,agent-openrouter-deepseek-v3-0324-002,agent-openrouter-deepseek-v3-0324-003",6,0,1,0.46153846153846156
test,bbh_2213,"agent-openrouter-deepseek-v3-0324-002,agent-openrouter-deepseek-v3-0324-004,agent-openrouter-deepseek-v3-0324-003,agent-openrouter-deepseek-v3-0324-002,agent-openrouter-deepseek-v3-0324-002,agent-openrouter-deepseek-v3-0324-003",6,1,1,0.5
test,bbh_2318,"agent-openrouter-deepseek-v3-0324-002,agent-openrouter-deepseek-v3-0324-003,agent-openrouter-deepseek-v3-0324-004,agent-openrouter-deepseek-v3-0324-002,agent-openrouter-deepseek-v3-0324-002,agent-openrouter-deepseek-v3-0324-003",6,0,1,0.4666666666666667
test,bbh_2434,"agent-openrouter-deepseek-v3-0324-002,agent-openrouter-deepseek-v3-0324-003,agent-openrouter-deepseek-v3-0324-004,agent-openrouter-deepseek-v3-0324-002,agent-openrouter-deepseek-v3-0324-003,agent-openrouter-deepseek-v3-0324-003",6,0,1,0.4375
test,bbh_2397,"agent-openrouter-deepseek-v3-0324-003,agent-openrouter-deepseek-v3-0324-002,agent-openrouter-deepseek-v3-0324-004,agent-openrouter-deepseek-v3-0324-002,agent-openrouter-deepseek-v3-0324-002,agent-openrouter-deepseek-v3-0324-003,agent-openrouter-deepseek-v3-0324-003",7,0,1,0.4117647058823529
test,bbh_2261,"agent-openrouter-deepseek-v3-0324-002,agent-openrouter-deepseek-v3-0324-003,agent-openrouter-deepseek-v3-0324-004,agent-openrouter-deepseek-v3-0324-002,agent-openrouter-deepseek-v3-0324-002,agent-openrouter-deepseek-v3-0324-003",6,0,1,0.3888888888888889
test,bbh_2323,"agent-openrouter-deepseek-v3-0324-003,agent-openrouter-deepseek-v3-0324-002,agent-openrouter-deepseek-v3-0324-004,agent-openrouter-deepseek-v3-0324-003,agent-openrouter-deepseek-v3-0324-003,agent-openrouter-deepseek-v3-0324-003",6,0,1,0.3684210526315789
test,bbh_2291,"agent-openrouter-deepseek-v3-0324-003,agent-openrouter-deepseek-v3-0324-002,agent-openrouter-deepseek-v3-0324-004,agent-openrouter-deepseek-v3-0324-003,agent-openrouter-deepseek-v3-0324-003,agent-openrouter-deepseek-v3-0324-003,agent-openrouter-deepseek-v3-0324-003",7,0,1,0.35
test,bbh_2354,"agent-openrouter-deepseek-v3-0324-005,agent-openrouter-deepseek-v3-0324-004,agent-openrouter-deepseek-v3-0324-003,agent-openrouter-deepseek-v3-0324-002,agent-openrouter-deepseek-v3-0324-002,agent-openrouter-deepseek-v3-0324-003",6,0,1,0.3333333333333333
test,bbh_2388,"agent-openrouter-deepseek-v3-0324-002,agent-openrouter-deepseek-v3-0324-003,agent-openrouter-deepseek-v3-0324-004,agent-openrouter-deepseek-v3-0324-002,agent-openrouter-deepseek-v3-0324-002,agent-openrouter-deepseek-v3-0324-003",6,0,1,0.3181818181818182
test,bbh_2271,"agent-openrouter-deepseek-v3-0324-003,agent-openrouter-deepseek-v3-0324-002,agent-openrouter-deepseek-v3-0324-004,agent-openrouter-deepseek-v3-0324-003,agent-openrouter-deepseek-v3-0324-003,agent-openrouter-deepseek-v3-0324-003",6,1,1,0.34782608695652173
test,bbh_2327,"agent-openrouter-deepseek-v3-0324-003,agent-openrouter-deepseek-v3-0324-002,agent-openrouter-deepseek-v3-0324-004,agent-openrouter-deepseek-v3-0324-003,agent-openrouter-deepseek-v3-0324-003,agent-openrouter-deepseek-v3-0324-003",6,0,1,0.3333333333333333
test,bbh_2241,"agent-openrouter-deepseek-v3-0324-002,agent-openrouter-deepseek-v3-0324-003,agent-openrouter-deepseek-v3-0324-004,agent-openrouter-deepseek-v3-0324-003,agent-openrouter-deepseek-v3-0324-002,agent-openrouter-deepseek-v3-0324-003",6,1,1,0.36
test,bbh_2346,"agent-openrouter-deepseek-v3-0324-002,agent-openrouter-deepseek-v3-0324-003,agent-openrouter-deepseek-v3-0324-004,agent-openrouter-deepseek-v3-0324-003,agent-openrouter-deepseek-v3-0324-003,agent-openrouter-deepseek-v3-0324-003",6,1,1,0.38461538461538464
test,bbh_2226,"agent-openrouter-deepseek-v3-0324-003,agent-openrouter-deepseek-v3-0324-002,agent-openrouter-deepseek-v3-0324-004,agent-openrouter-deepseek-v3-0324-003,agent-openrouter-deepseek-v3-0324-003,agent-openrouter-deepseek-v3-0324-003",6,0,1,0.37037037037037035
test,bbh_2294,"agent-openrouter-deepseek-v3-0324-002,agent-openrouter-deepseek-v3-0324-003,agent-openrouter-deepseek-v3-0324-004,agent-openrouter-deepseek-v3-0324-002,agent-openrouter-deepseek-v3-0324-003,agent-openrouter-deepseek-v3-0324-003",6,1,1,0.39285714285714285
test,bbh_2368,"agent-openrouter-deepseek-v3-0324-003,agent-openrouter-deepseek-v3-0324-002,agent-openrouter-deepseek-v3-0324-004,agent-openrouter-deepseek-v3-0324-003,agent-openrouter-deepseek-v3-0324-003,agent-openrouter-deepseek-v3-0324-003,agent-openrouter-deepseek-v3-0324-003",7,1,1,0.41379310344827586
test,bbh_2358,"agent-openrouter-deepseek-v3-0324-005,agent-openrouter-deepseek-v3-0324-002,agent-openrouter-deepseek-v3-0324-003,agent-openrouter-deepseek-v3-0324-003,agent-openrouter-deepseek-v3-0324-003",5,1,1,0.43333333333333335
test,bbh_2432,"agent-openrouter-deepseek-v3-0324-002,agent-openrouter-deepseek-v3-0324-003,agent-openrouter-deepseek-v3-0324-004,agent-openrouter-deepseek-v3-0324-002,agent-openrouter-deepseek-v3-0324-002,agent-openrouter-deepseek-v3-0324-003",6,1,1,0.45161290322580644
test,bbh_2301,"agent-openrouter-deepseek-v3-0324-002,agent-openrouter-deepseek-v3-0324-004,agent-openrouter-deepseek-v3-0324-003,agent-openrouter-deepseek-v3-0324-003,agent-openrouter-deepseek-v3-0324-003,agent-openrouter-deepseek-v3-0324-003,agent-openrouter-deepseek-v3-0324-003",7,1,1,0.46875
test,bbh_2209,"agent-openrouter-deepseek-v3-0324-002,agent-openrouter-deepseek-v3-0324-003,agent-openrouter-deepseek-v3-0324-004,agent-openrouter-deepseek-v3-0324-002,agent-openrouter-deepseek-v3-0324-002,agent-openrouter-deepseek-v3-0324-003,agent-openrouter-deepseek-v3-0324-003",7,0,1,0.45454545454545453
test,bbh_2436,"agent-openrouter-deepseek-v3-0324-002,agent-openrouter-deepseek-v3-0324-004,agent-openrouter-deepseek-v3-0324-003,agent-openrouter-deepseek-v3-0324-002,agent-openrouter-deepseek-v3-0324-002,agent-openrouter-deepseek-v3-0324-003",6,1,1,0.47058823529411764
test,bbh_2410,"agent-openrouter-deepseek-v3-0324-002,agent-openrouter-deepseek-v3-0324-004,agent-openrouter-deepseek-v3-0324-003,agent-openrouter-deepseek-v3-0324-002,agent-openrouter-deepseek-v3-0324-002,agent-openrouter-deepseek-v3-0324-003",6,1,1,0.4857142857142857
test,bbh_2188,"agent-openrouter-deepseek-v3-0324-002,agent-openrouter-deepseek-v3-0324-003,agent-openrouter-deepseek-v3-0324-004,agent-openrouter-deepseek-v3-0324-002,agent-openrouter-deepseek-v3-0324-003",5,0,1,0.4722222222222222
test,bbh_2406,"agent-openrouter-deepseek-v3-0324-002,agent-openrouter-deepseek-v3-0324-003,agent-openrouter-deepseek-v3-0324-004,agent-openrouter-deepseek-v3-0324-002,agent-openrouter-deepseek-v3-0324-002,agent-openrouter-deepseek-v3-0324-003",6,0,1,0.4594594594594595
test,bbh_2338,"agent-openrouter-deepseek-v3-0324-002,agent-openrouter-deepseek-v3-0324-004,agent-openrouter-deepseek-v3-0324-003,agent-openrouter-deepseek-v3-0324-002,agent-openrouter-deepseek-v3-0324-002,agent-openrouter-deepseek-v3-0324-003",6,0,1,0.4473684210526316
test,bbh_2203,"agent-openrouter-deepseek-v3-0324-002,agent-openrouter-deepseek-v3-0324-003,agent-openrouter-deepseek-v3-0324-004,agent-openrouter-deepseek-v3-0324-002,agent-openrouter-deepseek-v3-0324-002,agent-openrouter-deepseek-v3-0324-002,agent-openrouter-deepseek-v3-0324-003",7,1,1,0.46153846153846156
test,bbh_2221,"agent-openrouter-deepseek-v3-0324-002,agent-openrouter-deepseek-v3-0324-004,agent-openrouter-deepseek-v3-0324-005,agent-openrouter-deepseek-v3-0324-002,agent-openrouter-deepseek-v3-0324-002,agent-openrouter-deepseek-v3-0324-003",6,1,1,0.475
test,bbh_2253,"agent-openrouter-deepseek-v3-0324-002,agent-openrouter-deepseek-v3-0324-003,agent-openrouter-deepseek-v3-0324-004,agent-openrouter-deepseek-v3-0324-003,agent-openrouter-deepseek-v3-0324-002,agent-openrouter-deepseek-v3-0324-003,agent-openrouter-deepseek-v3-0324-003",7,0,1,0.4634146341463415
test,bbh_2259,"agent-openrouter-deepseek-v3-0324-002,agent-openrouter-deepseek-v3-0324-003,agent-openrouter-deepseek-v3-0324-004,agent-openrouter-deepseek-v3-0324-003,agent-openrouter-deepseek-v3-0324-003,agent-openrouter-deepseek-v3-0324-003",6,1,1,0.47619047619047616
test,bbh_2286,"agent-openrouter-deepseek-v3-0324-002,agent-openrouter-deepseek-v3-0324-003,agent-openrouter-deepseek-v3-0324-004,agent-openrouter-deepseek-v3-0324-002,agent-openrouter-deepseek-v3-0324-002,agent-openrouter-deepseek-v3-0324-002,agent-openrouter-deepseek-v3-0324-003",7,1,1,0.4883720930232558
test,bbh_2187,"agent-openrouter-deepseek-v3-0324-002,agent-openrouter-deepseek-v3-0324-003,agent-openrouter-deepseek-v3-0324-004,agent-openrouter-deepseek-v3-0324-002,agent-openrouter-deepseek-v3-0324-002,agent-openrouter-deepseek-v3-0324-003",6,0,1,0.4772727272727273
test,bbh_2302,"agent-openrouter-deepseek-v3-0324-002,agent-openrouter-deepseek-v3-0324-003,agent-openrouter-deepseek-v3-0324-004,agent-openrouter-deepseek-v3-0324-003,agent-openrouter-deepseek-v3-0324-002,agent-openrouter-deepseek-v3-0324-002,agent-openrouter-deepseek-v3-0324-003",7,1,1,0.4888888888888889
test,bbh_2196,"agent-openrouter-deepseek-v3-0324-002,agent-openrouter-deepseek-v3-0324-003,agent-openrouter-deepseek-v3-0324-004,agent-openrouter-deepseek-v3-0324-002,agent-openrouter-deepseek-v3-0324-002,agent-openrouter-deepseek-v3-0324-003",6,1,1,0.5
test,bbh_2394,"agent-openrouter-deepseek-v3-0324-002,agent-openrouter-deepseek-v3-0324-003,agent-openrouter-deepseek-v3-0324-004,agent-openrouter-deepseek-v3-0324-002,agent-openrouter-deepseek-v3-0324-002,agent-openrouter-deepseek-v3-0324-003",6,0,1,0.48936170212765956
test,bbh_2290,"agent-openrouter-deepseek-v3-0324-002,agent-openrouter-deepseek-v3-0324-003,agent-openrouter-deepseek-v3-0324-004,agent-openrouter-deepseek-v3-0324-003,agent-openrouter-deepseek-v3-0324-003,agent-openrouter-deepseek-v3-0324-003",6,1,1,0.5
test,bbh_2330,"agent-openrouter-deepseek-v3-0324-002,agent-openrouter-deepseek-v3-0324-003,agent-openrouter-deepseek-v3-0324-004,agent-openrouter-deepseek-v3-0324-002,agent-openrouter-deepseek-v3-0324-002,agent-openrouter-deepseek-v3-0324-002,agent-openrouter-deepseek-v3-0324-003",7,0,1,0.4897959183673469
test,bbh_2224,"agent-openrouter-deepseek-v3-0324-002,agent-openrouter-deepseek-v3-0324-003,agent-openrouter-deepseek-v3-0324-004,agent-openrouter-deepseek-v3-0324-002,agent-openrouter-deepseek-v3-0324-002,agent-openrouter-deepseek-v3-0324-003",6,1,1,0.5
test,bbh_2242,"agent-openrouter-deepseek-v3-0324-003,agent-openrouter-deepseek-v3-0324-002,agent-openrouter-deepseek-v3-0324-004,agent-openrouter-deepseek-v3-0324-003,agent-openrouter-deepseek-v3-0324-003,agent-openrouter-deepseek-v3-0324-003",6,1,1,0.5098039215686274
test,bbh_2375,"agent-openrouter-deepseek-v3-0324-002,agent-openrouter-deepseek-v3-0324-003,agent-openrouter-deepseek-v3-0324-004,agent-openrouter-deepseek-v3-0324-002,agent-openrouter-deepseek-v3-0324-002,agent-openrouter-deepseek-v3-0324-003",6,1,1,0.5192307692307693
test,bbh_2369,"agent-openrouter-deepseek-v3-0324-002,agent-openrouter-deepseek-v3-0324-003,agent-openrouter-deepseek-v3-0324-004,agent-openrouter-deepseek-v3-0324-003",4,0,1,0.5094339622641509
test,bbh_2321,"agent-openrouter-deepseek-v3-0324-003,agent-openrouter-deepseek-v3-0324-002,agent-openrouter-deepseek-v3-0324-004,agent-openrouter-deepseek-v3-0324-003,agent-openrouter-deepseek-v3-0324-003,agent-openrouter-deepseek-v3-0324-003",6,1,1,0.5185185185185185
test,bbh_2422,"agent-openrouter-deepseek-v3-0324-002,agent-openrouter-deepseek-v3-0324-003,agent-openrouter-deepseek-v3-0324-004,agent-openrouter-deepseek-v3-0324-002,agent-openrouter-deepseek-v3-0324-003",5,0,1,0.509090909090909
test,bbh_2200,"agent-openrouter-deepseek-v3-0324-002,agent-openrouter-deepseek-v3-0324-005,agent-openrouter-deepseek-v3-0324-003,agent-openrouter-deepseek-v3-0324-002,agent-openrouter-deepseek-v3-0324-002,agent-openrouter-deepseek-v3-0324-003",6,0,1,0.5
test,bbh_2381,"agent-openrouter-deepseek-v3-0324-002,agent-openrouter-deepseek-v3-0324-005,agent-openrouter-deepseek-v3-0324-003,agent-openrouter-deepseek-v3-0324-005,agent-openrouter-deepseek-v3-0324-003",5,1,1,0.5087719298245614
test,bbh_2428,"agent-openrouter-deepseek-v3-0324-002,agent-openrouter-deepseek-v3-0324-003,agent-openrouter-deepseek-v3-0324-004,agent-openrouter-deepseek-v3-0324-002,agent-openrouter-deepseek-v3-0324-003,agent-openrouter-deepseek-v3-0324-003,agent-openrouter-deepseek-v3-0324-003",7,1,1,0.5172413793103449
test,bbh_2308,"agent-openrouter-deepseek-v3-0324-002,agent-openrouter-deepseek-v3-0324-003,agent-openrouter-deepseek-v3-0324-004,agent-openrouter-deepseek-v3-0324-002,agent-openrouter-deepseek-v3-0324-002,agent-openrouter-deepseek-v3-0324-003",6,1,1,0.5254237288135594
test,bbh_2320,"agent-openrouter-deepseek-v3-0324-002,agent-openrouter-deepseek-v3-0324-003,agent-openrouter-deepseek-v3-0324-004,agent-openrouter-deepseek-v3-0324-002,agent-openrouter-deepseek-v3-0324-002,agent-openrouter-deepseek-v3-0324-003",6,1,1,0.5333333333333333
test,bbh_2208,"agent-openrouter-deepseek-v3-0324-002,agent-openrouter-deepseek-v3-0324-003,agent-openrouter-deepseek-v3-0324-004,agent-openrouter-deepseek-v3-0324-002,agent-openrouter-deepseek-v3-0324-002,agent-openrouter-deepseek-v3-0324-003",6,1,1,0.5409836065573771
test,bbh_2383,"agent-openrouter-deepseek-v3-0324-002,agent-openrouter-deepseek-v3-0324-003,agent-openrouter-deepseek-v3-0324-004,agent-openrouter-deepseek-v3-0324-003,agent-openrouter-deepseek-v3-0324-003,agent-openrouter-deepseek-v3-0324-003,agent-openrouter-deepseek-v3-0324-003",7,1,1,0.5483870967741935
test,bbh_2344,"agent-openrouter-deepseek-v3-0324-002,agent-openrouter-deepseek-v3-0324-004,agent-openrouter-deepseek-v3-0324-003,agent-openrouter-deepseek-v3-0324-002,agent-openrouter-deepseek-v3-0324-002,agent-openrouter-deepseek-v3-0324-003",6,1,1,0.5555555555555556
test,bbh_2382,"agent-openrouter-deepseek-v3-0324-002,agent-openrouter-deepseek-v3-0324-004,agent-openrouter-deepseek-v3-0324-003,agent-openrouter-deepseek-v3-0324-002,agent-openrouter-deepseek-v3-0324-002,agent-openrouter-deepseek-v3-0324-003",6,1,1,0.5625
test,bbh_2267,"agent-openrouter-deepseek-v3-0324-003,agent-openrouter-deepseek-v3-0324-002,agent-openrouter-deepseek-v3-0324-004,agent-openrouter-deepseek-v3-0324-003,agent-openrouter-deepseek-v3-0324-003,agent-openrouter-deepseek-v3-0324-003",6,0,1,0.5538461538461539
test,bbh_2198,"agent-openrouter-deepseek-v3-0324-002,agent-openrouter-deepseek-v3-0324-003,agent-openrouter-deepseek-v3-0324-004,agent-openrouter-deepseek-v3-0324-002,agent-openrouter-deepseek-v3-0324-003,agent-openrouter-deepseek-v3-0324-003",6,1,1,0.5606060606060606
test,bbh_2319,"agent-openrouter-deepseek-v3-0324-002,agent-openrouter-deepseek-v3-0324-004,agent-openrouter-deepseek-v3-0324-003,agent-openrouter-deepseek-v3-0324-002,agent-openrouter-deepseek-v3-0324-002,agent-openrouter-deepseek-v3-0324-003",6,1,1,0.5671641791044776
test,bbh_2202,"agent-openrouter-deepseek-v3-0324-002,agent-openrouter-deepseek-v3-0324-004,agent-openrouter-deepseek-v3-0324-003,agent-openrouter-deepseek-v3-0324-002,agent-openrouter-deepseek-v3-0324-002,agent-openrouter-deepseek-v3-0324-002",6,0,1,0.5588235294117647
test,bbh_2364,"agent-openrouter-deepseek-v3-0324-003,agent-openrouter-deepseek-v3-0324-004,agent-openrouter-deepseek-v3-0324-002,agent-openrouter-deepseek-v3-0324-003,agent-openrouter-deepseek-v3-0324-003,agent-openrouter-deepseek-v3-0324-003",6,0,1,0.5507246376811594
test,bbh_2407,"agent-openrouter-deepseek-v3-0324-002,agent-openrouter-deepseek-v3-0324-003,agent-openrouter-deepseek-v3-0324-004,agent-openrouter-deepseek-v3-0324-002,agent-openrouter-deepseek-v3-0324-002,agent-openrouter-deepseek-v3-0324-003",6,1,1,0.5571428571428572
test,bbh_2398,"agent-openrouter-deepseek-v3-0324-002,agent-openrouter-deepseek-v3-0324-003,agent-openrouter-deepseek-v3-0324-004,agent-openrouter-deepseek-v3-0324-002,agent-openrouter-deepseek-v3-0324-002,agent-openrouter-deepseek-v3-0324-003",6,1,1,0.5633802816901409
test,bbh_2194,"agent-openrouter-deepseek-v3-0324-003,agent-openrouter-deepseek-v3-0324-002,agent-openrouter-deepseek-v3-0324-004,agent-openrouter-deepseek-v3-0324-003,agent-openrouter-deepseek-v3-0324-003,agent-openrouter-deepseek-v3-0324-003",6,0,1,0.5555555555555556
test,bbh_2232,"agent-openrouter-deepseek-v3-0324-002,agent-openrouter-deepseek-v3-0324-004,agent-openrouter-deepseek-v3-0324-003,agent-openrouter-deepseek-v3-0324-002,agent-openrouter-deepseek-v3-0324-002,agent-openrouter-deepseek-v3-0324-003",6,0,1,0.547945205479452
test,bbh_2328,"agent-openrouter-deepseek-v3-0324-002,agent-openrouter-deepseek-v3-0324-003,agent-openrouter-deepseek-v3-0324-004,agent-openrouter-deepseek-v3-0324-002,agent-openrouter-deepseek-v3-0324-003,agent-openrouter-deepseek-v3-0324-002,agent-openrouter-deepseek-v3-0324-003",7,0,1,0.5405405405405406
test,bbh_2373,"agent-openrouter-deepseek-v3-0324-002,agent-openrouter-deepseek-v3-0324-004,agent-openrouter-deepseek-v3-0324-003,agent-openrouter-deepseek-v3-0324-002,agent-openrouter-deepseek-v3-0324-002,agent-openrouter-deepseek-v3-0324-003",6,0,1,0.5333333333333333
test,bbh_2274,"agent-openrouter-deepseek-v3-0324-002,agent-openrouter-deepseek-v3-0324-003,agent-openrouter-deepseek-v3-0324-004,agent-openrouter-deepseek-v3-0324-002,agent-openrouter-deepseek-v3-0324-003",5,1,1,0.5394736842105263
test,bbh_2233,"agent-openrouter-deepseek-v3-0324-003,agent-openrouter-deepseek-v3-0324-002,agent-openrouter-deepseek-v3-0324-004,agent-openrouter-deepseek-v3-0324-003,agent-openrouter-deepseek-v3-0324-003,agent-openrouter-deepseek-v3-0324-003",6,0,1,0.5324675324675324
test,bbh_2411,"agent-openrouter-deepseek-v3-0324-003,agent-openrouter-deepseek-v3-0324-002,agent-openrouter-deepseek-v3-0324-004,agent-openrouter-deepseek-v3-0324-002,agent-openrouter-deepseek-v3-0324-002,agent-openrouter-deepseek-v3-0324-003",6,0,1,0.5256410256410257
test,bbh_2313,"agent-openrouter-deepseek-v3-0324-002,agent-openrouter-deepseek-v3-0324-004,agent-openrouter-deepseek-v3-0324-003,agent-openrouter-deepseek-v3-0324-002,agent-openrouter-deepseek-v3-0324-002,agent-openrouter-deepseek-v3-0324-003",6,1,1,0.5316455696202531
test,bbh_2371,"agent-openrouter-deepseek-v3-0324-002,agent-openrouter-deepseek-v3-0324-004,agent-openrouter-deepseek-v3-0324-003,agent-openrouter-deepseek-v3-0324-002,agent-openrouter-deepseek-v3-0324-002,agent-openrouter-deepseek-v3-0324-002,agent-openrouter-deepseek-v3-0324-003",7,1,1,0.5375
test,bbh_2317,"agent-openrouter-deepseek-v3-0324-002,agent-openrouter-deepseek-v3-0324-004,agent-openrouter-deepseek-v3-0324-003,agent-openrouter-deepseek-v3-0324-002,agent-openrouter-deepseek-v3-0324-002,agent-openrouter-deepseek-v3-0324-004",6,0,1,0.5308641975308642
test,bbh_2283,"agent-openrouter-deepseek-v3-0324-003,agent-openrouter-deepseek-v3-0324-002,agent-openrouter-deepseek-v3-0324-004,agent-openrouter-deepseek-v3-0324-003,agent-openrouter-deepseek-v3-0324-003,agent-openrouter-deepseek-v3-0324-003",6,1,1,0.5365853658536586
test,bbh_2348,"agent-openrouter-deepseek-v3-0324-002,agent-openrouter-deepseek-v3-0324-004,agent-openrouter-deepseek-v3-0324-003,agent-openrouter-deepseek-v3-0324-002,agent-openrouter-deepseek-v3-0324-002,agent-openrouter-deepseek-v3-0324-003",6,0,1,0.5301204819277109
test,bbh_2402,"agent-openrouter-deepseek-v3-0324-003,agent-openrouter-deepseek-v3-0324-002,agent-openrouter-deepseek-v3-0324-004,agent-openrouter-deepseek-v3-0324-003,agent-openrouter-deepseek-v3-0324-003,agent-openrouter-deepseek-v3-0324-003",6,0,1,0.5238095238095238
test,bbh_2297,"agent-openrouter-deepseek-v3-0324-002,agent-openrouter-deepseek-v3-0324-004,agent-openrouter-deepseek-v3-0324-003,agent-openrouter-deepseek-v3-0324-002,agent-openrouter-deepseek-v3-0324-002,agent-openrouter-deepseek-v3-0324-003",6,0,1,0.5176470588235295
test,bbh_2311,"agent-openrouter-deepseek-v3-0324-002,agent-openrouter-deepseek-v3-0324-003,agent-openrouter-deepseek-v3-0324-004,agent-openrouter-deepseek-v3-0324-002,agent-openrouter-deepseek-v3-0324-002,agent-openrouter-deepseek-v3-0324-003,agent-openrouter-deepseek-v3-0324-003",7,1,1,0.5232558139534884
test,bbh_2249,"agent-openrouter-deepseek-v3-0324-002,agent-openrouter-deepseek-v3-0324-003,agent-openrouter-deepseek-v3-0324-004,agent-openrouter-deepseek-v3-0324-002,agent-openrouter-deepseek-v3-0324-002,agent-openrouter-deepseek-v3-0324-003",6,0,1,0.5172413793103449
test,bbh_2289,"agent-openrouter-deepseek-v3-0324-002,agent-openrouter-deepseek-v3-0324-003,agent-openrouter-deepseek-v3-0324-004,agent-openrouter-deepseek-v3-0324-003,agent-openrouter-deepseek-v3-0324-003",5,1,1,0.5227272727272727
test,bbh_2298,"agent-openrouter-deepseek-v3-0324-002,agent-openrouter-deepseek-v3-0324-003,agent-openrouter-deepseek-v3-0324-004,agent-openrouter-deepseek-v3-0324-002,agent-openrouter-deepseek-v3-0324-002,agent-openrouter-deepseek-v3-0324-003",6,0,1,0.5168539325842697
test,bbh_2279,"agent-openrouter-deepseek-v3-0324-003,agent-openrouter-deepseek-v3-0324-002,agent-openrouter-deepseek-v3-0324-004,agent-openrouter-deepseek-v3-0324-002,agent-openrouter-deepseek-v3-0324-003,agent-openrouter-deepseek-v3-0324-003",6,1,1,0.5222222222222223
test,bbh_2332,"agent-openrouter-deepseek-v3-0324-002,agent-openrouter-deepseek-v3-0324-004,agent-openrouter-deepseek-v3-0324-003,agent-openrouter-deepseek-v3-0324-002,agent-openrouter-deepseek-v3-0324-002,agent-openrouter-deepseek-v3-0324-002",6,0,1,0.5164835164835165
test,bbh_2425,"agent-openrouter-deepseek-v3-0324-002,agent-openrouter-deepseek-v3-0324-003,agent-openrouter-deepseek-v3-0324-004,agent-openrouter-deepseek-v3-0324-003,agent-openrouter-deepseek-v3-0324-003",5,0,1,0.5108695652173914
test,bbh_2240,"agent-openrouter-deepseek-v3-0324-002,agent-openrouter-deepseek-v3-0324-003,agent-openrouter-deepseek-v3-0324-004,agent-openrouter-deepseek-v3-0324-002,agent-openrouter-deepseek-v3-0324-002,agent-openrouter-deepseek-v3-0324-003",6,0,1,0.5053763440860215
test,bbh_2340,"agent-openrouter-deepseek-v3-0324-002,agent-openrouter-deepseek-v3-0324-004,agent-openrouter-deepseek-v3-0324-003,agent-openrouter-deepseek-v3-0324-002,agent-openrouter-deepseek-v3-0324-002,agent-openrouter-deepseek-v3-0324-003",6,1,1,0.5106382978723404
test,bbh_2312,"agent-openrouter-deepseek-v3-0324-003,agent-openrouter-deepseek-v3-0324-002,agent-openrouter-deepseek-v3-0324-004,agent-openrouter-deepseek-v3-0324-002,agent-openrouter-deepseek-v3-0324-002,agent-openrouter-deepseek-v3-0324-003",6,0,1,0.5052631578947369
test,bbh_2272,"agent-openrouter-deepseek-v3-0324-002,agent-openrouter-deepseek-v3-0324-003,agent-openrouter-deepseek-v3-0324-004,agent-openrouter-deepseek-v3-0324-002,agent-openrouter-deepseek-v3-0324-002,agent-openrouter-deepseek-v3-0324-003",6,0,1,0.5
test,bbh_2234,"agent-openrouter-deepseek-v3-0324-003,agent-openrouter-deepseek-v3-0324-002,agent-openrouter-deepseek-v3-0324-004,agent-openrouter-deepseek-v3-0324-003",4,1,1,0.5051546391752577
test,bbh_2374,"agent-openrouter-deepseek-v3-0324-002,agent-openrouter-deepseek-v3-0324-003,agent-openrouter-deepseek-v3-0324-004,agent-openrouter-deepseek-v3-0324-002,agent-openrouter-deepseek-v3-0324-002,agent-openrouter-deepseek-v3-0324-003,agent-openrouter-deepseek-v3-0324-003",7,0,1,0.5
test,bbh_2236,"agent-openrouter-deepseek-v3-0324-003,agent-openrouter-deepseek-v3-0324-002,agent-openrouter-deepseek-v3-0324-004,agent-openrouter-deepseek-v3-0324-003,agent-openrouter-deepseek-v3-0324-003,agent-openrouter-deepseek-v3-0324-003",6,0,1,0.494949494949495
test,bbh_2403,"agent-openrouter-deepseek-v3-0324-002,agent-openrouter-deepseek-v3-0324-004,agent-openrouter-deepseek-v3-0324-003,agent-openrouter-deepseek-v3-0324-002,agent-openrouter-deepseek-v3-0324-002,agent-openrouter-deepseek-v3-0324-002,agent-openrouter-deepseek-v3-0324-003",7,0,1,0.49
