phase,task_id,node_id,subtask_count,acc,ok,cum_acc
cold_start,bbh_1481,agent-openrouter-deepseek-v3-006,0,1,1,1.0
cold_start,bbh_1446,agent-openrouter-deepseek-v3-007,0,1,1,1.0
cold_start,bbh_1510,agent-openrouter-deepseek-v3-008,0,1,1,1.0
cold_start,bbh_1509,agent-openrouter-deepseek-v3-009,0,1,1,1.0
cold_start,bbh_1442,agent-openrouter-deepseek-v3-010,0,1,1,1.0
cold_start,bbh_1482,agent-openrouter-deepseek-v3-006,0,1,1,1.0
cold_start,bbh_1562,agent-openrouter-deepseek-v3-007,0,0,1,0.8571428571428571
cold_start,bbh_1618,agent-openrouter-deepseek-v3-008,0,1,1,0.875
cold_start,bbh_1593,agent-openrouter-deepseek-v3-009,0,0,1,0.7777777777777778
cold_start,bbh_1567,agent-openrouter-deepseek-v3-010,0,0,1,0.7
cold_start,bbh_1661,agent-openrouter-deepseek-v3-006,0,1,1,0.7272727272727273
cold_start,bbh_1440,agent-openrouter-deepseek-v3-007,0,1,1,0.75
cold_start,bbh_1488,agent-openrouter-deepseek-v3-008,0,1,1,0.7692307692307693
cold_start,bbh_1466,agent-openrouter-deepseek-v3-009,0,1,1,0.7857142857142857
cold_start,bbh_1515,agent-openrouter-deepseek-v3-010,0,1,1,0.8
cold_start,bbh_1651,agent-openrouter-deepseek-v3-006,0,1,1,0.8125
cold_start,bbh_1663,agent-openrouter-deepseek-v3-007,0,1,1,0.8235294117647058
cold_start,bbh_1679,agent-openrouter-deepseek-v3-008,0,1,1,0.8333333333333334
cold_start,bbh_1570,agent-openrouter-deepseek-v3-009,0,0,1,0.7894736842105263
cold_start,bbh_1639,agent-openrouter-deepseek-v3-010,0,1,1,0.8
cold_start,bbh_1642,agent-openrouter-deepseek-v3-006,0,1,1,0.8095238095238095
cold_start,bbh_1498,agent-openrouter-deepseek-v3-007,0,1,1,0.8181818181818182
cold_start,bbh_1589,agent-openrouter-deepseek-v3-008,0,0,1,0.782608695652174
cold_start,bbh_1637,agent-openrouter-deepseek-v3-009,0,1,1,0.7916666666666666
cold_start,bbh_1681,agent-openrouter-deepseek-v3-010,0,1,1,0.8
cold_start,bbh_1650,agent-openrouter-deepseek-v3-006,0,0,1,0.7692307692307693
cold_start,bbh_1532,agent-openrouter-deepseek-v3-007,0,0,1,0.7407407407407407
cold_start,bbh_1497,agent-openrouter-deepseek-v3-008,0,1,1,0.75
cold_start,bbh_1575,agent-openrouter-deepseek-v3-009,0,1,1,0.7586206896551724
cold_start,bbh_1619,agent-openrouter-deepseek-v3-010,0,1,1,0.7666666666666667
cold_start,bbh_1601,agent-openrouter-deepseek-v3-006,0,1,1,0.7741935483870968
cold_start,bbh_1660,agent-openrouter-deepseek-v3-007,0,1,1,0.78125
cold_start,bbh_1458,agent-openrouter-deepseek-v3-008,0,0,1,0.7575757575757576
cold_start,bbh_1548,agent-openrouter-deepseek-v3-009,0,1,1,0.7647058823529411
cold_start,bbh_1649,agent-openrouter-deepseek-v3-010,0,0,1,0.7428571428571429
cold_start,bbh_1452,agent-openrouter-deepseek-v3-006,0,0,1,0.7222222222222222
cold_start,bbh_1503,agent-openrouter-deepseek-v3-007,0,1,1,0.7297297297297297
cold_start,bbh_1569,agent-openrouter-deepseek-v3-008,0,1,1,0.7368421052631579
cold_start,bbh_1542,agent-openrouter-deepseek-v3-009,0,1,1,0.7435897435897436
cold_start,bbh_1465,agent-openrouter-deepseek-v3-010,0,0,1,0.725
cold_start,bbh_1627,agent-openrouter-deepseek-v3-006,0,1,1,0.7317073170731707
cold_start,bbh_1522,agent-openrouter-deepseek-v3-007,0,1,1,0.7380952380952381
cold_start,bbh_1516,agent-openrouter-deepseek-v3-008,0,0,1,0.7209302325581395
cold_start,bbh_1449,agent-openrouter-deepseek-v3-009,0,0,1,0.7045454545454546
cold_start,bbh_1685,agent-openrouter-deepseek-v3-010,0,1,1,0.7111111111111111
cold_start,bbh_1652,agent-openrouter-deepseek-v3-006,0,1,1,0.717391304347826
cold_start,bbh_1464,agent-openrouter-deepseek-v3-007,0,1,1,0.723404255319149
cold_start,bbh_1521,agent-openrouter-deepseek-v3-008,0,1,1,0.7291666666666666
cold_start,bbh_1604,agent-openrouter-deepseek-v3-009,0,1,1,0.7346938775510204
cold_start,bbh_1582,agent-openrouter-deepseek-v3-010,0,0,1,0.72
cold_start,bbh_1572,agent-openrouter-deepseek-v3-006,0,1,1,0.7254901960784313
cold_start,bbh_1669,agent-openrouter-deepseek-v3-007,0,0,1,0.7115384615384616
cold_start,bbh_1502,agent-openrouter-deepseek-v3-008,0,0,1,0.6981132075471698
cold_start,bbh_1479,agent-openrouter-deepseek-v3-009,0,1,1,0.7037037037037037
cold_start,bbh_1605,agent-openrouter-deepseek-v3-010,0,1,1,0.7090909090909091
cold_start,bbh_1552,agent-openrouter-deepseek-v3-006,0,1,1,0.7142857142857143
cold_start,bbh_1658,agent-openrouter-deepseek-v3-007,0,0,1,0.7017543859649122
cold_start,bbh_1537,agent-openrouter-deepseek-v3-008,0,1,1,0.7068965517241379
cold_start,bbh_1550,agent-openrouter-deepseek-v3-009,0,1,1,0.711864406779661
cold_start,bbh_1441,agent-openrouter-deepseek-v3-010,0,1,1,0.7166666666666667
cold_start,bbh_1489,agent-openrouter-deepseek-v3-006,0,1,1,0.7213114754098361
cold_start,bbh_1630,agent-openrouter-deepseek-v3-007,0,1,1,0.7258064516129032
cold_start,bbh_1549,agent-openrouter-deepseek-v3-008,0,1,1,0.7301587301587301
cold_start,bbh_1536,agent-openrouter-deepseek-v3-009,0,1,1,0.734375
cold_start,bbh_1447,agent-openrouter-deepseek-v3-010,0,0,1,0.7230769230769231
cold_start,bbh_1680,agent-openrouter-deepseek-v3-006,0,0,1,0.7121212121212122
cold_start,bbh_1673,agent-openrouter-deepseek-v3-007,0,0,1,0.7014925373134329
cold_start,bbh_1467,agent-openrouter-deepseek-v3-008,0,1,1,0.7058823529411765
cold_start,bbh_1646,agent-openrouter-deepseek-v3-009,0,0,1,0.6956521739130435
cold_start,bbh_1483,agent-openrouter-deepseek-v3-010,0,1,1,0.7
cold_start,bbh_1556,agent-openrouter-deepseek-v3-006,0,1,1,0.704225352112676
cold_start,bbh_1439,agent-openrouter-deepseek-v3-007,0,1,1,0.7083333333333334
cold_start,bbh_1596,agent-openrouter-deepseek-v3-008,0,1,1,0.7123287671232876
cold_start,bbh_1624,agent-openrouter-deepseek-v3-009,0,0,1,0.7027027027027027
cold_start,bbh_1638,agent-openrouter-deepseek-v3-010,0,0,1,0.6933333333333334
cold_start,bbh_1561,agent-openrouter-deepseek-v3-006,0,1,1,0.6973684210526315
cold_start,bbh_1600,agent-openrouter-deepseek-v3-007,0,0,1,0.6883116883116883
cold_start,bbh_1607,agent-openrouter-deepseek-v3-008,0,1,1,0.6923076923076923
cold_start,bbh_1484,agent-openrouter-deepseek-v3-009,0,0,1,0.6835443037974683
cold_start,bbh_1559,agent-openrouter-deepseek-v3-010,0,1,1,0.6875
cold_start,bbh_1612,agent-openrouter-deepseek-v3-006,0,0,1,0.6790123456790124
cold_start,bbh_1514,agent-openrouter-deepseek-v3-007,0,0,1,0.6707317073170732
cold_start,bbh_1540,agent-openrouter-deepseek-v3-008,0,1,1,0.6746987951807228
cold_start,bbh_1518,agent-openrouter-deepseek-v3-009,0,0,1,0.6666666666666666
cold_start,bbh_1475,agent-openrouter-deepseek-v3-010,0,1,1,0.6705882352941176
cold_start,bbh_1558,agent-openrouter-deepseek-v3-006,0,0,1,0.6627906976744186
cold_start,bbh_1450,agent-openrouter-deepseek-v3-007,0,0,1,0.6551724137931034
cold_start,bbh_1526,agent-openrouter-deepseek-v3-008,0,0,1,0.6477272727272727
cold_start,bbh_1677,agent-openrouter-deepseek-v3-009,0,0,1,0.6404494382022472
cold_start,bbh_1501,agent-openrouter-deepseek-v3-010,0,1,1,0.6444444444444445
cold_start,bbh_1470,agent-openrouter-deepseek-v3-006,0,1,1,0.6483516483516484
cold_start,bbh_1437,agent-openrouter-deepseek-v3-007,0,1,1,0.6521739130434783
cold_start,bbh_1657,agent-openrouter-deepseek-v3-008,0,1,1,0.6559139784946236
cold_start,bbh_1557,agent-openrouter-deepseek-v3-009,0,0,1,0.648936170212766
cold_start,bbh_1645,agent-openrouter-deepseek-v3-010,0,1,1,0.6526315789473685
cold_start,bbh_1474,agent-openrouter-deepseek-v3-006,0,0,1,0.6458333333333334
cold_start,bbh_1541,agent-openrouter-deepseek-v3-007,0,1,1,0.6494845360824743
cold_start,bbh_1598,agent-openrouter-deepseek-v3-008,0,1,1,0.6530612244897959
cold_start,bbh_1519,agent-openrouter-deepseek-v3-009,0,0,1,0.6464646464646465
cold_start,bbh_1535,agent-openrouter-deepseek-v3-010,0,1,1,0.65
cold_start,bbh_685,agent-openrouter-deepseek-v3-006,0,0,1,0.6435643564356436
cold_start,bbh_647,agent-openrouter-deepseek-v3-007,0,1,1,0.6470588235294118
cold_start,bbh_511,agent-openrouter-deepseek-v3-008,0,0,1,0.6407766990291263
cold_start,bbh_607,agent-openrouter-deepseek-v3-009,0,1,1,0.6442307692307693
cold_start,bbh_466,agent-openrouter-deepseek-v3-010,0,0,1,0.638095238095238
cold_start,bbh_596,agent-openrouter-deepseek-v3-006,0,0,1,0.6320754716981132
cold_start,bbh_535,agent-openrouter-deepseek-v3-007,0,0,1,0.6261682242990654
cold_start,bbh_608,agent-openrouter-deepseek-v3-008,0,0,1,0.6203703703703703
cold_start,bbh_525,agent-openrouter-deepseek-v3-009,0,0,1,0.6146788990825688
cold_start,bbh_569,agent-openrouter-deepseek-v3-010,0,0,1,0.6090909090909091
cold_start,bbh_557,agent-openrouter-deepseek-v3-006,0,0,1,0.6036036036036037
cold_start,bbh_621,agent-openrouter-deepseek-v3-007,0,0,1,0.5982142857142857
cold_start,bbh_595,agent-openrouter-deepseek-v3-008,0,1,1,0.6017699115044248
cold_start,bbh_505,agent-openrouter-deepseek-v3-009,0,0,1,0.5964912280701754
cold_start,bbh_594,agent-openrouter-deepseek-v3-010,0,0,1,0.591304347826087
cold_start,bbh_468,agent-openrouter-deepseek-v3-006,0,0,1,0.5862068965517241
cold_start,bbh_445,agent-openrouter-deepseek-v3-007,0,1,1,0.5897435897435898
cold_start,bbh_537,agent-openrouter-deepseek-v3-008,0,0,1,0.5847457627118644
cold_start,bbh_612,agent-openrouter-deepseek-v3-009,0,1,1,0.5882352941176471
cold_start,bbh_597,agent-openrouter-deepseek-v3-010,0,1,1,0.5916666666666667
cold_start,bbh_654,agent-openrouter-deepseek-v3-006,0,0,1,0.5867768595041323
cold_start,bbh_665,agent-openrouter-deepseek-v3-007,0,1,1,0.5901639344262295
cold_start,bbh_465,agent-openrouter-deepseek-v3-008,0,0,1,0.5853658536585366
cold_start,bbh_482,agent-openrouter-deepseek-v3-009,0,0,1,0.5806451612903226
cold_start,bbh_659,agent-openrouter-deepseek-v3-010,0,1,1,0.584
cold_start,bbh_630,agent-openrouter-deepseek-v3-006,0,0,1,0.5793650793650794
cold_start,bbh_474,agent-openrouter-deepseek-v3-007,0,0,1,0.5748031496062992
cold_start,bbh_668,agent-openrouter-deepseek-v3-008,0,0,1,0.5703125
cold_start,bbh_444,agent-openrouter-deepseek-v3-009,0,1,1,0.5736434108527132
cold_start,bbh_633,agent-openrouter-deepseek-v3-010,0,0,1,0.5692307692307692
cold_start,bbh_667,agent-openrouter-deepseek-v3-006,0,0,1,0.5648854961832062
cold_start,bbh_578,agent-openrouter-deepseek-v3-007,0,0,1,0.5606060606060606
cold_start,bbh_461,agent-openrouter-deepseek-v3-008,0,1,1,0.5639097744360902
cold_start,bbh_495,agent-openrouter-deepseek-v3-009,0,0,1,0.5597014925373134
cold_start,bbh_490,agent-openrouter-deepseek-v3-010,0,0,1,0.5555555555555556
cold_start,bbh_590,agent-openrouter-deepseek-v3-006,0,0,1,0.5514705882352942
cold_start,bbh_481,agent-openrouter-deepseek-v3-007,0,0,1,0.5474452554744526
cold_start,bbh_478,agent-openrouter-deepseek-v3-008,0,0,1,0.5434782608695652
cold_start,bbh_458,agent-openrouter-deepseek-v3-009,0,1,1,0.5467625899280576
cold_start,bbh_488,agent-openrouter-deepseek-v3-010,0,0,1,0.5428571428571428
cold_start,bbh_509,agent-openrouter-deepseek-v3-006,0,0,1,0.5390070921985816
cold_start,bbh_552,agent-openrouter-deepseek-v3-007,0,0,1,0.5352112676056338
cold_start,bbh_670,agent-openrouter-deepseek-v3-008,0,0,1,0.5314685314685315
cold_start,bbh_592,agent-openrouter-deepseek-v3-009,0,0,1,0.5277777777777778
cold_start,bbh_584,agent-openrouter-deepseek-v3-010,0,1,1,0.5310344827586206
cold_start,bbh_627,agent-openrouter-deepseek-v3-006,0,1,1,0.5342465753424658
cold_start,bbh_622,agent-openrouter-deepseek-v3-007,0,0,1,0.5306122448979592
cold_start,bbh_531,agent-openrouter-deepseek-v3-008,0,1,1,0.5337837837837838
cold_start,bbh_631,agent-openrouter-deepseek-v3-009,0,1,1,0.5369127516778524
cold_start,bbh_599,agent-openrouter-deepseek-v3-010,0,0,1,0.5333333333333333
cold_start,bbh_530,agent-openrouter-deepseek-v3-006,0,1,1,0.5364238410596026
cold_start,bbh_576,agent-openrouter-deepseek-v3-007,0,0,1,0.5328947368421053
cold_start,bbh_628,agent-openrouter-deepseek-v3-008,0,0,1,0.5294117647058824
cold_start,bbh_573,agent-openrouter-deepseek-v3-009,0,0,1,0.525974025974026
cold_start,bbh_549,agent-openrouter-deepseek-v3-010,0,0,1,0.5225806451612903
cold_start,bbh_459,agent-openrouter-deepseek-v3-006,0,1,1,0.5256410256410257
cold_start,bbh_663,agent-openrouter-deepseek-v3-007,0,0,1,0.5222929936305732
cold_start,bbh_502,agent-openrouter-deepseek-v3-008,0,0,1,0.5189873417721519
cold_start,bbh_487,agent-openrouter-deepseek-v3-009,0,1,1,0.5220125786163522
cold_start,bbh_496,agent-openrouter-deepseek-v3-010,0,0,1,0.51875
cold_start,bbh_494,agent-openrouter-deepseek-v3-006,0,0,1,0.515527950310559
cold_start,bbh_646,agent-openrouter-deepseek-v3-007,0,0,1,0.5123456790123457
cold_start,bbh_558,agent-openrouter-deepseek-v3-008,0,0,1,0.50920245398773
cold_start,bbh_519,agent-openrouter-deepseek-v3-009,0,0,1,0.5060975609756098
cold_start,bbh_516,agent-openrouter-deepseek-v3-010,0,0,1,0.503030303030303
cold_start,bbh_619,agent-openrouter-deepseek-v3-006,0,0,1,0.5
cold_start,bbh_571,agent-openrouter-deepseek-v3-007,0,0,1,0.49700598802395207
cold_start,bbh_563,agent-openrouter-deepseek-v3-008,0,0,1,0.49404761904761907
cold_start,bbh_441,agent-openrouter-deepseek-v3-009,0,0,1,0.4911242603550296
cold_start,bbh_580,agent-openrouter-deepseek-v3-010,0,0,1,0.48823529411764705
cold_start,bbh_446,agent-openrouter-deepseek-v3-006,0,0,1,0.4853801169590643
cold_start,bbh_682,agent-openrouter-deepseek-v3-007,0,1,1,0.4883720930232558
cold_start,bbh_662,agent-openrouter-deepseek-v3-008,0,0,1,0.48554913294797686
cold_start,bbh_680,agent-openrouter-deepseek-v3-009,0,0,1,0.4827586206896552
cold_start,bbh_546,agent-openrouter-deepseek-v3-010,0,0,1,0.48
cold_start,bbh_638,agent-openrouter-deepseek-v3-006,0,1,1,0.48295454545454547
cold_start,bbh_640,agent-openrouter-deepseek-v3-007,0,0,1,0.480225988700565
cold_start,bbh_671,agent-openrouter-deepseek-v3-008,0,0,1,0.47752808988764045
cold_start,bbh_533,agent-openrouter-deepseek-v3-009,0,0,1,0.4748603351955307
cold_start,bbh_453,agent-openrouter-deepseek-v3-010,0,0,1,0.4722222222222222
cold_start,bbh_636,agent-openrouter-deepseek-v3-006,0,0,1,0.4696132596685083
cold_start,bbh_634,agent-openrouter-deepseek-v3-007,0,0,1,0.46703296703296704
cold_start,bbh_442,agent-openrouter-deepseek-v3-008,0,0,1,0.4644808743169399
cold_start,bbh_661,agent-openrouter-deepseek-v3-009,0,1,1,0.4673913043478261
cold_start,bbh_587,agent-openrouter-deepseek-v3-010,0,0,1,0.4648648648648649
cold_start,bbh_529,agent-openrouter-deepseek-v3-006,0,0,1,0.46236559139784944
cold_start,bbh_448,agent-openrouter-deepseek-v3-007,0,0,1,0.45989304812834225
cold_start,bbh_443,agent-openrouter-deepseek-v3-008,0,0,1,0.4574468085106383
cold_start,bbh_469,agent-openrouter-deepseek-v3-009,0,1,1,0.4603174603174603
cold_start,bbh_564,agent-openrouter-deepseek-v3-010,0,0,1,0.45789473684210524
cold_start,bbh_501,agent-openrouter-deepseek-v3-006,0,0,1,0.45549738219895286
cold_start,bbh_610,agent-openrouter-deepseek-v3-007,0,0,1,0.453125
cold_start,bbh_518,agent-openrouter-deepseek-v3-008,0,0,1,0.45077720207253885
cold_start,bbh_524,agent-openrouter-deepseek-v3-009,0,0,1,0.4484536082474227
cold_start,bbh_635,agent-openrouter-deepseek-v3-010,0,1,1,0.4512820512820513
cold_start,bbh_480,agent-openrouter-deepseek-v3-006,0,1,1,0.45408163265306123
cold_start,bbh_528,agent-openrouter-deepseek-v3-007,0,0,1,0.4517766497461929
cold_start,bbh_463,agent-openrouter-deepseek-v3-008,0,1,1,0.45454545454545453
cold_start,bbh_514,agent-openrouter-deepseek-v3-009,0,1,1,0.457286432160804
cold_start,bbh_562,agent-openrouter-deepseek-v3-010,0,0,1,0.455
pretrain,bbh_1386,"agent-openrouter-deepseek-v3-007,agent-openrouter-deepseek-v3-009,agent-openrouter-deepseek-v3-008,agent-openrouter-deepseek-v3-008",4,1,1,1.0
pretrain,bbh_1304,"agent-openrouter-deepseek-v3-009,agent-openrouter-deepseek-v3-007,agent-openrouter-deepseek-v3-008,agent-openrouter-deepseek-v3-009,agent-openrouter-deepseek-v3-008",5,1,1,1.0
pretrain,bbh_1302,"agent-openrouter-deepseek-v3-008,agent-openrouter-deepseek-v3-006,agent-openrouter-deepseek-v3-009,agent-openrouter-deepseek-v3-009,agent-openrouter-deepseek-v3-009",5,1,1,1.0
pretrain,bbh_1352,"agent-openrouter-deepseek-v3-008,agent-openrouter-deepseek-v3-009,agent-openrouter-deepseek-v3-006",3,1,1,1.0
pretrain,bbh_1191,"agent-openrouter-deepseek-v3-008,agent-openrouter-deepseek-v3-009,agent-openrouter-deepseek-v3-007",3,0,1,0.8
pretrain,bbh_1377,"agent-openrouter-deepseek-v3-008,agent-openrouter-deepseek-v3-009,agent-openrouter-deepseek-v3-007,agent-openrouter-deepseek-v3-008,agent-openrouter-deepseek-v3-008",5,1,1,0.8333333333333334
pretrain,bbh_1343,"agent-openrouter-deepseek-v3-008,agent-openrouter-deepseek-v3-007,agent-openrouter-deepseek-v3-009",3,1,1,0.8571428571428571
pretrain,bbh_1209,"agent-openrouter-deepseek-v3-006,agent-openrouter-deepseek-v3-007,agent-openrouter-deepseek-v3-010,agent-openrouter-deepseek-v3-007,agent-openrouter-deepseek-v3-007,agent-openrouter-deepseek-v3-008,agent-openrouter-deepseek-v3-008",7,1,1,0.875
pretrain,bbh_1392,"agent-openrouter-deepseek-v3-007,agent-openrouter-deepseek-v3-009,agent-openrouter-deepseek-v3-008,agent-openrouter-deepseek-v3-008,agent-openrouter-deepseek-v3-008",5,1,1,0.8888888888888888
pretrain,bbh_1234,"agent-openrouter-deepseek-v3-008,agent-openrouter-deepseek-v3-007,agent-openrouter-deepseek-v3-009,agent-openrouter-deepseek-v3-008,agent-openrouter-deepseek-v3-008",5,1,1,0.9
pretrain,bbh_1276,"agent-openrouter-deepseek-v3-007,agent-openrouter-deepseek-v3-006,agent-openrouter-deepseek-v3-009,agent-openrouter-deepseek-v3-006,agent-openrouter-deepseek-v3-008",5,1,1,0.9090909090909091
pretrain,bbh_1314,"agent-openrouter-deepseek-v3-009,agent-openrouter-deepseek-v3-008,agent-openrouter-deepseek-v3-006,agent-openrouter-deepseek-v3-008,agent-openrouter-deepseek-v3-008",5,1,1,0.9166666666666666
pretrain,bbh_1265,"agent-openrouter-deepseek-v3-008,agent-openrouter-deepseek-v3-007,agent-openrouter-deepseek-v3-009,agent-openrouter-deepseek-v3-008,agent-openrouter-deepseek-v3-008",5,0,1,0.8461538461538461
pretrain,bbh_1434,"agent-openrouter-deepseek-v3-007,agent-openrouter-deepseek-v3-008,agent-openrouter-deepseek-v3-009,agent-openrouter-deepseek-v3-007,agent-openrouter-deepseek-v3-008",5,0,1,0.7857142857142857
pretrain,bbh_1321,"agent-openrouter-deepseek-v3-007,agent-openrouter-deepseek-v3-010,agent-openrouter-deepseek-v3-009,agent-openrouter-deepseek-v3-010,agent-openrouter-deepseek-v3-008",5,1,1,0.8
pretrain,bbh_1347,"agent-openrouter-deepseek-v3-007,agent-openrouter-deepseek-v3-009,agent-openrouter-deepseek-v3-008,agent-openrouter-deepseek-v3-008",4,1,1,0.8125
pretrain,bbh_1242,"agent-openrouter-deepseek-v3-007,agent-openrouter-deepseek-v3-008,agent-openrouter-deepseek-v3-009,agent-openrouter-deepseek-v3-008,agent-openrouter-deepseek-v3-008",5,1,1,0.8235294117647058
pretrain,bbh_1228,"agent-openrouter-deepseek-v3-008,agent-openrouter-deepseek-v3-006,agent-openrouter-deepseek-v3-007",3,1,1,0.8333333333333334
pretrain,bbh_1251,"agent-openrouter-deepseek-v3-006,agent-openrouter-deepseek-v3-007,agent-openrouter-deepseek-v3-008,agent-openrouter-deepseek-v3-009,agent-openrouter-deepseek-v3-008",5,0,1,0.7894736842105263
pretrain,bbh_1311,"agent-openrouter-deepseek-v3-009,agent-openrouter-deepseek-v3-007,agent-openrouter-deepseek-v3-008,agent-openrouter-deepseek-v3-007,agent-openrouter-deepseek-v3-007,agent-openrouter-deepseek-v3-009,agent-openrouter-deepseek-v3-009,agent-openrouter-deepseek-v3-008",8,1,1,0.8
pretrain,bbh_1202,"agent-openrouter-deepseek-v3-007,agent-openrouter-deepseek-v3-008,agent-openrouter-deepseek-v3-009,agent-openrouter-deepseek-v3-007,agent-openrouter-deepseek-v3-008",5,1,1,0.8095238095238095
pretrain,bbh_1430,"agent-openrouter-deepseek-v3-009,agent-openrouter-deepseek-v3-008,agent-openrouter-deepseek-v3-007,agent-openrouter-deepseek-v3-008,agent-openrouter-deepseek-v3-008",5,1,1,0.8181818181818182
pretrain,bbh_1389,"agent-openrouter-deepseek-v3-006,agent-openrouter-deepseek-v3-007,agent-openrouter-deepseek-v3-008,agent-openrouter-deepseek-v3-006,agent-openrouter-deepseek-v3-008",5,1,1,0.8260869565217391
pretrain,bbh_1361,"agent-openrouter-deepseek-v3-009,agent-openrouter-deepseek-v3-008,agent-openrouter-deepseek-v3-007,agent-openrouter-deepseek-v3-009,agent-openrouter-deepseek-v3-008",5,1,1,0.8333333333333334
pretrain,bbh_1366,"agent-openrouter-deepseek-v3-008,agent-openrouter-deepseek-v3-009,agent-openrouter-deepseek-v3-007,agent-openrouter-deepseek-v3-008,agent-openrouter-deepseek-v3-008",5,1,1,0.84
pretrain,bbh_1255,"agent-openrouter-deepseek-v3-007,agent-openrouter-deepseek-v3-008,agent-openrouter-deepseek-v3-009,agent-openrouter-deepseek-v3-007,agent-openrouter-deepseek-v3-008",5,1,1,0.8461538461538461
pretrain,bbh_1322,"agent-openrouter-deepseek-v3-007,agent-openrouter-deepseek-v3-009,agent-openrouter-deepseek-v3-008,agent-openrouter-deepseek-v3-008",4,1,1,0.8518518518518519
pretrain,bbh_1312,"agent-openrouter-deepseek-v3-007,agent-openrouter-deepseek-v3-008,agent-openrouter-deepseek-v3-009,agent-openrouter-deepseek-v3-008,agent-openrouter-deepseek-v3-008",5,0,1,0.8214285714285714
pretrain,bbh_1379,"agent-openrouter-deepseek-v3-007,agent-openrouter-deepseek-v3-009,agent-openrouter-deepseek-v3-008,agent-openrouter-deepseek-v3-009,agent-openrouter-deepseek-v3-009,agent-openrouter-deepseek-v3-009,agent-openrouter-deepseek-v3-009,agent-openrouter-deepseek-v3-008",8,1,1,0.8275862068965517
pretrain,bbh_1381,"agent-openrouter-deepseek-v3-008,agent-openrouter-deepseek-v3-007,agent-openrouter-deepseek-v3-009",3,1,1,0.8333333333333334
pretrain,bbh_1201,"agent-openrouter-deepseek-v3-009,agent-openrouter-deepseek-v3-008,agent-openrouter-deepseek-v3-007,agent-openrouter-deepseek-v3-009,agent-openrouter-deepseek-v3-008",5,1,1,0.8387096774193549
pretrain,bbh_1200,"agent-openrouter-deepseek-v3-008,agent-openrouter-deepseek-v3-007,agent-openrouter-deepseek-v3-009,agent-openrouter-deepseek-v3-008",4,1,1,0.84375
pretrain,bbh_1340,"agent-openrouter-deepseek-v3-007,agent-openrouter-deepseek-v3-006,agent-openrouter-deepseek-v3-008,agent-openrouter-deepseek-v3-006,agent-openrouter-deepseek-v3-008",5,1,1,0.8484848484848485
pretrain,bbh_1245,"agent-openrouter-deepseek-v3-007,agent-openrouter-deepseek-v3-009,agent-openrouter-deepseek-v3-008,agent-openrouter-deepseek-v3-007,agent-openrouter-deepseek-v3-007,agent-openrouter-deepseek-v3-007,agent-openrouter-deepseek-v3-009",7,1,1,0.8529411764705882
pretrain,bbh_1203,"agent-openrouter-deepseek-v3-007,agent-openrouter-deepseek-v3-008,agent-openrouter-deepseek-v3-009,agent-openrouter-deepseek-v3-007,agent-openrouter-deepseek-v3-008",5,1,1,0.8571428571428571
pretrain,bbh_1190,"agent-openrouter-deepseek-v3-008,agent-openrouter-deepseek-v3-007,agent-openrouter-deepseek-v3-009,agent-openrouter-deepseek-v3-008,agent-openrouter-deepseek-v3-008",5,1,1,0.8611111111111112
pretrain,bbh_1367,"agent-openrouter-deepseek-v3-009,agent-openrouter-deepseek-v3-007,agent-openrouter-deepseek-v3-008,agent-openrouter-deepseek-v3-009,agent-openrouter-deepseek-v3-007,agent-openrouter-deepseek-v3-006,agent-openrouter-deepseek-v3-008",7,1,1,0.8648648648648649
pretrain,bbh_1351,"agent-openrouter-deepseek-v3-006,agent-openrouter-deepseek-v3-008,agent-openrouter-deepseek-v3-007,agent-openrouter-deepseek-v3-006,agent-openrouter-deepseek-v3-008",5,1,1,0.868421052631579
pretrain,bbh_1254,"agent-openrouter-deepseek-v3-006,agent-openrouter-deepseek-v3-009,agent-openrouter-deepseek-v3-008,agent-openrouter-deepseek-v3-008,agent-openrouter-deepseek-v3-008",5,1,1,0.8717948717948718
pretrain,bbh_1258,"agent-openrouter-deepseek-v3-007,agent-openrouter-deepseek-v3-008,agent-openrouter-deepseek-v3-009,agent-openrouter-deepseek-v3-007,agent-openrouter-deepseek-v3-008",5,0,1,0.85
pretrain,bbh_1192,"agent-openrouter-deepseek-v3-007,agent-openrouter-deepseek-v3-009,agent-openrouter-deepseek-v3-008,agent-openrouter-deepseek-v3-007,agent-openrouter-deepseek-v3-008",5,1,1,0.8536585365853658
pretrain,bbh_1402,"agent-openrouter-deepseek-v3-006,agent-openrouter-deepseek-v3-007,agent-openrouter-deepseek-v3-009,agent-openrouter-deepseek-v3-008",4,0,1,0.8333333333333334
pretrain,bbh_1409,"agent-openrouter-deepseek-v3-008,agent-openrouter-deepseek-v3-007,agent-openrouter-deepseek-v3-009",3,0,1,0.813953488372093
pretrain,bbh_1287,"agent-openrouter-deepseek-v3-009,agent-openrouter-deepseek-v3-008,agent-openrouter-deepseek-v3-007,agent-openrouter-deepseek-v3-008,agent-openrouter-deepseek-v3-008",5,1,1,0.8181818181818182
pretrain,bbh_1330,"agent-openrouter-deepseek-v3-009,agent-openrouter-deepseek-v3-006,agent-openrouter-deepseek-v3-007,agent-openrouter-deepseek-v3-009,agent-openrouter-deepseek-v3-008",5,1,1,0.8222222222222222
pretrain,bbh_1374,"agent-openrouter-deepseek-v3-008,agent-openrouter-deepseek-v3-009,agent-openrouter-deepseek-v3-007,agent-openrouter-deepseek-v3-008,agent-openrouter-deepseek-v3-008",5,1,1,0.8260869565217391
pretrain,bbh_1299,"agent-openrouter-deepseek-v3-007,agent-openrouter-deepseek-v3-009,agent-openrouter-deepseek-v3-008,agent-openrouter-deepseek-v3-008",4,1,1,0.8297872340425532
pretrain,bbh_1364,"agent-openrouter-deepseek-v3-009,agent-openrouter-deepseek-v3-008,agent-openrouter-deepseek-v3-007,agent-openrouter-deepseek-v3-008,agent-openrouter-deepseek-v3-008",5,1,1,0.8333333333333334
pretrain,bbh_1226,"agent-openrouter-deepseek-v3-008,agent-openrouter-deepseek-v3-007,agent-openrouter-deepseek-v3-006",3,0,1,0.8163265306122449
pretrain,bbh_1273,"agent-openrouter-deepseek-v3-010,agent-openrouter-deepseek-v3-006,agent-openrouter-deepseek-v3-009,agent-openrouter-deepseek-v3-007,agent-openrouter-deepseek-v3-006",5,1,1,0.82
pretrain,bbh_1288,"agent-openrouter-deepseek-v3-007,agent-openrouter-deepseek-v3-009,agent-openrouter-deepseek-v3-008,agent-openrouter-deepseek-v3-007,agent-openrouter-deepseek-v3-008",5,1,1,0.8235294117647058
pretrain,bbh_1281,"agent-openrouter-deepseek-v3-008,agent-openrouter-deepseek-v3-006,agent-openrouter-deepseek-v3-009,agent-openrouter-deepseek-v3-008,agent-openrouter-deepseek-v3-008",5,1,1,0.8269230769230769
pretrain,bbh_1233,"agent-openrouter-deepseek-v3-008,agent-openrouter-deepseek-v3-009,agent-openrouter-deepseek-v3-010",3,1,1,0.8301886792452831
pretrain,bbh_1212,"agent-openrouter-deepseek-v3-007,agent-openrouter-deepseek-v3-009,agent-openrouter-deepseek-v3-008,agent-openrouter-deepseek-v3-007,agent-openrouter-deepseek-v3-008",5,0,1,0.8148148148148148
pretrain,bbh_1238,"agent-openrouter-deepseek-v3-007,agent-openrouter-deepseek-v3-009,agent-openrouter-deepseek-v3-008,agent-openrouter-deepseek-v3-007,agent-openrouter-deepseek-v3-008",5,1,1,0.8181818181818182
pretrain,bbh_1383,"agent-openrouter-deepseek-v3-009,agent-openrouter-deepseek-v3-007,agent-openrouter-deepseek-v3-008,agent-openrouter-deepseek-v3-007,agent-openrouter-deepseek-v3-009",5,1,1,0.8214285714285714
pretrain,bbh_1391,"agent-openrouter-deepseek-v3-006,agent-openrouter-deepseek-v3-009,agent-openrouter-deepseek-v3-008,agent-openrouter-deepseek-v3-006,agent-openrouter-deepseek-v3-008",5,1,1,0.8245614035087719
pretrain,bbh_1399,"agent-openrouter-deepseek-v3-007,agent-openrouter-deepseek-v3-009,agent-openrouter-deepseek-v3-008,agent-openrouter-deepseek-v3-007,agent-openrouter-deepseek-v3-008",5,1,1,0.8275862068965517
pretrain,bbh_1211,"agent-openrouter-deepseek-v3-006,agent-openrouter-deepseek-v3-007,agent-openrouter-deepseek-v3-009,agent-openrouter-deepseek-v3-009,agent-openrouter-deepseek-v3-009,agent-openrouter-deepseek-v3-007,agent-openrouter-deepseek-v3-008",7,1,1,0.8305084745762712
pretrain,bbh_1329,"agent-openrouter-deepseek-v3-007,agent-openrouter-deepseek-v3-009,agent-openrouter-deepseek-v3-008,agent-openrouter-deepseek-v3-007,agent-openrouter-deepseek-v3-008",5,1,1,0.8333333333333334
pretrain,bbh_1309,"agent-openrouter-deepseek-v3-007,agent-openrouter-deepseek-v3-009,agent-openrouter-deepseek-v3-008,agent-openrouter-deepseek-v3-008",4,1,1,0.8360655737704918
pretrain,bbh_1274,"agent-openrouter-deepseek-v3-007,agent-openrouter-deepseek-v3-008,agent-openrouter-deepseek-v3-009,agent-openrouter-deepseek-v3-007,agent-openrouter-deepseek-v3-008",5,1,1,0.8387096774193549
pretrain,bbh_1406,"agent-openrouter-deepseek-v3-009,agent-openrouter-deepseek-v3-008,agent-openrouter-deepseek-v3-007,agent-openrouter-deepseek-v3-009,agent-openrouter-deepseek-v3-008",5,0,1,0.8253968253968254
pretrain,bbh_1420,"agent-openrouter-deepseek-v3-008,agent-openrouter-deepseek-v3-007,agent-openrouter-deepseek-v3-010,agent-openrouter-deepseek-v3-008,agent-openrouter-deepseek-v3-008",5,0,1,0.8125
pretrain,bbh_1315,"agent-openrouter-deepseek-v3-008,agent-openrouter-deepseek-v3-009,agent-openrouter-deepseek-v3-007",3,1,1,0.8153846153846154
pretrain,bbh_1215,"agent-openrouter-deepseek-v3-008,agent-openrouter-deepseek-v3-007,agent-openrouter-deepseek-v3-006,agent-openrouter-deepseek-v3-008,agent-openrouter-deepseek-v3-008",5,1,1,0.8181818181818182
pretrain,bbh_1372,"agent-openrouter-deepseek-v3-008,agent-openrouter-deepseek-v3-007,agent-openrouter-deepseek-v3-009",3,1,1,0.8208955223880597
pretrain,bbh_1396,"agent-openrouter-deepseek-v3-008,agent-openrouter-deepseek-v3-007,agent-openrouter-deepseek-v3-009",3,1,1,0.8235294117647058
pretrain,bbh_1225,"agent-openrouter-deepseek-v3-008,agent-openrouter-deepseek-v3-007,agent-openrouter-deepseek-v3-009",3,1,1,0.8260869565217391
pretrain,bbh_1325,"agent-openrouter-deepseek-v3-007,agent-openrouter-deepseek-v3-006,agent-openrouter-deepseek-v3-009,agent-openrouter-deepseek-v3-006,agent-openrouter-deepseek-v3-008",5,1,1,0.8285714285714286
pretrain,bbh_1431,"agent-openrouter-deepseek-v3-007,agent-openrouter-deepseek-v3-009,agent-openrouter-deepseek-v3-008,agent-openrouter-deepseek-v3-007,agent-openrouter-deepseek-v3-008",5,1,1,0.8309859154929577
pretrain,bbh_1248,"agent-openrouter-deepseek-v3-008,agent-openrouter-deepseek-v3-007,agent-openrouter-deepseek-v3-009,agent-openrouter-deepseek-v3-008,agent-openrouter-deepseek-v3-008",5,1,1,0.8333333333333334
pretrain,bbh_1421,"agent-openrouter-deepseek-v3-007,agent-openrouter-deepseek-v3-006,agent-openrouter-deepseek-v3-008",3,1,1,0.8356164383561644
pretrain,bbh_1397,"agent-openrouter-deepseek-v3-008,agent-openrouter-deepseek-v3-007,agent-openrouter-deepseek-v3-009,agent-openrouter-deepseek-v3-008,agent-openrouter-deepseek-v3-008,agent-openrouter-deepseek-v3-008,agent-openrouter-deepseek-v3-008",7,1,1,0.8378378378378378
pretrain,bbh_1189,"agent-openrouter-deepseek-v3-008,agent-openrouter-deepseek-v3-009,agent-openrouter-deepseek-v3-007",3,1,1,0.84
pretrain,bbh_1261,"agent-openrouter-deepseek-v3-007,agent-openrouter-deepseek-v3-009,agent-openrouter-deepseek-v3-008,agent-openrouter-deepseek-v3-007,agent-openrouter-deepseek-v3-008",5,1,1,0.8421052631578947
pretrain,bbh_1277,"agent-openrouter-deepseek-v3-008,agent-openrouter-deepseek-v3-009,agent-openrouter-deepseek-v3-007",3,1,1,0.8441558441558441
pretrain,bbh_1333,"agent-openrouter-deepseek-v3-006,agent-openrouter-deepseek-v3-008,agent-openrouter-deepseek-v3-007,agent-openrouter-deepseek-v3-007,agent-openrouter-deepseek-v3-008",5,1,1,0.8461538461538461
pretrain,bbh_1213,"agent-openrouter-deepseek-v3-008,agent-openrouter-deepseek-v3-006,agent-openrouter-deepseek-v3-009,agent-openrouter-deepseek-v3-008,agent-openrouter-deepseek-v3-008",5,1,1,0.8481012658227848
pretrain,bbh_1194,"agent-openrouter-deepseek-v3-008,agent-openrouter-deepseek-v3-007,agent-openrouter-deepseek-v3-009,agent-openrouter-deepseek-v3-007,agent-openrouter-deepseek-v3-008",5,1,1,0.85
pretrain,bbh_1350,"agent-openrouter-deepseek-v3-008,agent-openrouter-deepseek-v3-009,agent-openrouter-deepseek-v3-010,agent-openrouter-deepseek-v3-008,agent-openrouter-deepseek-v3-008",5,0,1,0.8395061728395061
pretrain,bbh_1246,"agent-openrouter-deepseek-v3-007,agent-openrouter-deepseek-v3-008,agent-openrouter-deepseek-v3-009,agent-openrouter-deepseek-v3-007,agent-openrouter-deepseek-v3-008",5,1,1,0.8414634146341463
pretrain,bbh_1307,"agent-openrouter-deepseek-v3-007,agent-openrouter-deepseek-v3-009,agent-openrouter-deepseek-v3-008,agent-openrouter-deepseek-v3-007,agent-openrouter-deepseek-v3-008",5,1,1,0.8433734939759037
pretrain,bbh_1382,"agent-openrouter-deepseek-v3-009,agent-openrouter-deepseek-v3-008,agent-openrouter-deepseek-v3-007,agent-openrouter-deepseek-v3-009,agent-openrouter-deepseek-v3-008",5,0,1,0.8333333333333334
pretrain,bbh_1239,"agent-openrouter-deepseek-v3-008,agent-openrouter-deepseek-v3-009,agent-openrouter-deepseek-v3-007,agent-openrouter-deepseek-v3-008,agent-openrouter-deepseek-v3-008",5,0,1,0.8235294117647058
pretrain,bbh_1370,"agent-openrouter-deepseek-v3-009,agent-openrouter-deepseek-v3-008,agent-openrouter-deepseek-v3-007,agent-openrouter-deepseek-v3-008,agent-openrouter-deepseek-v3-008",5,1,1,0.8255813953488372
pretrain,bbh_1195,"agent-openrouter-deepseek-v3-008,agent-openrouter-deepseek-v3-009,agent-openrouter-deepseek-v3-007",3,1,1,0.8275862068965517
pretrain,bbh_1387,"agent-openrouter-deepseek-v3-007,agent-openrouter-deepseek-v3-009,agent-openrouter-deepseek-v3-008,agent-openrouter-deepseek-v3-007,agent-openrouter-deepseek-v3-009",5,0,1,0.8181818181818182
pretrain,bbh_1279,"agent-openrouter-deepseek-v3-008,agent-openrouter-deepseek-v3-009,agent-openrouter-deepseek-v3-007",3,1,1,0.8202247191011236
pretrain,bbh_1432,"agent-openrouter-deepseek-v3-008,agent-openrouter-deepseek-v3-007,agent-openrouter-deepseek-v3-009,agent-openrouter-deepseek-v3-008,agent-openrouter-deepseek-v3-008",5,1,1,0.8222222222222222
pretrain,bbh_1418,"agent-openrouter-deepseek-v3-008,agent-openrouter-deepseek-v3-009,agent-openrouter-deepseek-v3-007",3,0,1,0.8131868131868132
pretrain,bbh_1425,"agent-openrouter-deepseek-v3-007,agent-openrouter-deepseek-v3-008,agent-openrouter-deepseek-v3-009,agent-openrouter-deepseek-v3-008,agent-openrouter-deepseek-v3-008",5,1,1,0.8152173913043478
pretrain,bbh_1206,"agent-openrouter-deepseek-v3-008,agent-openrouter-deepseek-v3-007,agent-openrouter-deepseek-v3-009,agent-openrouter-deepseek-v3-008,agent-openrouter-deepseek-v3-008",5,1,1,0.8172043010752689
pretrain,bbh_1404,"agent-openrouter-deepseek-v3-009,agent-openrouter-deepseek-v3-007,agent-openrouter-deepseek-v3-008,agent-openrouter-deepseek-v3-009,agent-openrouter-deepseek-v3-009",5,1,1,0.8191489361702128
pretrain,bbh_1197,"agent-openrouter-deepseek-v3-006,agent-openrouter-deepseek-v3-008,agent-openrouter-deepseek-v3-007",3,1,1,0.8210526315789474
pretrain,bbh_1256,"agent-openrouter-deepseek-v3-007,agent-openrouter-deepseek-v3-008,agent-openrouter-deepseek-v3-009,agent-openrouter-deepseek-v3-007,agent-openrouter-deepseek-v3-008",5,1,1,0.8229166666666666
pretrain,bbh_1227,"agent-openrouter-deepseek-v3-008,agent-openrouter-deepseek-v3-007,agent-openrouter-deepseek-v3-009,agent-openrouter-deepseek-v3-008,agent-openrouter-deepseek-v3-008",5,1,1,0.8247422680412371
pretrain,bbh_1229,"agent-openrouter-deepseek-v3-009,agent-openrouter-deepseek-v3-007,agent-openrouter-deepseek-v3-008,agent-openrouter-deepseek-v3-009,agent-openrouter-deepseek-v3-008",5,1,1,0.826530612244898
pretrain,bbh_1353,"agent-openrouter-deepseek-v3-008,agent-openrouter-deepseek-v3-007,agent-openrouter-deepseek-v3-009,agent-openrouter-deepseek-v3-008,agent-openrouter-deepseek-v3-008",5,0,1,0.8181818181818182
pretrain,bbh_1292,"agent-openrouter-deepseek-v3-007,agent-openrouter-deepseek-v3-008,agent-openrouter-deepseek-v3-006,agent-openrouter-deepseek-v3-008,agent-openrouter-deepseek-v3-008",5,0,1,0.81
pretrain,bbh_1761,"agent-openrouter-deepseek-v3-008,agent-openrouter-deepseek-v3-007,agent-openrouter-deepseek-v3-009,agent-openrouter-deepseek-v3-008",4,1,1,0.8118811881188119
pretrain,bbh_1734,"agent-openrouter-deepseek-v3-008,agent-openrouter-deepseek-v3-009,agent-openrouter-deepseek-v3-007,agent-openrouter-deepseek-v3-008,agent-openrouter-deepseek-v3-008",5,1,1,0.8137254901960784
pretrain,bbh_1841,"agent-openrouter-deepseek-v3-008,agent-openrouter-deepseek-v3-007,agent-openrouter-deepseek-v3-009,agent-openrouter-deepseek-v3-008,agent-openrouter-deepseek-v3-008,agent-openrouter-deepseek-v3-008,agent-openrouter-deepseek-v3-008",7,1,1,0.8155339805825242
pretrain,bbh_1792,"agent-openrouter-deepseek-v3-007,agent-openrouter-deepseek-v3-008,agent-openrouter-deepseek-v3-009,agent-openrouter-deepseek-v3-007,agent-openrouter-deepseek-v3-007,agent-openrouter-deepseek-v3-008,agent-openrouter-deepseek-v3-008",7,1,1,0.8173076923076923
pretrain,bbh_1836,"agent-openrouter-deepseek-v3-008,agent-openrouter-deepseek-v3-007,agent-openrouter-deepseek-v3-009,agent-openrouter-deepseek-v3-008,agent-openrouter-deepseek-v3-008",5,1,1,0.819047619047619
pretrain,bbh_1705,"agent-openrouter-deepseek-v3-008,agent-openrouter-deepseek-v3-007,agent-openrouter-deepseek-v3-009,agent-openrouter-deepseek-v3-008",4,1,1,0.8207547169811321
pretrain,bbh_1917,"agent-openrouter-deepseek-v3-008,agent-openrouter-deepseek-v3-007,agent-openrouter-deepseek-v3-009,agent-openrouter-deepseek-v3-008,agent-openrouter-deepseek-v3-008",5,0,1,0.8130841121495327
pretrain,bbh_1888,"agent-openrouter-deepseek-v3-007,agent-openrouter-deepseek-v3-008,agent-openrouter-deepseek-v3-009,agent-openrouter-deepseek-v3-008,agent-openrouter-deepseek-v3-008",5,1,1,0.8148148148148148
pretrain,bbh_1928,"agent-openrouter-deepseek-v3-007,agent-openrouter-deepseek-v3-008,agent-openrouter-deepseek-v3-009,agent-openrouter-deepseek-v3-007,agent-openrouter-deepseek-v3-008,agent-openrouter-deepseek-v3-008",6,1,1,0.8165137614678899
pretrain,bbh_1918,"agent-openrouter-deepseek-v3-008,agent-openrouter-deepseek-v3-009,agent-openrouter-deepseek-v3-007,agent-openrouter-deepseek-v3-008,agent-openrouter-deepseek-v3-008",5,1,1,0.8181818181818182
pretrain,bbh_1871,"agent-openrouter-deepseek-v3-008,agent-openrouter-deepseek-v3-009,agent-openrouter-deepseek-v3-007,agent-openrouter-deepseek-v3-008,agent-openrouter-deepseek-v3-008",5,1,1,0.8198198198198198
pretrain,bbh_1864,"agent-openrouter-deepseek-v3-008,agent-openrouter-deepseek-v3-009,agent-openrouter-deepseek-v3-007,agent-openrouter-deepseek-v3-008,agent-openrouter-deepseek-v3-008",5,1,1,0.8214285714285714
pretrain,bbh_1787,"agent-openrouter-deepseek-v3-008,agent-openrouter-deepseek-v3-009,agent-openrouter-deepseek-v3-007,agent-openrouter-deepseek-v3-008,agent-openrouter-deepseek-v3-008",5,1,1,0.8230088495575221
pretrain,bbh_1698,"agent-openrouter-deepseek-v3-008,agent-openrouter-deepseek-v3-007,agent-openrouter-deepseek-v3-009,agent-openrouter-deepseek-v3-008,agent-openrouter-deepseek-v3-008",5,0,1,0.8157894736842105
pretrain,bbh_1850,"agent-openrouter-deepseek-v3-008,agent-openrouter-deepseek-v3-007,agent-openrouter-deepseek-v3-009,agent-openrouter-deepseek-v3-008,agent-openrouter-deepseek-v3-008,agent-openrouter-deepseek-v3-008,agent-openrouter-deepseek-v3-008",7,1,1,0.8173913043478261
pretrain,bbh_1909,"agent-openrouter-deepseek-v3-007,agent-openrouter-deepseek-v3-008,agent-openrouter-deepseek-v3-009,agent-openrouter-deepseek-v3-008,agent-openrouter-deepseek-v3-008",5,1,1,0.8189655172413793
pretrain,bbh_1687,"agent-openrouter-deepseek-v3-008,agent-openrouter-deepseek-v3-007,agent-openrouter-deepseek-v3-009,agent-openrouter-deepseek-v3-008,agent-openrouter-deepseek-v3-008",5,0,1,0.811965811965812
pretrain,bbh_1803,"agent-openrouter-deepseek-v3-008,agent-openrouter-deepseek-v3-009,agent-openrouter-deepseek-v3-007,agent-openrouter-deepseek-v3-008",4,1,1,0.8135593220338984
pretrain,bbh_1877,"agent-openrouter-deepseek-v3-008,agent-openrouter-deepseek-v3-007,agent-openrouter-deepseek-v3-009,agent-openrouter-deepseek-v3-008",4,1,1,0.8151260504201681
pretrain,bbh_1882,"agent-openrouter-deepseek-v3-007,agent-openrouter-deepseek-v3-008,agent-openrouter-deepseek-v3-009,agent-openrouter-deepseek-v3-008",4,1,1,0.8166666666666667
pretrain,bbh_1837,"agent-openrouter-deepseek-v3-008,agent-openrouter-deepseek-v3-009,agent-openrouter-deepseek-v3-007,agent-openrouter-deepseek-v3-008",4,0,1,0.8099173553719008
pretrain,bbh_1828,"agent-openrouter-deepseek-v3-008,agent-openrouter-deepseek-v3-007,agent-openrouter-deepseek-v3-009,agent-openrouter-deepseek-v3-008,agent-openrouter-deepseek-v3-008",5,1,1,0.8114754098360656
pretrain,bbh_1891,"agent-openrouter-deepseek-v3-007,agent-openrouter-deepseek-v3-008,agent-openrouter-deepseek-v3-009,agent-openrouter-deepseek-v3-007,agent-openrouter-deepseek-v3-008,agent-openrouter-deepseek-v3-008",6,1,1,0.8130081300813008
pretrain,bbh_1833,"agent-openrouter-deepseek-v3-007,agent-openrouter-deepseek-v3-009,agent-openrouter-deepseek-v3-008,agent-openrouter-deepseek-v3-008,agent-openrouter-deepseek-v3-008",5,1,1,0.8145161290322581
pretrain,bbh_1830,"agent-openrouter-deepseek-v3-008,agent-openrouter-deepseek-v3-007,agent-openrouter-deepseek-v3-009,agent-openrouter-deepseek-v3-008,agent-openrouter-deepseek-v3-008",5,1,1,0.816
pretrain,bbh_1695,"agent-openrouter-deepseek-v3-008,agent-openrouter-deepseek-v3-007,agent-openrouter-deepseek-v3-009,agent-openrouter-deepseek-v3-008,agent-openrouter-deepseek-v3-008",5,0,1,0.8095238095238095
pretrain,bbh_1906,"agent-openrouter-deepseek-v3-010,agent-openrouter-deepseek-v3-007,agent-openrouter-deepseek-v3-008,agent-openrouter-deepseek-v3-008",4,1,1,0.8110236220472441
pretrain,bbh_1707,"agent-openrouter-deepseek-v3-008,agent-openrouter-deepseek-v3-007,agent-openrouter-deepseek-v3-009,agent-openrouter-deepseek-v3-008,agent-openrouter-deepseek-v3-008",5,1,1,0.8125
pretrain,bbh_1746,"agent-openrouter-deepseek-v3-010,agent-openrouter-deepseek-v3-009,agent-openrouter-deepseek-v3-008,agent-openrouter-deepseek-v3-010,agent-openrouter-deepseek-v3-008",5,1,1,0.813953488372093
pretrain,bbh_1807,"agent-openrouter-deepseek-v3-010,agent-openrouter-deepseek-v3-007,agent-openrouter-deepseek-v3-006,agent-openrouter-deepseek-v3-007,agent-openrouter-deepseek-v3-008,agent-openrouter-deepseek-v3-008",6,1,1,0.8153846153846154
pretrain,bbh_1892,"agent-openrouter-deepseek-v3-006,agent-openrouter-deepseek-v3-007,agent-openrouter-deepseek-v3-009,agent-openrouter-deepseek-v3-007,agent-openrouter-deepseek-v3-010,agent-openrouter-deepseek-v3-008",6,1,1,0.816793893129771
pretrain,bbh_1935,"agent-openrouter-deepseek-v3-007,agent-openrouter-deepseek-v3-008,agent-openrouter-deepseek-v3-009,agent-openrouter-deepseek-v3-008,agent-openrouter-deepseek-v3-008",5,0,1,0.8106060606060606
pretrain,bbh_1861,"agent-openrouter-deepseek-v3-007,agent-openrouter-deepseek-v3-008,agent-openrouter-deepseek-v3-009,agent-openrouter-deepseek-v3-010,agent-openrouter-deepseek-v3-008",5,1,1,0.8120300751879699
pretrain,bbh_1910,"agent-openrouter-deepseek-v3-008,agent-openrouter-deepseek-v3-007,agent-openrouter-deepseek-v3-009,agent-openrouter-deepseek-v3-008",4,1,1,0.8134328358208955
pretrain,bbh_1908,"agent-openrouter-deepseek-v3-008,agent-openrouter-deepseek-v3-007,agent-openrouter-deepseek-v3-009,agent-openrouter-deepseek-v3-008,agent-openrouter-deepseek-v3-008,agent-openrouter-deepseek-v3-008",6,1,1,0.8148148148148148
pretrain,bbh_1736,"agent-openrouter-deepseek-v3-007,agent-openrouter-deepseek-v3-008,agent-openrouter-deepseek-v3-009,agent-openrouter-deepseek-v3-008,agent-openrouter-deepseek-v3-008",5,1,1,0.8161764705882353
pretrain,bbh_1881,"agent-openrouter-deepseek-v3-007,agent-openrouter-deepseek-v3-008,agent-openrouter-deepseek-v3-009,agent-openrouter-deepseek-v3-008,agent-openrouter-deepseek-v3-008",5,1,1,0.8175182481751825
pretrain,bbh_1715,"agent-openrouter-deepseek-v3-010,agent-openrouter-deepseek-v3-008,agent-openrouter-deepseek-v3-007,agent-openrouter-deepseek-v3-008,agent-openrouter-deepseek-v3-008",5,1,1,0.8188405797101449
pretrain,bbh_1778,"agent-openrouter-deepseek-v3-008,agent-openrouter-deepseek-v3-009,agent-openrouter-deepseek-v3-007,agent-openrouter-deepseek-v3-008",4,1,1,0.8201438848920863
pretrain,bbh_1720,"agent-openrouter-deepseek-v3-007,agent-openrouter-deepseek-v3-008,agent-openrouter-deepseek-v3-009,agent-openrouter-deepseek-v3-007,agent-openrouter-deepseek-v3-008,agent-openrouter-deepseek-v3-008",6,0,1,0.8142857142857143
pretrain,bbh_1750,"agent-openrouter-deepseek-v3-008,agent-openrouter-deepseek-v3-007,agent-openrouter-deepseek-v3-009,agent-openrouter-deepseek-v3-008,agent-openrouter-deepseek-v3-008",5,0,1,0.8085106382978723
pretrain,bbh_1880,"agent-openrouter-deepseek-v3-010,agent-openrouter-deepseek-v3-007,agent-openrouter-deepseek-v3-006,agent-openrouter-deepseek-v3-008,agent-openrouter-deepseek-v3-008",5,1,1,0.8098591549295775
pretrain,bbh_1931,"agent-openrouter-deepseek-v3-008,agent-openrouter-deepseek-v3-007,agent-openrouter-deepseek-v3-009",3,0,1,0.8041958041958042
pretrain,bbh_1846,"agent-openrouter-deepseek-v3-007,agent-openrouter-deepseek-v3-008,agent-openrouter-deepseek-v3-009,agent-openrouter-deepseek-v3-008",4,1,1,0.8055555555555556
pretrain,bbh_1902,"agent-openrouter-deepseek-v3-008,agent-openrouter-deepseek-v3-007,agent-openrouter-deepseek-v3-009,agent-openrouter-deepseek-v3-008,agent-openrouter-deepseek-v3-008",5,1,1,0.8068965517241379
pretrain,bbh_1897,"agent-openrouter-deepseek-v3-008,agent-openrouter-deepseek-v3-007,agent-openrouter-deepseek-v3-009,agent-openrouter-deepseek-v3-008,agent-openrouter-deepseek-v3-008",5,0,1,0.8013698630136986
pretrain,bbh_1845,"agent-openrouter-deepseek-v3-010,agent-openrouter-deepseek-v3-007,agent-openrouter-deepseek-v3-008,agent-openrouter-deepseek-v3-010,agent-openrouter-deepseek-v3-008",5,1,1,0.8027210884353742
pretrain,bbh_1795,"agent-openrouter-deepseek-v3-007,agent-openrouter-deepseek-v3-009,agent-openrouter-deepseek-v3-008,agent-openrouter-deepseek-v3-008,agent-openrouter-deepseek-v3-008",5,1,1,0.8040540540540541
pretrain,bbh_1768,"agent-openrouter-deepseek-v3-007,agent-openrouter-deepseek-v3-008,agent-openrouter-deepseek-v3-009,agent-openrouter-deepseek-v3-006,agent-openrouter-deepseek-v3-008,agent-openrouter-deepseek-v3-008",6,1,1,0.8053691275167785
pretrain,bbh_1905,"agent-openrouter-deepseek-v3-007,agent-openrouter-deepseek-v3-008,agent-openrouter-deepseek-v3-009,agent-openrouter-deepseek-v3-008,agent-openrouter-deepseek-v3-008",5,1,1,0.8066666666666666
pretrain,bbh_1744,"agent-openrouter-deepseek-v3-007,agent-openrouter-deepseek-v3-008,agent-openrouter-deepseek-v3-009,agent-openrouter-deepseek-v3-008,agent-openrouter-deepseek-v3-008,agent-openrouter-deepseek-v3-008",6,1,1,0.8079470198675497
pretrain,bbh_1738,"agent-openrouter-deepseek-v3-008,agent-openrouter-deepseek-v3-007,agent-openrouter-deepseek-v3-009",3,1,1,0.8092105263157895
pretrain,bbh_1740,"agent-openrouter-deepseek-v3-007,agent-openrouter-deepseek-v3-009,agent-openrouter-deepseek-v3-008,agent-openrouter-deepseek-v3-007,agent-openrouter-deepseek-v3-008",5,0,1,0.803921568627451
pretrain,bbh_1696,"agent-openrouter-deepseek-v3-007,agent-openrouter-deepseek-v3-008,agent-openrouter-deepseek-v3-009,agent-openrouter-deepseek-v3-008,agent-openrouter-deepseek-v3-008",5,1,1,0.8051948051948052
pretrain,bbh_1922,"agent-openrouter-deepseek-v3-008,agent-openrouter-deepseek-v3-009,agent-openrouter-deepseek-v3-007,agent-openrouter-deepseek-v3-008",4,1,1,0.8064516129032258
pretrain,bbh_1771,"agent-openrouter-deepseek-v3-007,agent-openrouter-deepseek-v3-008,agent-openrouter-deepseek-v3-009,agent-openrouter-deepseek-v3-008,agent-openrouter-deepseek-v3-008,agent-openrouter-deepseek-v3-008",6,1,1,0.8076923076923077
pretrain,bbh_1885,"agent-openrouter-deepseek-v3-007,agent-openrouter-deepseek-v3-008,agent-openrouter-deepseek-v3-009,agent-openrouter-deepseek-v3-007,agent-openrouter-deepseek-v3-007,agent-openrouter-deepseek-v3-008",6,1,1,0.8089171974522293
pretrain,bbh_1759,"agent-openrouter-deepseek-v3-007,agent-openrouter-deepseek-v3-008,agent-openrouter-deepseek-v3-009,agent-openrouter-deepseek-v3-008,agent-openrouter-deepseek-v3-007,agent-openrouter-deepseek-v3-008",6,1,1,0.810126582278481
pretrain,bbh_1751,"agent-openrouter-deepseek-v3-008,agent-openrouter-deepseek-v3-007,agent-openrouter-deepseek-v3-009,agent-openrouter-deepseek-v3-008,agent-openrouter-deepseek-v3-008",5,1,1,0.8113207547169812
pretrain,bbh_1718,"agent-openrouter-deepseek-v3-007,agent-openrouter-deepseek-v3-008,agent-openrouter-deepseek-v3-009,agent-openrouter-deepseek-v3-008,agent-openrouter-deepseek-v3-008",5,1,1,0.8125
pretrain,bbh_1712,"agent-openrouter-deepseek-v3-008,agent-openrouter-deepseek-v3-007,agent-openrouter-deepseek-v3-009,agent-openrouter-deepseek-v3-008,agent-openrouter-deepseek-v3-008",5,1,1,0.8136645962732919
pretrain,bbh_1822,"agent-openrouter-deepseek-v3-007,agent-openrouter-deepseek-v3-008,agent-openrouter-deepseek-v3-009,agent-openrouter-deepseek-v3-008,agent-openrouter-deepseek-v3-007,agent-openrouter-deepseek-v3-008,agent-openrouter-deepseek-v3-008",7,1,1,0.8148148148148148
pretrain,bbh_1739,"agent-openrouter-deepseek-v3-008,agent-openrouter-deepseek-v3-009,agent-openrouter-deepseek-v3-007,agent-openrouter-deepseek-v3-008,agent-openrouter-deepseek-v3-008",5,1,1,0.8159509202453987
pretrain,bbh_1701,"agent-openrouter-deepseek-v3-008,agent-openrouter-deepseek-v3-007,agent-openrouter-deepseek-v3-009,agent-openrouter-deepseek-v3-008,agent-openrouter-deepseek-v3-008",5,1,1,0.8170731707317073
pretrain,bbh_1912,"agent-openrouter-deepseek-v3-007,agent-openrouter-deepseek-v3-008,agent-openrouter-deepseek-v3-009,agent-openrouter-deepseek-v3-007,agent-openrouter-deepseek-v3-008",5,1,1,0.8181818181818182
pretrain,bbh_1919,"agent-openrouter-deepseek-v3-007,agent-openrouter-deepseek-v3-008,agent-openrouter-deepseek-v3-009,agent-openrouter-deepseek-v3-007,agent-openrouter-deepseek-v3-008,agent-openrouter-deepseek-v3-008",6,1,1,0.8192771084337349
pretrain,bbh_1767,"agent-openrouter-deepseek-v3-008,agent-openrouter-deepseek-v3-007,agent-openrouter-deepseek-v3-009,agent-openrouter-deepseek-v3-008",4,1,1,0.8203592814371258
pretrain,bbh_1818,"agent-openrouter-deepseek-v3-008,agent-openrouter-deepseek-v3-007,agent-openrouter-deepseek-v3-009,agent-openrouter-deepseek-v3-008,agent-openrouter-deepseek-v3-008",5,0,1,0.8154761904761905
pretrain,bbh_1730,"agent-openrouter-deepseek-v3-007,agent-openrouter-deepseek-v3-008,agent-openrouter-deepseek-v3-009,agent-openrouter-deepseek-v3-007,agent-openrouter-deepseek-v3-008",5,1,1,0.8165680473372781
pretrain,bbh_1872,"agent-openrouter-deepseek-v3-009,agent-openrouter-deepseek-v3-007,agent-openrouter-deepseek-v3-008,agent-openrouter-deepseek-v3-008,agent-openrouter-deepseek-v3-008",5,1,1,0.8176470588235294
pretrain,bbh_1786,"agent-openrouter-deepseek-v3-010,agent-openrouter-deepseek-v3-008,agent-openrouter-deepseek-v3-009,agent-openrouter-deepseek-v3-008",4,1,1,0.8187134502923976
pretrain,bbh_1747,"agent-openrouter-deepseek-v3-008,agent-openrouter-deepseek-v3-007,agent-openrouter-deepseek-v3-009,agent-openrouter-deepseek-v3-007,agent-openrouter-deepseek-v3-007,agent-openrouter-deepseek-v3-009",6,1,1,0.8197674418604651
pretrain,bbh_1780,"agent-openrouter-deepseek-v3-007,agent-openrouter-deepseek-v3-008,agent-openrouter-deepseek-v3-009,agent-openrouter-deepseek-v3-008",4,1,1,0.8208092485549133
pretrain,bbh_1760,"agent-openrouter-deepseek-v3-008,agent-openrouter-deepseek-v3-007,agent-openrouter-deepseek-v3-009,agent-openrouter-deepseek-v3-008,agent-openrouter-deepseek-v3-008",5,1,1,0.8218390804597702
pretrain,bbh_1772,"agent-openrouter-deepseek-v3-010,agent-openrouter-deepseek-v3-008,agent-openrouter-deepseek-v3-009,agent-openrouter-deepseek-v3-008",4,1,1,0.8228571428571428
pretrain,bbh_1700,"agent-openrouter-deepseek-v3-008,agent-openrouter-deepseek-v3-007,agent-openrouter-deepseek-v3-009,agent-openrouter-deepseek-v3-008,agent-openrouter-deepseek-v3-008,agent-openrouter-deepseek-v3-008",6,0,1,0.8181818181818182
pretrain,bbh_1817,"agent-openrouter-deepseek-v3-010,agent-openrouter-deepseek-v3-007,agent-openrouter-deepseek-v3-008,agent-openrouter-deepseek-v3-008",4,1,1,0.8192090395480226
pretrain,bbh_1848,"agent-openrouter-deepseek-v3-007,agent-openrouter-deepseek-v3-009,agent-openrouter-deepseek-v3-008,agent-openrouter-deepseek-v3-008",4,0,1,0.8146067415730337
pretrain,bbh_1839,"agent-openrouter-deepseek-v3-010,agent-openrouter-deepseek-v3-008,agent-openrouter-deepseek-v3-007,agent-openrouter-deepseek-v3-007,agent-openrouter-deepseek-v3-010,agent-openrouter-deepseek-v3-008",6,1,1,0.8156424581005587
pretrain,bbh_1814,"agent-openrouter-deepseek-v3-008,agent-openrouter-deepseek-v3-007,agent-openrouter-deepseek-v3-009,agent-openrouter-deepseek-v3-008,agent-openrouter-deepseek-v3-008",5,1,1,0.8166666666666667
pretrain,bbh_1913,"agent-openrouter-deepseek-v3-008,agent-openrouter-deepseek-v3-009,agent-openrouter-deepseek-v3-007,agent-openrouter-deepseek-v3-008,agent-openrouter-deepseek-v3-008",5,1,1,0.8176795580110497
pretrain,bbh_1692,"agent-openrouter-deepseek-v3-007,agent-openrouter-deepseek-v3-008,agent-openrouter-deepseek-v3-009,agent-openrouter-deepseek-v3-007,agent-openrouter-deepseek-v3-008,agent-openrouter-deepseek-v3-008",6,1,1,0.8186813186813187
pretrain,bbh_1785,"agent-openrouter-deepseek-v3-008,agent-openrouter-deepseek-v3-007,agent-openrouter-deepseek-v3-009,agent-openrouter-deepseek-v3-008,agent-openrouter-deepseek-v3-008",5,1,1,0.819672131147541
pretrain,bbh_1703,"agent-openrouter-deepseek-v3-010,agent-openrouter-deepseek-v3-008,agent-openrouter-deepseek-v3-009,agent-openrouter-deepseek-v3-008",4,1,1,0.8206521739130435
pretrain,bbh_1793,"agent-openrouter-deepseek-v3-008,agent-openrouter-deepseek-v3-007,agent-openrouter-deepseek-v3-009,agent-openrouter-deepseek-v3-008,agent-openrouter-deepseek-v3-008",5,0,1,0.8162162162162162
pretrain,bbh_1688,"agent-openrouter-deepseek-v3-010,agent-openrouter-deepseek-v3-008,agent-openrouter-deepseek-v3-009,agent-openrouter-deepseek-v3-008,agent-openrouter-deepseek-v3-008",5,1,1,0.8172043010752689
pretrain,bbh_1725,"agent-openrouter-deepseek-v3-007,agent-openrouter-deepseek-v3-008,agent-openrouter-deepseek-v3-009,agent-openrouter-deepseek-v3-008,agent-openrouter-deepseek-v3-007,agent-openrouter-deepseek-v3-008",6,0,1,0.8128342245989305
pretrain,bbh_1854,"agent-openrouter-deepseek-v3-010,agent-openrouter-deepseek-v3-007,agent-openrouter-deepseek-v3-008,agent-openrouter-deepseek-v3-007,agent-openrouter-deepseek-v3-008",5,1,1,0.8138297872340425
pretrain,bbh_1923,"agent-openrouter-deepseek-v3-007,agent-openrouter-deepseek-v3-008,agent-openrouter-deepseek-v3-009,agent-openrouter-deepseek-v3-008",4,1,1,0.8148148148148148
pretrain,bbh_1800,"agent-openrouter-deepseek-v3-007,agent-openrouter-deepseek-v3-008,agent-openrouter-deepseek-v3-009,agent-openrouter-deepseek-v3-008",4,1,1,0.8157894736842105
pretrain,bbh_1724,"agent-openrouter-deepseek-v3-007,agent-openrouter-deepseek-v3-008,agent-openrouter-deepseek-v3-009,agent-openrouter-deepseek-v3-008,agent-openrouter-deepseek-v3-008",5,1,1,0.8167539267015707
pretrain,bbh_1789,"agent-openrouter-deepseek-v3-008,agent-openrouter-deepseek-v3-009,agent-openrouter-deepseek-v3-007,agent-openrouter-deepseek-v3-008,agent-openrouter-deepseek-v3-008",5,1,1,0.8177083333333334
pretrain,bbh_1699,"agent-openrouter-deepseek-v3-007,agent-openrouter-deepseek-v3-008,agent-openrouter-deepseek-v3-009,agent-openrouter-deepseek-v3-008,agent-openrouter-deepseek-v3-008",5,0,1,0.8134715025906736
pretrain,bbh_1723,"agent-openrouter-deepseek-v3-008,agent-openrouter-deepseek-v3-007,agent-openrouter-deepseek-v3-009,agent-openrouter-deepseek-v3-008,agent-openrouter-deepseek-v3-008,agent-openrouter-deepseek-v3-008",6,1,1,0.8144329896907216
pretrain,bbh_1763,"agent-openrouter-deepseek-v3-007,agent-openrouter-deepseek-v3-008,agent-openrouter-deepseek-v3-009,agent-openrouter-deepseek-v3-008",4,0,1,0.8102564102564103
pretrain,bbh_1895,"agent-openrouter-deepseek-v3-008,agent-openrouter-deepseek-v3-007,agent-openrouter-deepseek-v3-009,agent-openrouter-deepseek-v3-008,agent-openrouter-deepseek-v3-008",5,1,1,0.8112244897959183
pretrain,bbh_1932,"agent-openrouter-deepseek-v3-008,agent-openrouter-deepseek-v3-007,agent-openrouter-deepseek-v3-009,agent-openrouter-deepseek-v3-008,agent-openrouter-deepseek-v3-008",5,1,1,0.8121827411167513
pretrain,bbh_1859,"agent-openrouter-deepseek-v3-007,agent-openrouter-deepseek-v3-008,agent-openrouter-deepseek-v3-009,agent-openrouter-deepseek-v3-008,agent-openrouter-deepseek-v3-008,agent-openrouter-deepseek-v3-008,agent-openrouter-deepseek-v3-008",7,1,1,0.8131313131313131
pretrain,bbh_1722,"agent-openrouter-deepseek-v3-007,agent-openrouter-deepseek-v3-008,agent-openrouter-deepseek-v3-009,agent-openrouter-deepseek-v3-008",4,1,1,0.8140703517587939
pretrain,bbh_1826,"agent-openrouter-deepseek-v3-008,agent-openrouter-deepseek-v3-007,agent-openrouter-deepseek-v3-009,agent-openrouter-deepseek-v3-008",4,1,1,0.815
pretrain,bbh_123,"agent-openrouter-deepseek-v3-008,agent-openrouter-deepseek-v3-007,agent-openrouter-deepseek-v3-009,agent-openrouter-deepseek-v3-008",4,1,1,0.8159203980099502
pretrain,bbh_11,"agent-openrouter-deepseek-v3-008,agent-openrouter-deepseek-v3-007,agent-openrouter-deepseek-v3-009,agent-openrouter-deepseek-v3-008,agent-openrouter-deepseek-v3-008",5,1,1,0.8168316831683168
pretrain,bbh_245,"agent-openrouter-deepseek-v3-008,agent-openrouter-deepseek-v3-007,agent-openrouter-deepseek-v3-009,agent-openrouter-deepseek-v3-008,agent-openrouter-deepseek-v3-008",5,1,1,0.8177339901477833
pretrain,bbh_247,"agent-openrouter-deepseek-v3-008,agent-openrouter-deepseek-v3-007,agent-openrouter-deepseek-v3-009,agent-openrouter-deepseek-v3-007,agent-openrouter-deepseek-v3-007,agent-openrouter-deepseek-v3-007",6,1,1,0.8186274509803921
pretrain,bbh_189,"agent-openrouter-deepseek-v3-008,agent-openrouter-deepseek-v3-007,agent-openrouter-deepseek-v3-009,agent-openrouter-deepseek-v3-008",4,1,1,0.8195121951219512
pretrain,bbh_96,"agent-openrouter-deepseek-v3-008,agent-openrouter-deepseek-v3-007,agent-openrouter-deepseek-v3-009,agent-openrouter-deepseek-v3-008,agent-openrouter-deepseek-v3-008,agent-openrouter-deepseek-v3-008",6,1,1,0.8203883495145631
pretrain,bbh_1,"agent-openrouter-deepseek-v3-008,agent-openrouter-deepseek-v3-007,agent-openrouter-deepseek-v3-009,agent-openrouter-deepseek-v3-008,agent-openrouter-deepseek-v3-008",5,1,1,0.821256038647343
pretrain,bbh_215,"agent-openrouter-deepseek-v3-008,agent-openrouter-deepseek-v3-007,agent-openrouter-deepseek-v3-009,agent-openrouter-deepseek-v3-008,agent-openrouter-deepseek-v3-008,agent-openrouter-deepseek-v3-008,agent-openrouter-deepseek-v3-008,agent-openrouter-deepseek-v3-008",8,1,1,0.8221153846153846
pretrain,bbh_45,"agent-openrouter-deepseek-v3-008,agent-openrouter-deepseek-v3-007,agent-openrouter-deepseek-v3-009,agent-openrouter-deepseek-v3-008,agent-openrouter-deepseek-v3-008,agent-openrouter-deepseek-v3-008",6,1,1,0.8229665071770335
pretrain,bbh_100,"agent-openrouter-deepseek-v3-008,agent-openrouter-deepseek-v3-007,agent-openrouter-deepseek-v3-010,agent-openrouter-deepseek-v3-008",4,1,1,0.8238095238095238
pretrain,bbh_94,"agent-openrouter-deepseek-v3-008,agent-openrouter-deepseek-v3-007,agent-openrouter-deepseek-v3-009,agent-openrouter-deepseek-v3-007,agent-openrouter-deepseek-v3-008,agent-openrouter-deepseek-v3-008,agent-openrouter-deepseek-v3-008",7,1,1,0.8246445497630331
pretrain,bbh_129,"agent-openrouter-deepseek-v3-008,agent-openrouter-deepseek-v3-007,agent-openrouter-deepseek-v3-009,agent-openrouter-deepseek-v3-008",4,1,1,0.8254716981132075
pretrain,bbh_12,"agent-openrouter-deepseek-v3-008,agent-openrouter-deepseek-v3-007,agent-openrouter-deepseek-v3-010,agent-openrouter-deepseek-v3-008,agent-openrouter-deepseek-v3-008",5,1,1,0.8262910798122066
pretrain,bbh_98,"agent-openrouter-deepseek-v3-008,agent-openrouter-deepseek-v3-007,agent-openrouter-deepseek-v3-009",3,1,1,0.8271028037383178
pretrain,bbh_122,"agent-openrouter-deepseek-v3-008,agent-openrouter-deepseek-v3-007,agent-openrouter-deepseek-v3-009,agent-openrouter-deepseek-v3-008",4,1,1,0.827906976744186
pretrain,bbh_93,"agent-openrouter-deepseek-v3-008,agent-openrouter-deepseek-v3-007,agent-openrouter-deepseek-v3-009,agent-openrouter-deepseek-v3-008",4,0,1,0.8240740740740741
pretrain,bbh_175,"agent-openrouter-deepseek-v3-008,agent-openrouter-deepseek-v3-007,agent-openrouter-deepseek-v3-010,agent-openrouter-deepseek-v3-008,agent-openrouter-deepseek-v3-008,agent-openrouter-deepseek-v3-008",6,1,1,0.8248847926267281
pretrain,bbh_83,"agent-openrouter-deepseek-v3-008,agent-openrouter-deepseek-v3-007,agent-openrouter-deepseek-v3-009",3,1,1,0.8256880733944955
pretrain,bbh_136,"agent-openrouter-deepseek-v3-008,agent-openrouter-deepseek-v3-007,agent-openrouter-deepseek-v3-009,agent-openrouter-deepseek-v3-008,agent-openrouter-deepseek-v3-008",5,1,1,0.8264840182648402
pretrain,bbh_27,"agent-openrouter-deepseek-v3-008,agent-openrouter-deepseek-v3-007,agent-openrouter-deepseek-v3-010,agent-openrouter-deepseek-v3-008,agent-openrouter-deepseek-v3-008",5,1,1,0.8272727272727273
pretrain,bbh_130,"agent-openrouter-deepseek-v3-008,agent-openrouter-deepseek-v3-007,agent-openrouter-deepseek-v3-009,agent-openrouter-deepseek-v3-008,agent-openrouter-deepseek-v3-008,agent-openrouter-deepseek-v3-008,agent-openrouter-deepseek-v3-008",7,1,1,0.8280542986425339
pretrain,bbh_143,"agent-openrouter-deepseek-v3-008,agent-openrouter-deepseek-v3-007,agent-openrouter-deepseek-v3-009,agent-openrouter-deepseek-v3-008,agent-openrouter-deepseek-v3-008",5,1,1,0.8288288288288288
pretrain,bbh_240,"agent-openrouter-deepseek-v3-008,agent-openrouter-deepseek-v3-007,agent-openrouter-deepseek-v3-009,agent-openrouter-deepseek-v3-008,agent-openrouter-deepseek-v3-008,agent-openrouter-deepseek-v3-008",6,1,1,0.8295964125560538
pretrain,bbh_222,"agent-openrouter-deepseek-v3-008,agent-openrouter-deepseek-v3-007,agent-openrouter-deepseek-v3-009,agent-openrouter-deepseek-v3-008",4,1,1,0.8303571428571429
pretrain,bbh_99,"agent-openrouter-deepseek-v3-008,agent-openrouter-deepseek-v3-007,agent-openrouter-deepseek-v3-009,agent-openrouter-deepseek-v3-008,agent-openrouter-deepseek-v3-008",5,1,1,0.8311111111111111
pretrain,bbh_159,"agent-openrouter-deepseek-v3-008,agent-openrouter-deepseek-v3-007,agent-openrouter-deepseek-v3-009,agent-openrouter-deepseek-v3-008,agent-openrouter-deepseek-v3-008",5,1,1,0.831858407079646
pretrain,bbh_144,"agent-openrouter-deepseek-v3-008,agent-openrouter-deepseek-v3-007,agent-openrouter-deepseek-v3-009,agent-openrouter-deepseek-v3-008,agent-openrouter-deepseek-v3-008",5,1,1,0.8325991189427313
pretrain,bbh_51,"agent-openrouter-deepseek-v3-008,agent-openrouter-deepseek-v3-007,agent-openrouter-deepseek-v3-009,agent-openrouter-deepseek-v3-008,agent-openrouter-deepseek-v3-008",5,0,1,0.8289473684210527
pretrain,bbh_134,"agent-openrouter-deepseek-v3-008,agent-openrouter-deepseek-v3-007,agent-openrouter-deepseek-v3-009,agent-openrouter-deepseek-v3-008,agent-openrouter-deepseek-v3-008,agent-openrouter-deepseek-v3-008,agent-openrouter-deepseek-v3-008",7,1,1,0.8296943231441049
pretrain,bbh_88,"agent-openrouter-deepseek-v3-008,agent-openrouter-deepseek-v3-007,agent-openrouter-deepseek-v3-010,agent-openrouter-deepseek-v3-008",4,1,1,0.8304347826086956
pretrain,bbh_117,"agent-openrouter-deepseek-v3-008,agent-openrouter-deepseek-v3-007,agent-openrouter-deepseek-v3-009,agent-openrouter-deepseek-v3-008,agent-openrouter-deepseek-v3-008,agent-openrouter-deepseek-v3-008,agent-openrouter-deepseek-v3-008,agent-openrouter-deepseek-v3-008",8,1,1,0.8311688311688312
pretrain,bbh_66,"agent-openrouter-deepseek-v3-008,agent-openrouter-deepseek-v3-007,agent-openrouter-deepseek-v3-009,agent-openrouter-deepseek-v3-008",4,1,1,0.8318965517241379
pretrain,bbh_173,"agent-openrouter-deepseek-v3-008,agent-openrouter-deepseek-v3-007,agent-openrouter-deepseek-v3-009,agent-openrouter-deepseek-v3-008",4,1,1,0.8326180257510729
pretrain,bbh_207,"agent-openrouter-deepseek-v3-008,agent-openrouter-deepseek-v3-007,agent-openrouter-deepseek-v3-009",3,1,1,0.8333333333333334
pretrain,bbh_224,"agent-openrouter-deepseek-v3-008,agent-openrouter-deepseek-v3-007,agent-openrouter-deepseek-v3-009,agent-openrouter-deepseek-v3-008",4,1,1,0.8340425531914893
pretrain,bbh_146,"agent-openrouter-deepseek-v3-008,agent-openrouter-deepseek-v3-007,agent-openrouter-deepseek-v3-009,agent-openrouter-deepseek-v3-008",4,1,1,0.8347457627118644
pretrain,bbh_248,"agent-openrouter-deepseek-v3-008,agent-openrouter-deepseek-v3-007,agent-openrouter-deepseek-v3-009",3,1,1,0.8354430379746836
pretrain,bbh_216,"agent-openrouter-deepseek-v3-008,agent-openrouter-deepseek-v3-007,agent-openrouter-deepseek-v3-010,agent-openrouter-deepseek-v3-008,agent-openrouter-deepseek-v3-008",5,1,1,0.8361344537815126
pretrain,bbh_25,"agent-openrouter-deepseek-v3-008,agent-openrouter-deepseek-v3-007,agent-openrouter-deepseek-v3-009,agent-openrouter-deepseek-v3-008,agent-openrouter-deepseek-v3-008,agent-openrouter-deepseek-v3-008",6,1,1,0.8368200836820083
pretrain,bbh_39,"agent-openrouter-deepseek-v3-008,agent-openrouter-deepseek-v3-007,agent-openrouter-deepseek-v3-009,agent-openrouter-deepseek-v3-008",4,1,1,0.8375
pretrain,bbh_56,"agent-openrouter-deepseek-v3-008,agent-openrouter-deepseek-v3-007,agent-openrouter-deepseek-v3-010,agent-openrouter-deepseek-v3-008,agent-openrouter-deepseek-v3-008",5,1,1,0.8381742738589212
pretrain,bbh_16,"agent-openrouter-deepseek-v3-008,agent-openrouter-deepseek-v3-007,agent-openrouter-deepseek-v3-009,agent-openrouter-deepseek-v3-010,agent-openrouter-deepseek-v3-008",5,1,1,0.8388429752066116
pretrain,bbh_72,"agent-openrouter-deepseek-v3-008,agent-openrouter-deepseek-v3-007,agent-openrouter-deepseek-v3-009,agent-openrouter-deepseek-v3-008",4,1,1,0.8395061728395061
pretrain,bbh_4,"agent-openrouter-deepseek-v3-008,agent-openrouter-deepseek-v3-007,agent-openrouter-deepseek-v3-010,agent-openrouter-deepseek-v3-008,agent-openrouter-deepseek-v3-008,agent-openrouter-deepseek-v3-007",6,0,1,0.8360655737704918
pretrain,bbh_47,"agent-openrouter-deepseek-v3-008,agent-openrouter-deepseek-v3-007,agent-openrouter-deepseek-v3-009,agent-openrouter-deepseek-v3-007,agent-openrouter-deepseek-v3-008",5,1,1,0.8367346938775511
pretrain,bbh_87,"agent-openrouter-deepseek-v3-007,agent-openrouter-deepseek-v3-008,agent-openrouter-deepseek-v3-009,agent-openrouter-deepseek-v3-008",4,1,1,0.8373983739837398
pretrain,bbh_170,"agent-openrouter-deepseek-v3-008,agent-openrouter-deepseek-v3-007,agent-openrouter-deepseek-v3-009,agent-openrouter-deepseek-v3-008,agent-openrouter-deepseek-v3-008",5,1,1,0.8380566801619433
pretrain,bbh_214,"agent-openrouter-deepseek-v3-008,agent-openrouter-deepseek-v3-007,agent-openrouter-deepseek-v3-009,agent-openrouter-deepseek-v3-008,agent-openrouter-deepseek-v3-008,agent-openrouter-deepseek-v3-008,agent-openrouter-deepseek-v3-008",7,1,1,0.8387096774193549
pretrain,bbh_182,"agent-openrouter-deepseek-v3-008,agent-openrouter-deepseek-v3-007,agent-openrouter-deepseek-v3-009",3,1,1,0.8393574297188755
pretrain,bbh_178,"agent-openrouter-deepseek-v3-008,agent-openrouter-deepseek-v3-007,agent-openrouter-deepseek-v3-009,agent-openrouter-deepseek-v3-008,agent-openrouter-deepseek-v3-008",5,0,1,0.836
pretrain,bbh_225,"agent-openrouter-deepseek-v3-008,agent-openrouter-deepseek-v3-007,agent-openrouter-deepseek-v3-009,agent-openrouter-deepseek-v3-008,agent-openrouter-deepseek-v3-008,agent-openrouter-deepseek-v3-008,agent-openrouter-deepseek-v3-008,agent-openrouter-deepseek-v3-008",8,1,1,0.8366533864541833
pretrain,bbh_237,"agent-openrouter-deepseek-v3-008,agent-openrouter-deepseek-v3-007,agent-openrouter-deepseek-v3-009,agent-openrouter-deepseek-v3-008,agent-openrouter-deepseek-v3-008",5,1,1,0.8373015873015873
pretrain,bbh_54,"agent-openrouter-deepseek-v3-008,agent-openrouter-deepseek-v3-007,agent-openrouter-deepseek-v3-009,agent-openrouter-deepseek-v3-008,agent-openrouter-deepseek-v3-008",5,1,1,0.8379446640316206
pretrain,bbh_28,"agent-openrouter-deepseek-v3-008,agent-openrouter-deepseek-v3-007,agent-openrouter-deepseek-v3-009,agent-openrouter-deepseek-v3-008,agent-openrouter-deepseek-v3-008",5,1,1,0.8385826771653543
pretrain,bbh_199,"agent-openrouter-deepseek-v3-008,agent-openrouter-deepseek-v3-007,agent-openrouter-deepseek-v3-009,agent-openrouter-deepseek-v3-007,agent-openrouter-deepseek-v3-008,agent-openrouter-deepseek-v3-008,agent-openrouter-deepseek-v3-008",7,1,1,0.8392156862745098
pretrain,bbh_55,"agent-openrouter-deepseek-v3-008,agent-openrouter-deepseek-v3-007,agent-openrouter-deepseek-v3-009,agent-openrouter-deepseek-v3-008,agent-openrouter-deepseek-v3-008",5,1,1,0.83984375
pretrain,bbh_21,"agent-openrouter-deepseek-v3-008,agent-openrouter-deepseek-v3-007,agent-openrouter-deepseek-v3-009,agent-openrouter-deepseek-v3-010,agent-openrouter-deepseek-v3-008",5,1,1,0.8404669260700389
pretrain,bbh_115,"agent-openrouter-deepseek-v3-008,agent-openrouter-deepseek-v3-007,agent-openrouter-deepseek-v3-009,agent-openrouter-deepseek-v3-008",4,1,1,0.8410852713178295
pretrain,bbh_32,"agent-openrouter-deepseek-v3-008,agent-openrouter-deepseek-v3-007,agent-openrouter-deepseek-v3-009,agent-openrouter-deepseek-v3-008",4,1,1,0.8416988416988417
pretrain,bbh_97,"agent-openrouter-deepseek-v3-008,agent-openrouter-deepseek-v3-007,agent-openrouter-deepseek-v3-010,agent-openrouter-deepseek-v3-008,agent-openrouter-deepseek-v3-008",5,0,1,0.8384615384615385
pretrain,bbh_2,"agent-openrouter-deepseek-v3-008,agent-openrouter-deepseek-v3-007,agent-openrouter-deepseek-v3-010,agent-openrouter-deepseek-v3-008",4,1,1,0.8390804597701149
pretrain,bbh_81,"agent-openrouter-deepseek-v3-008,agent-openrouter-deepseek-v3-007,agent-openrouter-deepseek-v3-009,agent-openrouter-deepseek-v3-007,agent-openrouter-deepseek-v3-008,agent-openrouter-deepseek-v3-008",6,1,1,0.8396946564885496
pretrain,bbh_185,"agent-openrouter-deepseek-v3-008,agent-openrouter-deepseek-v3-007,agent-openrouter-deepseek-v3-009,agent-openrouter-deepseek-v3-008",4,1,1,0.8403041825095057
pretrain,bbh_86,"agent-openrouter-deepseek-v3-008,agent-openrouter-deepseek-v3-007,agent-openrouter-deepseek-v3-009,agent-openrouter-deepseek-v3-007,agent-openrouter-deepseek-v3-008,agent-openrouter-deepseek-v3-010,agent-openrouter-deepseek-v3-008",7,1,1,0.8409090909090909
pretrain,bbh_183,"agent-openrouter-deepseek-v3-008,agent-openrouter-deepseek-v3-007,agent-openrouter-deepseek-v3-009,agent-openrouter-deepseek-v3-008,agent-openrouter-deepseek-v3-008",5,1,1,0.8415094339622642
pretrain,bbh_101,"agent-openrouter-deepseek-v3-008,agent-openrouter-deepseek-v3-007,agent-openrouter-deepseek-v3-009,agent-openrouter-deepseek-v3-008",4,1,1,0.8421052631578947
pretrain,bbh_241,"agent-openrouter-deepseek-v3-008,agent-openrouter-deepseek-v3-007,agent-openrouter-deepseek-v3-009,agent-openrouter-deepseek-v3-007,agent-openrouter-deepseek-v3-008",5,1,1,0.8426966292134831
pretrain,bbh_190,"agent-openrouter-deepseek-v3-008,agent-openrouter-deepseek-v3-007,agent-openrouter-deepseek-v3-010,agent-openrouter-deepseek-v3-008",4,1,1,0.8432835820895522
pretrain,bbh_193,"agent-openrouter-deepseek-v3-008,agent-openrouter-deepseek-v3-007,agent-openrouter-deepseek-v3-009,agent-openrouter-deepseek-v3-008",4,1,1,0.8438661710037175
pretrain,bbh_142,"agent-openrouter-deepseek-v3-008,agent-openrouter-deepseek-v3-007,agent-openrouter-deepseek-v3-009,agent-openrouter-deepseek-v3-008,agent-openrouter-deepseek-v3-008,agent-openrouter-deepseek-v3-008,agent-openrouter-deepseek-v3-008",7,1,1,0.8444444444444444
pretrain,bbh_156,"agent-openrouter-deepseek-v3-008,agent-openrouter-deepseek-v3-007,agent-openrouter-deepseek-v3-010,agent-openrouter-deepseek-v3-008",4,1,1,0.8450184501845018
pretrain,bbh_155,"agent-openrouter-deepseek-v3-008,agent-openrouter-deepseek-v3-007,agent-openrouter-deepseek-v3-009,agent-openrouter-deepseek-v3-008,agent-openrouter-deepseek-v3-008",5,0,1,0.8419117647058824
pretrain,bbh_30,"agent-openrouter-deepseek-v3-008,agent-openrouter-deepseek-v3-007,agent-openrouter-deepseek-v3-009,agent-openrouter-deepseek-v3-008",4,1,1,0.8424908424908425
pretrain,bbh_164,"agent-openrouter-deepseek-v3-008,agent-openrouter-deepseek-v3-007,agent-openrouter-deepseek-v3-009,agent-openrouter-deepseek-v3-007",4,1,1,0.843065693430657
pretrain,bbh_243,"agent-openrouter-deepseek-v3-008,agent-openrouter-deepseek-v3-007,agent-openrouter-deepseek-v3-009,agent-openrouter-deepseek-v3-008,agent-openrouter-deepseek-v3-008,agent-openrouter-deepseek-v3-008,agent-openrouter-deepseek-v3-008",7,1,1,0.8436363636363636
pretrain,bbh_204,"agent-openrouter-deepseek-v3-008,agent-openrouter-deepseek-v3-007,agent-openrouter-deepseek-v3-010,agent-openrouter-deepseek-v3-008",4,1,1,0.8442028985507246
pretrain,bbh_148,"agent-openrouter-deepseek-v3-008,agent-openrouter-deepseek-v3-007,agent-openrouter-deepseek-v3-009,agent-openrouter-deepseek-v3-008",4,1,1,0.8447653429602888
pretrain,bbh_212,"agent-openrouter-deepseek-v3-008,agent-openrouter-deepseek-v3-007,agent-openrouter-deepseek-v3-009,agent-openrouter-deepseek-v3-008,agent-openrouter-deepseek-v3-008,agent-openrouter-deepseek-v3-007",6,0,1,0.841726618705036
pretrain,bbh_194,"agent-openrouter-deepseek-v3-008,agent-openrouter-deepseek-v3-007,agent-openrouter-deepseek-v3-010,agent-openrouter-deepseek-v3-008",4,1,1,0.8422939068100358
pretrain,bbh_227,"agent-openrouter-deepseek-v3-008,agent-openrouter-deepseek-v3-007,agent-openrouter-deepseek-v3-009,agent-openrouter-deepseek-v3-008,agent-openrouter-deepseek-v3-008",5,0,1,0.8392857142857143
pretrain,bbh_203,"agent-openrouter-deepseek-v3-008,agent-openrouter-deepseek-v3-007,agent-openrouter-deepseek-v3-009,agent-openrouter-deepseek-v3-008",4,1,1,0.8398576512455516
pretrain,bbh_109,"agent-openrouter-deepseek-v3-008,agent-openrouter-deepseek-v3-007,agent-openrouter-deepseek-v3-009,agent-openrouter-deepseek-v3-008,agent-openrouter-deepseek-v3-008",5,1,1,0.8404255319148937
pretrain,bbh_141,"agent-openrouter-deepseek-v3-008,agent-openrouter-deepseek-v3-007,agent-openrouter-deepseek-v3-009,agent-openrouter-deepseek-v3-008,agent-openrouter-deepseek-v3-008",5,1,1,0.8409893992932862
pretrain,bbh_221,"agent-openrouter-deepseek-v3-008,agent-openrouter-deepseek-v3-007,agent-openrouter-deepseek-v3-009,agent-openrouter-deepseek-v3-008",4,1,1,0.8415492957746479
pretrain,bbh_151,"agent-openrouter-deepseek-v3-008,agent-openrouter-deepseek-v3-007,agent-openrouter-deepseek-v3-010,agent-openrouter-deepseek-v3-008,agent-openrouter-deepseek-v3-008,agent-openrouter-deepseek-v3-008",6,1,1,0.8421052631578947
pretrain,bbh_62,"agent-openrouter-deepseek-v3-008,agent-openrouter-deepseek-v3-007,agent-openrouter-deepseek-v3-009,agent-openrouter-deepseek-v3-008,agent-openrouter-deepseek-v3-008,agent-openrouter-deepseek-v3-008,agent-openrouter-deepseek-v3-008",7,1,1,0.8426573426573427
pretrain,bbh_168,"agent-openrouter-deepseek-v3-008,agent-openrouter-deepseek-v3-007,agent-openrouter-deepseek-v3-010,agent-openrouter-deepseek-v3-008,agent-openrouter-deepseek-v3-008,agent-openrouter-deepseek-v3-008",6,1,1,0.8432055749128919
pretrain,bbh_74,"agent-openrouter-deepseek-v3-008,agent-openrouter-deepseek-v3-007,agent-openrouter-deepseek-v3-009,agent-openrouter-deepseek-v3-008",4,1,1,0.84375
pretrain,bbh_75,"agent-openrouter-deepseek-v3-008,agent-openrouter-deepseek-v3-007,agent-openrouter-deepseek-v3-010,agent-openrouter-deepseek-v3-008",4,1,1,0.8442906574394463
pretrain,bbh_234,"agent-openrouter-deepseek-v3-008,agent-openrouter-deepseek-v3-007,agent-openrouter-deepseek-v3-010,agent-openrouter-deepseek-v3-008,agent-openrouter-deepseek-v3-008,agent-openrouter-deepseek-v3-008",6,1,1,0.8448275862068966
pretrain,bbh_230,"agent-openrouter-deepseek-v3-008,agent-openrouter-deepseek-v3-007,agent-openrouter-deepseek-v3-010,agent-openrouter-deepseek-v3-008",4,1,1,0.845360824742268
pretrain,bbh_206,"agent-openrouter-deepseek-v3-008,agent-openrouter-deepseek-v3-007,agent-openrouter-deepseek-v3-009",3,1,1,0.8458904109589042
pretrain,bbh_137,"agent-openrouter-deepseek-v3-008,agent-openrouter-deepseek-v3-007,agent-openrouter-deepseek-v3-010,agent-openrouter-deepseek-v3-008,agent-openrouter-deepseek-v3-008",5,1,1,0.8464163822525598
pretrain,bbh_158,"agent-openrouter-deepseek-v3-008,agent-openrouter-deepseek-v3-007,agent-openrouter-deepseek-v3-009",3,1,1,0.8469387755102041
pretrain,bbh_43,"agent-openrouter-deepseek-v3-008,agent-openrouter-deepseek-v3-007,agent-openrouter-deepseek-v3-009,agent-openrouter-deepseek-v3-008",4,1,1,0.847457627118644
pretrain,bbh_180,"agent-openrouter-deepseek-v3-008,agent-openrouter-deepseek-v3-007,agent-openrouter-deepseek-v3-009,agent-openrouter-deepseek-v3-008,agent-openrouter-deepseek-v3-008",5,1,1,0.847972972972973
pretrain,bbh_35,"agent-openrouter-deepseek-v3-008,agent-openrouter-deepseek-v3-007,agent-openrouter-deepseek-v3-009,agent-openrouter-deepseek-v3-008,agent-openrouter-deepseek-v3-010,agent-openrouter-deepseek-v3-008",6,1,1,0.8484848484848485
pretrain,bbh_8,"agent-openrouter-deepseek-v3-008,agent-openrouter-deepseek-v3-007,agent-openrouter-deepseek-v3-010,agent-openrouter-deepseek-v3-008,agent-openrouter-deepseek-v3-008",5,1,1,0.8489932885906041
pretrain,bbh_17,"agent-openrouter-deepseek-v3-008,agent-openrouter-deepseek-v3-007,agent-openrouter-deepseek-v3-009,agent-openrouter-deepseek-v3-008,agent-openrouter-deepseek-v3-008,agent-openrouter-deepseek-v3-008",6,1,1,0.8494983277591973
pretrain,bbh_95,"agent-openrouter-deepseek-v3-007,agent-openrouter-deepseek-v3-008,agent-openrouter-deepseek-v3-009,agent-openrouter-deepseek-v3-007,agent-openrouter-deepseek-v3-008",5,1,1,0.85
test,bbh_2405,"agent-openrouter-deepseek-v3-007,agent-openrouter-deepseek-v3-008,agent-openrouter-deepseek-v3-009,agent-openrouter-deepseek-v3-007,agent-openrouter-deepseek-v3-007,agent-openrouter-deepseek-v3-008",6,0,1,0.0
test,bbh_2372,"agent-openrouter-deepseek-v3-007,agent-openrouter-deepseek-v3-008,agent-openrouter-deepseek-v3-009,agent-openrouter-deepseek-v3-008,agent-openrouter-deepseek-v3-008,agent-openrouter-deepseek-v3-008",6,1,1,0.5
test,bbh_2212,"agent-openrouter-deepseek-v3-007,agent-openrouter-deepseek-v3-008,agent-openrouter-deepseek-v3-009,agent-openrouter-deepseek-v3-007,agent-openrouter-deepseek-v3-007,agent-openrouter-deepseek-v3-008",6,1,1,0.6666666666666666
test,bbh_2391,"agent-openrouter-deepseek-v3-007,agent-openrouter-deepseek-v3-008,agent-openrouter-deepseek-v3-009,agent-openrouter-deepseek-v3-007,agent-openrouter-deepseek-v3-007,agent-openrouter-deepseek-v3-008",6,0,1,0.5
test,bbh_2376,"agent-openrouter-deepseek-v3-007,agent-openrouter-deepseek-v3-009,agent-openrouter-deepseek-v3-008,agent-openrouter-deepseek-v3-007,agent-openrouter-deepseek-v3-007,agent-openrouter-deepseek-v3-008",6,0,1,0.4
test,bbh_2390,"agent-openrouter-deepseek-v3-008,agent-openrouter-deepseek-v3-007,agent-openrouter-deepseek-v3-009,agent-openrouter-deepseek-v3-008,agent-openrouter-deepseek-v3-007,agent-openrouter-deepseek-v3-008,agent-openrouter-deepseek-v3-008",7,0,1,0.3333333333333333
test,bbh_2367,"agent-openrouter-deepseek-v3-007,agent-openrouter-deepseek-v3-008,agent-openrouter-deepseek-v3-009,agent-openrouter-deepseek-v3-007,agent-openrouter-deepseek-v3-007,agent-openrouter-deepseek-v3-008",6,1,1,0.42857142857142855
test,bbh_2339,"agent-openrouter-deepseek-v3-007,agent-openrouter-deepseek-v3-009,agent-openrouter-deepseek-v3-008,agent-openrouter-deepseek-v3-007,agent-openrouter-deepseek-v3-010,agent-openrouter-deepseek-v3-008",6,1,1,0.5
test,bbh_2287,"agent-openrouter-deepseek-v3-007,agent-openrouter-deepseek-v3-008,agent-openrouter-deepseek-v3-009,agent-openrouter-deepseek-v3-007,agent-openrouter-deepseek-v3-007,agent-openrouter-deepseek-v3-008",6,0,1,0.4444444444444444
test,bbh_2219,"agent-openrouter-deepseek-v3-007,agent-openrouter-deepseek-v3-009,agent-openrouter-deepseek-v3-008,agent-openrouter-deepseek-v3-007,agent-openrouter-deepseek-v3-007,agent-openrouter-deepseek-v3-008",6,1,1,0.5
test,bbh_2415,"agent-openrouter-deepseek-v3-007,agent-openrouter-deepseek-v3-008,agent-openrouter-deepseek-v3-009,agent-openrouter-deepseek-v3-008,agent-openrouter-deepseek-v3-008,agent-openrouter-deepseek-v3-008,agent-openrouter-deepseek-v3-008",7,1,1,0.5454545454545454
test,bbh_2309,"agent-openrouter-deepseek-v3-007,agent-openrouter-deepseek-v3-008,agent-openrouter-deepseek-v3-009,agent-openrouter-deepseek-v3-007,agent-openrouter-deepseek-v3-008,agent-openrouter-deepseek-v3-008",6,0,1,0.5
test,bbh_2399,"agent-openrouter-deepseek-v3-007,agent-openrouter-deepseek-v3-009,agent-openrouter-deepseek-v3-008,agent-openrouter-deepseek-v3-007,agent-openrouter-deepseek-v3-007,agent-openrouter-deepseek-v3-007,agent-openrouter-deepseek-v3-008",7,1,1,0.5384615384615384
test,bbh_2213,"agent-openrouter-deepseek-v3-007,agent-openrouter-deepseek-v3-009,agent-openrouter-deepseek-v3-008,agent-openrouter-deepseek-v3-007,agent-openrouter-deepseek-v3-007,agent-openrouter-deepseek-v3-008",6,1,1,0.5714285714285714
test,bbh_2318,"agent-openrouter-deepseek-v3-007,agent-openrouter-deepseek-v3-008,agent-openrouter-deepseek-v3-009,agent-openrouter-deepseek-v3-007,agent-openrouter-deepseek-v3-007,agent-openrouter-deepseek-v3-008",6,0,1,0.5333333333333333
test,bbh_2434,"agent-openrouter-deepseek-v3-007,agent-openrouter-deepseek-v3-008,agent-openrouter-deepseek-v3-009,agent-openrouter-deepseek-v3-008,agent-openrouter-deepseek-v3-008,agent-openrouter-deepseek-v3-008",6,0,1,0.5
test,bbh_2397,"agent-openrouter-deepseek-v3-008,agent-openrouter-deepseek-v3-007,agent-openrouter-deepseek-v3-009,agent-openrouter-deepseek-v3-007,agent-openrouter-deepseek-v3-007,agent-openrouter-deepseek-v3-008",6,1,1,0.5294117647058824
test,bbh_2261,"agent-openrouter-deepseek-v3-007,agent-openrouter-deepseek-v3-009,agent-openrouter-deepseek-v3-008,agent-openrouter-deepseek-v3-007,agent-openrouter-deepseek-v3-007,agent-openrouter-deepseek-v3-008",6,0,1,0.5
test,bbh_2323,"agent-openrouter-deepseek-v3-008,agent-openrouter-deepseek-v3-007,agent-openrouter-deepseek-v3-009,agent-openrouter-deepseek-v3-008,agent-openrouter-deepseek-v3-008,agent-openrouter-deepseek-v3-008,agent-openrouter-deepseek-v3-008",7,1,1,0.5263157894736842
test,bbh_2291,"agent-openrouter-deepseek-v3-008,agent-openrouter-deepseek-v3-007,agent-openrouter-deepseek-v3-009,agent-openrouter-deepseek-v3-008,agent-openrouter-deepseek-v3-008,agent-openrouter-deepseek-v3-008,agent-openrouter-deepseek-v3-008",7,0,1,0.5
test,bbh_2354,"agent-openrouter-deepseek-v3-010,agent-openrouter-deepseek-v3-009,agent-openrouter-deepseek-v3-008,agent-openrouter-deepseek-v3-007,agent-openrouter-deepseek-v3-007,agent-openrouter-deepseek-v3-008",6,0,1,0.47619047619047616
test,bbh_2388,"agent-openrouter-deepseek-v3-007,agent-openrouter-deepseek-v3-008,agent-openrouter-deepseek-v3-009,agent-openrouter-deepseek-v3-007,agent-openrouter-deepseek-v3-007,agent-openrouter-deepseek-v3-008",6,1,1,0.5
test,bbh_2271,"agent-openrouter-deepseek-v3-008,agent-openrouter-deepseek-v3-007,agent-openrouter-deepseek-v3-009,agent-openrouter-deepseek-v3-008,agent-openrouter-deepseek-v3-008,agent-openrouter-deepseek-v3-008,agent-openrouter-deepseek-v3-008",7,0,1,0.4782608695652174
test,bbh_2327,"agent-openrouter-deepseek-v3-008,agent-openrouter-deepseek-v3-007,agent-openrouter-deepseek-v3-009,agent-openrouter-deepseek-v3-008,agent-openrouter-deepseek-v3-008,agent-openrouter-deepseek-v3-008",6,0,1,0.4583333333333333
test,bbh_2241,"agent-openrouter-deepseek-v3-008,agent-openrouter-deepseek-v3-007,agent-openrouter-deepseek-v3-009,agent-openrouter-deepseek-v3-008,agent-openrouter-deepseek-v3-008,agent-openrouter-deepseek-v3-008",6,1,1,0.48
test,bbh_2346,"agent-openrouter-deepseek-v3-007,agent-openrouter-deepseek-v3-008,agent-openrouter-deepseek-v3-009,agent-openrouter-deepseek-v3-008,agent-openrouter-deepseek-v3-008,agent-openrouter-deepseek-v3-008,agent-openrouter-deepseek-v3-008",7,1,1,0.5
test,bbh_2226,"agent-openrouter-deepseek-v3-008,agent-openrouter-deepseek-v3-007,agent-openrouter-deepseek-v3-009,agent-openrouter-deepseek-v3-008,agent-openrouter-deepseek-v3-008,agent-openrouter-deepseek-v3-008",6,0,1,0.48148148148148145
test,bbh_2294,"agent-openrouter-deepseek-v3-007,agent-openrouter-deepseek-v3-008,agent-openrouter-deepseek-v3-009,agent-openrouter-deepseek-v3-007,agent-openrouter-deepseek-v3-007,agent-openrouter-deepseek-v3-008",6,1,1,0.5
test,bbh_2368,"agent-openrouter-deepseek-v3-008,agent-openrouter-deepseek-v3-007,agent-openrouter-deepseek-v3-009,agent-openrouter-deepseek-v3-008,agent-openrouter-deepseek-v3-008,agent-openrouter-deepseek-v3-008",6,0,1,0.4827586206896552
test,bbh_2358,"agent-openrouter-deepseek-v3-007,agent-openrouter-deepseek-v3-008,agent-openrouter-deepseek-v3-009,agent-openrouter-deepseek-v3-007,agent-openrouter-deepseek-v3-007,agent-openrouter-deepseek-v3-008",6,1,1,0.5
test,bbh_2432,"agent-openrouter-deepseek-v3-007,agent-openrouter-deepseek-v3-008,agent-openrouter-deepseek-v3-009,agent-openrouter-deepseek-v3-007,agent-openrouter-deepseek-v3-007,agent-openrouter-deepseek-v3-008",6,1,1,0.5161290322580645
test,bbh_2301,"agent-openrouter-deepseek-v3-007,agent-openrouter-deepseek-v3-009,agent-openrouter-deepseek-v3-008,agent-openrouter-deepseek-v3-008,agent-openrouter-deepseek-v3-008,agent-openrouter-deepseek-v3-008",6,1,1,0.53125
test,bbh_2209,"agent-openrouter-deepseek-v3-007,agent-openrouter-deepseek-v3-008,agent-openrouter-deepseek-v3-009,agent-openrouter-deepseek-v3-007,agent-openrouter-deepseek-v3-007,agent-openrouter-deepseek-v3-008,agent-openrouter-deepseek-v3-008",7,0,1,0.5151515151515151
test,bbh_2436,"agent-openrouter-deepseek-v3-007,agent-openrouter-deepseek-v3-009,agent-openrouter-deepseek-v3-008,agent-openrouter-deepseek-v3-007,agent-openrouter-deepseek-v3-007,agent-openrouter-deepseek-v3-008",6,1,1,0.5294117647058824
test,bbh_2410,"agent-openrouter-deepseek-v3-007,agent-openrouter-deepseek-v3-009,agent-openrouter-deepseek-v3-008,agent-openrouter-deepseek-v3-007,agent-openrouter-deepseek-v3-007,agent-openrouter-deepseek-v3-008",6,0,1,0.5142857142857142
test,bbh_2188,"agent-openrouter-deepseek-v3-007,agent-openrouter-deepseek-v3-009,agent-openrouter-deepseek-v3-008,agent-openrouter-deepseek-v3-008,agent-openrouter-deepseek-v3-007,agent-openrouter-deepseek-v3-008,agent-openrouter-deepseek-v3-008",7,0,1,0.5
test,bbh_2406,"agent-openrouter-deepseek-v3-008,agent-openrouter-deepseek-v3-007,agent-openrouter-deepseek-v3-009,agent-openrouter-deepseek-v3-007,agent-openrouter-deepseek-v3-008,agent-openrouter-deepseek-v3-008,agent-openrouter-deepseek-v3-008",7,0,1,0.4864864864864865
test,bbh_2338,"agent-openrouter-deepseek-v3-007,agent-openrouter-deepseek-v3-009,agent-openrouter-deepseek-v3-008,agent-openrouter-deepseek-v3-007,agent-openrouter-deepseek-v3-007,agent-openrouter-deepseek-v3-008",6,1,1,0.5
test,bbh_2203,"agent-openrouter-deepseek-v3-007,agent-openrouter-deepseek-v3-008,agent-openrouter-deepseek-v3-009,agent-openrouter-deepseek-v3-007,agent-openrouter-deepseek-v3-007,agent-openrouter-deepseek-v3-008",6,0,1,0.48717948717948717
test,bbh_2221,"agent-openrouter-deepseek-v3-007,agent-openrouter-deepseek-v3-009,agent-openrouter-deepseek-v3-010,agent-openrouter-deepseek-v3-007,agent-openrouter-deepseek-v3-007,agent-openrouter-deepseek-v3-008",6,0,1,0.475
test,bbh_2253,"agent-openrouter-deepseek-v3-008,agent-openrouter-deepseek-v3-007,agent-openrouter-deepseek-v3-009,agent-openrouter-deepseek-v3-007,agent-openrouter-deepseek-v3-007,agent-openrouter-deepseek-v3-008",6,1,1,0.4878048780487805
test,bbh_2259,"agent-openrouter-deepseek-v3-008,agent-openrouter-deepseek-v3-007,agent-openrouter-deepseek-v3-009,agent-openrouter-deepseek-v3-010,agent-openrouter-deepseek-v3-008,agent-openrouter-deepseek-v3-008,agent-openrouter-deepseek-v3-008",7,1,1,0.5
test,bbh_2286,"agent-openrouter-deepseek-v3-007,agent-openrouter-deepseek-v3-008,agent-openrouter-deepseek-v3-009,agent-openrouter-deepseek-v3-007,agent-openrouter-deepseek-v3-007,agent-openrouter-deepseek-v3-007,agent-openrouter-deepseek-v3-008",7,1,1,0.5116279069767442
test,bbh_2187,"agent-openrouter-deepseek-v3-007,agent-openrouter-deepseek-v3-008,agent-openrouter-deepseek-v3-009,agent-openrouter-deepseek-v3-007,agent-openrouter-deepseek-v3-007,agent-openrouter-deepseek-v3-008",6,0,1,0.5
test,bbh_2302,"agent-openrouter-deepseek-v3-007,agent-openrouter-deepseek-v3-008,agent-openrouter-deepseek-v3-009,agent-openrouter-deepseek-v3-008,agent-openrouter-deepseek-v3-007,agent-openrouter-deepseek-v3-007,agent-openrouter-deepseek-v3-008",7,1,1,0.5111111111111111
test,bbh_2196,"agent-openrouter-deepseek-v3-007,agent-openrouter-deepseek-v3-008,agent-openrouter-deepseek-v3-009,agent-openrouter-deepseek-v3-007,agent-openrouter-deepseek-v3-007,agent-openrouter-deepseek-v3-007,agent-openrouter-deepseek-v3-008",7,0,1,0.5
test,bbh_2394,"agent-openrouter-deepseek-v3-007,agent-openrouter-deepseek-v3-008,agent-openrouter-deepseek-v3-009,agent-openrouter-deepseek-v3-007,agent-openrouter-deepseek-v3-007,agent-openrouter-deepseek-v3-008",6,0,1,0.48936170212765956
test,bbh_2290,"agent-openrouter-deepseek-v3-008,agent-openrouter-deepseek-v3-007,agent-openrouter-deepseek-v3-009,agent-openrouter-deepseek-v3-008,agent-openrouter-deepseek-v3-008,agent-openrouter-deepseek-v3-008,agent-openrouter-deepseek-v3-008",7,0,1,0.4791666666666667
test,bbh_2330,"agent-openrouter-deepseek-v3-007,agent-openrouter-deepseek-v3-008,agent-openrouter-deepseek-v3-009,agent-openrouter-deepseek-v3-007,agent-openrouter-deepseek-v3-007,agent-openrouter-deepseek-v3-007,agent-openrouter-deepseek-v3-008",7,0,1,0.46938775510204084
test,bbh_2224,"agent-openrouter-deepseek-v3-007,agent-openrouter-deepseek-v3-008,agent-openrouter-deepseek-v3-009,agent-openrouter-deepseek-v3-007,agent-openrouter-deepseek-v3-007,agent-openrouter-deepseek-v3-008",6,1,1,0.48
test,bbh_2242,"agent-openrouter-deepseek-v3-008,agent-openrouter-deepseek-v3-007,agent-openrouter-deepseek-v3-009,agent-openrouter-deepseek-v3-008,agent-openrouter-deepseek-v3-008,agent-openrouter-deepseek-v3-008",6,0,1,0.47058823529411764
test,bbh_2375,"agent-openrouter-deepseek-v3-007,agent-openrouter-deepseek-v3-008,agent-openrouter-deepseek-v3-009,agent-openrouter-deepseek-v3-007,agent-openrouter-deepseek-v3-007,agent-openrouter-deepseek-v3-008",6,0,1,0.46153846153846156
test,bbh_2369,"agent-openrouter-deepseek-v3-007,agent-openrouter-deepseek-v3-008,agent-openrouter-deepseek-v3-009,agent-openrouter-deepseek-v3-007,agent-openrouter-deepseek-v3-007,agent-openrouter-deepseek-v3-008",6,1,1,0.4716981132075472
test,bbh_2321,"agent-openrouter-deepseek-v3-008,agent-openrouter-deepseek-v3-007,agent-openrouter-deepseek-v3-009,agent-openrouter-deepseek-v3-008,agent-openrouter-deepseek-v3-008,agent-openrouter-deepseek-v3-008",6,1,1,0.48148148148148145
test,bbh_2422,"agent-openrouter-deepseek-v3-007,agent-openrouter-deepseek-v3-008,agent-openrouter-deepseek-v3-009,agent-openrouter-deepseek-v3-007,agent-openrouter-deepseek-v3-007,agent-openrouter-deepseek-v3-008",6,1,1,0.4909090909090909
test,bbh_2200,"agent-openrouter-deepseek-v3-007,agent-openrouter-deepseek-v3-010,agent-openrouter-deepseek-v3-008,agent-openrouter-deepseek-v3-007,agent-openrouter-deepseek-v3-007,agent-openrouter-deepseek-v3-008",6,0,1,0.48214285714285715
test,bbh_2381,"agent-openrouter-deepseek-v3-007,agent-openrouter-deepseek-v3-008,agent-openrouter-deepseek-v3-009,agent-openrouter-deepseek-v3-010,agent-openrouter-deepseek-v3-007,agent-openrouter-deepseek-v3-008",6,0,1,0.47368421052631576
test,bbh_2428,"agent-openrouter-deepseek-v3-007,agent-openrouter-deepseek-v3-008,agent-openrouter-deepseek-v3-009,agent-openrouter-deepseek-v3-007,agent-openrouter-deepseek-v3-008,agent-openrouter-deepseek-v3-008,agent-openrouter-deepseek-v3-008",7,1,1,0.4827586206896552
test,bbh_2308,"agent-openrouter-deepseek-v3-007,agent-openrouter-deepseek-v3-008,agent-openrouter-deepseek-v3-009,agent-openrouter-deepseek-v3-007,agent-openrouter-deepseek-v3-007,agent-openrouter-deepseek-v3-008",6,1,1,0.4915254237288136
test,bbh_2320,"agent-openrouter-deepseek-v3-007,agent-openrouter-deepseek-v3-008,agent-openrouter-deepseek-v3-009,agent-openrouter-deepseek-v3-007,agent-openrouter-deepseek-v3-007,agent-openrouter-deepseek-v3-008",6,0,1,0.48333333333333334
test,bbh_2208,"agent-openrouter-deepseek-v3-007,agent-openrouter-deepseek-v3-008,agent-openrouter-deepseek-v3-009,agent-openrouter-deepseek-v3-007,agent-openrouter-deepseek-v3-007,agent-openrouter-deepseek-v3-008",6,1,1,0.4918032786885246
test,bbh_2383,"agent-openrouter-deepseek-v3-008,agent-openrouter-deepseek-v3-007,agent-openrouter-deepseek-v3-009,agent-openrouter-deepseek-v3-008,agent-openrouter-deepseek-v3-008,agent-openrouter-deepseek-v3-008",6,0,1,0.4838709677419355
test,bbh_2344,"agent-openrouter-deepseek-v3-007,agent-openrouter-deepseek-v3-008,agent-openrouter-deepseek-v3-009,agent-openrouter-deepseek-v3-007,agent-openrouter-deepseek-v3-007,agent-openrouter-deepseek-v3-008",6,0,1,0.47619047619047616
test,bbh_2382,"agent-openrouter-deepseek-v3-007,agent-openrouter-deepseek-v3-008,agent-openrouter-deepseek-v3-009,agent-openrouter-deepseek-v3-007,agent-openrouter-deepseek-v3-007,agent-openrouter-deepseek-v3-008",6,0,1,0.46875
test,bbh_2267,"agent-openrouter-deepseek-v3-008,agent-openrouter-deepseek-v3-007,agent-openrouter-deepseek-v3-009,agent-openrouter-deepseek-v3-008,agent-openrouter-deepseek-v3-008,agent-openrouter-deepseek-v3-008",6,0,1,0.46153846153846156
test,bbh_2198,"agent-openrouter-deepseek-v3-007,agent-openrouter-deepseek-v3-008,agent-openrouter-deepseek-v3-009,agent-openrouter-deepseek-v3-007,agent-openrouter-deepseek-v3-008,agent-openrouter-deepseek-v3-008",6,1,1,0.4696969696969697
test,bbh_2319,"agent-openrouter-deepseek-v3-007,agent-openrouter-deepseek-v3-009,agent-openrouter-deepseek-v3-008,agent-openrouter-deepseek-v3-007,agent-openrouter-deepseek-v3-007,agent-openrouter-deepseek-v3-008",6,1,1,0.47761194029850745
test,bbh_2202,"agent-openrouter-deepseek-v3-007,agent-openrouter-deepseek-v3-009,agent-openrouter-deepseek-v3-008,agent-openrouter-deepseek-v3-007,agent-openrouter-deepseek-v3-007,agent-openrouter-deepseek-v3-007",6,0,1,0.47058823529411764
test,bbh_2364,"agent-openrouter-deepseek-v3-008,agent-openrouter-deepseek-v3-007,agent-openrouter-deepseek-v3-009,agent-openrouter-deepseek-v3-008,agent-openrouter-deepseek-v3-008,agent-openrouter-deepseek-v3-008",6,1,1,0.4782608695652174
test,bbh_2407,"agent-openrouter-deepseek-v3-008,agent-openrouter-deepseek-v3-007,agent-openrouter-deepseek-v3-009,agent-openrouter-deepseek-v3-007,agent-openrouter-deepseek-v3-007,agent-openrouter-deepseek-v3-008",6,1,1,0.4857142857142857
test,bbh_2398,"agent-openrouter-deepseek-v3-007,agent-openrouter-deepseek-v3-008,agent-openrouter-deepseek-v3-009,agent-openrouter-deepseek-v3-007,agent-openrouter-deepseek-v3-007,agent-openrouter-deepseek-v3-008",6,1,1,0.49295774647887325
test,bbh_2194,"agent-openrouter-deepseek-v3-008,agent-openrouter-deepseek-v3-007,agent-openrouter-deepseek-v3-009,agent-openrouter-deepseek-v3-008,agent-openrouter-deepseek-v3-008,agent-openrouter-deepseek-v3-008",6,1,1,0.5
test,bbh_2232,"agent-openrouter-deepseek-v3-007,agent-openrouter-deepseek-v3-009,agent-openrouter-deepseek-v3-008,agent-openrouter-deepseek-v3-007,agent-openrouter-deepseek-v3-007,agent-openrouter-deepseek-v3-008",6,0,1,0.4931506849315068
test,bbh_2328,"agent-openrouter-deepseek-v3-007,agent-openrouter-deepseek-v3-008,agent-openrouter-deepseek-v3-009,agent-openrouter-deepseek-v3-007,agent-openrouter-deepseek-v3-007,agent-openrouter-deepseek-v3-008",6,0,1,0.4864864864864865
test,bbh_2373,"agent-openrouter-deepseek-v3-007,agent-openrouter-deepseek-v3-009,agent-openrouter-deepseek-v3-008,agent-openrouter-deepseek-v3-007,agent-openrouter-deepseek-v3-007,agent-openrouter-deepseek-v3-008",6,0,1,0.48
test,bbh_2274,"agent-openrouter-deepseek-v3-008,agent-openrouter-deepseek-v3-007,agent-openrouter-deepseek-v3-009,agent-openrouter-deepseek-v3-007,agent-openrouter-deepseek-v3-007,agent-openrouter-deepseek-v3-008",6,1,1,0.4868421052631579
test,bbh_2233,"agent-openrouter-deepseek-v3-008,agent-openrouter-deepseek-v3-007,agent-openrouter-deepseek-v3-009,agent-openrouter-deepseek-v3-008,agent-openrouter-deepseek-v3-008,agent-openrouter-deepseek-v3-008",6,0,1,0.4805194805194805
test,bbh_2411,"agent-openrouter-deepseek-v3-008,agent-openrouter-deepseek-v3-007,agent-openrouter-deepseek-v3-009,agent-openrouter-deepseek-v3-008,agent-openrouter-deepseek-v3-007,agent-openrouter-deepseek-v3-008",6,0,1,0.47435897435897434
test,bbh_2313,"agent-openrouter-deepseek-v3-007,agent-openrouter-deepseek-v3-009,agent-openrouter-deepseek-v3-008,agent-openrouter-deepseek-v3-007,agent-openrouter-deepseek-v3-008,agent-openrouter-deepseek-v3-008,agent-openrouter-deepseek-v3-008",7,1,1,0.4810126582278481
test,bbh_2371,"agent-openrouter-deepseek-v3-007,agent-openrouter-deepseek-v3-009,agent-openrouter-deepseek-v3-008,agent-openrouter-deepseek-v3-007,agent-openrouter-deepseek-v3-007,agent-openrouter-deepseek-v3-008",6,1,1,0.4875
test,bbh_2317,"agent-openrouter-deepseek-v3-007,agent-openrouter-deepseek-v3-009,agent-openrouter-deepseek-v3-008,agent-openrouter-deepseek-v3-007,agent-openrouter-deepseek-v3-007,agent-openrouter-deepseek-v3-009",6,1,1,0.49382716049382713
test,bbh_2283,"agent-openrouter-deepseek-v3-008,agent-openrouter-deepseek-v3-007,agent-openrouter-deepseek-v3-009,agent-openrouter-deepseek-v3-008,agent-openrouter-deepseek-v3-008,agent-openrouter-deepseek-v3-008,agent-openrouter-deepseek-v3-008",7,1,1,0.5
test,bbh_2348,"agent-openrouter-deepseek-v3-008,agent-openrouter-deepseek-v3-007,agent-openrouter-deepseek-v3-009,agent-openrouter-deepseek-v3-007,agent-openrouter-deepseek-v3-007,agent-openrouter-deepseek-v3-008",6,1,1,0.5060240963855421
test,bbh_2402,"agent-openrouter-deepseek-v3-008,agent-openrouter-deepseek-v3-007,agent-openrouter-deepseek-v3-009,agent-openrouter-deepseek-v3-008,agent-openrouter-deepseek-v3-008,agent-openrouter-deepseek-v3-008",6,0,1,0.5
test,bbh_2297,"agent-openrouter-deepseek-v3-007,agent-openrouter-deepseek-v3-008,agent-openrouter-deepseek-v3-009,agent-openrouter-deepseek-v3-007,agent-openrouter-deepseek-v3-007,agent-openrouter-deepseek-v3-008",6,0,1,0.49411764705882355
test,bbh_2311,"agent-openrouter-deepseek-v3-007,agent-openrouter-deepseek-v3-008,agent-openrouter-deepseek-v3-009,agent-openrouter-deepseek-v3-007,agent-openrouter-deepseek-v3-007,agent-openrouter-deepseek-v3-008,agent-openrouter-deepseek-v3-008",7,1,1,0.5
test,bbh_2249,"agent-openrouter-deepseek-v3-007,agent-openrouter-deepseek-v3-008,agent-openrouter-deepseek-v3-009,agent-openrouter-deepseek-v3-007,agent-openrouter-deepseek-v3-007,agent-openrouter-deepseek-v3-008",6,0,1,0.4942528735632184
test,bbh_2289,"agent-openrouter-deepseek-v3-007,agent-openrouter-deepseek-v3-008,agent-openrouter-deepseek-v3-009,agent-openrouter-deepseek-v3-008,agent-openrouter-deepseek-v3-008,agent-openrouter-deepseek-v3-008",6,1,1,0.5
test,bbh_2298,"agent-openrouter-deepseek-v3-007,agent-openrouter-deepseek-v3-008,agent-openrouter-deepseek-v3-009,agent-openrouter-deepseek-v3-007,agent-openrouter-deepseek-v3-007,agent-openrouter-deepseek-v3-008",6,0,1,0.4943820224719101
test,bbh_2279,"agent-openrouter-deepseek-v3-008,agent-openrouter-deepseek-v3-007,agent-openrouter-deepseek-v3-009,agent-openrouter-deepseek-v3-007,agent-openrouter-deepseek-v3-008,agent-openrouter-deepseek-v3-008",6,1,1,0.5
test,bbh_2332,"agent-openrouter-deepseek-v3-007,agent-openrouter-deepseek-v3-009,agent-openrouter-deepseek-v3-008,agent-openrouter-deepseek-v3-007,agent-openrouter-deepseek-v3-007,agent-openrouter-deepseek-v3-007",6,1,1,0.5054945054945055
test,bbh_2425,"agent-openrouter-deepseek-v3-007,agent-openrouter-deepseek-v3-008,agent-openrouter-deepseek-v3-009,agent-openrouter-deepseek-v3-008,agent-openrouter-deepseek-v3-008",5,1,1,0.5108695652173914
test,bbh_2240,"agent-openrouter-deepseek-v3-007,agent-openrouter-deepseek-v3-008,agent-openrouter-deepseek-v3-009,agent-openrouter-deepseek-v3-007,agent-openrouter-deepseek-v3-007,agent-openrouter-deepseek-v3-008",6,1,1,0.5161290322580645
test,bbh_2340,"agent-openrouter-deepseek-v3-007,agent-openrouter-deepseek-v3-009,agent-openrouter-deepseek-v3-008,agent-openrouter-deepseek-v3-007,agent-openrouter-deepseek-v3-007,agent-openrouter-deepseek-v3-007,agent-openrouter-deepseek-v3-008",7,0,1,0.5106382978723404
test,bbh_2312,"agent-openrouter-deepseek-v3-008,agent-openrouter-deepseek-v3-007,agent-openrouter-deepseek-v3-009,agent-openrouter-deepseek-v3-008,agent-openrouter-deepseek-v3-007,agent-openrouter-deepseek-v3-008",6,1,1,0.5157894736842106
test,bbh_2272,"agent-openrouter-deepseek-v3-007,agent-openrouter-deepseek-v3-008,agent-openrouter-deepseek-v3-009,agent-openrouter-deepseek-v3-007,agent-openrouter-deepseek-v3-007,agent-openrouter-deepseek-v3-008",6,0,1,0.5104166666666666
test,bbh_2234,"agent-openrouter-deepseek-v3-008,agent-openrouter-deepseek-v3-007,agent-openrouter-deepseek-v3-009,agent-openrouter-deepseek-v3-008,agent-openrouter-deepseek-v3-008,agent-openrouter-deepseek-v3-008",6,1,1,0.5154639175257731
test,bbh_2374,"agent-openrouter-deepseek-v3-007,agent-openrouter-deepseek-v3-008,agent-openrouter-deepseek-v3-009,agent-openrouter-deepseek-v3-007,agent-openrouter-deepseek-v3-007,agent-openrouter-deepseek-v3-008,agent-openrouter-deepseek-v3-008",7,1,1,0.5204081632653061
test,bbh_2236,"agent-openrouter-deepseek-v3-008,agent-openrouter-deepseek-v3-007,agent-openrouter-deepseek-v3-009,agent-openrouter-deepseek-v3-008,agent-openrouter-deepseek-v3-008,agent-openrouter-deepseek-v3-008",6,1,1,0.5252525252525253
test,bbh_2403,"agent-openrouter-deepseek-v3-007,agent-openrouter-deepseek-v3-009,agent-openrouter-deepseek-v3-008,agent-openrouter-deepseek-v3-007,agent-openrouter-deepseek-v3-007,agent-openrouter-deepseek-v3-008",6,0,1,0.52
