t,policy,task_difficulty,chosen_agent,match_score,load,latency_ms,call_cost,success,is_shock,rolling_success,reward_used_for_update
0,random,hard,C,0.75,0.3,561.1841102667523,0.35,1,0,1.0,0.0
1,random,hard,E,0.9,0.3,696.7279359792958,0.6,1,0,1.0,0.0
2,random,hard,B,0.2,0.3,402.48124158162943,0.1,0,0,0.6666666666666666,0.0
3,random,hard,E,0.9,0.53232,1108.030248035495,0.6,0,0,0.5,0.0
4,random,simple,B,0.95,0.53232,437.7529525793967,0.1,1,0,0.6,0.0
5,random,hard,C,0.75,0.45831957504,617.7349862786044,0.35,0,0,0.5,0.0
6,random,simple,A,0.8,0.3,795.3135005192478,1.0,1,0,0.5714285714285714,0.0
7,random,hard,D,0.55,0.3,410.74729011860376,0.22,0,0,0.5,0.0
8,random,hard,A,0.95,0.53232,1135.4092800701017,1.0,1,0,0.5555555555555556,0.0
9,random,hard,A,0.95,0.7684416000000001,1551.99368053451,1.0,1,0,0.6,0.0
10,random,hard,B,0.2,0.5472115834768588,521.265816426721,0.1,0,0,0.5454545454545454,0.0
11,random,hard,D,0.55,0.479908608,540.5350295716462,0.22,0,0,0.5,0.0
12,random,hard,D,0.55,0.72231957504,608.703644483045,0.22,0,0,0.46153846153846156,0.0
13,random,hard,E,0.9,0.4482516395493249,918.0746157015942,0.6,1,0,0.5,0.0
14,random,hard,C,0.75,0.4450482374691528,607.65361865832,0.35,1,0,0.5333333333333333,0.0
15,random,hard,E,0.9,0.6471260696669972,1086.1541844524788,0.6,0,0,0.5,0.0
16,random,hard,C,0.75,0.6446453550961119,827.1970662383395,0.35,1,0,0.5294117647058824,0.0
17,random,hard,D,0.55,0.6811910938780207,651.6588107114753,0.22,0,0,0.5,0.0
18,random,simple,E,0.6,0.7409982969481079,1140.4397188224405,0.6,1,0,0.5263157894736842,0.0
19,random,hard,C,0.75,0.7393077594280575,867.3801003609601,0.35,0,0,0.5,0.0
20,random,simple,B,0.95,0.45239896008195557,474.22846186533604,0.1,1,0,0.5238095238095238,0.0
21,random,hard,A,0.95,0.46573068805346185,973.1622384700132,1.0,1,0,0.5454545454545454,0.0
22,random,hard,A,0.95,0.7098430054870464,1204.9897806094289,1.0,1,0,0.5652173913043478,0.0
23,random,hard,D,0.55,0.6163479278778162,553.6314777858803,0.22,0,0,0.5416666666666666,0.0
24,random,simple,C,0.75,0.690156300988082,799.2227563308355,0.35,1,0,0.56,0.0
25,random,hard,D,0.55,0.7772998353485809,686.3115138229123,0.22,1,0,0.5769230769230769,0.0
26,random,hard,E,0.9,0.5664885704046395,889.0863088869124,0.6,0,0,0.5555555555555556,0.0
27,random,hard,A,0.95,0.6746068099127518,1312.4040231576234,1.0,1,0,0.5714285714285714,0.0
28,random,simple,C,0.75,0.7138835313773162,925.4775685591525,0.35,1,0,0.5862068965517241,0.0
29,random,hard,A,0.95,0.822415513596435,1160.6811355774648,1.0,1,0,0.6,0.0
30,random,simple,E,0.6,0.6397205671646957,1237.8133211294323,0.6,1,0,0.6129032258064516,0.0
31,random,simple,C,0.75,0.7864916378947624,920.6484460303118,0.35,1,0,0.625,0.0
32,random,hard,C,0.75,0.9921126413473909,1072.283435459829,0.35,0,0,0.6060606060606061,0.0
33,random,simple,D,0.85,0.5795438569170033,488.0273434484211,0.22,1,0,0.6176470588235294,0.0
34,random,hard,B,0.2,0.37555774848141843,365.15054613172896,0.1,0,0,0.6,0.0
35,random,hard,E,0.9,0.637600961126208,1208.8886524689283,0.6,0,0,0.5833333333333334,0.0
36,random,simple,C,0.75,0.8949653476133745,1108.9590557683434,0.35,0,0,0.5675675675675675,0.0
37,random,hard,D,0.55,0.6475497619096309,537.1271232856909,0.22,0,0,0.5526315789473685,0.0
38,random,simple,B,0.95,0.5252202391763536,381.0109212963016,0.1,1,0,0.5641025641025641,0.0
39,random,hard,E,0.9,0.6823663379189273,1050.1887083013871,0.6,0,0,0.55,0.0
40,random,simple,D,0.85,0.7412870313480799,633.2838107757282,0.22,1,0,0.5609756097560976,0.0
41,random,hard,E,0.9,0.8284244920844173,1251.6413753936895,0.6,1,0,0.5714285714285714,0.0
42,random,hard,B,0.2,0.6149721404121495,468.4024005554132,0.1,0,0,0.5581395348837209,0.0
43,random,hard,B,0.2,0.8411754835626917,516.740906676573,0.1,0,0,0.5454545454545454,0.0
44,random,hard,D,0.55,0.7445463931276182,608.361978112491,0.22,0,0,0.5333333333333333,0.0
45,random,hard,D,0.55,0.9552008259523039,820.0882663681817,0.22,0,0,0.5217391304347826,0.0
46,random,hard,A,0.95,0.3936044984473698,1080.3466305154943,1.0,1,0,0.5319148936170213,0.0
47,random,hard,B,0.2,0.8044490344383024,592.4815126099735,0.1,0,0,0.5208333333333334,0.0
48,random,hard,D,0.55,0.9509426172633684,815.532892135739,0.22,1,0,0.5306122448979592,0.0
49,random,hard,C,0.75,0.4698560256273135,616.644396362245,0.35,0,0,0.52,0.0
50,random,hard,D,0.55,1.0,797.6218848887086,0.22,1,0,0.52,0.0
51,random,hard,D,0.55,1.0,865.6899817845504,0.22,0,0,0.5,0.0
52,random,hard,E,0.9,0.503030986044131,952.4743257749652,0.6,1,0,0.52,0.0
53,random,simple,E,0.6,0.7426672677188353,1406.162442034933,0.6,1,0,0.54,0.0
54,random,hard,D,0.55,0.9814719999999999,834.1508603060396,0.22,0,0,0.52,0.0
55,random,hard,B,0.2,0.589307646230486,423.77106018056764,0.1,0,0,0.52,0.0
56,random,hard,B,0.2,0.8185907286828278,507.826540730764,0.1,1,0,0.52,0.0
57,random,simple,A,0.8,0.3964649285417696,1032.7885039309388,1.0,1,0,0.54,0.0
58,random,hard,E,0.9,0.6919292207378797,1014.5164459661121,0.6,0,0,0.52,0.0
59,random,hard,E,0.9,0.9088977142493342,1360.7080601818595,0.6,0,0,0.5,0.0
60,random,simple,E,0.6,1.0,1655.000989320133,0.6,1,0,0.52,0.0
61,random,hard,D,0.55,0.7011036549203781,600.0081153568184,0.22,0,0,0.52,0.0
62,random,hard,C,0.75,0.38917426506280517,633.9105083402086,0.35,0,0,0.52,0.0
63,random,hard,E,0.9,0.9814719999999999,1359.9130158638363,0.6,0,0,0.5,0.0
64,random,simple,A,0.8,0.4620255411115654,1172.283384768747,1.0,1,0,0.5,0.0
65,random,simple,B,0.95,0.5590662691936537,444.4115204112689,0.1,1,0,0.52,0.0
66,random,hard,C,0.75,0.5333860009895743,711.4586430154169,0.35,0,0,0.5,0.0
67,random,hard,A,0.95,0.6148574695523807,1134.4720087857656,1.0,1,0,0.52,0.0
68,random,hard,D,0.55,0.586523954291716,635.4761228041837,0.22,0,0,0.5,0.0
69,random,hard,D,0.55,0.8161410797767101,759.4748594223489,0.22,0,0,0.5,0.0
70,random,hard,E,0.9,0.7011036549203781,1292.4302334557347,0.6,0,0,0.48,0.0
71,random,simple,E,0.6,0.9169712163299326,1166.8165591995078,0.6,1,0,0.48,0.0
72,random,simple,D,0.85,0.8561772939175942,720.9236616684691,0.22,1,0,0.48,0.0
73,random,hard,B,0.2,0.5010595320562599,401.6072705488871,0.1,0,0,0.48,0.0
74,random,hard,D,0.55,0.9630236964097849,731.1658102228281,0.22,0,0,0.46,0.0
75,random,hard,A,0.95,0.5211239738856008,1083.509501891213,1.0,1,0,0.46,0.0
76,random,simple,C,0.75,0.4485485218653484,612.2404094876861,0.35,1,0,0.48,0.0
77,random,hard,E,0.9,0.7258451803269161,1149.6062965178667,0.6,0,0,0.46,0.0
78,random,hard,A,0.95,0.6551313967317682,1152.4663943793184,1.0,1,0,0.46,0.0
79,random,hard,E,0.9,0.8620945076451638,1175.0707160579818,0.6,0,0,0.44,0.0
80,random,hard,E,0.9,1.0,1335.833690030274,0.6,1,0,0.44,0.0
81,random,hard,C,0.75,0.5367133712218071,730.2842142231134,0.35,1,0,0.44,0.0
82,random,hard,D,0.55,0.6463365694347976,617.5359640757939,0.22,0,0,0.44,0.0
83,random,simple,C,0.75,0.7156308346741673,780.9670155263374,0.35,1,0,0.44,0.0
84,random,hard,A,0.95,0.6042456980227432,1322.8915445763776,1.0,1,0,0.46,0.0
85,random,hard,E,0.9,0.8277319167999999,1236.5158489976457,0.6,0,0,0.46,0.0
86,random,simple,D,0.85,0.6876050416883659,640.8812219279218,0.22,1,0,0.48,0.0
87,random,hard,C,0.75,0.7291604910270253,978.8999852619089,0.35,1,0,0.5,0.0
88,random,hard,E,0.9,0.8640761248055295,1260.8844522847908,0.6,0,0,0.48,0.0
89,random,hard,D,0.55,0.7685835829694541,676.5443991160089,0.22,0,0,0.48,0.0
90,random,hard,E,0.9,0.969140551049402,1461.6082572059631,0.6,0,0,0.46,0.0
91,random,hard,C,0.75,0.7372741631642287,890.3803840596263,0.35,1,0,0.46,0.0
92,random,simple,D,0.85,0.8237681914533599,673.3057701595212,0.22,1,0,0.48,0.0
93,random,hard,E,0.9,0.960442149604738,1420.0006941689694,0.6,0,0,0.48,0.0
94,random,hard,E,0.9,1.0,1611.2375543758512,0.6,0,0,0.48,0.0
95,random,hard,A,0.95,0.4480890546509585,1099.4004780481455,1.0,1,0,0.5,0.0
96,random,simple,A,0.8,0.6943183680928435,1390.5808233058074,1.0,1,0,0.5,0.0
97,random,hard,B,0.2,0.32330630685107326,363.7710726051859,0.1,1,0,0.52,0.0
98,random,simple,A,0.8,0.8376801442510979,1425.120535124298,1.0,1,0,0.52,0.0
99,random,simple,E,0.6,0.8277319167999999,1257.229974060868,0.6,1,0,0.54,0.0
100,random,hard,A,0.95,0.9486995037080501,1538.941082136118,1.0,1,0,0.54,0.0
101,random,simple,E,0.6,0.9409955963699199,1394.853410480338,0.6,1,0,0.56,0.0
102,random,hard,B,0.2,0.47061905702804585,419.90061137069495,0.1,0,0,0.54,0.0
103,random,hard,D,0.55,0.5018898158862294,544.2685774886629,0.22,0,0,0.52,0.0
104,random,hard,E,0.9,0.9412621510494019,1362.0272458045115,0.6,0,0,0.52,0.0
105,random,hard,C,0.75,0.4231363922059399,565.1906316552194,0.35,0,0,0.52,0.0
106,random,hard,D,0.55,0.6420238566116205,587.8611489027436,0.22,0,0,0.5,0.0
107,random,hard,E,0.9,0.9414438005999379,1437.2092239224241,0.6,1,0,0.5,0.0
108,random,hard,C,0.75,0.5883556034693663,799.7893366388316,0.35,1,0,0.52,0.0
109,random,simple,D,0.85,0.7375212816128343,639.1852529439146,0.22,1,0,0.54,0.0
110,random,simple,D,0.85,0.9490187278192941,722.85272304848,0.22,1,0,0.54,0.0
111,random,hard,E,0.9,0.8645794789205479,1435.9698879694442,0.6,1,0,0.56,0.0
112,random,hard,A,0.95,0.5046071184921702,1085.3736007797488,1.0,1,0,0.58,0.0
113,random,hard,E,0.9,0.9695303484760722,1297.8271632825436,0.6,0,0,0.58,0.0
114,random,simple,C,0.75,0.5732347467334402,756.4160025976724,0.35,1,0,0.58,0.0
115,random,simple,C,0.75,0.8044465771254274,843.6554526194874,0.35,1,0,0.58,0.0
116,random,hard,E,0.9,0.9607077856366859,1401.6588565508223,0.6,1,0,0.6,0.0
117,random,hard,A,0.95,0.5662972818727977,1146.5654362188866,1.0,1,0,0.6,0.0
118,random,hard,C,0.75,0.8482078178068193,961.8091105181383,0.35,0,0,0.6,0.0
119,random,hard,A,0.95,0.7385406150822945,1353.5660750477402,1.0,1,0,0.62,0.0
120,random,simple,A,0.8,0.9499157412724191,1583.6935472887658,1.0,1,0,0.64,0.0
121,random,hard,A,0.95,1.0,1946.294693422596,1.0,1,0,0.64,0.0
122,random,simple,A,0.8,1.0,1649.2257996942167,1.0,1,0,0.64,0.0
123,random,hard,E,0.9,0.6926178272322978,1095.0700590144456,0.6,0,0,0.64,0.0
124,random,hard,C,0.75,0.6939111770316253,799.3083081772998,0.35,1,0,0.66,0.0
125,random,hard,B,0.2,0.3248754513080739,364.63423339794787,0.1,0,0,0.64,0.0
126,random,hard,B,0.2,0.585890397151105,484.1810250447244,0.1,0,0,0.62,0.0
127,random,simple,B,0.95,0.8155835494929724,559.6600067075751,0.1,1,0,0.64,0.0
128,random,simple,D,0.85,0.39505235504212954,449.56627264157726,0.22,0,0,0.62,0.0
129,random,simple,A,0.8,0.70867559636992,1202.942632088077,1.0,1,0,0.64,0.0
130,random,hard,E,0.9,0.5830560036005976,1014.7333693036383,0.6,0,0,0.62,0.0
131,random,hard,A,0.95,0.848798381828866,1467.7419422589028,1.0,1,0,0.62,0.0
132,random,simple,E,0.6,0.7515185691883027,1194.430096979819,0.6,1,0,0.64,0.0
133,random,simple,A,0.8,0.9573094668882738,1542.6376609258452,1.0,1,0,0.64,0.0
134,random,hard,D,0.55,0.4834639281752087,589.8577512875844,0.22,0,0,0.62,0.0
135,random,hard,B,0.2,0.5933120022611122,397.07553431942756,0.1,0,0,0.62,0.0
136,random,hard,E,0.9,0.7506821988960641,1236.6038922331484,0.6,0,0,0.6,0.0
137,random,simple,A,0.8,0.8740940453769714,1560.51832117504,1.0,1,0,0.6,0.0
138,random,simple,B,0.95,0.7043255168048848,567.9842056119116,0.1,1,0,0.62,0.0
139,random,hard,B,0.2,0.9198064547882985,598.3973276067755,0.1,0,0,0.62,0.0
140,random,hard,D,0.55,0.5245226240572132,560.843398826273,0.22,1,0,0.64,0.0
141,random,hard,E,0.9,0.6961589557310588,1106.2913802481355,0.6,1,0,0.64,0.0
142,random,hard,A,0.95,0.7612873260302553,1552.7914158016151,1.0,1,0,0.64,0.0
143,random,simple,D,0.85,0.6574474816615171,624.0017455050371,0.22,1,0,0.66,0.0
144,random,hard,E,0.9,0.774412835879956,1264.6197143636336,0.6,1,0,0.68,0.0
145,random,hard,B,0.2,0.7271618766539883,434.517500921473,0.1,0,0,0.66,0.0
146,random,hard,D,0.55,0.7480320502228375,627.2480197534294,0.22,1,0,0.66,0.0
147,random,simple,E,0.6,0.8277406640927853,1291.5773555035034,0.6,1,0,0.66,0.0
148,random,hard,D,0.55,0.8792760196925653,761.831730184852,0.22,0,0,0.64,0.0
149,random,hard,A,0.95,0.6111195519742763,1304.212535743053,1.0,1,0,0.64,0.0
150,random,simple,E,0.6,0.8640820858406386,1338.4206895809707,0.6,1,0,0.64,0.0
151,random,hard,E,0.9,1.0,1405.8405190569863,0.6,0,0,0.62,0.0
152,random,hard,B,0.2,0.5971733135990389,489.51599690880903,0.1,0,0,0.62,0.0
153,random,hard,C,0.75,0.3170334011772595,514.9285381943224,0.35,1,0,0.64,0.0
154,random,hard,E,0.9,0.9814719999999999,1147.3060955136607,0.6,1,0,0.66,0.0
155,random,hard,E,0.9,1.0,1569.6651008559036,0.6,0,0,0.66,0.0
156,random,hard,B,0.2,0.6581220652811685,528.3510608708627,0.1,0,0,0.66,0.0
157,random,hard,D,0.55,0.5782718518932292,494.98660345387736,0.22,1,0,0.66,0.0
158,random,hard,E,0.9,0.9814719999999999,1270.2625603920276,0.6,0,0,0.64,0.0
159,random,hard,D,0.55,0.7478137221061167,571.4413671527319,0.22,1,0,0.64,0.0
160,random,hard,E,0.9,1.0,1491.590227650592,0.6,1,0,0.64,0.0
161,random,hard,E,0.9,1.0,1461.6368046156922,0.6,0,0,0.62,0.0
162,random,hard,D,0.55,0.8096141128310996,779.8578195435628,0.22,0,0,0.6,0.0
163,random,simple,E,0.6,1.0,1431.7604876203243,0.6,1,0,0.62,0.0
164,random,simple,A,0.8,0.38981859574736955,1000.5337229440564,1.0,1,0,0.62,0.0
165,random,hard,C,0.75,0.36837496006597825,600.5650879598278,0.35,0,0,0.6,0.0
166,random,hard,D,0.55,0.785521826855327,648.4211777814462,0.22,0,0,0.58,0.0
167,random,hard,E,0.9,0.8996953599999999,1437.4081216728011,0.6,0,0,0.56,0.0
168,random,hard,D,0.55,0.9083081027167652,642.8306405010896,0.22,0,0,0.56,0.0
169,random,hard,D,0.55,1.0,839.5824749631007,0.22,1,0,0.56,0.0
170,random,simple,D,0.85,1.0,854.7727852925885,0.22,1,0,0.56,0.0
171,random,hard,E,0.9,0.8395431328055296,1356.442384990433,0.6,0,0,0.54,0.0
172,random,hard,D,0.55,1.0,795.5985068965838,0.22,1,0,0.54,0.0
173,random,simple,C,0.75,0.43248035371358406,636.5678125519364,0.35,1,0,0.56,0.0
174,random,simple,B,0.95,0.36591656242012194,361.62883174666064,0.1,1,0,0.56,0.0
175,random,hard,A,0.95,0.3955370762563861,924.0293751722581,1.0,1,0,0.58,0.0
176,random,hard,D,0.55,0.8996953599999999,795.6150601816043,0.22,0,0,0.58,0.0
177,random,hard,C,0.75,0.5593564614131952,663.599125602228,0.35,0,0,0.56,0.0
178,random,hard,B,0.2,0.5194384646304975,370.30519439456236,0.1,0,0,0.56,0.0
179,random,hard,E,0.9,0.6019286956202623,1082.945805261191,0.6,0,0,0.54,0.0
180,random,simple,A,0.8,0.5087375394182504,1054.1719771622547,1.0,1,0,0.56,0.0
181,random,hard,E,0.9,0.7661335818883311,1302.9583630971256,0.6,1,0,0.56,0.0
182,random,simple,B,0.95,0.6115048370444335,476.3664547531008,0.1,1,0,0.56,0.0
183,random,hard,A,0.95,0.646690388462434,1150.803169137962,1.0,1,0,0.56,0.0
184,random,hard,C,0.75,0.5285953354514057,752.3264877540252,0.35,0,0,0.56,0.0
185,random,hard,E,0.9,0.7594467541986123,1270.5349277831695,0.6,0,0,0.56,0.0
186,random,simple,E,0.6,0.9683131436947787,1354.6518380113973,0.6,1,0,0.58,0.0
187,random,hard,E,0.9,1.0,1815.526597120892,0.6,0,0,0.56,0.0
188,random,hard,E,0.9,1.0,1592.9991625565224,0.6,0,0,0.54,0.0
189,random,hard,B,0.2,0.5499071039622246,452.8940177452282,0.1,0,0,0.54,0.0
190,random,hard,E,0.9,1.0,1723.0583954012159,0.6,0,0,0.52,0.0
191,random,hard,D,0.55,0.4322316943952492,467.12463185981215,0.22,1,0,0.52,0.0
192,random,hard,E,0.9,1.0,1441.8738931380497,0.6,0,0,0.5,0.0
193,random,simple,A,0.8,0.48010390436268724,992.4366198437202,1.0,1,0,0.5,0.0
194,random,hard,D,0.55,0.5945537972429193,604.760877731028,0.22,0,0,0.48,0.0
195,random,simple,B,0.95,0.5553791064316111,438.31477601606355,0.1,1,0,0.5,0.0
196,random,hard,D,0.55,0.7604224605849168,607.6297373425041,0.22,0,0,0.48,0.0
197,random,hard,C,0.75,0.4003224349237034,652.7757764728842,0.35,0,0,0.46,0.0
198,random,simple,C,0.75,0.6522837427328589,701.2529305997735,0.35,0,0,0.46,0.0
199,random,simple,A,0.8,0.5229622152669866,1037.5450121261786,1.0,1,0,0.46,0.0
200,random,simple,D,0.85,0.7560218212525576,665.5684870129497,0.22,1,0,0.46,0.0
201,random,simple,B,0.95,0.5579203267412862,503.375727949557,0.1,1,0,0.48,0.0
202,random,simple,B,0.95,0.7909698875323319,622.925979908542,0.1,1,0,0.5,0.0
203,random,hard,C,0.75,0.6442309498498897,853.883004710331,0.35,1,0,0.5,0.0
204,random,hard,B,0.2,0.9125270809050379,573.593875297077,0.1,0,0,0.48,0.0
205,random,hard,B,0.2,1.0,648.630613134471,0.1,0,0,0.48,0.0
206,random,hard,D,0.55,0.6510996234875703,604.3629871478075,0.22,1,0,0.5,0.0
207,random,hard,D,0.55,0.872967668669062,636.6763970564393,0.22,1,0,0.5,0.0
208,random,hard,B,0.2,0.9814719999999999,712.0910259437588,0.1,0,0,0.5,0.0
209,random,simple,D,0.85,0.9760261626173214,760.6158875487088,0.22,1,0,0.5,0.0
210,random,hard,C,0.75,0.5632814676298638,723.2956417042109,0.35,1,0,0.5,0.0
211,random,simple,B,0.95,0.9688456867839998,612.2739049109088,0.1,1,0,0.52,0.0
212,random,hard,D,0.55,0.9651345010911512,695.2998601380389,0.22,1,0,0.54,0.0
213,random,hard,E,0.9,0.36825525840160683,851.4801857354408,0.6,0,0,0.52,0.0
214,random,simple,D,0.85,1.0,778.2938084630247,0.22,1,0,0.52,0.0
215,random,simple,A,0.8,0.3676383595552978,859.0658010036777,1.0,1,0,0.54,0.0
216,random,hard,B,0.2,0.8112907913699325,636.9879422255425,0.1,0,0,0.54,0.0
217,random,simple,D,0.85,0.9814719999999999,803.7490552914703,0.22,1,0,0.56,0.0
218,random,hard,C,0.75,0.5025754629428274,753.5030522893237,0.35,1,0,0.58,0.0
219,random,hard,A,0.95,0.5204710183833238,1018.7002977493959,1.0,1,0,0.58,0.0
220,random,simple,B,0.95,0.7865273231952766,570.7245945710505,0.1,1,0,0.58,0.0
221,random,hard,B,0.2,0.9921440444118435,751.190070360953,0.1,1,0,0.6,0.0
222,random,hard,D,0.55,0.8179540998455295,634.7132930834867,0.22,0,0,0.58,0.0
223,random,simple,C,0.75,0.5652251123954657,727.4543029622711,0.35,1,0,0.58,0.0
224,random,hard,A,0.95,0.5746691681702796,1052.1615402703185,1.0,1,0,0.58,0.0
225,random,hard,D,0.55,0.8574128163299326,714.1644404654604,0.22,0,0,0.56,0.0
226,random,hard,E,0.9,0.36989139275085997,812.1265243972563,0.6,0,0,0.56,0.0
227,random,simple,C,0.75,0.6389628772590392,647.9961766834588,0.35,1,0,0.58,0.0
228,random,hard,A,0.95,0.6446264336867764,1154.271725926466,1.0,1,0,0.6,0.0
229,random,simple,B,0.95,0.6568092519506896,518.1079463140812,0.1,1,0,0.62,0.0
230,random,hard,B,0.2,0.8779921417166068,598.0153954237811,0.1,0,0,0.6,0.0
231,random,hard,A,0.95,0.7392948650173949,1284.0723245376942,1.0,1,0,0.6,0.0
232,random,hard,C,0.75,0.6372011039799559,680.0962411750252,0.35,0,0,0.58,0.0
233,random,hard,B,0.2,0.8983270607998994,581.0904063700892,0.1,1,0,0.58,0.0
234,random,hard,E,0.9,0.43302571526161104,951.8446896149129,0.6,1,0,0.6,0.0
235,random,hard,D,0.55,0.5387903061908564,577.918187242521,0.22,0,0,0.6,0.0
236,random,simple,A,0.8,0.6901494961960271,1436.9388409496025,1.0,1,0,0.6,0.0
237,random,hard,D,0.55,0.7172392131141991,625.5118147408091,0.22,0,0,0.6,0.0
238,random,hard,E,0.9,0.5596835122030693,1040.394193476877,0.6,1,0,0.62,0.0
239,random,hard,A,0.95,0.7703175574716989,1388.5294824927778,1.0,1,0,0.64,0.0
240,random,hard,A,0.95,0.977879450575095,1573.3235259519695,1.0,1,0,0.66,0.0
241,random,hard,C,0.75,0.5016603742871435,731.9351964237312,0.35,0,0,0.64,0.0
242,random,hard,E,0.9,0.6356396053366841,1153.456823516563,0.6,1,0,0.66,0.0
243,random,simple,C,0.75,0.6884857938479639,865.9096507604855,0.35,1,0,0.66,0.0
244,random,hard,D,0.55,0.5931181631593374,446.0574482578959,0.22,1,0,0.68,0.0
245,random,simple,B,0.95,0.4937432355086078,358.4769086101924,0.1,1,0,0.68,0.0
246,random,hard,A,0.95,0.7541312132291667,1272.7550550135957,1.0,1,0,0.7,0.0
247,random,hard,C,0.75,0.7128817359965405,864.8494392197481,0.35,0,0,0.7,0.0
248,random,hard,B,0.2,0.636472190188522,519.6355821387158,0.1,0,0,0.7,0.0
249,random,hard,E,0.9,0.5597703947873098,1162.0349338570593,0.6,0,0,0.68,0.0
250,random,hard,C,0.75,0.7858089423930344,876.5779741496777,0.35,0,0,0.66,0.0
251,random,simple,C,0.75,0.9915118693058702,1144.4682570099976,0.35,1,0,0.66,0.0
252,random,hard,A,0.95,0.6502216173950011,1223.0782815669154,1.0,1,0,0.66,0.0
253,random,hard,B,0.2,0.6358866889180828,534.6480803546525,0.1,1,0,0.66,0.0
254,random,simple,E,0.6,0.5954087034089998,1190.840121616534,0.6,1,0,0.68,0.0
255,random,simple,C,0.75,0.8946050674076569,965.2805424875153,0.35,1,0,0.7,0.0
256,random,hard,B,0.2,0.7333389736703837,575.4100470235419,0.1,0,0,0.68,0.0
257,random,hard,E,0.9,0.7057543599295379,1191.525881954595,0.6,0,0,0.66,0.0
258,random,hard,B,0.2,0.8678977012103453,591.6363832287288,0.1,0,0,0.66,0.0
259,random,simple,E,0.6,0.8465361763294341,1163.9158745826514,0.6,1,0,0.66,0.0
260,random,simple,C,0.75,0.772111647002036,897.3347385299802,0.35,1,0,0.66,0.0
261,random,simple,C,0.75,0.9794582493617918,1112.5361038892418,0.35,1,0,0.66,0.0
262,random,hard,B,0.2,0.8204742243705105,549.5199217388065,0.1,0,0,0.64,0.0
263,random,hard,D,0.55,0.352277161013852,409.173841844463,0.22,0,0,0.64,0.0
264,random,simple,C,0.75,0.9674733721090789,879.6974277210202,0.35,1,0,0.64,0.0
265,random,simple,A,0.8,0.423405962032164,1069.3431412202196,1.0,1,0,0.64,0.0
266,random,hard,D,0.55,0.5400670214704317,592.5885405391396,0.22,0,0,0.64,0.0
267,random,simple,A,0.8,0.6278855769977079,1440.1683035979913,1.0,1,0,0.64,0.0
268,random,hard,D,0.55,0.7182279014267023,594.8930098389042,0.22,0,0,0.62,0.0
269,random,hard,A,0.95,0.786234590827025,1420.7466154246772,1.0,1,0,0.62,0.0
270,random,simple,C,0.75,0.7492985878621539,761.3178501660191,0.35,1,0,0.62,0.0
271,random,hard,A,0.95,0.9088600671364482,1567.7169124446154,1.0,1,0,0.62,0.0
272,random,hard,E,0.9,0.4606646233225752,900.4442005752342,0.6,0,0,0.62,0.0
273,random,simple,B,0.95,0.5010825276044151,431.47733719200033,0.1,1,0,0.62,0.0
274,random,hard,E,0.9,0.6567386843010022,1155.8105916832417,0.6,1,0,0.62,0.0
275,random,hard,A,0.95,0.8450391651510165,1498.0105108857383,1.0,1,0,0.64,0.0
276,random,hard,A,0.95,1.0,1819.9500591580615,1.0,1,0,0.66,0.0
277,random,hard,D,0.55,0.527303604027865,566.6624731668372,0.22,0,0,0.64,0.0
278,random,hard,C,0.75,0.5694736415832601,800.9830686789269,0.35,1,0,0.64,0.0
279,random,hard,C,0.75,0.801136804593269,896.9120116670344,0.35,0,0,0.62,0.0
280,random,simple,B,0.95,0.5047802007992812,407.66500607618786,0.1,1,0,0.64,0.0
281,random,hard,B,0.2,0.7442065767033674,503.89535111039027,0.1,0,0,0.62,0.0
282,random,hard,A,0.95,0.764404086784,1577.0696341982054,1.0,1,0,0.64,0.0
283,random,hard,D,0.55,0.5448819486864726,564.1745529095645,0.22,0,0,0.62,0.0
284,random,hard,E,0.9,0.4829023645609597,1010.8103090101429,0.6,1,0,0.62,0.0
285,random,simple,B,0.95,0.7462972309304935,477.7880093484854,0.1,1,0,0.64,0.0
286,random,simple,A,0.8,0.7584095840094021,1497.9650118309646,1.0,1,0,0.64,0.0
287,random,hard,C,0.75,0.5881164540241207,735.7721633588152,0.35,1,0,0.66,0.0
288,random,hard,B,0.2,0.8085806665566653,626.0789431807841,0.1,0,0,0.64,0.0
289,random,hard,B,0.2,1.0,565.1621278868885,0.1,1,0,0.64,0.0
290,random,hard,A,0.95,0.7548147085099686,1539.3137912585005,1.0,1,0,0.64,0.0
291,random,simple,D,0.85,0.49595836069097055,461.56075625520725,0.22,0,0,0.64,0.0
292,random,hard,B,0.2,0.9814719999999999,647.8974591714232,0.1,0,0,0.62,0.0
293,random,hard,E,0.9,0.45282815891758565,1073.2874718841135,0.6,0,0,0.6,0.0
294,random,simple,B,0.95,1.0,692.6891486939353,0.1,1,0,0.6,0.0
295,random,hard,B,0.2,1.0,829.0853480449963,0.1,0,0,0.58,0.0
296,random,hard,C,0.75,0.48612614369648444,746.9231324160952,0.35,0,0,0.56,0.0
297,random,hard,D,0.55,0.5303250895795798,504.3463768480938,0.22,0,0,0.56,0.0
298,random,hard,E,0.9,0.5389718722865925,1036.2522685761683,0.6,0,0,0.56,0.0
299,random,simple,B,0.95,0.8996953599999999,618.8901399060871,0.1,0,0,0.56,0.0
300,random,simple,A,0.8,0.5102166330262786,1195.2036487476564,1.0,1,0,0.58,0.0
301,random,hard,E,0.9,0.6672942397508888,912.1002212326689,0.6,0,0,0.56,0.0
302,random,simple,E,0.6,0.8872189309807821,1336.4216065325797,0.6,1,0,0.56,0.0
303,random,hard,E,0.9,1.0,1727.5935839398985,0.6,0,0,0.54,0.0
304,random,hard,D,0.55,0.516730922253866,665.4592399646763,0.22,0,0,0.52,0.0
305,random,hard,E,0.9,1.0,1481.164936058875,0.6,0,0,0.5,0.0
306,random,hard,A,0.95,0.5369466895225762,1293.2733982904595,1.0,1,0,0.52,0.0
307,random,simple,D,0.85,0.6521376550501865,557.2359086853621,0.22,1,0,0.54,0.0
308,random,simple,B,0.95,0.5847341316717392,498.21880225671316,0.1,1,0,0.56,0.0
309,random,simple,B,0.95,0.8145660358711304,569.8908337740946,0.1,0,0,0.54,0.0
310,random,simple,A,0.8,0.6220044382740495,1243.8176619682658,1.0,1,0,0.54,0.0
311,random,hard,E,0.9,0.764404086784,1307.8816576186011,0.6,1,0,0.54,0.0
312,random,hard,E,0.9,0.9726755963699198,1358.451660945128,0.6,0,0,0.54,0.0
313,random,hard,C,0.75,0.3553292017363286,572.3281366357935,0.35,1,0,0.56,0.0
314,random,simple,D,0.85,0.5665127450929162,516.0611947340101,0.22,0,0,0.54,0.0
315,random,simple,E,0.6,0.9628511840094021,1425.4510675802032,0.6,1,0,0.54,0.0
316,random,hard,A,0.95,0.5888614031322549,1293.977898760594,1.0,1,0,0.56,0.0
317,random,hard,A,0.95,0.8181980347563842,1323.3905311399205,1.0,1,0,0.56,0.0
318,random,hard,B,0.2,0.5577925409252494,424.5175568612753,0.1,0,0,0.56,0.0
319,random,simple,B,0.95,0.7908574360142195,651.3950878280802,0.1,1,0,0.56,0.0
320,random,simple,E,0.6,0.8081273009304313,1393.445666164546,0.6,1,0,0.56,0.0
321,random,simple,B,0.95,0.9124399984494116,577.0443473134484,0.1,1,0,0.56,0.0
322,random,simple,D,0.85,0.503737541877767,473.1328912610755,0.22,1,0,0.58,0.0
323,random,simple,B,0.95,1.0,617.7257244630473,0.1,0,0,0.56,0.0
324,random,hard,E,0.9,0.7846301926573034,1394.1104637808137,0.6,0,0,0.54,0.0
325,random,simple,D,0.85,0.6432830301385256,562.4552438394442,0.22,1,0,0.54,0.0
326,random,hard,A,0.95,0.5589419900552587,1323.3986617896987,1.0,1,0,0.54,0.0
327,random,simple,C,0.75,0.3593455706618623,590.2368341209624,0.35,0,0,0.54,0.0
328,random,simple,E,0.6,0.770539085852491,1219.7003678771698,0.6,1,0,0.54,0.0
329,random,simple,C,0.75,0.5782772099205462,570.3936866261736,0.35,1,0,0.56,0.0
330,random,simple,D,0.85,0.6394809865399163,567.6512031350522,0.22,1,0,0.56,0.0
331,random,hard,A,0.95,0.5949715277918682,1087.6320512596803,1.0,1,0,0.58,0.0
332,random,simple,A,0.8,0.8235749444568441,1583.0328636540519,1.0,1,0,0.58,0.0
333,random,hard,A,0.95,1.0,1582.5052742277878,1.0,1,0,0.6,0.0
334,random,simple,B,0.95,0.5450808588882738,438.9102680458268,0.1,1,0,0.6,0.0
335,random,simple,B,0.95,0.7796711558216809,526.0271208502223,0.1,0,0,0.58,0.0
336,random,hard,E,0.9,0.5771124579846478,1096.797392558181,0.6,0,0,0.56,0.0
337,random,simple,D,0.85,0.561340273541425,581.7424497994143,0.22,1,0,0.56,0.0
338,random,hard,A,0.95,0.8277319167999999,1495.0061046701587,1.0,1,0,0.58,0.0
339,random,hard,C,0.75,0.461050767366866,670.3609786524254,0.35,1,0,0.58,0.0
340,random,simple,C,0.75,0.7057246752828421,870.2946455958875,0.35,1,0,0.58,0.0
341,random,hard,A,0.95,0.8640761248055295,1623.4357626522124,1.0,0,0,0.58,0.0
342,random,hard,E,0.9,0.56801338402203,967.458485220227,0.6,0,0,0.58,0.0
343,random,hard,B,0.2,0.5803966656285082,445.0721064105857,0.1,0,0,0.58,0.0
344,random,hard,A,0.95,0.8888436849234738,1538.9953562868993,1.0,1,0,0.58,0.0
345,random,simple,D,0.85,0.5018773425292764,489.49319917798965,0.22,1,0,0.6,0.0
346,random,simple,B,0.95,0.6955240765191907,460.00750205436276,0.1,1,0,0.62,0.0
347,random,hard,A,0.95,0.9057220836521696,1564.931777246464,1.0,1,0,0.64,0.0
348,random,hard,A,0.95,1.0,1871.852840664892,1.0,1,0,0.66,0.0
349,random,hard,D,0.55,0.6009735136039377,549.593802258887,0.22,0,0,0.66,0.0
350,random,simple,C,0.75,0.49654501086019,686.4551085781408,0.35,1,0,0.66,0.0
351,random,hard,D,0.55,0.7653938889348892,760.8372760163619,0.22,0,0,0.66,0.0
352,random,simple,B,0.95,0.6230042235921798,498.85940444099197,0.1,1,0,0.66,0.0
353,random,hard,B,0.2,0.8482437167611181,640.2088097392965,0.1,0,0,0.66,0.0
354,random,simple,C,0.75,0.5977757390440055,824.611090903182,0.35,1,0,0.68,0.0
355,random,hard,D,0.55,0.7590031637666085,706.0111291642371,0.22,0,0,0.68,0.0
356,random,simple,E,0.6,0.3948671774051845,952.208522507893,0.6,1,0,0.68,0.0
357,random,hard,A,0.95,0.6164783818288659,1108.0272782508512,1.0,1,0,0.68,0.0
358,random,hard,B,0.2,0.7476452825599011,616.9674655221075,0.1,0,0,0.66,0.0
359,random,hard,B,0.2,0.957927848652713,675.2189859109745,0.1,0,0,0.66,0.0
360,random,simple,B,0.95,1.0,702.3607708412409,0.1,0,0,0.64,0.0
361,random,hard,B,0.2,1.0,741.6119977735416,0.1,0,0,0.62,0.0
362,random,hard,A,0.95,0.6253353181083097,1319.0928755864688,1.0,1,0,0.64,0.0
363,random,hard,D,0.55,0.5729637421270979,561.9362883392718,0.22,0,0,0.62,0.0
364,random,hard,E,0.9,0.44200786970741424,855.662380953728,0.6,1,0,0.64,0.0
365,random,hard,E,0.9,0.6889669253425246,1013.3017059596916,0.6,0,0,0.62,0.0
366,random,hard,C,0.75,0.42892298456178024,545.9919776712678,0.35,0,0,0.6,0.0
367,random,simple,B,0.95,0.764404086784,571.5143133819781,0.1,1,0,0.6,0.0
368,random,hard,B,0.2,0.9726755963699198,678.77756770021,0.1,0,0,0.6,0.0
369,random,simple,D,0.85,0.5660867034228781,498.64070961912864,0.22,1,0,0.6,0.0
370,random,hard,C,0.75,0.5572231236390512,710.4448061895587,0.35,0,0,0.58,0.0
371,random,simple,C,0.75,0.790356348802365,806.2363827499313,0.35,1,0,0.58,0.0
372,random,simple,D,0.85,0.6857722379549955,643.0118429234205,0.22,1,0,0.58,0.0
373,random,hard,D,0.55,0.9034795694003961,805.1836137674975,0.22,0,0,0.58,0.0
374,random,hard,C,0.75,0.8386057217310454,865.7127432069948,0.35,0,0,0.58,0.0
375,random,hard,E,0.9,0.49187796114608995,1019.032554967241,0.6,0,0,0.56,0.0
376,random,hard,B,0.2,0.6498077258904312,473.36503261258827,0.1,0,0,0.54,0.0
377,random,hard,C,0.75,0.871486318399499,900.4125961850419,0.35,0,0,0.54,0.0
378,random,hard,E,0.9,0.6352010579381482,1055.998512925897,0.6,0,0,0.52,0.0
379,random,simple,E,0.6,0.8589769309855704,1533.7824239617762,0.6,1,0,0.52,0.0
380,random,simple,B,0.95,0.6896866781086435,492.66856686283234,0.1,1,0,0.52,0.0
381,random,hard,B,0.2,0.9069242767356063,599.4242148042338,0.1,1,0,0.52,0.0
382,random,hard,D,0.55,0.585931752139278,530.2749151540291,0.22,0,0,0.5,0.0
383,random,hard,A,0.95,0.3426824237251337,859.8066569102194,1.0,1,0,0.5,0.0
384,random,hard,C,0.75,0.6561551909001412,862.743755434163,0.35,0,0,0.48,0.0
385,random,hard,A,0.95,0.5653732689327435,1112.052458254341,1.0,1,0,0.5,0.0
386,random,hard,E,0.9,0.6510429095385315,1047.9311373396495,0.6,0,0,0.5,0.0
387,random,hard,E,0.9,0.8729177603939078,1415.1174555605062,0.6,0,0,0.48,0.0
388,random,simple,D,0.85,0.5721091002699903,539.3930016817519,0.22,0,0,0.46,0.0
389,random,hard,C,0.75,0.6462740366120014,809.5636433761626,0.35,0,0,0.44,0.0
390,random,simple,A,0.8,0.5983655189213586,1217.1701519700628,1.0,1,0,0.44,0.0
391,random,hard,D,0.55,0.6898763327791908,624.8244585331763,0.22,0,0,0.44,0.0
392,random,hard,E,0.9,0.7606665629014401,1078.675393899603,0.6,0,0,0.44,0.0
393,random,hard,D,0.55,0.8342402321042053,664.9958637840035,0.22,0,0,0.44,0.0
394,random,hard,A,0.95,0.658837025281131,1251.4249561098327,1.0,1,0,0.44,0.0
395,random,hard,B,0.2,0.4514706319856866,365.4054255916435,0.1,1,0,0.44,0.0
396,random,hard,E,0.9,0.7561682082791417,1121.0763595316255,0.6,0,0,0.42,0.0
397,random,hard,A,0.95,0.7489789852923829,1311.0440714899103,1.0,1,0,0.42,0.0
398,random,hard,A,0.95,0.959101507057297,1564.2256630591014,1.0,1,0,0.42,0.0
399,random,hard,D,0.55,0.6874245731488255,602.2820001566688,0.22,0,0,0.42,0.0
400,random,hard,D,0.55,0.9049336243709665,713.226138615591,0.22,1,0,0.42,0.0
401,random,hard,C,0.75,0.4393826684536537,593.9463907531303,0.35,1,0,0.44,0.0
402,random,hard,A,0.95,0.8751687235512684,1685.1463702957622,1.0,1,0,0.44,0.0
403,random,simple,C,0.75,0.6402579384505094,784.4599359043714,0.35,1,0,0.46,0.0
404,random,simple,A,0.8,0.9777306595181023,1540.7759347728627,1.0,1,0,0.46,0.0
405,random,hard,D,0.55,0.7775623561660613,669.2990217192541,0.22,0,0,0.46,0.0
406,random,hard,D,0.55,0.9842548734261338,696.226220280177,0.22,0,0,0.44,0.0
407,random,hard,D,0.55,1.0,821.1299587055616,0.22,0,0,0.42,0.0
408,random,hard,E,0.9,0.46308367147517204,957.1560057061096,0.6,0,0,0.42,0.0
409,random,hard,D,0.55,1.0,778.5876366155165,0.22,0,0,0.42,0.0
410,random,simple,B,0.95,0.3663543787056558,340.2015287288868,0.1,1,0,0.44,0.0
411,random,simple,E,0.6,0.6155785557675284,1043.5755322407135,0.6,1,0,0.46,0.0
412,random,hard,C,0.75,0.502627796313903,637.3944779878289,0.35,0,0,0.44,0.0
413,random,hard,B,0.2,0.5496602511653006,428.87452882040174,0.1,0,0,0.44,0.0
414,random,hard,A,0.95,0.572298942950108,1050.2790842370428,1.0,1,0,0.44,0.0
415,random,hard,D,0.55,0.764404086784,618.4644655824867,0.22,0,0,0.44,0.0
416,random,hard,D,0.55,0.9726755963699198,833.4748487190533,0.22,0,0,0.44,0.0
417,random,hard,E,0.9,0.5858771970350327,1065.3075974288622,0.6,0,0,0.42,0.0
418,random,simple,E,0.6,0.8155719333908287,1216.8044500578378,0.6,1,0,0.44,0.0
419,random,hard,A,0.95,0.6020204181456743,1324.8932251246056,1.0,1,0,0.44,0.0
420,random,hard,D,0.55,0.8833090419282739,855.2261819701149,0.22,0,0,0.44,0.0
421,random,hard,A,0.95,0.7662046118120103,1295.4057161252733,1.0,1,0,0.44,0.0
422,random,hard,B,0.2,0.4739555868444424,405.9351085575531,0.1,0,0,0.42,0.0
423,random,hard,A,0.95,0.8933488513872208,1533.9989725269745,1.0,1,0,0.44,0.0
424,random,hard,E,0.9,0.6787549389330292,933.5814096183166,0.6,0,0,0.44,0.0
425,random,hard,A,0.95,0.9918093505142638,1578.829156025191,1.0,1,0,0.46,0.0
426,random,hard,D,0.55,0.71021232896475,678.5733381899363,0.22,0,0,0.46,0.0
427,random,hard,A,0.95,1.0,1667.1134525414998,1.0,1,0,0.48,0.0
428,random,simple,B,0.95,0.520106911484668,420.89369988955036,0.1,1,0,0.5,0.0
429,random,simple,D,0.85,0.7839898162442661,722.1955277608196,0.22,1,0,0.5,0.0
430,random,hard,B,0.2,0.702770792253727,549.4358817030854,0.1,0,0,0.48,0.0
431,random,hard,E,0.9,0.5773905794574843,1193.6377346948393,0.6,0,0,0.46,0.0
432,random,hard,D,0.55,0.8342671080556125,707.774682662112,0.22,0,0,0.46,0.0
433,random,simple,E,0.6,0.7471312647318757,1276.9761897537328,0.6,1,0,0.46,0.0
434,random,hard,C,0.75,0.33019015130316737,654.9473427336842,0.35,0,0,0.46,0.0
435,random,hard,A,0.95,0.6596345248055295,1399.214291955799,1.0,1,0,0.46,0.0
436,random,hard,A,0.95,0.880478381828866,1469.4349350638058,1.0,1,0,0.48,0.0
437,random,simple,C,0.75,0.5250153427888721,780.8278187693528,0.35,1,0,0.5,0.0
438,random,hard,E,0.9,0.694285014438161,1121.433228005574,0.6,0,0,0.5,0.0
439,random,simple,E,0.6,0.9109708127055818,1357.400569894758,0.6,1,0,0.52,0.0
440,random,hard,A,0.95,0.8280188001630793,1312.6991251148413,1.0,0,0,0.5,0.0
441,random,simple,E,0.6,1.0,1580.5317293861535,0.6,1,0,0.52,0.0
442,random,hard,C,0.75,0.5770673531993805,632.1270589248968,0.35,0,0,0.52,0.0
443,random,simple,B,0.95,0.4333793023579102,410.2715903780491,0.1,1,0,0.54,0.0
444,random,simple,E,0.6,0.9814719999999999,1368.516302520581,0.6,1,0,0.54,0.0
445,random,hard,E,0.9,1.0,1845.326542952923,0.6,0,0,0.52,0.0
446,random,simple,C,0.75,0.6460646141211497,649.3346930391549,0.35,1,0,0.54,0.0
447,random,hard,A,0.95,0.638391076962152,1277.8115920640364,1.0,1,0,0.54,0.0
448,random,simple,D,0.85,0.4079015978066709,476.87523315442564,0.22,1,0,0.54,0.0
449,random,hard,A,0.95,0.7943700499994906,1478.529138332758,1.0,1,0,0.56,0.0
450,random,simple,D,0.85,0.615878997341486,524.3310831704125,0.22,1,0,0.56,0.0
451,random,simple,D,0.85,0.8419735176605077,701.2783050059448,0.22,1,0,0.56,0.0
452,random,hard,D,0.55,1.0,792.8159271244989,0.22,1,0,0.56,0.0
453,random,hard,B,0.2,0.4206965586889518,445.99282192310017,0.1,0,0,0.54,0.0
454,random,hard,E,0.9,0.6164783818288659,1109.0961148480292,0.6,1,0,0.54,0.0
455,random,hard,C,0.75,0.5044654836339523,647.7233668588902,0.35,0,0,0.54,0.0
456,random,simple,C,0.75,0.743929625597878,819.2945285622368,0.35,1,0,0.56,0.0
457,random,hard,B,0.2,0.552289774213732,462.5316447050545,0.1,0,0,0.56,0.0
458,random,hard,A,0.95,0.5514009479971542,964.463867175399,1.0,1,0,0.58,0.0
459,random,hard,E,0.9,0.6253353181083097,1005.8657690741934,0.6,0,0,0.58,0.0
460,random,hard,B,0.2,0.6763700170129805,501.11553834162015,0.1,0,0,0.56,0.0
461,random,hard,E,0.9,0.784259670343075,1195.355448610609,0.6,0,0,0.54,0.0
462,random,hard,A,0.95,0.6306725900134946,1188.982734660358,1.0,1,0,0.56,0.0
463,random,hard,E,0.9,0.9073306887136774,1355.1019062752525,0.6,1,0,0.58,0.0
464,random,hard,B,0.2,0.7056159608458055,410.5488072548674,0.1,0,0,0.56,0.0
465,random,hard,A,0.95,0.7297857112616762,1318.9244230127513,1.0,1,0,0.58,0.0
466,random,hard,E,0.9,0.9183204590990872,1369.640778356137,0.6,1,0,0.6,0.0
467,random,hard,E,0.9,1.0,1478.6478202169837,0.6,0,0,0.6,0.0
468,random,simple,B,0.95,0.7231546176611712,485.5097985666421,0.1,1,0,0.6,0.0
469,random,hard,A,0.95,0.737649104837927,1312.9074735140337,1.0,1,0,0.6,0.0
470,random,hard,E,0.9,0.9814719999999999,1391.9447889253674,0.6,0,0,0.6,0.0
471,random,hard,E,0.9,1.0,1515.342493759364,0.6,0,0,0.58,0.0
472,random,hard,C,0.75,0.39621761961203744,599.2756822744067,0.35,1,0,0.6,0.0
473,random,hard,A,0.95,0.7423647454794584,1366.1948099601539,1.0,1,0,0.6,0.0
474,random,hard,A,0.95,0.9532809760219234,1303.509910441012,1.0,1,0,0.62,0.0
475,random,simple,C,0.75,0.5700112136722544,676.4161717726348,0.35,1,0,0.62,0.0
476,random,hard,B,0.2,0.5600713672834998,372.2707184027613,0.1,1,0,0.64,0.0
477,random,hard,B,0.2,0.7928628032094798,502.28596146152955,0.1,0,0,0.62,0.0
478,random,simple,E,0.6,0.70867559636992,1270.062480593859,0.6,1,0,0.62,0.0
479,random,simple,D,0.85,0.33169802094620415,463.1754135287425,0.22,1,0,0.62,0.0
480,random,hard,D,0.55,0.5918942584326596,596.469650145645,0.22,0,0,0.62,0.0
481,random,hard,D,0.55,0.8208669474207404,680.2983080677267,0.22,0,0,0.62,0.0
482,random,hard,E,0.9,0.7249894668882739,1163.8282690878975,0.6,0,0,0.62,0.0
483,random,simple,E,0.6,0.937990730861681,1216.8568197284947,0.6,1,0,0.62,0.0
484,random,simple,D,0.85,0.8593978403927067,675.6611357708224,0.22,1,0,0.64,0.0
485,random,simple,E,0.6,1.0,1454.6142630298923,0.6,1,0,0.64,0.0
486,random,hard,C,0.75,0.4396988378227435,580.1259251584734,0.35,0,0,0.62,0.0
487,random,simple,D,0.85,0.8856555650880986,720.2265285776518,0.22,1,0,0.62,0.0
488,random,hard,B,0.2,0.4943154967911437,492.0622137252941,0.1,1,0,0.64,0.0
489,random,hard,D,0.55,0.9858516696042237,775.4357900509143,0.22,0,0,0.62,0.0
490,random,hard,E,0.9,0.8277319167999999,1113.2665326290041,0.6,0,0,0.62,0.0
491,random,hard,E,0.9,1.0,1498.4230623425872,0.6,0,0,0.6,0.0
492,random,hard,D,0.55,0.9718303089885294,738.0955584443882,0.22,0,0,0.6,0.0
493,random,hard,E,0.9,1.0,1506.564366606138,0.6,0,0,0.58,0.0
494,random,hard,C,0.75,0.458130882597926,718.6586296219695,0.35,0,0,0.56,0.0
495,random,hard,A,0.95,0.3650664393477123,896.0848844731944,1.0,1,0,0.58,0.0
496,random,hard,A,0.95,0.6212584666259868,1411.2356630156808,1.0,1,0,0.58,0.0
497,random,hard,A,0.95,0.8467074506308685,1630.927899734907,1.0,1,0,0.58,0.0
498,random,hard,B,0.2,0.43766734831290605,451.34308552393253,0.1,0,0,0.56,0.0
499,random,hard,B,0.2,0.6851472665153573,558.8661720463709,0.1,0,0,0.54,0.0
500,random,hard,E,0.9,0.70867559636992,1209.12548942136,0.6,0,0,0.52,0.0
501,random,hard,D,0.55,0.6075632836009366,526.0731838178444,0.22,0,0,0.5,0.0
502,random,hard,A,0.95,0.7468345458902697,1502.6532934706236,1.0,1,0,0.5,0.0
503,random,hard,C,0.75,0.4449885203904218,717.1140937440673,0.35,1,0,0.52,0.0
504,random,hard,D,0.55,0.7140373660020976,666.1762006047019,0.22,0,0,0.5,0.0
505,random,hard,E,0.9,0.673990730861681,950.5359657597005,0.6,0,0,0.5,0.0
506,random,hard,C,0.75,0.6032472169675016,648.6029571462452,0.35,0,0,0.48,0.0
507,random,hard,E,0.9,0.8219384219792858,1232.9750537434809,0.6,1,0,0.5,0.0
508,random,hard,B,0.2,0.5168342982212512,365.54899690646624,0.1,1,0,0.5,0.0
509,random,hard,A,0.95,0.6052130534313643,1305.736593647001,1.0,1,0,0.52,0.0
510,random,hard,B,0.2,0.700236480542537,468.97730647233254,0.1,0,0,0.52,0.0
511,random,hard,E,0.9,0.7929126578666996,1223.6654092871422,0.6,1,0,0.54,0.0
512,random,simple,A,0.8,0.7124357499479786,1186.613210060687,1.0,1,0,0.54,0.0
513,random,hard,C,0.75,0.5465324161526883,778.4245480590874,0.35,1,0,0.54,0.0
514,random,simple,A,0.8,0.8517102447597147,1663.7571559027783,1.0,1,0,0.56,0.0
515,random,simple,B,0.95,0.669537140089999,544.1629629494723,0.1,1,0,0.56,0.0
516,random,hard,C,0.75,0.6724465387004048,838.8712993050935,0.35,0,0,0.54,0.0
517,random,hard,C,0.75,0.8917529540563562,976.8089651643915,0.35,0,0,0.54,0.0
518,random,hard,D,0.55,0.41925548126137896,523.3418439177262,0.22,0,0,0.52,0.0
519,random,hard,E,0.9,0.58515876692418,1016.714981818101,0.6,1,0,0.52,0.0
520,random,simple,D,0.85,0.6246714446888119,606.2340489160157,0.22,1,0,0.54,0.0
521,random,hard,A,0.95,0.648073192211547,1160.4102879679645,1.0,1,0,0.56,0.0
522,random,hard,B,0.2,0.573623490018091,488.5279484960807,0.1,1,0,0.56,0.0
523,random,simple,B,0.95,0.80478867121592,489.4883149601386,0.1,1,0,0.56,0.0
524,random,hard,A,0.95,0.7416437344427873,1347.7228043757132,1.0,1,0,0.56,0.0
525,random,simple,A,0.8,0.9526464863096529,1503.6474518429125,1.0,1,0,0.56,0.0
526,random,simple,A,0.8,1.0,1952.4488281083986,1.0,1,0,0.56,0.0
527,random,hard,C,0.75,0.5483540680639627,782.988403813394,0.35,0,0,0.56,0.0
528,random,hard,A,0.95,1.0,1781.5002932033597,1.0,1,0,0.56,0.0
529,random,hard,B,0.2,0.6737471479101382,518.3436512927408,0.1,0,0,0.54,0.0
530,random,hard,E,0.9,0.4434112131837813,916.4720610567047,0.6,0,0,0.54,0.0
531,random,hard,D,0.55,0.4530950141873129,476.27264693707355,0.22,0,0,0.54,0.0
532,random,hard,D,0.55,0.6987236124848353,675.1358363587518,0.22,0,0,0.54,0.0
533,random,hard,A,0.95,0.8277319167999999,1284.8193065972919,1.0,1,0,0.54,0.0
534,random,hard,A,0.95,1.0,1745.749703364786,1.0,0,0,0.52,0.0
535,random,simple,C,0.75,0.49720705469336224,642.6959175536762,0.35,1,0,0.52,0.0
536,random,hard,B,0.2,0.5753440174747084,499.89744782400595,0.1,0,0,0.52,0.0
537,random,hard,D,0.55,0.6687387513300425,555.5644072388119,0.22,1,0,0.52,0.0
538,random,simple,A,0.8,0.8996953599999999,1585.8828932145157,1.0,1,0,0.52,0.0
539,random,hard,A,0.95,1.0,1701.9711414140386,1.0,1,0,0.54,0.0
540,random,simple,D,0.85,0.7557267343463866,701.1755335313867,0.22,1,0,0.56,0.0
541,random,simple,D,0.85,0.9650395262248201,764.1066566532439,0.22,1,0,0.58,0.0
542,random,hard,B,0.2,0.5671921130219797,411.03270589735456,0.1,0,0,0.58,0.0
543,random,hard,C,0.75,0.4788128228446043,694.4815300931305,0.35,0,0,0.58,0.0
544,random,hard,D,0.55,0.9576474160154806,824.9343379081743,0.22,0,0,0.58,0.0
545,random,hard,D,0.55,1.0,788.938480872326,0.22,0,0,0.56,0.0
546,random,simple,B,0.95,0.6401424784078769,485.02071992673046,0.1,1,0,0.56,0.0
547,random,hard,D,0.55,1.0,768.0493189880368,0.22,1,0,0.56,0.0
548,random,simple,B,0.95,0.7957263352790598,451.73566342066437,0.1,1,0,0.58,0.0
549,random,hard,E,0.9,0.33908205957390103,769.1187004581664,0.6,0,0,0.58,0.0
550,random,hard,E,0.9,0.5983922124250329,1078.231717840894,0.6,0,0,0.58,0.0
551,random,hard,C,0.75,0.47219762201451354,692.4584300302544,0.35,1,0,0.6,0.0
552,random,hard,B,0.2,0.7771933910966565,565.9725796432064,0.1,0,0,0.58,0.0
553,random,simple,E,0.6,0.7077875377857121,928.2116250578072,0.6,1,0,0.58,0.0
554,random,simple,D,0.85,0.70867559636992,655.2943785054262,0.22,1,0,0.6,0.0
555,random,hard,D,0.55,0.9236345248055295,792.116899554662,0.22,0,0,0.6,0.0
556,random,hard,E,0.9,0.7823373889499048,1234.476292386042,0.6,1,0,0.62,0.0
557,random,simple,A,0.8,0.40015856616501755,1037.7804309303112,1.0,1,0,0.62,0.0
558,random,simple,A,0.8,0.6521395382252154,1256.1258574599776,1.0,1,0,0.62,0.0
559,random,hard,B,0.2,0.6176199726011866,457.47596153013836,0.1,0,0,0.6,0.0
560,random,hard,B,0.2,0.8435055758890442,561.4188432745069,0.1,0,0,0.6,0.0
561,random,hard,B,0.2,1.0,649.6534233787293,0.1,1,0,0.6,0.0
562,random,hard,B,0.2,1.0,608.0790170601549,0.1,0,0,0.58,0.0
563,random,hard,C,0.75,0.4018394069161194,658.3061697832125,0.35,0,0,0.56,0.0
564,random,simple,E,0.6,0.5813555351125979,991.9222972755236,0.6,1,0,0.56,0.0
565,random,simple,D,0.85,0.5572331166343203,598.3879440124377,0.22,1,0,0.56,0.0
566,random,hard,D,0.55,0.7903651426382019,613.0792790108375,0.22,0,0,0.56,0.0
567,random,simple,B,0.95,0.8277319167999999,518.8256623688105,0.1,1,0,0.58,0.0
568,random,hard,E,0.9,0.648636216917342,1046.187949523213,0.6,0,0,0.58,0.0
569,random,simple,D,0.85,0.8386117144839407,609.3287603793161,0.22,1,0,0.58,0.0
570,random,simple,B,0.95,0.8640761248055295,628.7602933186256,0.1,1,0,0.58,0.0
571,random,hard,A,0.95,0.4237699654101236,905.0166002450924,1.0,1,0,0.58,0.0
572,random,simple,E,0.6,0.6889841296132835,1041.4993372235972,0.6,1,0,0.58,0.0
573,random,simple,B,0.95,0.8888436849234738,508.71374920524727,0.1,1,0,0.58,0.0
574,random,hard,C,0.75,0.39848314698215714,591.9787457613827,0.35,1,0,0.58,0.0
575,random,simple,D,0.85,0.6894547074312789,578.3134438432965,0.22,1,0,0.58,0.0
576,random,hard,E,0.9,0.7131805856427247,1292.3660364642756,0.6,0,0,0.56,0.0
577,random,hard,A,0.95,0.49680050379277574,1057.3709730513733,1.0,1,0,0.58,0.0
578,random,hard,D,0.55,0.7698440783826086,682.2788838875097,0.22,0,0,0.56,0.0
579,random,simple,C,0.75,0.5102922749693899,654.9081512736188,0.35,1,0,0.58,0.0
580,random,hard,B,0.2,0.6632487230157379,495.17809565034577,0.1,0,0,0.58,0.0
581,random,simple,E,0.6,0.6763681574857816,1008.2747364523653,0.6,1,0,0.6,0.0
582,random,simple,E,0.6,0.8952039785874879,1189.4169127234038,0.6,1,0,0.62,0.0
583,random,hard,C,0.75,0.6060199095429872,732.0995542333475,0.35,1,0,0.62,0.0
584,random,simple,A,0.8,0.5030302421643893,1280.0365777076008,1.0,1,0,0.64,0.0
585,random,hard,E,0.9,0.9100564456959725,1382.2622860536146,0.6,0,0,0.62,0.0
586,random,hard,A,0.95,0.6895466195321031,1219.1894646305466,1.0,1,0,0.64,0.0
587,random,hard,C,0.75,0.6634273278205491,935.3604885624437,0.35,1,0,0.64,0.0
588,random,hard,E,0.9,0.9201779861613257,1379.4210277608686,0.6,0,0,0.62,0.0
589,random,hard,C,0.75,0.8137581226642332,876.6606570889552,0.35,1,0,0.62,0.0
590,random,simple,D,0.85,0.466033162187254,524.2258280905631,0.22,0,0,0.6,0.0
591,random,hard,B,0.2,0.462549566693248,471.8722676426971,0.1,0,0,0.58,0.0
592,random,hard,E,0.9,0.8518264686750914,1338.8330787262514,0.6,0,0,0.58,0.0
593,random,simple,D,0.85,0.6175885511020723,571.4205863580253,0.22,1,0,0.6,0.0
594,random,hard,B,0.2,0.6152145783135811,508.5369270396656,0.1,0,0,0.6,0.0
595,random,simple,B,0.95,0.8413888289159512,617.8881772576958,0.1,0,0,0.6,0.0
596,random,simple,D,0.85,0.7208693050966314,649.5577354534363,0.22,1,0,0.6,0.0
597,random,hard,B,0.2,0.9515715091125128,643.2958137369739,0.1,0,0,0.58,0.0
598,random,hard,D,0.55,0.8582411898668314,725.4848102381054,0.22,0,0,0.56,0.0
599,random,simple,E,0.6,0.648120690089476,1181.5876615123373,0.6,1,0,0.58,0.0
600,random,hard,E,0.9,0.8703462072787389,1479.9040698074605,0.6,0,0,0.58,0.0
601,random,simple,A,0.8,0.40134532411642787,921.9336980615623,1.0,1,0,0.58,0.0
602,random,hard,E,0.9,0.9739961029166553,1521.2846889564466,0.6,0,0,0.58,0.0
603,random,simple,A,0.8,0.6108018189957618,1245.3588202694734,1.0,0,0,0.56,0.0
604,random,hard,D,0.55,0.6985707160205195,592.3042540200938,0.22,0,0,0.54,0.0
605,random,hard,B,0.2,0.6422179674981592,508.99195849708855,0.1,0,0,0.54,0.0
606,random,hard,D,0.55,0.8409731624862904,725.4576679045134,0.22,0,0,0.52,0.0
607,random,simple,A,0.8,0.6662950167313182,1308.9629632894785,1.0,1,0,0.52,0.0
608,random,hard,E,0.9,0.7523277707061842,1086.1610226283674,0.6,1,0,0.52,0.0
609,random,hard,A,0.95,0.8159788609567329,1663.0590866793316,1.0,1,0,0.54,0.0
610,random,hard,C,0.75,0.3555432709388537,632.3823995199092,0.35,1,0,0.56,0.0
611,random,hard,B,0.2,0.5982486487122591,487.3147211392078,0.1,0,0,0.54,0.0
612,random,hard,B,0.2,0.8264588108667881,587.6591915494121,0.1,1,0,0.56,0.0
613,random,hard,D,0.55,0.6436852087101823,649.4418572345311,0.22,1,0,0.58,0.0
614,random,hard,A,0.95,0.7306180883609774,1371.2249100810438,1.0,1,0,0.58,0.0
615,random,hard,C,0.75,0.487631531877903,597.492262230428,0.35,1,0,0.58,0.0
616,random,simple,B,0.95,0.7956235141079304,549.4824142993707,0.1,1,0,0.6,0.0
617,random,hard,C,0.75,0.6776218582862481,839.0884173923547,0.35,0,0,0.58,0.0
618,random,simple,E,0.6,0.50952401842065,872.8150947059313,0.6,1,0,0.6,0.0
619,random,hard,D,0.55,0.5989300415274207,503.12482958712405,0.22,1,0,0.6,0.0
620,random,hard,B,0.2,0.7771317297174205,562.6995407013411,0.1,0,0,0.58,0.0
621,random,hard,D,0.55,0.7638114241588345,713.3658165644144,0.22,0,0,0.56,0.0
622,random,hard,C,0.75,0.6576026821389797,813.3316538801655,0.35,1,0,0.56,0.0
623,random,hard,E,0.9,0.5688920868967682,1031.3632851340608,0.6,0,0,0.54,0.0
624,random,hard,E,0.9,0.8006250364691561,1239.7941835581448,0.6,0,0,0.52,0.0
625,random,simple,B,0.95,0.7101172173298739,518.7030322316258,0.1,1,0,0.52,0.0
626,random,hard,B,0.2,0.924903151250289,616.9414212243607,0.1,0,0,0.52,0.0
627,random,hard,A,0.95,0.43866445787131436,1046.4797083729195,1.0,1,0,0.52,0.0
628,random,hard,A,0.95,0.6860247229267566,1187.0962117564918,1.0,1,0,0.54,0.0
629,random,simple,A,0.8,0.9037017561755458,1721.3586960961084,1.0,1,0,0.54,0.0
630,random,simple,E,0.6,0.6718135389178651,1131.0768008816938,0.6,1,0,0.56,0.0
631,random,hard,E,0.9,0.8911959142477213,1169.5201297924036,0.6,0,0,0.54,0.0
632,random,hard,A,0.95,0.9158474431844617,1691.142421461484,1.0,1,0,0.54,0.0
633,random,hard,A,0.95,1.0,1866.8563742167503,1.0,1,0,0.54,0.0
634,random,hard,D,0.55,0.4449642415567633,454.9154301899875,0.22,0,0,0.52,0.0
635,random,hard,D,0.55,0.6915685325699517,555.4349323336319,0.22,0,0,0.52,0.0
636,random,hard,D,0.55,0.9085803086615574,828.811497745684,0.22,1,0,0.52,0.0
637,random,hard,C,0.75,0.39665040052901657,563.0566833658987,0.35,1,0,0.52,0.0
638,random,hard,A,0.95,0.8277319167999999,1701.3253231389278,1.0,1,0,0.54,0.0
639,random,hard,E,0.9,0.6205048191291087,1050.683236424339,0.6,1,0,0.54,0.0
640,random,simple,A,0.8,0.9409955963699199,1464.5182701477813,1.0,1,0,0.56,0.0
641,random,hard,B,0.2,0.43593658062361373,380.5483435262857,0.1,0,0,0.56,0.0
642,random,hard,C,0.75,0.5093250761706656,667.3577042959317,0.35,1,0,0.58,0.0
643,random,hard,B,0.2,0.6375892880349265,500.8577173055685,0.1,0,0,0.56,0.0
644,random,simple,A,0.8,0.8643106929234738,1364.5392057848087,1.0,1,0,0.58,0.0
645,random,hard,B,0.2,0.7937491446542471,553.6575047586119,0.1,0,0,0.58,0.0
646,random,simple,B,0.95,0.9984992472957375,724.4621432085468,0.1,1,0,0.58,0.0
647,random,hard,D,0.55,0.5226756424157475,523.2368540505984,0.22,0,0,0.58,0.0
648,random,hard,A,0.95,0.8183231121445922,1573.6948142183353,1.0,1,0,0.6,0.0
649,random,hard,D,0.55,0.7047600174867548,593.9693017062178,0.22,0,0,0.58,0.0
650,random,hard,E,0.9,0.45207385401647504,1028.3943540185212,0.6,1,0,0.6,0.0
651,random,hard,B,0.2,0.8269399216987368,589.305733450727,0.1,1,0,0.6,0.0
652,random,simple,B,0.95,1.0,619.9727721669948,0.1,1,0,0.62,0.0
653,random,hard,C,0.75,0.4248258271212422,679.2702130994402,0.35,0,0,0.62,0.0
654,random,simple,A,0.8,0.6800325975897502,1225.6956908681245,1.0,1,0,0.64,0.0
655,random,hard,C,0.75,0.62898512052269,760.3766242026635,0.35,0,0,0.64,0.0
656,random,hard,B,0.2,0.8996953599999999,545.1995554149178,0.1,0,0,0.64,0.0
657,random,hard,E,0.9,0.4847515518934311,1032.5106267941712,0.6,0,0,0.62,0.0
658,random,hard,B,0.2,0.9967240867839999,649.9098531085403,0.1,1,0,0.62,0.0
659,random,hard,D,0.55,0.49627635272246456,458.04621513434466,0.22,1,0,0.62,0.0
660,random,hard,E,0.9,0.6303446095719203,997.5912628486756,0.6,0,0,0.6,0.0
661,random,hard,E,0.9,0.8547032564232899,1310.6759842327112,0.6,1,0,0.62,0.0
662,random,simple,B,0.95,0.897730810044602,676.2681428565247,0.1,1,0,0.62,0.0
663,random,hard,C,0.75,0.5262047649289263,712.6028291279239,0.35,1,0,0.62,0.0
664,random,simple,B,0.95,0.9952027392985399,629.1555511584039,0.1,1,0,0.62,0.0
665,random,hard,C,0.75,0.7074929699609606,752.6084031359954,0.35,1,0,0.62,0.0
666,random,simple,C,0.75,0.9225938135656453,996.6887982550446,0.35,1,0,0.62,0.0
667,random,hard,D,0.55,0.47847811028356496,531.0629777376051,0.22,0,0,0.62,0.0
668,random,hard,C,0.75,1.0,921.3519043362293,0.35,0,0,0.6,0.0
669,random,hard,E,0.9,0.6073807994735285,1104.783686231904,0.6,0,0,0.58,0.0
670,random,hard,C,0.75,1.0,1210.3066515967457,0.35,0,0,0.58,0.0
671,random,simple,C,0.75,1.0,1163.0738489003943,0.35,1,0,0.6,0.0
672,random,simple,C,0.75,1.0,1286.0025824758718,0.35,1,0,0.6,0.0
673,random,hard,A,0.95,0.3599377591296543,941.7806218737488,1.0,1,0,0.62,0.0
674,random,hard,E,0.9,0.6205342335336816,1079.528295600318,0.6,0,0,0.62,0.0
675,random,hard,A,0.95,0.5787358006700043,1281.6139372515654,1.0,1,0,0.62,0.0
676,random,simple,A,0.8,0.8092875045896037,1576.608335865279,1.0,1,0,0.64,0.0
677,random,simple,B,0.95,0.48888014205404884,396.14023993366106,0.1,1,0,0.64,0.0
678,random,hard,D,0.55,0.41726582622753433,513.1363964924259,0.22,0,0,0.62,0.0
679,random,hard,D,0.55,0.6671939270802302,622.690320077753,0.22,0,0,0.6,0.0
680,random,hard,A,0.95,0.7853259614083641,1432.2088734949466,1.0,1,0,0.6,0.0
681,random,hard,C,0.75,0.6164783818288659,783.5368384110602,0.35,1,0,0.62,0.0
682,random,hard,A,0.95,0.9081564245146372,1549.7189097886542,1.0,1,0,0.62,0.0
683,random,hard,B,0.2,0.5270379359174427,471.47633608239084,0.1,0,0,0.6,0.0
684,random,hard,A,0.95,1.0,1599.4762169076268,1.0,1,0,0.62,0.0
685,random,hard,D,0.55,0.609847586413525,583.9407319347685,0.22,0,0,0.62,0.0
686,random,hard,A,0.95,1.0,1871.390523438604,1.0,1,0,0.62,0.0
687,random,hard,B,0.2,0.6160622047136678,519.8013843571154,0.1,1,0,0.62,0.0
688,random,hard,E,0.9,0.4036389861129519,812.9224504125427,0.6,0,0,0.6,0.0
689,random,simple,D,0.85,0.66572276787939,652.9651486629559,0.22,1,0,0.6,0.0
690,random,simple,B,0.95,0.7198291427706326,491.0016708176862,0.1,1,0,0.6,0.0
691,random,hard,E,0.9,0.5750686671443656,1071.95888217077,0.6,1,0,0.62,0.0
692,random,hard,D,0.55,0.7536714260723036,633.4898368357191,0.22,0,0,0.6,0.0
693,random,simple,A,0.8,0.70867559636992,1395.7691656287475,1.0,1,0,0.62,0.0
694,random,simple,E,0.6,0.691893194736205,1068.7510862224706,0.6,1,0,0.62,0.0
695,random,hard,A,0.95,0.848798381828866,1408.7270923051822,1.0,1,0,0.64,0.0
696,random,hard,D,0.55,0.7519732571801436,614.3910910373219,0.22,0,0,0.62,0.0
697,random,simple,D,0.85,0.9617364663185264,778.5941080655138,0.22,1,0,0.64,0.0
698,random,hard,A,0.95,0.878432330861681,1699.144367863018,1.0,0,0,0.62,0.0
699,random,hard,A,0.95,1.0,1570.9876471842163,1.0,1,0,0.64,0.0
700,random,hard,E,0.9,0.6213180272535316,1079.278397471491,0.6,0,0,0.62,0.0
701,random,simple,D,0.85,0.8767488963940167,725.3757647965367,0.22,1,0,0.62,0.0
702,random,simple,C,0.75,0.3420778912507337,550.1011162304253,0.35,1,0,0.62,0.0
703,random,hard,E,0.9,0.7234108386685187,1112.1227633556693,0.6,0,0,0.62,0.0
704,random,hard,C,0.75,0.5649051189845682,632.8262550756584,0.35,1,0,0.62,0.0
705,random,hard,B,0.2,0.4057960632626142,357.705604353675,0.1,1,0,0.64,0.0
706,random,simple,B,0.95,0.6571005356711005,522.4151248859273,0.1,1,0,0.66,0.0
707,random,hard,E,0.9,0.7338261233232193,1423.5448961476748,0.6,0,0,0.66,0.0
708,random,hard,D,0.55,0.658305878100494,635.7646727278674,0.22,0,0,0.64,0.0
709,random,hard,C,0.75,0.5981184612518582,779.9894062968989,0.35,0,0,0.62,0.0
710,random,hard,A,0.95,0.5450808588882738,1225.8291887633852,1.0,1,0,0.64,0.0
711,random,hard,B,0.2,0.6467729252200167,491.51632441836205,0.1,0,0,0.62,0.0
712,random,simple,C,0.75,0.7076009840262263,820.225639936309,0.35,0,0,0.6,0.0
713,random,hard,C,0.75,0.9226888659430792,988.0736436063412,0.35,0,0,0.58,0.0
714,random,hard,A,0.95,0.6268824619001125,1129.209168575417,1.0,1,0,0.58,0.0
715,random,hard,D,0.55,0.5690335473265433,527.7385632053595,0.22,0,0,0.56,0.0
716,random,hard,E,0.9,0.5322401040530823,1019.9611052968374,0.6,1,0,0.56,0.0
717,random,hard,C,0.75,0.8533322316297267,899.9268479498742,0.35,0,0,0.56,0.0
718,random,hard,B,0.2,0.564320310930208,446.42802893195574,0.1,1,0,0.58,0.0
719,random,hard,B,0.2,0.7966018736185829,601.3667381367012,0.1,0,0,0.58,0.0
720,random,hard,B,0.2,1.0,600.027093342013,0.1,1,0,0.6,0.0
721,random,simple,C,0.75,0.8117393798467922,1109.203687548395,0.35,1,0,0.6,0.0
722,random,simple,C,0.75,1.0,1094.1197996970523,0.35,1,0,0.6,0.0
723,random,hard,A,0.95,0.49839474713904336,1140.2703006450993,1.0,1,0,0.6,0.0
724,random,simple,B,0.95,0.8996953599999999,603.3027117522846,0.1,1,0,0.62,0.0
725,random,simple,A,0.8,0.6859568921844752,1313.0400948553965,1.0,0,0,0.6,0.0
726,random,hard,D,0.55,0.43945923051503044,530.977335383352,0.22,0,0,0.58,0.0
727,random,hard,C,0.75,0.8277319167999999,845.5306530136372,0.35,0,0,0.56,0.0
728,random,hard,C,0.75,1.0,1032.2435311142906,0.35,0,0,0.56,0.0
729,random,simple,A,0.8,0.71136516540305,1482.697765397028,1.0,1,0,0.58,0.0
730,random,hard,D,0.55,0.5635416614490342,651.364089239273,0.22,0,0,0.56,0.0
731,random,hard,B,0.2,0.6676835377992498,498.66489184834785,0.1,0,0,0.54,0.0
732,random,simple,B,0.95,0.8875615132633399,620.5455073567773,0.1,1,0,0.54,0.0
733,random,hard,A,0.95,0.7266023889578417,1277.5348376005963,1.0,1,0,0.56,0.0
734,random,hard,C,0.75,0.764404086784,917.490216400104,0.35,0,0,0.54,0.0
735,random,hard,C,0.75,0.9726755963699198,951.304817379576,0.35,1,0,0.56,0.0
736,random,hard,B,0.2,0.8322665212186033,567.8638691128216,0.1,0,0,0.54,0.0
737,random,hard,E,0.9,0.3363281858338412,761.6839594721957,0.6,1,0,0.54,0.0
738,random,hard,A,0.95,0.6834512714761809,1455.324615245031,1.0,1,0,0.56,0.0
739,random,hard,B,0.2,0.8671663307478841,525.2753063405163,0.1,0,0,0.54,0.0
740,random,hard,B,0.2,1.0,590.095593133325,0.1,0,0,0.52,0.0
741,random,simple,A,0.8,0.7657529048754159,1464.171018894925,1.0,1,0,0.52,0.0
742,random,hard,C,0.75,0.6975087794209446,876.3424391153001,0.35,0,0,0.52,0.0
743,random,hard,D,0.55,0.40695491970097764,408.8985760996494,0.22,1,0,0.52,0.0
744,random,hard,E,0.9,0.4374491219216583,981.3872296803105,0.6,1,0,0.52,0.0
745,random,simple,E,0.6,0.6849552272910593,930.4188866703258,0.6,1,0,0.52,0.0
746,random,simple,C,0.75,0.7182927785780039,887.7120349179581,0.35,0,0,0.52,0.0
747,random,hard,C,0.75,0.9320976451486434,862.7739755689113,0.35,0,0,0.5,0.0
748,random,hard,E,0.9,0.7667778086524928,1131.6430779717198,0.6,0,0,0.5,0.0
749,random,hard,A,0.95,0.5753911820633242,1208.1647357829343,1.0,1,0,0.5,0.0
750,random,hard,E,0.9,0.8937927350204904,1353.47242290141,0.6,0,1,0.5,0.0
751,random,simple,C,0.75,0.858974632862568,919.757584528485,0.35,1,0,0.5,0.0
752,random,hard,E,0.9,0.9921530939998677,1253.913561625598,0.6,0,0,0.48,0.0
753,random,hard,E,0.9,1.0,1524.8926471602447,0.6,1,0,0.5,0.0
754,random,simple,E,0.6,1.0,1671.2682853795077,0.6,1,0,0.5,0.0
755,random,hard,E,0.9,1.0,1833.5469210959136,0.6,0,0,0.48,0.0
756,random,hard,C,0.75,0.7533083294831393,777.0118189871249,0.35,0,0,0.46,0.0
757,random,hard,A,0.95,0.5069305343386356,2346.718901938802,1.0,0,0,0.46,0.0
758,random,hard,C,0.75,0.883361970351743,949.3411965128283,0.35,0,0,0.46,0.0
759,random,hard,A,0.95,0.6925670057918394,2751.3814632277417,1.0,0,0,0.46,0.0
760,random,simple,A,0.8,0.9094589650968186,2685.54204558938,1.0,0,0,0.44,0.0
761,random,hard,E,0.9,0.764404086784,1199.0320491393352,0.6,0,0,0.44,0.0
762,random,simple,B,0.95,0.360064627393414,359.1419611378063,0.1,1,0,0.46,0.0
763,random,hard,E,0.9,0.8919545248055296,1206.6645392236703,0.6,0,0,0.46,0.0
764,random,hard,B,0.2,0.5788340474534598,493.9719055393498,0.1,0,0,0.44,0.0
765,random,simple,B,0.95,0.8093739617590445,534.406558851245,0.1,1,0,0.46,0.0
766,random,hard,B,0.2,1.0,667.9645343079181,0.1,0,0,0.44,0.0
767,random,hard,D,0.55,0.3189291204463902,475.44591899651704,0.22,0,0,0.44,0.0
768,random,hard,A,0.95,0.6270728427427231,2761.9956108360584,1.0,0,0,0.42,0.0
769,random,simple,C,0.75,0.5164951104030431,712.3156420247751,0.35,1,0,0.44,0.0
770,random,hard,C,0.75,0.7545156971546779,980.0207374100222,0.35,0,0,0.42,0.0
771,random,hard,A,0.95,0.727332584289569,2996.267951125259,1.0,0,0,0.4,0.0
772,random,hard,A,0.95,0.9400526741748207,3036.190267659839,1.0,0,0,0.38,0.0
773,random,hard,C,0.75,0.8141813211713926,1033.1065550980159,0.35,0,0,0.36,0.0
774,random,hard,A,0.95,1.0,3381.5265778874523,1.0,0,0,0.34,0.0
775,random,hard,B,0.2,0.6164783818288659,497.5573060437813,0.1,0,0,0.34,0.0
776,random,simple,E,0.6,0.4692845997085644,950.4552968013932,0.6,1,0,0.36,0.0
777,random,simple,C,0.75,0.7882607605051539,882.562321694623,0.35,1,0,0.38,0.0
778,random,hard,A,0.95,0.8996953599999999,2531.735069461814,1.0,0,0,0.38,0.0
779,random,hard,D,0.55,0.3687838120318651,499.01854566855184,0.22,0,0,0.36,0.0
780,random,simple,C,0.75,0.8371776369829682,1008.8783560684608,0.35,1,0,0.38,0.0
781,random,hard,D,0.55,0.5855861840374763,572.751427957592,0.22,0,0,0.38,0.0
782,random,simple,D,0.85,0.8153158419529791,708.9118619640927,0.22,1,0,0.38,0.0
783,random,hard,D,0.55,1.0,623.9696662683967,0.22,0,0,0.36,0.0
784,random,hard,C,0.75,0.8020515443944505,910.4085250309018,0.35,0,0,0.36,0.0
785,random,simple,D,0.85,1.0,897.0384150365163,0.22,1,0,0.36,0.0
786,random,simple,E,0.6,0.43069621904501676,933.2089965014602,0.6,1,0,0.38,0.0
787,random,hard,D,0.55,1.0,787.4621079393036,0.22,0,0,0.36,0.0
788,random,hard,B,0.2,0.41700181253033775,382.8371076591302,0.1,0,0,0.34,0.0
789,random,hard,E,0.9,0.5935074137850457,1072.4091322639595,0.6,0,0,0.34,0.0
790,random,simple,E,0.6,0.8222865241308401,1239.1290642279705,0.6,1,0,0.36,0.0
791,random,hard,C,0.75,0.6277788932248175,773.4826350112891,0.35,1,0,0.36,0.0
792,random,simple,D,0.85,0.8277319167999999,765.0094917166158,0.22,1,0,0.38,0.0
793,random,simple,A,0.8,0.4322316943952492,1966.080165637566,1.0,0,0,0.36,0.0
794,random,hard,D,0.55,0.9409955963699199,811.3735607737881,0.22,1,0,0.36,0.0
795,random,simple,C,0.75,0.6764760893728585,722.9959949962075,0.35,1,0,0.36,0.0
796,random,hard,A,0.95,0.5945537972429193,2721.6747771751575,1.0,0,0,0.36,0.0
797,random,simple,A,0.8,0.8232073415737691,3234.4677743602097,1.0,0,0,0.36,0.0
798,random,hard,A,0.95,1.0,3695.066546755755,1.0,0,0,0.36,0.0
799,random,simple,C,0.75,0.7056795719478486,727.5487717751495,0.35,1,0,0.36,0.0
800,random,hard,A,0.95,1.0,3928.687060455137,1.0,0,0,0.36,0.0
801,random,hard,B,0.2,0.3791430313415754,380.875963321918,0.1,0,0,0.34,0.0
802,random,hard,E,0.9,0.47734348507589086,856.0224795251745,0.6,1,0,0.36,0.0
803,random,simple,C,0.75,0.723192764943911,835.9296236617942,0.35,0,0,0.34,0.0
804,random,hard,D,0.55,0.562068192009572,555.1242279765543,0.22,0,0,0.32,0.0
805,random,hard,E,0.9,0.6252962194616375,970.4523031436921,0.6,0,0,0.32,0.0
806,random,hard,A,0.95,0.764404086784,2864.21997756121,1.0,0,0,0.32,0.0
807,random,hard,D,0.55,0.6830337349451471,761.2069106168617,0.22,0,0,0.32,0.0
808,random,hard,A,0.95,0.8919545248055296,3295.9098229584424,1.0,0,0,0.32,0.0
809,random,hard,D,0.55,0.828941324341522,633.2852918292081,0.22,0,0,0.32,0.0
810,random,hard,C,0.75,0.5955512345038643,784.1644300089212,0.35,0,0,0.32,0.0
811,random,hard,C,0.75,0.8240850863634006,764.3196721113511,0.35,0,0,0.32,0.0
812,random,hard,E,0.9,0.5555433053963411,1090.1490801328118,0.6,1,0,0.32,0.0
813,random,hard,B,0.2,0.3817702157911734,388.5408437301125,0.1,0,0,0.32,0.0
814,random,hard,C,0.75,0.8615909119742393,995.0528665070907,0.35,0,0,0.32,0.0
815,random,hard,A,0.95,0.6645200473597483,2682.8901251243065,1.0,0,0,0.3,0.0
816,random,simple,B,0.95,0.5601657124956425,464.1263926078933,0.1,1,0,0.32,0.0
817,random,hard,B,0.2,0.7929458269961653,606.7196264007092,0.1,0,0,0.32,0.0
818,random,simple,C,0.75,0.8166920721291198,898.3157442701064,0.35,1,0,0.34,0.0
819,random,simple,B,0.95,0.9140572484258305,652.4223931511069,0.1,1,0,0.34,0.0
820,random,simple,A,0.8,0.6506884383451867,2340.1622839342967,1.0,0,0,0.34,0.0
821,random,hard,A,0.95,0.8726058257437643,2747.3971414170715,1.0,0,0,0.34,0.0
822,random,hard,A,0.95,1.0,3270.165228525255,1.0,0,0,0.34,0.0
823,random,simple,C,0.75,0.7309944726600643,772.8997183713213,0.35,1,0,0.36,0.0
824,random,simple,D,0.85,0.4218327010955367,413.225020796236,0.22,1,0,0.38,0.0
825,random,hard,D,0.55,0.6712127769640723,603.361689692675,0.22,0,0,0.38,0.0
826,random,hard,B,0.2,0.6735528911166744,483.142658348003,0.1,1,0,0.38,0.0
827,random,hard,A,0.95,0.8277319167999999,2393.831432358661,1.0,0,0,0.36,0.0
828,random,hard,A,0.95,1.0,3444.714733251302,1.0,0,0,0.36,0.0
829,random,simple,E,0.6,0.3632300237625818,858.1066094736019,0.6,1,0,0.38,0.0
830,random,simple,A,0.8,1.0,3549.9208634583274,1.0,0,0,0.36,0.0
831,random,hard,C,0.75,0.5628908498105709,744.3814773429514,0.35,0,0,0.36,0.0
832,random,hard,C,0.75,0.7953439478333024,864.4180256528609,0.35,1,0,0.36,0.0
833,random,hard,B,0.2,0.5752646294637906,519.9290650099673,0.1,0,0,0.36,0.0
834,random,simple,A,0.8,0.8996953599999999,2903.8690919178794,1.0,0,0,0.36,0.0
835,random,hard,E,0.9,0.4686855074779924,943.1970102794184,0.6,0,0,0.34,0.0
836,random,hard,D,0.55,0.4645014038751382,506.7541274225058,0.22,0,0,0.32,0.0
837,random,hard,D,0.55,0.7087612354101216,599.8666248016069,0.22,0,0,0.32,0.0
838,random,hard,C,0.75,0.6693609797727063,861.6771498183789,0.35,0,0,0.32,0.0
839,random,simple,C,0.75,0.8890376621999816,1049.63890503809,0.35,1,0,0.34,0.0
840,random,hard,E,0.9,0.5473403012377417,1095.7050063150218,0.6,0,0,0.32,0.0
841,random,hard,E,0.9,0.7816594650892127,1215.5739830234509,0.6,0,0,0.3,0.0
842,random,hard,D,0.55,0.6740359253165196,635.2258162081393,0.22,0,0,0.28,0.0
843,random,simple,A,0.8,0.5847341316717392,2100.9127088315504,1.0,0,0,0.28,0.0
844,random,simple,B,0.95,0.44098634947703047,390.327030062733,0.1,0,0,0.26,0.0
845,random,simple,B,0.95,0.6880679875397868,455.2438183080566,0.1,1,0,0.26,0.0
846,random,hard,A,0.95,0.6984799381786034,2371.4130912829996,1.0,0,0,0.26,0.0
847,random,hard,C,0.75,0.6197286371795093,727.5985089891404,0.35,1,0,0.28,0.0
848,random,simple,C,0.75,0.8453612007179683,907.2235986400127,0.35,0,0,0.28,0.0
849,random,simple,B,0.95,0.712631179492148,547.3949653391419,0.1,1,0,0.28,0.0
850,random,simple,A,0.8,0.7188751779787953,2729.2394509371525,1.0,0,0,0.28,0.0
851,random,hard,A,0.95,0.9326101566213398,3335.818569464533,1.0,0,0,0.28,0.0
852,random,hard,D,0.55,0.4877196630660512,516.7358413755841,0.22,1,0,0.28,0.0
853,random,hard,C,0.75,0.7461240868432428,808.8366165067671,0.35,0,0,0.28,0.0
854,random,simple,E,0.6,0.4483516322593777,821.4192334650832,0.6,1,0,0.3,0.0
855,random,simple,A,0.8,0.8592819836146908,3158.7853917640823,1.0,0,0,0.3,0.0
856,random,simple,D,0.85,0.5924832189214743,580.681181302577,0.22,0,0,0.3,0.0
857,random,hard,C,0.75,0.7474471528641298,749.9997892616153,0.35,1,0,0.32,0.0
858,random,hard,A,0.95,0.8855766119378705,3416.217655690165,1.0,0,0,0.32,0.0
859,random,hard,B,0.2,0.4984684790232947,432.52896521888994,0.1,0,0,0.32,0.0
860,random,simple,C,0.75,0.8093643061566242,931.1036092369642,0.35,1,0,0.34,0.0
861,random,hard,A,0.95,0.9034956648905244,3255.175422699514,1.0,0,0,0.34,0.0
862,random,hard,C,0.75,0.9267717186876898,997.4105144960969,0.35,0,0,0.32,0.0
863,random,simple,B,0.95,0.5989292339765272,533.2402965450303,0.1,1,0,0.34,0.0
864,random,hard,B,0.2,0.8270577258993439,625.0957207577916,0.1,0,0,0.34,0.0
865,random,simple,B,0.95,1.0,501.3969281730889,0.1,1,0,0.36,0.0
866,random,hard,C,0.75,0.8557806994762329,1014.1481047790556,0.35,0,0,0.34,0.0
867,random,hard,D,0.55,0.4452062961701641,454.337735672151,0.22,0,0,0.34,0.0
868,random,hard,D,0.55,0.6917815406297444,586.4056084975283,0.22,0,0,0.32,0.0
869,random,hard,B,0.2,0.8996953599999999,668.9863663639079,0.1,0,0,0.3,0.0
870,random,hard,C,0.75,0.8132077146534513,900.5853584614991,0.35,0,0,0.3,0.0
871,random,simple,E,0.6,0.3510298370736869,946.2016663605992,0.6,1,0,0.32,0.0
872,random,hard,A,0.95,0.5214294935532018,2369.3608125805163,1.0,0,0,0.32,0.0
873,random,hard,E,0.9,0.5718375058298631,937.5124093016602,0.6,0,0,0.3,0.0
874,random,simple,A,0.8,0.7037949998075994,2425.129601211044,1.0,0,0,0.28,0.0
875,random,hard,E,0.9,0.742830964514646,1008.6626158428064,0.6,0,0,0.28,0.0
876,random,hard,E,0.9,0.9536912487728886,1484.184773235598,0.6,0,0,0.26,0.0
877,random,simple,E,0.6,1.0,1558.9755146469329,0.6,1,0,0.28,0.0
878,random,hard,B,0.2,0.5847341316717392,413.30449019407126,0.1,0,0,0.28,0.0
879,random,hard,C,0.75,0.5573626616242745,637.5999450839137,0.35,0,0,0.26,0.0
880,random,hard,B,0.2,0.7528181115665948,577.7735151829818,0.1,0,0,0.26,0.0
881,random,hard,D,0.55,0.4312936455104737,547.9937744184854,0.22,1,0,0.28,0.0
882,random,hard,A,0.95,0.5531089803163138,2036.2744853134159,1.0,0,0,0.26,0.0
883,random,simple,D,0.85,0.6339937990833109,545.5606074427066,0.22,0,0,0.26,0.0
884,random,simple,D,0.85,0.8579145431933135,727.2169200041301,0.22,1,0,0.28,0.0
885,random,hard,C,0.75,0.5588414978791207,735.1603234744916,0.35,0,0,0.28,0.0
886,random,hard,C,0.75,0.7917805181336263,831.894575328425,0.35,0,0,0.28,0.0
887,random,hard,A,0.95,0.5918932623816218,2501.727203979835,1.0,0,0,0.28,0.0
888,random,hard,C,0.75,0.9131548332426802,905.0579108795712,0.35,0,0,0.28,0.0
889,random,hard,B,0.2,0.5382506577600588,461.160539629355,0.1,0,0,0.26,0.0
890,random,hard,C,0.75,1.0,1071.2169146792348,0.35,0,0,0.26,0.0
891,random,hard,A,0.95,0.6549556430655211,2409.200234524014,1.0,0,0,0.26,0.0
892,random,hard,A,0.95,0.8763609658976586,3180.9109549666464,1.0,0,0,0.26,0.0
893,random,simple,B,0.95,0.6227864219756551,504.3548935571897,0.1,1,0,0.28,0.0
894,random,hard,E,0.9,0.4138165524602472,949.5928008513631,0.6,1,0,0.3,0.0
895,random,hard,C,0.75,0.8277319167999999,974.9479066213228,0.35,0,0,0.28,0.0
896,random,hard,B,0.2,0.7244115085565936,560.4928644343519,0.1,1,0,0.3,0.0
897,random,hard,E,0.9,0.5820043936381896,994.8612843375906,0.6,0,0,0.28,0.0
898,random,hard,A,0.95,0.7069856140608463,2273.662016054175,1.0,0,0,0.28,0.0
899,random,hard,C,0.75,0.796386989828866,769.5281219819865,0.35,0,0,0.26,0.0
900,random,simple,D,0.85,0.4109600859224668,456.16606110265906,0.22,1,0,0.28,0.0
901,random,hard,D,0.55,0.6616448756117708,630.9125419879293,0.22,0,0,0.28,0.0
902,random,simple,D,0.85,0.8822474905383582,649.82095437333,0.22,1,0,0.28,0.0
903,random,hard,C,0.75,0.7775895825647382,766.5049928180066,0.35,0,0,0.28,0.0
904,random,hard,A,0.95,0.6283270084673528,2451.518628159593,1.0,0,0,0.26,0.0
905,random,hard,C,0.75,0.9021653727381334,893.7482438389811,0.35,0,0,0.26,0.0
906,random,hard,B,0.2,0.5017493121654547,419.3635020130644,0.1,0,0,0.26,0.0
907,random,simple,A,0.8,0.7281872631142638,2671.8207669388885,1.0,0,0,0.24,0.0
908,random,hard,D,0.55,0.7097193401609418,580.2941676297985,0.22,0,0,0.24,0.0
909,random,hard,E,0.9,0.4255215602692449,896.2900080439109,0.6,0,0,0.24,0.0
910,random,hard,A,0.95,0.7962392305690036,3222.332090134483,1.0,0,0,0.22,0.0
911,random,simple,E,0.6,0.6295238962725033,1169.4282699823912,0.6,1,0,0.24,0.0
912,random,hard,B,0.2,0.5330144311106981,513.4389009765281,0.1,0,0,0.24,0.0
913,random,simple,A,0.8,0.8426147409343201,3335.6210792619554,1.0,0,0,0.22,0.0
914,random,hard,D,0.55,0.6295965620403852,527.1495504517284,0.22,0,0,0.22,0.0
915,random,hard,C,0.75,0.5512539368294562,836.8612411914778,0.35,0,0,0.2,0.0
916,random,hard,C,0.75,0.7851034644099215,858.5450596575099,0.35,0,0,0.2,0.0
917,random,hard,C,0.75,0.990891048680731,1023.1354053797328,0.35,1,0,0.22,0.0
918,random,hard,D,0.55,0.6775661369275712,583.4354509363745,0.22,1,0,0.24,0.0
919,random,simple,C,0.75,1.0,999.4403716693652,0.35,0,0,0.24,0.0
920,random,hard,B,0.2,0.49169039164698564,446.3252118158497,0.1,0,0,0.24,0.0
921,random,simple,D,0.85,0.7617423504643057,741.0442169286448,0.22,1,0,0.24,0.0
922,random,hard,E,0.9,0.45428425718915766,864.5725239468658,0.6,1,0,0.26,0.0
923,random,simple,A,0.8,0.5346690277501177,2075.7779632746233,1.0,0,0,0.26,0.0
924,random,hard,B,0.2,0.5948644464272801,500.4703954943861,0.1,0,0,0.26,0.0
925,random,hard,D,0.55,0.756813353088938,655.8361292719297,0.22,0,0,0.26,0.0
926,random,hard,C,0.75,0.70867559636992,688.6070349581364,0.35,1,0,0.28,0.0
927,random,hard,A,0.95,0.6206385350774568,2850.5877989163064,1.0,0,0,0.26,0.0
928,random,simple,C,0.75,0.848798381828866,889.490991809821,0.35,1,0,0.28,0.0
929,random,hard,C,0.75,1.0,1177.7791808048023,0.35,0,0,0.28,0.0
930,random,hard,D,0.55,0.6993945614854604,657.011228480365,0.22,1,0,0.3,0.0
931,random,simple,C,0.75,1.0,1241.1357591364388,0.35,1,0,0.3,0.0
932,random,hard,E,0.9,0.42651860901288663,903.0420369087817,0.6,0,0,0.3,0.0
933,random,hard,B,0.2,0.48826173741282974,390.58636235868875,0.1,0,0,0.3,0.0
934,random,hard,B,0.2,0.7296703289232902,518.6879339056732,0.1,0,0,0.28,0.0
935,random,simple,C,0.75,0.8996953599999999,992.7936979083869,0.35,1,0,0.3,0.0
936,random,hard,C,0.75,1.0,1054.680232145739,0.35,0,0,0.3,0.0
937,random,simple,C,0.75,1.0,1117.8551016330887,0.35,1,0,0.32,0.0
938,random,simple,B,0.95,0.737579910584971,525.019740151127,0.1,1,0,0.34,0.0
939,random,hard,B,0.2,0.9490703213147744,666.8050727997697,0.1,1,0,0.36,0.0
940,random,simple,E,0.6,0.45339081727306496,905.3269312069973,0.6,1,0,0.38,0.0
941,random,hard,A,0.95,0.4036564061127887,1980.0115543718093,1.0,0,0,0.38,0.0
942,random,simple,D,0.85,0.450839233450967,546.1619055778924,0.22,1,0,0.4,0.0
943,random,simple,D,0.85,0.696738525436851,667.2283485750928,0.22,1,0,0.4,0.0
944,random,hard,E,0.9,0.571896369385265,986.4246366920203,0.6,0,0,0.38,0.0
945,random,hard,C,0.75,0.6596345248055295,832.1336219393029,0.35,0,0,0.38,0.0
946,random,simple,C,0.75,0.880478381828866,967.7294781854226,0.35,1,0,0.38,0.0
947,random,hard,C,0.75,1.0,1107.776655119688,0.35,0,0,0.38,0.0
948,random,simple,D,0.85,0.667691157537195,660.2897098174975,0.22,1,0,0.4,0.0
949,random,simple,D,0.85,0.8875682186327316,693.144981185547,0.22,0,0,0.4,0.0
950,random,simple,B,0.95,0.532598969493195,399.1077482222368,0.1,1,0,0.4,0.0
951,random,simple,C,0.75,0.8996953599999999,947.9053133941345,0.35,1,0,0.42,0.0
952,random,simple,C,0.75,1.0,1192.2727331370893,0.35,1,0,0.42,0.0
953,random,simple,C,0.75,1.0,1043.173474192971,0.35,1,0,0.44,0.0
954,random,hard,B,0.2,0.6193971307458506,459.7032999608509,0.1,0,0,0.44,0.0
955,random,simple,C,0.75,1.0,1002.8607358616357,0.35,1,0,0.46,0.0
956,random,hard,E,0.9,0.4233415509955431,835.1255007947032,0.6,0,0,0.46,0.0
957,random,hard,D,0.55,0.6192001745404729,563.6047575212748,0.22,0,0,0.46,0.0
958,random,hard,C,0.75,0.9814719999999999,884.5567909497727,0.35,0,0,0.46,0.0
959,random,hard,B,0.2,0.626875635068928,467.208282498993,0.1,0,0,0.46,0.0
960,random,hard,A,0.95,0.33557808923643123,1666.4951578711891,1.0,0,0,0.46,0.0
961,random,hard,B,0.2,0.7854524917973777,532.7569506991501,0.1,0,0,0.44,0.0
962,random,simple,E,0.6,0.49660154638780735,949.5440123135324,0.6,1,0,0.46,0.0
963,random,simple,C,0.75,0.8179540998455295,964.8296191843617,0.35,0,0,0.46,0.0
964,random,hard,C,0.75,1.0,1011.1447181890325,0.35,0,0,0.46,0.0
965,random,hard,E,0.9,0.6384200490199918,1221.0532837532046,0.6,1,0,0.48,0.0
966,random,hard,D,0.55,0.4959634692667203,501.2060135962792,0.22,0,0,0.48,0.0
967,random,simple,B,0.95,0.6647673471653786,500.50400789352966,0.1,1,0,0.48,0.0
968,random,hard,E,0.9,0.7350653876457519,1224.8473260078088,0.6,0,0,0.46,0.0
969,random,simple,C,0.75,0.8277319167999999,926.9042821843354,0.35,1,0,0.48,0.0
970,random,hard,B,0.2,0.7530203336074848,552.9379945413053,0.1,0,0,0.48,0.0
971,random,hard,C,0.75,0.9409955963699199,987.9175739317316,0.35,0,0,0.46,0.0
972,random,simple,A,0.8,0.37237451437405233,1981.0400093951764,1.0,0,0,0.44,0.0
973,random,simple,E,0.6,0.6879174659956276,1285.1561809166815,0.6,1,0,0.46,0.0
974,random,hard,C,0.75,0.9412621510494019,1027.3025046137234,0.35,0,0,0.46,0.0
975,random,hard,B,0.2,0.6973928640440534,575.6226502156596,0.1,0,0,0.46,0.0
976,random,hard,A,0.95,0.5233112684523725,2266.234714005581,1.0,0,0,0.44,0.0
977,random,simple,E,0.6,0.7125409124205357,1170.9970989232174,0.6,1,0,0.46,0.0
978,random,hard,D,0.55,0.40696501466208435,498.533947568695,0.22,0,0,0.44,0.0
979,random,hard,D,0.55,0.6581292129026342,583.9718199748262,0.22,0,0,0.44,0.0
980,random,hard,E,0.9,0.7855766806690474,1104.1188344642153,0.6,0,0,0.42,0.0
981,random,simple,A,0.8,0.5761680587834099,2597.8162386656873,1.0,0,0,0.4,0.0
982,random,hard,C,0.75,0.6385103664100823,781.3331074390578,0.35,0,0,0.4,0.0
983,random,hard,C,0.75,0.8618891224408725,897.595090410421,0.35,0,0,0.4,0.0
984,random,hard,E,0.9,0.7711066903214294,1140.1395746248795,0.6,1,0,0.42,0.0
985,random,simple,E,0.6,0.9785738874828578,1481.2824991924417,0.6,1,0,0.42,0.0
986,random,simple,D,0.85,0.5689613485714501,464.0734778159354,0.22,1,0,0.44,0.0
987,random,hard,A,0.95,0.5675748011734195,2521.722197607466,1.0,0,0,0.42,0.0
988,random,simple,C,0.75,0.7548463986547915,997.0511315625495,0.35,1,0,0.42,0.0
989,random,hard,B,0.2,0.4164755873988543,323.54506109250224,0.1,0,0,0.4,0.0
990,random,hard,B,0.2,0.6664985169109918,477.9277794563419,0.1,0,0,0.38,0.0
991,random,hard,C,0.75,0.8144066849840781,963.1890043986483,0.35,1,0,0.4,0.0
992,random,hard,A,0.95,0.5995273377506276,2336.6101538182097,1.0,0,0,0.38,0.0
993,random,hard,C,0.75,0.9306765368516701,995.8106771414261,0.35,0,0,0.36,0.0
994,random,simple,E,0.6,0.6096974804105577,1162.6410560656902,0.6,1,0,0.38,0.0
995,random,hard,B,0.2,0.651732539873795,467.4464618871996,0.1,0,0,0.38,0.0
996,random,hard,B,0.2,0.8735246350889396,724.5298786873287,0.1,0,0,0.36,0.0
997,random,hard,D,0.55,0.43944153598212154,537.614890163669,0.22,0,0,0.36,0.0
998,random,simple,C,0.75,0.7911477127135177,812.6928975686837,0.35,1,0,0.36,0.0
999,random,simple,E,0.6,0.6217568200051942,1127.6362978835107,0.6,1,0,0.38,0.0
1000,random,hard,D,0.55,0.5994671024088083,516.7748308718471,0.22,0,0,0.36,0.0
1001,random,hard,A,0.95,0.4897374417134867,2165.643038663438,1.0,0,0,0.34,0.0
1002,random,hard,B,0.2,0.7056684104418058,465.11788371944124,0.1,0,0,0.32,0.0
1003,random,simple,A,0.8,0.6792526748629241,2786.5812649082004,1.0,0,0,0.3,0.0
1004,random,hard,A,0.95,0.8977423538793732,2833.1788992376805,1.0,0,0,0.3,0.0
1005,random,hard,E,0.9,0.5887464081962361,1148.3380320599226,0.6,0,0,0.28,0.0
1006,random,hard,B,0.2,0.7231860714405265,513.812147152742,0.1,1,0,0.3,0.0
1007,random,hard,E,0.9,0.7559252185071652,1173.4786934538254,0.6,0,0,0.3,0.0
1008,random,simple,D,0.85,0.5155890665113395,512.45608019203,0.22,1,0,0.32,0.0
1009,random,hard,E,0.9,0.8853884892119488,1375.300460661501,0.6,0,0,0.32,0.0
1010,random,hard,E,0.9,1.0,1507.6125662467468,0.6,0,0,0.32,0.0
1011,random,hard,A,0.95,0.6668853918581885,2479.2429573615345,1.0,0,0,0.32,0.0
1012,random,hard,C,0.75,0.43213412311564187,683.543374017323,0.35,1,0,0.32,0.0
1013,random,hard,D,0.55,0.5720928063511519,524.5464167009684,0.22,0,0,0.32,0.0
1014,random,simple,D,0.85,0.8034416695890136,646.8666912066507,0.22,1,0,0.34,0.0
1015,random,hard,B,0.2,0.5288727576506727,467.1292133224361,0.1,0,0,0.32,0.0
1016,random,hard,D,0.55,0.9221852289297321,691.9774992840631,0.22,0,0,0.32,0.0
1017,random,hard,D,0.55,1.0,827.1538634124832,0.22,1,0,0.32,0.0
1018,random,hard,E,0.9,0.6596345248055295,1059.1144053343348,0.6,0,0,0.32,0.0
1019,random,simple,E,0.6,0.880478381828866,1162.212776079123,0.6,1,0,0.32,0.0
1020,random,hard,D,0.55,0.9814719999999999,657.6994017905286,0.22,0,0,0.32,0.0
1021,random,hard,E,0.9,0.9818424588882737,1452.0282154335666,0.6,0,0,0.32,0.0
1022,random,simple,D,0.85,1.0,867.5056487461122,0.22,1,0,0.34,0.0
1023,random,hard,D,0.55,1.0,830.8949997766231,0.22,0,0,0.32,0.0
1024,random,hard,A,0.95,0.4265685900711321,1929.934466220631,1.0,0,0,0.32,0.0
1025,random,simple,E,0.6,0.8888063668462884,1302.5191040639436,0.6,1,0,0.34,0.0
1026,random,hard,D,0.55,0.9814719999999999,708.401477115712,0.22,0,0,0.34,0.0
1027,random,simple,D,0.85,1.0,805.5758838605935,0.22,1,0,0.34,0.0
1028,random,hard,C,0.75,0.3558909273789254,568.631552748982,0.35,1,0,0.36,0.0
1029,random,hard,C,0.75,0.6131840160934543,786.0379906894987,0.35,0,0,0.36,0.0
1030,random,hard,E,0.9,0.7690514876398358,1187.0816789545913,0.6,0,0,0.36,0.0
1031,random,hard,C,0.75,0.7748497020627709,803.8315340081766,0.35,0,0,0.36,0.0
1032,random,hard,A,0.95,0.4534087921871963,2071.22037002594,1.0,0,0,0.36,0.0
1033,random,hard,B,0.2,0.3529711370900302,413.5934389261529,0.1,0,0,0.36,0.0
1034,random,hard,A,0.95,0.6511197686697647,2701.713796995221,1.0,0,0,0.34,0.0
1035,random,simple,D,0.85,0.6596345248055295,587.5751885371697,0.22,1,0,0.34,0.0
1036,random,hard,E,0.9,0.6571506538072545,1103.0522737594379,0.6,0,0,0.32,0.0
1037,random,hard,E,0.9,0.8782925753503839,1310.3234944257065,0.6,0,0,0.32,0.0
1038,random,hard,B,0.2,0.4862741347515972,484.7502401882512,0.1,0,0,0.3,0.0
1039,random,hard,C,0.75,0.5786627043970508,767.243425520662,0.35,0,0,0.3,0.0
1040,random,simple,C,0.75,0.8092231798694047,817.4154649999681,0.35,0,0,0.3,0.0
1041,random,hard,D,0.55,0.6063369691035098,558.8614071031939,0.22,0,0,0.28,0.0
1042,random,simple,E,0.6,0.7635030243008665,1470.327726368718,0.6,1,0,0.3,0.0
1043,random,hard,E,0.9,0.9718826613847624,1159.123345093037,0.6,0,0,0.3,0.0
1044,random,simple,B,0.95,0.5258276954759953,449.5174668783853,0.1,1,0,0.3,0.0
1045,random,hard,D,0.55,0.6636174669678382,595.5601667903734,0.22,0,0,0.3,0.0
1046,random,hard,C,0.75,0.6758065518516954,737.9133848669964,0.35,0,0,0.3,0.0
1047,random,hard,D,0.55,0.8139053664198939,689.6292778761373,0.22,0,0,0.3,0.0
1048,random,simple,E,0.6,0.8128934997972661,1466.7372512615507,0.6,1,0,0.3,0.0
1049,random,hard,A,0.95,0.39569758175194514,1968.7983004963187,1.0,0,0,0.28,0.0
1050,random,simple,E,0.6,0.929504726243003,1457.661840540463,0.6,1,0,0.3,0.0
1051,random,simple,A,0.8,0.6064282073087063,2204.502874964448,1.0,0,0,0.3,0.0
1052,random,hard,A,0.95,0.8336568224316616,3151.374837761398,1.0,0,0,0.3,0.0
1053,random,hard,D,0.55,0.6779809784208277,610.467170714567,0.22,0,0,0.3,0.0
1054,random,simple,E,0.6,0.857419671425999,1378.8557482422686,0.6,1,0,0.32,0.0
1055,random,hard,A,0.95,0.8681137820961493,3314.379551089097,1.0,0,0,0.32,0.0
1056,random,hard,C,0.75,0.48821278428424575,581.0545996175383,0.35,1,0,0.32,0.0
1057,random,hard,C,0.75,0.7296272501701362,869.447345052606,0.35,0,0,0.32,0.0
1058,random,hard,E,0.9,0.8141905985268962,1222.191195172379,0.6,0,0,0.3,0.0
1059,random,hard,E,0.9,1.0,1444.4732835829768,0.6,0,0,0.3,0.0
1060,random,simple,D,0.85,0.5770742806835936,523.0521356100071,0.22,1,0,0.32,0.0
1061,random,hard,E,0.9,1.0,1468.9308543002765,0.6,0,0,0.32,0.0
1062,random,hard,B,0.2,0.35266614802873114,363.5182569954373,0.1,0,0,0.3,0.0
1063,random,hard,D,0.55,0.6932599642060099,547.2051379515586,0.22,0,0,0.3,0.0
1064,random,hard,A,0.95,0.5747392450011262,2217.691384394348,1.0,0,0,0.28,0.0
1065,random,hard,B,0.2,0.5403321052294355,460.5057887032187,0.1,1,0,0.3,0.0
1066,random,hard,E,0.9,0.8277319167999999,1294.5266084986279,0.6,0,0,0.3,0.0
1067,random,hard,E,0.9,1.0,1510.9709337313213,0.6,0,0,0.28,0.0
1068,random,hard,D,0.55,0.6658554097511369,725.3610381476617,0.22,0,0,0.28,0.0
1069,random,simple,B,0.95,0.6240346563651242,501.49281091344545,0.1,1,0,0.28,0.0
1070,random,hard,C,0.75,0.43847640607960553,724.4123829852259,0.35,1,0,0.3,0.0
1071,random,hard,B,0.2,0.7832524378891521,609.9477519887214,0.1,0,0,0.3,0.0
1072,random,hard,B,0.2,0.9892621453424539,531.3217999970846,0.1,0,0,0.28,0.0
1073,random,hard,D,0.55,0.6513931516996168,548.4753755061985,0.22,0,0,0.28,0.0
1074,random,simple,A,0.8,0.4600654406837205,1791.753289429816,1.0,0,0,0.28,0.0
1075,random,simple,B,0.95,0.9741544527108128,587.3900694125635,0.1,1,0,0.28,0.0
1076,random,hard,D,0.55,0.7439061938750411,788.576959182735,0.22,0,0,0.28,0.0
1077,random,simple,C,0.75,0.47919460674872194,690.1518704953012,0.35,1,0,0.28,0.0
1078,random,simple,C,0.75,0.7216912539388753,827.21810947275,0.35,1,0,0.28,0.0
1079,random,hard,A,0.95,0.5427912168654565,2539.2586258085153,1.0,0,0,0.28,0.0
1080,random,hard,B,0.2,0.8140923965883322,523.9125896446882,0.1,0,0,0.28,0.0
1081,random,hard,E,0.9,0.46701574306830973,889.4311811739742,0.6,0,0,0.28,0.0
1082,random,hard,A,0.95,0.6698970161397364,2514.661340910821,1.0,0,0,0.28,0.0
1083,random,hard,E,0.9,0.6616569914320991,961.0036701087214,0.6,0,0,0.28,0.0
1084,random,hard,D,0.55,0.5675343505341406,617.521522669849,0.22,0,0,0.28,0.0
1085,random,hard,B,0.2,0.7296225409038664,503.0534371084118,0.1,0,0,0.26,0.0
1086,random,hard,A,0.95,0.701734132256845,2989.54858476045,1.0,0,0,0.26,0.0
1087,random,hard,E,0.9,0.6967926276733896,1197.9752886334677,0.6,0,0,0.26,0.0
1088,random,hard,B,0.2,0.7972173321948396,578.5391370466898,0.1,0,0,0.26,0.0
1089,random,hard,A,0.95,0.7782121625773367,2620.6706045464653,1.0,0,0,0.26,0.0
1090,random,simple,D,0.85,0.5635652717783581,618.7602869965451,0.22,1,0,0.28,0.0
1091,random,hard,E,0.9,0.7178633056979393,1260.5420837111867,0.6,0,0,0.28,0.0
1092,random,simple,A,0.8,0.8303297988559029,3218.9018938053264,1.0,0,0,0.26,0.0
1093,random,hard,D,0.55,0.6840539528893412,611.7334259587697,0.22,0,0,0.26,0.0
1094,random,hard,B,0.2,0.6702309871263212,483.87165480044587,0.1,0,0,0.24,0.0
1095,random,simple,D,0.85,0.829731381117506,724.2239193731629,0.22,1,0,0.26,0.0
1096,random,simple,A,0.8,0.7979449276436181,2538.6163120239116,1.0,0,0,0.26,0.0
1097,random,hard,E,0.9,0.6333786529183949,995.0049113607885,0.6,0,0,0.26,0.0
1098,random,hard,A,0.95,0.9179285519672178,3102.795039111285,1.0,0,0,0.24,0.0
1099,random,hard,B,0.2,0.6537022835349297,550.6174387749497,0.1,1,0,0.26,0.0
1100,random,hard,C,0.75,0.34334811626092426,594.9424934128804,0.35,0,0,0.24,0.0
1101,random,hard,C,0.75,0.6021463423096134,723.5087232634603,0.35,0,0,0.24,0.0
1102,random,hard,D,0.55,0.6390909670050341,595.239949359905,0.22,0,0,0.24,0.0
1103,random,hard,A,0.95,0.7844201942151083,2928.163311759149,1.0,0,0,0.24,0.0
1104,random,simple,D,0.85,0.7949120448486984,599.88140390038,0.22,1,0,0.24,0.0
1105,random,simple,D,0.85,0.9995225994668546,920.7880920637751,0.22,1,0,0.26,0.0
1106,random,simple,C,0.75,0.6177718434211612,790.9295607459777,0.35,1,0,0.26,0.0
1107,random,simple,B,0.95,0.535093910103374,432.4735419614199,0.1,1,0,0.28,0.0
1108,random,hard,C,0.75,0.7784025155453472,846.8532110057915,0.35,1,0,0.3,0.0
1109,random,hard,E,0.9,0.43660150614768956,905.7753606527478,0.6,0,0,0.3,0.0
1110,random,hard,B,0.2,0.6646515171059665,488.9080433331281,0.1,0,0,0.28,0.0
1111,random,hard,A,0.95,0.5821045837944118,2240.2484033940123,1.0,0,0,0.28,0.0
1112,random,hard,A,0.95,0.8122520337390824,2881.7746304984385,1.0,0,0,0.28,0.0
1113,random,hard,E,0.9,0.5618278974057809,1106.807697637682,0.6,0,0,0.28,0.0
1114,random,hard,E,0.9,0.7944085497170872,1251.1095352364416,0.6,0,0,0.28,0.0
1115,random,simple,D,0.85,0.5783680194949737,599.8544968994462,0.22,1,0,0.28,0.0
1116,random,hard,C,0.75,0.5799404187855799,868.4319490953798,0.35,0,0,0.28,0.0
1117,random,simple,E,0.6,0.8413671831928029,1248.6314783505366,0.6,1,0,0.3,0.0
1118,random,hard,D,0.55,0.6941416109812788,668.4339508822576,0.22,0,0,0.3,0.0
1119,random,simple,C,0.75,0.6952131570706468,867.5847520285491,0.35,0,0,0.28,0.0
1120,random,simple,C,0.75,0.9117875782221692,1006.0058603707827,0.35,1,0,0.28,0.0
1121,random,simple,A,0.8,0.5570602092749504,2289.402476639531,1.0,0,0,0.28,0.0
1122,random,simple,C,0.75,1.0,884.1892543535097,0.35,1,0,0.3,0.0
1123,random,hard,C,0.75,1.0,1211.3739642044552,0.35,1,0,0.32,0.0
1124,random,hard,C,0.75,1.0,1034.3019821316943,0.35,1,0,0.34,0.0
1125,random,hard,A,0.95,0.6340664227428167,2803.0810124110585,1.0,0,0,0.32,0.0
1126,random,simple,E,0.6,0.5662745246607693,1028.8569351260726,0.6,1,0,0.34,0.0
1127,random,simple,C,0.75,0.9814719999999999,1061.30168967236,0.35,0,0,0.32,0.0
1128,random,hard,C,0.75,1.0,1018.2496638856084,0.35,0,0,0.3,0.0
1129,random,hard,A,0.95,0.6802466916506656,2972.952617459333,1.0,0,0,0.3,0.0
1130,random,simple,B,0.95,0.3515522284625997,391.1334700505656,0.1,1,0,0.32,0.0
1131,random,hard,D,0.55,0.4317415647189453,468.41394129908866,0.22,0,0,0.32,0.0
1132,random,hard,D,0.55,0.6799325769526718,550.1096661261407,0.22,0,0,0.32,0.0
1133,random,hard,A,0.95,0.7079407846382549,2984.6695983226005,1.0,0,0,0.32,0.0
1134,random,simple,E,0.6,0.503651869585853,1041.259326474685,0.6,1,0,0.34,0.0
1135,random,hard,D,0.55,0.7633550130810912,636.4156776720889,0.22,0,0,0.34,0.0
1136,random,hard,D,0.55,0.9717524115113603,737.1070517271565,0.22,0,0,0.34,0.0
1137,random,hard,C,0.75,0.6164783818288659,839.5539391695758,0.35,0,0,0.34,0.0
1138,random,hard,E,0.9,0.6020376892459611,1237.4553590524845,0.6,0,0,0.34,0.0
1139,random,hard,A,0.95,0.6287705935870772,2786.675565656201,1.0,0,0,0.34,0.0
1140,random,simple,C,0.75,0.7201127558216809,913.5280798645172,0.35,1,0,0.34,0.0
1141,random,hard,E,0.9,0.7102718281658236,1130.2441729155692,0.6,0,0,0.34,0.0
1142,random,hard,A,0.95,0.7284895539529727,2775.141220789721,1.0,0,0,0.34,0.0
1143,random,hard,D,0.55,0.6971314962983131,592.1777490315975,0.22,0,0,0.34,0.0
1144,random,hard,B,0.2,0.3587147566640013,410.1968919129058,0.1,0,0,0.34,0.0
1145,random,simple,E,0.6,0.7259467196897618,1155.5167037094361,0.6,1,0,0.34,0.0
1146,random,simple,B,0.95,0.5777887075606026,377.2548130020555,0.1,1,0,0.36,0.0
1147,random,hard,E,0.9,0.8621731397277514,1247.5289218434543,0.6,0,0,0.36,0.0
1148,random,hard,E,0.9,1.0,1551.3476383616264,0.6,0,0,0.36,0.0
1149,random,hard,D,0.55,0.6237507159067814,558.3951845264564,0.22,1,0,0.36,0.0
1150,random,hard,A,0.95,0.5619899945616695,2312.828278789211,1.0,0,0,0.36,0.0
1151,random,hard,A,0.95,0.7945511952142692,2671.600827202452,1.0,0,0,0.36,0.0
1152,random,hard,A,0.95,0.9992050517885569,3474.8702265616625,1.0,0,0,0.36,0.0
1153,random,hard,B,0.2,0.5361281446381345,444.46368855794685,0.1,1,0,0.38,0.0
1154,random,hard,B,0.2,0.7717927672815583,511.5271082561822,0.1,0,0,0.36,0.0
1155,random,hard,E,0.9,0.70867559636992,1096.6431615460847,0.6,0,0,0.34,0.0
1156,random,hard,D,0.55,0.5549116958093685,597.7119187084978,0.22,0,0,0.32,0.0
1157,random,hard,C,0.75,0.3819607512502715,565.774753405692,0.35,0,0,0.3,0.0
1158,random,simple,E,0.6,0.7829425760094022,1289.0737281584404,0.6,1,0,0.3,0.0
1159,random,hard,B,0.2,0.7072996764498731,498.94046800317193,0.1,0,0,0.3,0.0
1160,random,hard,B,0.2,0.9224237152758883,490.164223327414,0.1,0,0,0.3,0.0
1161,random,hard,B,0.2,1.0,708.7409978641055,0.1,0,0,0.3,0.0
1162,random,hard,D,0.55,0.5577032593381106,563.2661979847612,0.22,0,0,0.3,0.0
1163,random,hard,E,0.9,0.7131837863817715,1215.0963097537826,0.6,0,0,0.3,0.0
1164,random,hard,C,0.75,0.45609803780710734,594.0100892479845,0.35,0,0,0.3,0.0
1165,random,hard,E,0.9,0.8522895241740438,1182.3632224356058,0.6,0,0,0.28,0.0
1166,random,hard,A,0.95,0.4668829742020748,2278.6644462062022,1.0,0,0,0.28,0.0
1167,random,hard,D,0.55,0.5943178100561086,626.4389677227716,0.22,0,0,0.26,0.0
1168,random,hard,A,0.95,0.6615541752220867,2805.4430199489834,1.0,0,0,0.26,0.0
1169,random,hard,C,0.75,0.5406974917406636,732.082447340656,0.35,1,0,0.28,0.0
1170,random,hard,E,0.9,0.7497803842609281,1304.3689048463466,0.6,0,0,0.26,0.0
1171,random,hard,A,0.95,0.7508306468969459,2661.019130742792,1.0,0,0,0.26,0.0
1172,random,hard,B,0.2,0.5450808588882738,449.65974244456515,0.1,0,0,0.24,0.0
1173,random,hard,A,0.95,0.8814432529569949,3896.3898581936005,1.0,0,0,0.22,0.0
1174,random,hard,A,0.95,1.0,3527.3885700589667,1.0,0,0,0.2,0.0
1175,random,simple,C,0.75,0.5511021248782223,696.4255399868564,0.35,1,0,0.22,0.0
1176,random,hard,D,0.55,0.4880887388186326,515.682361272824,0.22,0,0,0.2,0.0
1177,random,hard,E,0.9,0.6064169456843026,930.7725128157275,0.6,0,0,0.2,0.0
1178,random,simple,A,0.8,0.8996953599999999,3282.6186720082906,1.0,0,0,0.2,0.0
1179,random,hard,C,0.75,0.6304933871756104,754.3189445259677,0.35,0,0,0.2,0.0
1180,random,simple,B,0.95,0.4960298956668743,493.4943075511172,0.1,1,0,0.2,0.0
1181,random,simple,B,0.95,0.7365063081868494,520.925907775127,0.1,1,0,0.22,0.0
1182,random,hard,E,0.9,0.6200255771259785,1128.4795311474395,0.6,0,0,0.22,0.0
1183,random,simple,A,0.8,0.774797956868866,2633.87874555761,1.0,0,0,0.22,0.0
1184,random,hard,E,0.9,0.7801478069263578,1198.6784789978647,0.6,0,0,0.2,0.0
1185,random,hard,D,0.55,0.45446953425021286,480.63537664188783,0.22,0,0,0.2,0.0
1186,random,simple,E,0.6,0.9041464616837716,1412.9807212023186,0.6,1,0,0.22,0.0
1187,random,simple,B,0.95,0.642036539464169,511.98663381489064,0.1,0,0,0.22,0.0
1188,random,hard,C,0.75,0.49953752692713793,739.8403462432359,0.35,0,0,0.22,0.0
1189,random,hard,B,0.2,0.7971930961610525,531.8973228439286,0.1,0,0,0.22,0.0
1190,random,simple,E,0.6,0.8422124378321756,1360.5755035950388,0.6,1,0,0.22,0.0
1191,random,hard,E,0.9,1.0,1519.3523628604378,0.6,0,0,0.22,0.0
1192,random,hard,E,0.9,1.0,1619.6468985520414,0.6,0,0,0.22,0.0
1193,random,hard,E,0.9,1.0,1437.9742321562173,0.6,0,0,0.22,0.0
1194,random,hard,A,0.95,0.48988814873430153,2087.3018858922696,1.0,0,0,0.22,0.0
1195,random,simple,D,0.85,0.4265702088552227,451.183768984914,0.22,1,0,0.22,0.0
1196,random,hard,D,0.55,0.675381783792596,603.8631456133267,0.22,1,0,0.22,0.0
1197,random,simple,B,0.95,0.586698160316129,470.4102892502997,0.1,1,0,0.24,0.0
1198,random,simple,B,0.95,0.8162943810781935,536.0456275119991,0.1,1,0,0.26,0.0
1199,random,hard,D,0.55,0.760253774964708,701.8705131859209,0.22,0,0,0.24,0.0
1200,random,simple,E,0.6,0.70867559636992,1244.856255497825,0.6,1,0,0.26,0.0
1201,random,hard,E,0.9,0.9236345248055295,1426.499819233419,0.6,0,0,0.26,0.0
1202,random,hard,A,0.95,0.47618069157792114,2369.9888460639645,1.0,0,0,0.26,0.0
1203,random,hard,C,0.75,0.37341895550021276,536.972865724534,0.35,0,0,0.24,0.0
1204,random,hard,D,0.55,0.7012101819165613,602.7361981686088,0.22,0,0,0.24,0.0
1205,random,hard,A,0.95,0.6245038082509891,2727.495639861913,1.0,0,0,0.24,0.0
1206,random,hard,D,0.55,0.843017164876185,691.2327262691754,0.22,0,0,0.24,0.0
1207,random,hard,B,0.2,0.5583395248196223,484.7261781690173,0.1,0,0,0.24,0.0
1208,random,hard,C,0.75,0.49706510115558117,756.1045226208738,0.35,0,0,0.22,0.0
1209,random,hard,A,0.95,0.6745120361104479,2769.3688894226966,1.0,0,0,0.22,0.0
1210,random,hard,D,0.55,0.805553482176603,662.3109189125438,0.22,0,0,0.22,0.0
1211,random,hard,B,0.2,0.6348336223389324,507.70080952641865,0.1,0,0,0.22,0.0
1212,random,simple,C,0.75,0.5980876347809326,759.7443971903508,0.35,1,0,0.24,0.0
1213,random,hard,D,0.55,0.848962142605854,635.3836458915154,0.22,0,0,0.24,0.0
1214,random,simple,D,0.85,1.0,828.3555929980475,0.22,1,0,0.26,0.0
1215,random,simple,B,0.95,0.6807067776886501,517.2711896330709,0.1,1,0,0.28,0.0
1216,random,simple,A,0.8,0.5756566086161263,2426.358238062961,1.0,0,0,0.28,0.0
1217,random,hard,C,0.75,0.6156299339173199,800.2241456123447,0.35,0,0,0.28,0.0
1218,random,hard,D,0.55,0.8996953599999999,800.7724341020283,0.22,0,0,0.28,0.0
1219,random,hard,B,0.2,0.708216696100435,458.71442624209334,0.1,0,0,0.26,0.0
1220,random,hard,D,0.55,0.9967240867839999,803.127609752793,0.22,0,0,0.26,0.0
1221,random,simple,D,0.85,1.0,896.1754424838473,0.22,1,0,0.28,0.0
1222,random,hard,A,0.95,0.5673372816255466,2558.201605254836,1.0,0,0,0.28,0.0
1223,random,hard,E,0.9,0.35547776358013716,810.1319620660312,0.6,0,0,0.28,0.0
1224,random,simple,A,0.8,0.7393459908908233,2782.5974094576395,1.0,0,0,0.28,0.0
1225,random,hard,A,0.95,0.9506244719839245,3514.7083953846677,1.0,0,0,0.26,0.0
1226,random,simple,C,0.75,0.49483356529156514,642.2223213154977,0.35,1,0,0.28,0.0
1227,random,simple,A,0.8,1.0,3095.3365041104944,1.0,0,0,0.28,0.0
1228,random,hard,B,0.2,0.5241352739660514,412.8858956051554,0.1,0,0,0.28,0.0
1229,random,simple,A,0.8,1.0,3027.036930893952,1.0,0,0,0.28,0.0
1230,random,hard,D,0.55,0.6164783818288659,580.9660234567576,0.22,0,0,0.26,0.0
1231,random,hard,D,0.55,0.842500976009402,732.3698804222742,0.22,0,0,0.24,0.0
1232,random,hard,C,0.75,0.5298027299993001,683.2837491019612,0.35,0,0,0.24,0.0
1233,random,simple,E,0.6,0.3990009041067077,957.4644107228168,0.6,1,0,0.26,0.0
1234,random,hard,B,0.2,0.5434105632574857,452.4680170550468,0.1,0,0,0.26,0.0
1235,random,hard,B,0.2,0.7782012956665874,569.9558141618357,0.1,0,0,0.26,0.0
1236,random,hard,D,0.55,0.7446146549753125,646.2520992807755,0.22,0,0,0.24,0.0
1237,random,hard,C,0.75,0.5795938102284035,747.448220439914,0.35,0,0,0.24,0.0
1238,random,hard,D,0.55,0.8766295888128819,685.2116170361516,0.22,0,0,0.24,0.0
1239,random,hard,C,0.75,0.7488374466408757,834.9958906025254,0.35,0,0,0.24,0.0
1240,random,hard,B,0.2,0.7106816614183716,522.4070138058819,0.1,0,0,0.22,0.0
1241,random,hard,C,0.75,0.8798997186786941,1055.5369007750453,0.35,0,0,0.22,0.0
1242,random,hard,D,0.55,0.8257106968497931,683.7757264496069,0.22,0,0,0.22,0.0
1243,random,hard,D,0.55,1.0,798.4037518910645,0.22,0,0,0.22,0.0
1244,random,hard,B,0.2,0.7261924947896885,470.9249216619481,0.1,0,0,0.22,0.0
1245,random,simple,C,0.75,0.8276717785569181,843.2097467256636,0.35,1,0,0.22,0.0
1246,random,hard,A,0.95,0.4138165524602472,2070.2208695376803,1.0,0,0,0.2,0.0
1247,random,simple,E,0.6,0.3666394324843092,883.5827236425891,0.6,1,0,0.2,0.0
1248,random,simple,E,0.6,0.6226427005861921,1074.4950347251936,0.6,1,0,0.2,0.0
1249,random,hard,C,0.75,0.7963509252035312,970.8726563192677,0.35,0,0,0.2,0.0
1250,random,hard,A,0.95,0.5481638664016067,2526.1553212858717,1.0,0,0,0.18,0.0
1251,random,hard,D,0.55,0.6596345248055295,646.5812835111542,0.22,1,0,0.2,0.0
1252,random,hard,A,0.95,0.7244980981414042,2908.1704722467293,1.0,0,0,0.2,0.0
1253,random,simple,D,0.85,0.8108209760094021,631.4075032929379,0.22,1,0,0.22,0.0
1254,random,simple,B,0.95,0.502245318569631,463.3267187079689,0.1,0,0,0.22,0.0
1255,random,hard,A,0.95,0.793725167936619,2716.0771222024946,1.0,0,0,0.22,0.0
1256,random,simple,A,0.8,0.9984781477842246,3480.5859342991184,1.0,0,0,0.22,0.0
1257,random,hard,E,0.9,0.49705295433907326,875.2231618719366,0.6,0,0,0.22,0.0
1258,random,hard,D,0.55,0.7278961078510886,702.5411243717516,0.22,0,0,0.22,0.0
1259,random,hard,E,0.9,0.6849178078401783,1219.7458603645284,0.6,0,0,0.22,0.0
1260,random,hard,D,0.55,0.863682745919883,763.0882613707886,0.22,0,0,0.22,0.0
1261,random,hard,D,0.55,1.0,755.9915471433707,0.22,0,0,0.22,0.0
1262,random,hard,B,0.2,0.480624756479591,449.17027977543165,0.1,0,0,0.2,0.0
1263,random,simple,D,0.85,1.0,630.3875710617618,0.22,1,0,0.22,0.0
1264,random,hard,D,0.55,1.0,968.3867836661694,0.22,0,0,0.2,0.0
1265,random,simple,D,0.85,1.0,874.1059249814687,0.22,1,0,0.2,0.0
1266,random,hard,A,0.95,0.5780771386819666,2565.4430212575317,1.0,0,0,0.2,0.0
1267,random,hard,C,0.75,0.3797613668325708,706.9336900998928,0.35,0,0,0.2,0.0
1268,random,hard,C,0.75,0.6341900028126624,806.7840941339632,0.35,1,0,0.22,0.0
1269,random,hard,A,0.95,0.6939433838518771,2456.417190559543,1.0,0,0,0.22,0.0
1270,random,hard,B,0.2,0.4728492559063111,430.1891483986129,0.1,0,0,0.22,0.0
1271,random,hard,D,0.55,0.764404086784,623.1436462611998,0.22,0,0,0.2,0.0
1272,random,hard,B,0.2,0.6661744637738474,562.412537684243,0.1,0,0,0.2,0.0
1273,random,hard,A,0.95,0.7161546273986696,2574.125165008657,1.0,0,0,0.2,0.0
1274,random,hard,C,0.75,0.5945204291037569,755.4734324275715,0.35,0,0,0.2,0.0
1275,random,hard,C,0.75,0.8231779776113062,1000.1926396357235,0.35,0,0,0.2,0.0
1276,random,hard,E,0.9,0.3779549836069992,870.6228564298294,0.6,0,0,0.18,0.0
1277,random,hard,A,0.95,0.729474607093511,2675.779078542165,1.0,0,0,0.18,0.0
1278,random,simple,E,0.6,0.5926883393052602,1008.3940770175316,0.6,1,0,0.2,0.0
1279,random,hard,B,0.2,0.5722492462691888,436.8273490597058,0.1,1,0,0.22,0.0
1280,random,hard,E,0.9,0.7589778499579936,1244.9429390174762,0.6,0,0,0.22,0.0
1281,random,hard,C,0.75,0.6822872169532787,852.7992250816305,0.35,0,0,0.22,0.0
1282,random,hard,A,0.95,0.6849670326583854,2921.1307032920245,1.0,0,0,0.22,0.0
1283,random,hard,D,0.55,0.4648599129115218,440.1150641263894,0.22,0,0,0.2,0.0
1284,random,simple,E,0.6,0.7551554949625849,1078.9524261906122,0.6,1,0,0.22,0.0
1285,random,hard,E,0.9,0.9645368355670747,1468.3957167140115,0.6,0,0,0.22,0.0
1286,random,simple,E,0.6,1.0,1564.5936302305736,0.6,1,0,0.24,0.0
1287,random,simple,B,0.95,0.5058005857523422,354.7019672968918,0.1,1,0,0.26,0.0
1288,random,hard,A,0.95,0.6181014892788639,2150.627455888074,1.0,0,0,0.26,0.0
1289,random,hard,A,0.95,0.8439293105654002,3093.463921971166,1.0,0,0,0.26,0.0
1290,random,hard,E,0.9,0.8996953599999999,1246.8514555504746,0.6,0,0,0.26,0.0
1291,random,hard,C,0.75,0.4900176558402268,657.0306791766172,0.35,0,0,0.26,0.0
1292,random,simple,D,0.85,0.447118113015346,496.5475475748982,0.22,1,0,0.28,0.0
1293,random,hard,E,0.9,0.9131171963699201,1691.6549563016147,0.6,0,0,0.28,0.0
1294,random,hard,A,0.95,0.7453684327083812,2981.929632175312,1.0,0,0,0.28,0.0
1295,random,hard,B,0.2,0.48190335330340206,391.77491275472454,0.1,0,0,0.26,0.0
1296,random,simple,B,0.95,0.7240749509069938,527.5718029131311,0.1,1,0,0.28,0.0
1297,random,hard,E,0.9,0.8475921457992499,1388.070583826144,0.6,0,0,0.26,0.0
1298,random,hard,A,0.95,0.7469939905856884,2778.845782129009,1.0,0,0,0.24,0.0
1299,random,simple,A,0.8,0.9573547117154058,3533.8782359785314,1.0,0,0,0.24,0.0
1300,random,simple,A,0.8,1.0,3709.087116519903,1.0,0,0,0.24,0.0
1301,random,hard,B,0.2,0.6821174617490138,551.5045974088213,0.1,1,0,0.24,0.0
1302,random,simple,B,0.95,0.9002633663391322,611.396846130608,0.1,1,0,0.26,0.0
1303,random,simple,B,0.95,1.0,679.575176481926,0.1,1,0,0.26,0.0
1304,random,hard,E,0.9,0.6463902256629686,1176.1609504245807,0.6,0,0,0.26,0.0
1305,random,hard,C,0.75,0.3818406629067468,563.7998336902282,0.35,0,0,0.26,0.0
1306,random,hard,B,0.2,0.9814719999999999,641.167692292937,0.1,0,0,0.26,0.0
1307,random,hard,E,0.9,0.7404968398629945,1242.914563435227,0.6,0,0,0.26,0.0
1308,random,hard,D,0.55,0.3578289115522021,472.6137499497238,0.22,0,0,0.26,0.0
1309,random,hard,E,0.9,0.8734407527899029,1461.6497763231428,0.6,0,0,0.26,0.0
1310,random,hard,A,0.95,0.5785009760094021,2128.7798671533596,1.0,0,0,0.26,0.0
1311,random,hard,B,0.2,0.8179540998455295,608.3482901342002,0.1,0,0,0.26,0.0
1312,random,simple,E,0.6,0.8952254166852407,1284.0739136546445,0.6,1,0,0.28,0.0
1313,random,hard,C,0.75,0.4373230853558963,675.1204180055589,0.35,0,0,0.26,0.0
1314,random,hard,B,0.2,0.8574128163299326,560.8605937845156,0.1,0,0,0.26,0.0
1315,random,hard,D,0.55,0.4462359438269955,526.9194729393471,0.22,0,0,0.24,0.0
1316,random,hard,B,0.2,0.9639804849658997,546.9298628959267,0.1,0,0,0.24,0.0
1317,random,simple,A,0.8,0.5364192313712232,2311.799825259317,1.0,0,0,0.24,0.0
1318,random,hard,E,0.9,0.7157463421015351,1093.7225166431829,0.6,0,0,0.22,0.0
1319,random,simple,D,0.85,0.5676056249782698,519.2270383722791,0.22,1,0,0.24,0.0
1320,random,simple,E,0.6,0.8542739673234288,1245.4849052713892,0.6,1,0,0.26,0.0
1321,random,simple,A,0.8,0.6216881240680889,2325.4928009138866,1.0,0,0,0.26,0.0
1322,random,hard,B,0.2,0.747676476798186,483.9953942377369,0.1,1,0,0.28,0.0
1323,random,hard,A,0.95,0.781435283278328,2352.509375084729,1.0,0,0,0.28,0.0
1324,random,simple,A,0.8,0.9876630492849285,3281.692957339333,1.0,0,0,0.28,0.0
1325,random,hard,A,0.95,1.0,3958.659701193694,1.0,0,0,0.28,0.0
1326,random,hard,C,0.75,0.38299981825186463,674.5575419211507,0.35,1,0,0.3,0.0
1327,random,hard,D,0.55,0.5041305792160058,473.05924133123864,0.22,0,0,0.3,0.0
1328,random,simple,A,0.8,0.9814719999999999,3524.1174650308044,1.0,0,0,0.28,0.0
1329,random,simple,A,0.8,1.0,3182.48181452519,1.0,0,0,0.26,0.0
1330,random,simple,C,0.75,0.5296832138864865,746.1890990528975,0.35,1,0,0.28,0.0
1331,random,hard,D,0.55,0.6023247691899511,607.8959917825755,0.22,1,0,0.3,0.0
1332,random,hard,A,0.95,0.9814719999999999,3756.7869714409667,1.0,0,0,0.3,0.0
1333,random,hard,C,0.75,0.6609642791336517,757.3808394760147,0.35,1,0,0.32,0.0
1334,random,hard,A,0.95,1.0,3501.569076974883,1.0,0,0,0.3,0.0
1335,random,hard,C,0.75,0.8118507377611,835.51178570555,0.35,0,0,0.3,0.0
1336,random,hard,D,0.55,0.6178660049807305,536.6077192219203,0.22,0,0,0.28,0.0
1337,random,hard,B,0.2,0.4098888932654875,378.7222156840352,0.1,0,0,0.26,0.0
1338,random,simple,D,0.85,0.7784754342570777,568.0698484235638,0.22,1,0,0.28,0.0
1339,random,hard,B,0.2,0.6174179589447935,496.0170684988203,0.1,0,0,0.28,0.0
1340,random,hard,A,0.95,0.764404086784,2809.851377000928,1.0,0,0,0.28,0.0
1341,random,hard,C,0.75,0.6770268004748603,836.3709791547936,0.35,0,0,0.28,0.0
1342,random,simple,D,0.85,0.7668481057979546,651.6009570608339,0.22,1,0,0.28,0.0
1343,random,hard,C,0.75,0.8242895542877318,920.6409854592736,0.35,0,0,0.28,0.0
1344,random,simple,D,0.85,0.893847173129936,679.0626616146673,0.22,1,0,0.3,0.0
1345,random,hard,A,0.95,0.7034004339282738,2879.385061263069,1.0,0,0,0.3,0.0
1346,random,simple,B,0.95,0.5523236525812623,409.10222734336094,0.1,1,0,0.3,0.0
1347,random,simple,C,0.75,0.7943226210028209,939.4655063692004,0.35,1,0,0.32,0.0
1348,random,hard,B,0.2,0.7277194365589295,474.1806999737352,0.1,0,0,0.32,0.0
1349,random,hard,E,0.9,0.3209698181587956,882.9867047442699,0.6,1,0,0.34,0.0
1350,random,hard,C,0.75,0.8413086251800344,870.1538130011555,0.35,0,0,0.34,0.0
1351,random,hard,A,0.95,0.6266620361619293,1991.142244584586,1.0,0,0,0.32,0.0
1352,random,simple,B,0.95,0.7364099694862043,507.6923957389325,0.1,1,0,0.32,0.0
1353,random,simple,B,0.95,0.9480407731478597,644.7545259849213,0.1,1,0,0.32,0.0
1354,random,simple,C,0.75,0.8045288788484457,801.3886496000533,0.35,1,0,0.34,0.0
1355,random,hard,B,0.2,1.0,651.8266883911137,0.1,0,0,0.34,0.0
1356,random,hard,B,0.2,1.0,700.0975695809204,0.1,1,0,0.36,0.0
1357,random,hard,E,0.9,0.4154318280304557,889.5499477831497,0.6,0,0,0.36,0.0
1358,random,simple,A,0.8,0.5561014813508649,2544.8532709218584,1.0,0,0,0.36,0.0
1359,random,hard,C,0.75,0.7245755673556452,900.907174237408,0.35,0,0,0.36,0.0
1360,random,hard,C,0.75,0.9376264992729677,906.7839409251969,0.35,0,0,0.36,0.0
1361,random,simple,D,0.85,0.401734603671987,483.4646653216223,0.22,1,0,0.38,0.0
1362,random,simple,C,0.75,1.0,1000.8965673703623,0.35,1,0,0.38,0.0
1363,random,hard,B,0.2,0.70867559636992,588.1897198206836,0.1,0,0,0.38,0.0
1364,random,simple,B,0.95,0.9236345248055295,602.8119974581172,0.1,1,0,0.4,0.0
1365,random,hard,E,0.9,0.4494036280628254,1028.1085810629502,0.6,0,0,0.4,0.0
1366,random,simple,D,0.85,0.5120081724407061,589.2637806603063,0.22,1,0,0.42,0.0
1367,random,hard,A,0.95,0.47599409695055706,1933.067028085471,1.0,0,0,0.42,0.0
1368,random,hard,B,0.2,0.8538993388616809,577.0578111804036,0.1,0,0,0.42,0.0
1369,random,simple,C,0.75,0.70867559636992,819.5639084907042,0.35,1,0,0.42,0.0
1370,random,hard,B,0.2,0.9612596480144857,644.7385175986208,0.1,0,0,0.4,0.0
1371,random,hard,A,0.95,0.5854514513286393,2428.432070974152,1.0,0,0,0.4,0.0
1372,random,hard,A,0.95,0.8151972771692026,3573.958675510057,1.0,0,0,0.38,0.0
1373,random,hard,B,0.2,0.9550715348517276,590.582158003063,0.1,0,0,0.38,0.0
1374,random,hard,D,0.55,0.48413581579226095,437.5220373830259,0.22,0,0,0.38,0.0
1375,random,hard,C,0.75,0.6291118431582793,691.8946932475001,0.35,0,0,0.38,0.0
1376,random,hard,B,0.2,0.9508545089984766,589.9455208827063,0.1,0,0,0.36,0.0
1377,random,simple,B,0.95,1.0,697.5698330916409,0.1,1,0,0.38,0.0
1378,random,hard,C,0.75,0.7287221059807589,902.4214755056116,0.35,0,0,0.38,0.0
1379,random,hard,B,0.2,1.0,623.1702323746701,0.1,0,0,0.38,0.0
1380,random,simple,E,0.6,0.36605058317308625,981.0296279153538,0.6,1,0,0.38,0.0
1381,random,simple,A,0.8,0.5579923151498067,2526.9117539896615,1.0,0,0,0.36,0.0
1382,random,hard,E,0.9,0.583469571609238,1117.9318490999576,0.6,0,0,0.36,0.0
1383,random,simple,C,0.75,0.6845699138037586,876.9973099176289,0.35,1,0,0.36,0.0
1384,random,hard,A,0.95,0.680256138989769,2913.328536363881,1.0,0,0,0.36,0.0
1385,random,hard,A,0.95,0.8986254023109967,3181.6016593080594,1.0,0,0,0.36,0.0
1386,random,simple,C,0.75,0.766515228299675,781.5754422514764,0.35,1,0,0.38,0.0
1387,random,hard,D,0.55,0.39188443525059863,514.2669387227445,0.22,1,0,0.4,0.0
1388,random,hard,A,0.95,0.9123880501636796,3137.1208717632717,1.0,0,0,0.38,0.0
1389,random,simple,D,0.85,0.6034753066580636,567.5007339953917,0.22,1,0,0.4,0.0
1390,random,hard,C,0.75,0.7596756257806558,933.9615635075222,0.35,0,0,0.4,0.0
1391,random,hard,E,0.9,0.4846555058692733,953.1372261342453,0.6,0,0,0.4,0.0
1392,random,hard,C,0.75,0.88829280460454,1014.8964204035022,0.35,0,0,0.38,0.0
1393,random,hard,E,0.9,0.6753172237451652,965.6309915041054,0.6,0,0,0.38,0.0
1394,random,simple,B,0.95,0.44697385390011257,375.78225244785693,0.1,1,0,0.38,0.0
1395,random,hard,E,0.9,0.8229656580682558,1187.898852780477,0.6,0,0,0.38,0.0
1396,random,simple,B,0.95,0.6461365524602471,500.92140766687527,0.1,1,0,0.38,0.0
1397,random,hard,C,0.75,0.7687804644536018,927.8303651558256,0.35,0,0,0.36,0.0
1398,random,hard,E,0.9,0.8608280529350905,1259.9414196902926,0.6,0,0,0.36,0.0
1399,random,hard,C,0.75,0.8953435916728691,864.3781089837263,0.35,0,0,0.34,0.0
1400,random,hard,E,0.9,0.9666252441929342,1493.9741112130534,0.6,0,0,0.34,0.0
1401,random,hard,E,0.9,1.0,1535.6634218140607,0.6,0,0,0.34,0.0
1402,random,hard,E,0.9,1.0,1480.6130292314117,0.6,1,0,0.34,0.0
1403,random,simple,B,0.95,0.5640602409130957,469.20274261706464,0.1,0,0,0.32,0.0
1404,random,hard,A,0.95,0.41800552542676944,2114.954674063594,1.0,0,0,0.3,0.0
1405,random,hard,E,0.9,0.9814719999999999,1372.4521066663033,0.6,0,0,0.3,0.0
1406,random,simple,C,0.75,0.665905076282896,800.0825434434532,0.35,1,0,0.3,0.0
1407,random,hard,B,0.2,0.6382643092360657,494.9350135116216,0.1,0,0,0.3,0.0
1408,random,hard,B,0.2,0.8616725921277377,559.7673516252487,0.1,0,0,0.3,0.0
1409,random,hard,D,0.55,0.34680723067606256,438.3507319690729,0.22,1,0,0.32,0.0
1410,random,hard,C,0.75,0.6993401844472988,878.3280825177003,0.35,1,0,0.34,0.0
1411,random,hard,C,0.75,0.9154193623136229,911.5664243694026,0.35,0,0,0.32,0.0
1412,random,hard,D,0.55,0.5363394171032777,542.7582913404124,0.22,0,0,0.3,0.0
1413,random,hard,A,0.95,0.43228971228258894,2001.7364107272406,1.0,0,0,0.3,0.0
1414,random,hard,A,0.95,0.6804149468086782,2341.886541533935,1.0,0,0,0.28,0.0
1415,random,hard,E,0.9,0.5733409099258999,1047.8212480686527,0.6,0,0,0.28,0.0
1416,random,hard,A,0.95,0.8269133348086404,3021.9590343138984,1.0,0,0,0.26,0.0
1417,random,hard,B,0.2,0.5727007476228709,471.3860378885133,0.1,0,0,0.26,0.0
1418,random,simple,C,0.75,0.6741095538220917,779.0517414104162,0.35,1,0,0.28,0.0
1419,random,hard,B,0.2,0.7434994589591513,436.0648388193496,0.1,0,0,0.26,0.0
1420,random,hard,B,0.2,0.9542795238840531,676.6512922921222,0.1,0,0,0.26,0.0
1421,random,hard,E,0.9,0.5662618616900452,1076.5874580448483,0.6,0,0,0.26,0.0
1422,random,simple,C,0.75,0.7042603715587787,817.2875177094484,0.35,1,0,0.28,0.0
1423,random,hard,B,0.2,0.9503147757003134,642.509629639678,0.1,0,0,0.28,0.0
1424,random,hard,C,0.75,0.8453792317351183,854.5222306737359,0.35,0,0,0.28,0.0
1425,random,hard,E,0.9,0.6395846110004819,1056.024232883709,0.6,0,0,0.28,0.0
1426,random,hard,D,0.55,0.38957712628432806,454.49632855975005,0.22,0,0,0.28,0.0
1427,random,simple,B,0.95,0.8698993615269186,576.3795140788422,0.1,1,0,0.28,0.0
1428,random,hard,A,0.95,0.47834135468254013,2079.181746728304,1.0,0,0,0.28,0.0
1429,random,hard,E,0.9,0.683555923544394,1343.3851054730762,0.6,0,0,0.28,0.0
1430,random,simple,E,0.6,0.9015292127190666,1381.570299077142,0.6,1,0,0.28,0.0
1431,random,hard,A,0.95,0.62597623965822,2312.1204633704488,1.0,0,0,0.28,0.0
1432,random,simple,E,0.6,0.9981442223296453,1445.1024326673908,0.6,1,0,0.3,0.0
1433,random,hard,E,0.9,1.0,1495.2089277805871,0.6,0,0,0.28,0.0
1434,random,simple,E,0.6,1.0,1498.7254199676331,0.6,1,0,0.3,0.0
1435,random,simple,A,0.8,0.6753950463932825,2729.6714383225208,1.0,0,0,0.3,0.0
1436,random,hard,E,0.9,1.0,1749.345587841613,0.6,0,0,0.28,0.0
1437,random,hard,D,0.55,0.3954778967129886,424.4786529380097,0.22,0,0,0.26,0.0
1438,random,hard,A,0.95,0.760262813055723,2698.1136388248465,1.0,0,0,0.26,0.0
1439,random,simple,D,0.85,0.6062580832145383,572.7308130268541,0.22,1,0,0.26,0.0
1440,random,hard,A,0.95,0.8887475224303518,2729.015024959694,1.0,0,0,0.26,0.0
1441,random,simple,E,0.6,0.8277319167999999,1201.7381434777017,0.6,1,0,0.28,0.0
1442,random,hard,C,0.75,0.38467197171627354,645.6204808669225,0.35,0,0,0.28,0.0
1443,random,hard,C,0.75,0.6385113351103207,800.6347533274724,0.35,0,0,0.28,0.0
1444,random,hard,B,0.2,0.3990089463163641,400.14424969787734,0.1,0,0,0.26,0.0
1445,random,simple,B,0.95,0.6511278727584004,480.1176134913803,0.1,1,0,0.28,0.0
1446,random,hard,B,0.2,0.8729925280273925,602.7684075858447,0.1,0,0,0.26,0.0
1447,random,simple,D,0.85,0.5180313376663718,580.8428114007119,0.22,1,0,0.28,0.0
1448,random,hard,A,0.95,0.6196242929013314,2769.6369722551126,1.0,0,0,0.28,0.0
1449,random,hard,E,0.9,0.5976809745647381,1107.6169407414282,0.6,0,0,0.28,0.0
1450,random,hard,A,0.95,0.7798370524227911,3062.130927542852,1.0,0,0,0.28,0.0
1451,random,hard,A,0.95,0.9862566061320561,2850.7312014831937,1.0,0,0,0.28,0.0
1452,random,hard,D,0.55,0.5733816707891424,524.077529541917,0.22,0,0,0.26,0.0
1453,random,simple,A,0.8,1.0,3319.724197175878,1.0,0,0,0.26,0.0
1454,random,hard,C,0.75,0.4564869064187359,543.2888743706612,0.35,0,0,0.26,0.0
1455,random,simple,B,0.95,0.5762832626188001,396.36446988115046,0.1,1,0,0.28,0.0
1456,random,hard,A,0.95,0.9814719999999999,3372.6021394021586,1.0,0,0,0.26,0.0
1457,random,hard,B,0.2,0.7462737585719987,574.4364149931035,0.1,0,0,0.26,0.0
1458,random,simple,A,0.8,1.0,3492.6945270715064,1.0,0,0,0.26,0.0
1459,random,hard,A,0.95,1.0,4252.782635638709,1.0,0,0,0.24,0.0
1460,random,hard,A,0.95,1.0,3359.2768278026724,1.0,0,0,0.22,0.0
1461,random,simple,B,0.95,0.7475369103053879,479.0401258594327,0.1,1,0,0.24,0.0
1462,random,simple,D,0.85,0.4596873549406778,520.9814792411548,0.22,1,0,0.26,0.0
1463,random,hard,B,0.2,0.8788925833404924,516.0883297070226,0.1,0,0,0.26,0.0
1464,random,hard,D,0.55,0.6559818876660609,552.6149392701554,0.22,0,0,0.26,0.0
1465,random,hard,D,0.55,0.8772640611461335,655.3096959145388,0.22,0,0,0.26,0.0
1466,random,simple,E,0.6,0.3680259879960392,850.5469674126834,0.6,1,0,0.28,0.0
1467,random,simple,B,0.95,0.8270678041677066,551.4112183154,0.1,1,0,0.3,0.0
1468,random,simple,E,0.6,0.5849993251041328,1153.5068534499942,0.6,1,0,0.3,0.0
1469,random,hard,B,0.2,0.9404813075474721,614.8563313308432,0.1,0,0,0.3,0.0
1470,random,simple,B,0.95,1.0,702.9692272638033,0.1,1,0,0.32,0.0
1471,random,hard,B,0.2,1.0,771.6168628222132,0.1,1,0,0.34,0.0
1472,random,hard,A,0.95,0.515671155821681,2069.5023946244983,1.0,0,0,0.32,0.0
1473,random,simple,E,0.6,0.6087228151639104,1195.0441682682515,0.6,1,0,0.34,0.0
1474,random,hard,D,0.55,0.5776351105081479,573.3856913548602,0.22,0,0,0.34,0.0
1475,random,simple,B,0.95,0.8996953599999999,550.41387448306,0.1,0,0,0.34,0.0
1476,random,simple,A,0.8,0.6092455994320991,2978.322674390529,1.0,0,0,0.34,0.0
1477,random,hard,C,0.75,0.324128470030732,603.9525499134147,0.35,1,0,0.34,0.0
1478,random,hard,A,0.95,0.7717997922002175,2856.1643014619594,1.0,0,0,0.34,0.0
1479,random,simple,E,0.6,0.5826933630807815,1087.9740394546704,0.6,1,0,0.36,0.0
1480,random,hard,B,0.2,0.774797956868866,481.12804864462146,0.1,0,0,0.34,0.0
1481,random,hard,C,0.75,0.49437833952132904,604.2206835563395,0.35,0,0,0.34,0.0
1482,random,hard,A,0.95,0.7628447542314347,2757.352199492605,1.0,0,0,0.32,0.0
1483,random,hard,A,0.95,0.9713033837236626,3459.551842090985,1.0,0,0,0.32,0.0
1484,random,hard,A,0.95,1.0,3905.92801071931,1.0,0,0,0.3,0.0
1485,random,hard,D,0.55,0.44156730900735985,540.6017002207647,0.22,0,0,0.3,0.0
1486,random,hard,D,0.55,0.6885792319264767,681.150236461251,0.22,1,0,0.32,0.0
1487,random,hard,C,0.75,0.529591321291193,804.6776192748849,0.35,1,0,0.34,0.0
1488,random,hard,D,0.55,0.8332357572038636,728.4425755128179,0.22,0,0,0.34,0.0
1489,random,hard,C,0.75,0.7101155192078998,687.9151083623045,0.35,0,0,0.32,0.0
1490,random,simple,B,0.95,0.5157819871980699,404.65884537513733,0.1,1,0,0.34,0.0
1491,random,hard,A,0.95,0.70867559636992,2717.9602701128824,1.0,0,0,0.32,0.0
1492,random,simple,B,0.95,0.6994215708861853,438.91445337835364,0.1,1,0,0.34,0.0
1493,random,hard,A,0.95,0.848798381828866,2884.329092874359,1.0,0,0,0.34,0.0
1494,random,simple,D,0.85,0.686958090900035,609.9280583693536,0.22,1,0,0.36,0.0
1495,random,simple,B,0.95,0.7766362167549503,513.6072218933482,0.1,1,0,0.36,0.0
1496,random,hard,A,0.95,0.878432330861681,3406.557686865101,1.0,0,0,0.36,0.0
1497,random,hard,D,0.55,0.7681427041218287,665.1354040930487,0.22,0,0,0.34,0.0
1498,random,hard,C,0.75,0.5247362104304812,740.028680056779,0.35,0,0,0.34,0.0
1499,random,simple,B,0.95,0.765745135595898,651.9916763630874,0.1,1,0,0.36,0.0
