t,policy,task_difficulty,chosen_agent,match_score,load,latency_ms,call_cost,success,is_shock,rolling_success,reward_used_for_update
0,linucb,hard,A,0.95,0.3,822.0903778867413,1.0,1,0,1.0,1.0
1,linucb,hard,A,0.95,0.5640000000000001,1139.7873733446736,1.0,1,0,1.0,1.0
2,linucb,hard,A,0.95,0.79632,1393.1455255424196,1.0,1,0,1.0,1.0
3,linucb,hard,A,0.95,1.0,1588.5927273264042,1.0,1,0,1.0,1.0
4,linucb,simple,A,0.8,1.0,1621.5662041916062,1.0,1,0,1.0,1.0
5,linucb,hard,C,0.75,0.3,587.8028381668056,0.35,0,0,0.8333333333333334,0.0
6,linucb,simple,A,0.8,1.0,1840.9220776596637,1.0,1,0,0.8571428571428571,1.0
7,linucb,hard,A,0.95,1.0,1828.8648533115445,1.0,1,0,0.875,1.0
8,linucb,hard,E,0.9,0.3,777.3443831121494,0.6,0,0,0.7777777777777778,0.0
9,linucb,hard,A,0.95,1.0,1760.6742452539333,1.0,1,0,0.8,1.0
10,linucb,hard,A,0.95,1.0,1791.6423669164744,1.0,1,0,0.8181818181818182,1.0
11,linucb,hard,A,0.95,1.0,1654.068152091391,1.0,1,0,0.8333333333333334,1.0
12,linucb,hard,A,0.95,1.0,1741.1718943319638,1.0,1,0,0.8461538461538461,1.0
13,linucb,hard,C,0.75,0.40789035744165886,609.7633331195416,0.35,0,0,0.7857142857142857,0.0
14,linucb,hard,A,0.95,1.0,1654.071596988819,1.0,0,0,0.7333333333333333,0.0
15,linucb,hard,A,0.95,1.0,1718.600538908471,1.0,1,0,0.75,1.0
16,linucb,hard,A,0.95,1.0,1813.3545735896005,1.0,1,0,0.7647058823529411,1.0
17,linucb,hard,E,0.9,0.39494351454865984,1037.4480122644043,0.6,0,0,0.7222222222222222,0.0
18,linucb,simple,B,0.95,0.3,333.1484104233652,0.1,1,0,0.7368421052631579,1.0
19,linucb,hard,A,0.95,0.9814719999999999,1646.9479733054818,1.0,1,0,0.75,1.0
20,linucb,simple,D,0.85,0.3,432.7779825537229,0.22,1,0,0.7619047619047619,1.0
21,linucb,hard,A,0.95,1.0,1735.4657811594054,1.0,1,0,0.7727272727272727,1.0
22,linucb,hard,A,0.95,1.0,1737.9699373711944,1.0,1,0,0.782608695652174,1.0
23,linucb,hard,A,0.95,1.0,1794.2449237818446,1.0,1,0,0.7916666666666666,1.0
24,linucb,simple,B,0.95,0.43932122603519996,366.5970381452434,0.1,1,0,0.8,1.0
25,linucb,hard,C,0.75,0.3879701848379612,526.2186861984625,0.35,0,0,0.7692307692307693,0.0
26,linucb,hard,A,0.95,0.9814719999999999,1641.9301402669494,1.0,0,0,0.7407407407407407,0.0
27,linucb,hard,A,0.95,1.0,1914.905199125831,1.0,1,0,0.75,1.0
28,linucb,simple,A,0.8,1.0,2041.645040481054,1.0,0,0,0.7241379310344828,0.0
29,linucb,hard,A,0.95,1.0,2023.420838908488,1.0,1,0,0.7333333333333333,1.0
30,linucb,simple,B,0.95,0.5040225727817044,449.00730662832757,0.1,1,0,0.7419354838709677,1.0
31,linucb,simple,B,0.95,0.7435398640478998,542.6496326231121,0.1,0,0,0.71875,0.0
32,linucb,hard,E,0.9,0.35804637040607173,949.2091155666824,0.6,0,0,0.696969696969697,0.0
33,linucb,simple,B,0.95,0.8757972707186936,564.196461042765,0.1,1,0,0.7058823529411765,1.0
34,linucb,hard,A,0.95,0.8277319167999999,1495.2761151642574,1.0,1,0,0.7142857142857143,1.0
35,linucb,hard,C,0.75,0.4080500751399203,678.3874122784306,0.35,1,0,0.7222222222222222,1.0
36,linucb,simple,B,0.95,0.8968313176712097,623.5179291550118,0.1,1,0,0.7297297297297297,1.0
37,linucb,hard,A,0.95,0.8640761248055295,1533.9121940440293,1.0,1,0,0.7368421052631579,1.0
38,linucb,simple,B,0.95,0.9945061724045847,643.7744618834948,0.1,1,0,0.7435897435897436,1.0
39,linucb,hard,A,0.95,0.969140551049402,1735.5344305991525,1.0,1,0,0.75,1.0
40,linucb,simple,B,0.95,1.0,712.8367565695888,0.1,1,0,0.7560975609756098,1.0
41,linucb,hard,A,0.95,1.0,1886.1341079092472,1.0,1,0,0.7619047619047619,1.0
42,linucb,hard,A,0.95,1.0,1971.41774003641,1.0,1,0,0.7674418604651163,1.0
43,linucb,hard,A,0.95,1.0,1610.3078169071975,1.0,1,0,0.7727272727272727,1.0
44,linucb,hard,A,0.95,1.0,2097.359318292376,1.0,1,0,0.7777777777777778,1.0
45,linucb,hard,E,0.9,0.367953841598047,977.488462925345,0.6,0,0,0.7608695652173914,0.0
46,linucb,hard,A,0.95,1.0,1757.3512833615182,1.0,1,0,0.7659574468085106,1.0
47,linucb,hard,A,0.95,1.0,1892.1100990511688,1.0,1,0,0.7708333333333334,1.0
48,linucb,hard,A,0.95,1.0,1926.112680173155,1.0,1,0,0.7755102040816326,1.0
49,linucb,hard,A,0.95,1.0,2045.509909713505,1.0,0,0,0.76,0.0
50,linucb,hard,C,0.75,0.3599726921275446,651.4001336241065,0.35,0,0,0.74,0.0
51,linucb,hard,A,0.95,1.0,1821.1482922106125,1.0,1,0,0.74,1.0
52,linucb,hard,A,0.95,1.0,2037.7529746445978,1.0,1,0,0.74,1.0
53,linucb,simple,A,0.8,1.0,2080.0055858089386,1.0,1,0,0.74,1.0
54,linucb,hard,A,0.95,1.0,1888.3255146118636,1.0,1,0,0.74,1.0
55,linucb,hard,A,0.95,1.0,1857.070241052117,1.0,1,0,0.76,1.0
56,linucb,hard,E,0.9,0.39017844353008924,660.4994970448847,0.6,0,0,0.74,0.0
57,linucb,simple,A,0.8,1.0,1803.487428313289,1.0,1,0,0.74,1.0
58,linucb,hard,A,0.95,1.0,1804.1026266588178,1.0,1,0,0.76,1.0
59,linucb,hard,A,0.95,1.0,1751.7613075777044,1.0,1,0,0.76,1.0
60,linucb,simple,A,0.8,1.0,2175.9696340099827,1.0,1,0,0.76,1.0
61,linucb,hard,A,0.95,1.0,2039.5537742646768,1.0,1,0,0.76,1.0
62,linucb,hard,C,0.75,0.3776357265753897,552.633076700333,0.35,0,0,0.74,0.0
63,linucb,hard,A,0.95,1.0,1728.695809831028,1.0,1,0,0.76,1.0
64,linucb,simple,A,0.8,1.0,2146.411513345797,1.0,1,0,0.78,1.0
65,linucb,simple,A,0.8,1.0,1932.4358256255716,1.0,1,0,0.78,1.0
66,linucb,hard,A,0.95,1.0,2007.2845057492937,1.0,1,0,0.78,1.0
67,linucb,hard,A,0.95,1.0,1832.9049668720506,1.0,1,0,0.8,1.0
68,linucb,hard,A,0.95,1.0,1734.6405082406347,1.0,1,0,0.8,1.0
69,linucb,hard,E,0.9,0.3740522075856982,859.7811591723213,0.6,0,0,0.78,0.0
70,linucb,hard,A,0.95,1.0,1611.519940711773,1.0,1,0,0.78,1.0
71,linucb,simple,A,0.8,1.0,1935.905317993981,1.0,1,0,0.78,1.0
72,linucb,simple,B,0.95,0.31672805735270687,341.5105642102685,0.1,1,0,0.78,1.0
73,linucb,hard,C,0.75,0.39255128821599383,612.7576328158008,0.35,0,0,0.76,0.0
74,linucb,hard,A,0.95,0.9814719999999999,1509.1508986182603,1.0,1,0,0.76,1.0
75,linucb,hard,A,0.95,1.0,2001.8659405875173,1.0,1,0,0.78,1.0
76,linucb,simple,A,0.8,1.0,1839.2124003920858,1.0,1,0,0.8,1.0
77,linucb,hard,A,0.95,1.0,1814.940372845096,1.0,1,0,0.8,1.0
78,linucb,hard,A,0.95,1.0,1639.100719782784,1.0,1,0,0.82,1.0
79,linucb,hard,A,0.95,1.0,1910.9973197630559,1.0,1,0,0.82,1.0
80,linucb,hard,A,0.95,1.0,1769.0020059638002,1.0,1,0,0.82,1.0
81,linucb,hard,A,0.95,1.0,1953.5338509558942,1.0,1,0,0.84,1.0
82,linucb,hard,E,0.9,0.3709915993139398,1002.8878669492548,0.6,0,0,0.84,0.0
83,linucb,simple,A,0.8,1.0,1841.1069030485187,1.0,1,0,0.84,1.0
84,linucb,hard,A,0.95,1.0,1837.9543936952175,1.0,1,0,0.84,1.0
85,linucb,hard,A,0.95,1.0,1570.6242348352291,1.0,1,0,0.84,1.0
86,linucb,simple,A,0.8,1.0,1850.3177966493633,1.0,1,0,0.84,1.0
87,linucb,hard,A,0.95,1.0,1780.2049818626272,1.0,1,0,0.84,1.0
88,linucb,hard,A,0.95,1.0,1700.4801387888788,1.0,1,0,0.84,1.0
89,linucb,hard,A,0.95,1.0,1605.7178562886177,1.0,1,0,0.84,1.0
90,linucb,hard,A,0.95,1.0,1787.6065566565978,1.0,1,0,0.84,1.0
91,linucb,hard,C,0.75,0.3393173741739445,605.0064268984079,0.35,0,0,0.82,0.0
92,linucb,simple,B,0.95,0.32456631295187266,334.7146571219005,0.1,1,0,0.82,1.0
93,linucb,hard,A,0.95,0.9814719999999999,1686.2296306247513,1.0,1,0,0.82,1.0
94,linucb,hard,A,0.95,1.0,1763.6459167569212,1.0,1,0,0.82,1.0
95,linucb,hard,A,0.95,1.0,1720.2783140682639,1.0,1,0,0.84,1.0
96,linucb,simple,A,0.8,1.0,2004.6374715833444,1.0,1,0,0.84,1.0
97,linucb,hard,E,0.9,0.3545260651157361,961.303920201103,0.6,0,0,0.82,0.0
98,linucb,simple,A,0.8,1.0,1595.1589165358205,1.0,1,0,0.82,1.0
99,linucb,simple,A,0.8,1.0,1995.6453055756267,1.0,1,0,0.84,1.0
100,linucb,hard,A,0.95,1.0,1710.669915012219,1.0,1,0,0.86,1.0
101,linucb,simple,B,0.95,0.40271822151917,429.65424689268167,0.1,1,0,0.86,1.0
102,linucb,hard,A,0.95,1.0,1587.5625519832283,1.0,1,0,0.86,1.0
103,linucb,hard,A,0.95,1.0,1563.2602525599468,1.0,1,0,0.86,1.0
104,linucb,hard,A,0.95,1.0,1545.0134072549633,1.0,1,0,0.86,1.0
105,linucb,hard,A,0.95,1.0,1805.0676984462693,1.0,1,0,0.86,1.0
106,linucb,hard,A,0.95,1.0,2055.129049638423,1.0,1,0,0.88,1.0
107,linucb,hard,E,0.9,0.39873585515550536,779.2807249249045,0.6,0,0,0.86,0.0
108,linucb,hard,E,0.9,0.6508875525368447,1185.4507202001255,0.6,0,0,0.84,0.0
109,linucb,simple,B,0.95,0.4448313762265747,438.8019914690813,0.1,1,0,0.84,1.0
110,linucb,simple,B,0.95,0.6914516110793858,483.6081079508158,0.1,1,0,0.84,1.0
111,linucb,hard,A,0.95,0.8277319167999999,1342.1377602119358,1.0,1,0,0.84,1.0
112,linucb,hard,E,0.9,0.6903342451381019,1102.2595014195144,0.6,0,0,0.84,0.0
113,linucb,hard,E,0.9,0.9074941357215296,1446.8023345252857,0.6,0,0,0.82,0.0
114,linucb,simple,B,0.95,0.7146603228288322,505.605744770969,0.1,1,0,0.82,1.0
115,linucb,simple,B,0.95,0.9289010840893723,668.8040373993235,0.1,1,0,0.82,1.0
116,linucb,hard,E,0.9,0.9184318436584222,1368.0002144853904,0.6,0,0,0.8,0.0
117,linucb,hard,E,0.9,1.0,1401.4909989647326,0.6,0,0,0.78,0.0
118,linucb,hard,E,0.9,1.0,1646.1550003733062,0.6,0,0,0.76,0.0
119,linucb,hard,E,0.9,1.0,1547.3225487329107,0.6,0,0,0.76,0.0
120,linucb,simple,A,0.8,0.5619592576169695,1233.9490490513765,1.0,1,0,0.76,1.0
121,linucb,hard,E,0.9,1.0,1379.1416020300758,0.6,0,0,0.74,0.0
122,linucb,simple,A,0.8,0.7351812490985812,1323.667962085719,1.0,1,0,0.74,1.0
123,linucb,hard,E,0.9,1.0,1423.1294987437416,0.6,0,0,0.74,0.0
124,linucb,hard,E,0.9,1.0,1416.8345211190315,0.6,0,0,0.72,0.0
125,linucb,hard,E,0.9,1.0,1409.115628896049,0.6,0,0,0.7,0.0
126,linucb,hard,E,0.9,1.0,1611.9422660673367,0.6,0,0,0.68,0.0
127,linucb,simple,A,0.8,0.6879786097822125,1194.8824347051013,1.0,1,0,0.68,1.0
128,linucb,simple,B,0.95,0.47629670999561935,438.14924124822966,0.1,1,0,0.68,1.0
129,linucb,simple,B,0.95,0.719141104796145,472.85515160518236,0.1,0,0,0.66,0.0
130,linucb,hard,A,0.95,0.7688381591655038,1330.8565736661128,1.0,1,0,0.66,1.0
131,linucb,hard,A,0.95,0.9765775800656433,1711.214285261126,1.0,1,0,0.66,1.0
132,linucb,simple,A,0.8,1.0,1679.1158513501302,1.0,1,0,0.68,1.0
133,linucb,simple,A,0.8,1.0,1852.5539226633123,1.0,1,0,0.68,1.0
134,linucb,hard,A,0.95,1.0,1793.3897551682028,1.0,1,0,0.68,1.0
135,linucb,hard,E,0.9,0.6164783818288659,1243.9948196967348,0.6,0,0,0.66,0.0
136,linucb,hard,A,0.95,1.0,1645.7126933707289,1.0,1,0,0.66,1.0
137,linucb,simple,A,0.8,1.0,1853.7822612726272,1.0,1,0,0.66,1.0
138,linucb,simple,A,0.8,1.0,1594.4872585450667,1.0,1,0,0.66,1.0
139,linucb,hard,A,0.95,1.0,1946.0353072384153,1.0,1,0,0.66,1.0
140,linucb,hard,A,0.95,1.0,1742.9505463861556,1.0,1,0,0.66,1.0
141,linucb,hard,A,0.95,1.0,2029.9825279807505,1.0,1,0,0.68,1.0
142,linucb,hard,E,0.9,0.551939670343075,1117.081792787491,0.6,0,0,0.66,0.0
143,linucb,simple,B,0.95,0.42010788598849336,445.4851105796315,0.1,1,0,0.66,1.0
144,linucb,hard,A,0.95,0.9814719999999999,1746.9239359642786,1.0,1,0,0.66,1.0
145,linucb,hard,A,0.95,1.0,1736.037840723593,1.0,1,0,0.66,1.0
146,linucb,hard,A,0.95,1.0,1726.2501695730546,1.0,1,0,0.66,1.0
147,linucb,simple,B,0.95,0.5519367499267085,435.60115848027664,0.1,1,0,0.68,1.0
148,linucb,hard,A,0.95,1.0,1496.7024616226438,1.0,1,0,0.68,1.0
149,linucb,hard,A,0.95,1.0,1734.5484782060355,1.0,1,0,0.68,1.0
150,linucb,simple,B,0.95,0.6761294408460539,483.56464642760335,0.1,1,0,0.68,1.0
151,linucb,hard,E,0.9,0.47467697373733414,927.9551248367313,0.6,0,0,0.66,0.0
152,linucb,hard,A,0.95,0.9814719999999999,1545.9416799594292,1.0,1,0,0.66,1.0
153,linucb,hard,A,0.95,1.0,2069.378729206168,1.0,1,0,0.66,1.0
154,linucb,hard,A,0.95,1.0,1785.4880277836965,1.0,1,0,0.66,1.0
155,linucb,hard,A,0.95,1.0,1856.8131087118365,1.0,1,0,0.66,1.0
156,linucb,hard,A,0.95,1.0,1988.8279265834522,1.0,1,0,0.66,1.0
157,linucb,hard,A,0.95,1.0,1874.6890019269042,1.0,1,0,0.68,1.0
158,linucb,hard,A,0.95,1.0,2143.1265334057,1.0,1,0,0.7,1.0
159,linucb,hard,A,0.95,1.0,1897.0260268490697,1.0,1,0,0.7,1.0
160,linucb,hard,A,0.95,1.0,1540.2352025121688,1.0,1,0,0.7,1.0
161,linucb,hard,A,0.95,1.0,2323.5047983257505,1.0,1,0,0.7,1.0
162,linucb,hard,E,0.9,0.41633424041803246,916.4559499228417,0.6,0,0,0.7,0.0
163,linucb,simple,B,0.95,0.4283230238332551,338.36950869669624,0.1,1,0,0.72,1.0
164,linucb,simple,B,0.95,0.6769242609732644,523.7270216182186,0.1,1,0,0.72,1.0
165,linucb,hard,A,0.95,0.8996953599999999,1512.5237585444684,1.0,1,0,0.72,1.0
166,linucb,hard,A,0.95,1.0,1475.8989501526269,1.0,1,0,0.74,1.0
167,linucb,hard,A,0.95,1.0,1926.3279299167907,1.0,1,0,0.76,1.0
168,linucb,hard,A,0.95,1.0,1742.9791025864643,1.0,1,0,0.78,1.0
169,linucb,hard,A,0.95,1.0,1943.6860742797005,1.0,1,0,0.8,1.0
170,linucb,simple,B,0.95,0.6143663932392229,449.2078666748047,0.1,0,0,0.78,0.0
171,linucb,hard,A,0.95,1.0,1954.5773725248105,1.0,1,0,0.8,1.0
172,linucb,hard,A,0.95,1.0,1842.178574207614,1.0,1,0,0.8,1.0
173,linucb,simple,B,0.95,0.7186734947335197,489.8698952300504,0.1,1,0,0.82,1.0
174,linucb,simple,B,0.95,0.9324326753654972,664.2359284407876,0.1,1,0,0.84,1.0
175,linucb,hard,A,0.95,0.9814719999999999,1712.0951781990045,1.0,1,0,0.86,1.0
176,linucb,hard,E,0.9,0.369534372528198,816.7648112338828,0.6,0,0,0.86,0.0
177,linucb,hard,A,0.95,1.0,2080.336943585793,1.0,1,0,0.86,1.0
178,linucb,hard,A,0.95,1.0,2101.1091298676947,1.0,1,0,0.86,1.0
179,linucb,hard,A,0.95,1.0,2007.0959911622062,1.0,1,0,0.88,1.0
180,linucb,simple,B,0.95,0.7330255450906756,605.4314480074261,0.1,1,0,0.88,1.0
181,linucb,hard,A,0.95,1.0,1994.2331400993908,1.0,1,0,0.88,1.0
182,linucb,simple,B,0.95,0.8676549821182191,611.0569211009492,0.1,1,0,0.88,1.0
183,linucb,hard,A,0.95,1.0,1839.8462745278905,1.0,0,0,0.86,0.0
184,linucb,hard,A,0.95,1.0,2032.028367111047,1.0,1,0,0.86,1.0
185,linucb,hard,A,0.95,1.0,2068.317323354447,1.0,1,0,0.88,1.0
186,linucb,simple,B,0.95,0.820328666857179,607.3892061802386,0.1,1,0,0.88,1.0
187,linucb,hard,A,0.95,1.0,1774.5401144974621,1.0,1,0,0.88,1.0
188,linucb,hard,A,0.95,1.0,1743.6143311715973,1.0,1,0,0.88,1.0
189,linucb,hard,A,0.95,1.0,1670.695782520141,1.0,1,0,0.88,1.0
190,linucb,hard,E,0.9,0.36171805781707855,971.2762517044757,0.6,0,0,0.86,0.0
191,linucb,hard,A,0.95,1.0,1656.3355631862948,1.0,1,0,0.86,1.0
192,linucb,hard,A,0.95,1.0,1956.2827937818554,1.0,1,0,0.88,1.0
193,linucb,simple,B,0.95,0.635248307147199,416.4569776940748,0.1,1,0,0.88,1.0
194,linucb,hard,A,0.95,1.0,1461.6029455383105,1.0,0,0,0.86,0.0
195,linucb,simple,B,0.95,0.791936289054791,541.6805543304739,0.1,1,0,0.86,1.0
196,linucb,hard,C,0.75,0.3000005026742901,605.2629151146192,0.35,0,0,0.84,0.0
197,linucb,hard,A,0.95,0.9814719999999999,1652.3561712447306,1.0,1,0,0.84,1.0
198,linucb,simple,B,0.95,0.8396824067747466,573.177947345978,0.1,1,0,0.84,1.0
199,linucb,simple,B,0.95,1.0,557.258754897394,0.1,1,0,0.84,1.0
200,linucb,simple,B,0.95,1.0,731.993120281573,0.1,1,0,0.84,1.0
201,linucb,simple,B,0.95,1.0,736.5727632241895,0.1,1,0,0.86,1.0
202,linucb,simple,B,0.95,1.0,679.1519511026416,0.1,1,0,0.86,1.0
203,linucb,hard,A,0.95,0.755799607864066,1412.5857464768862,1.0,1,0,0.86,1.0
204,linucb,hard,E,0.9,0.3604126102075452,879.3585515971637,0.6,0,0,0.84,0.0
205,linucb,hard,A,0.95,0.8852912163299327,1399.2309384112243,1.0,1,0,0.84,1.0
206,linucb,hard,A,0.95,1.0,1911.3472750909953,1.0,1,0,0.84,1.0
207,linucb,hard,A,0.95,1.0,1925.373460859158,1.0,1,0,0.84,1.0
208,linucb,hard,A,0.95,1.0,1940.2349642273898,1.0,1,0,0.84,1.0
209,linucb,simple,B,0.95,0.70867559636992,441.06529019546167,0.1,1,0,0.84,1.0
210,linucb,hard,A,0.95,1.0,1715.3004580631577,1.0,1,0,0.84,1.0
211,linucb,simple,B,0.95,0.848798381828866,594.6427672173229,0.1,1,0,0.84,1.0
212,linucb,hard,A,0.95,1.0,1955.1342931634485,1.0,1,0,0.86,1.0
213,linucb,hard,A,0.95,1.0,1797.378071530185,1.0,1,0,0.86,1.0
214,linucb,simple,B,0.95,0.878432330861681,556.2236321604518,0.1,1,0,0.86,1.0
215,linucb,simple,B,0.95,1.0,702.6591530071391,0.1,1,0,0.86,1.0
216,linucb,hard,A,0.95,0.9814719999999999,1708.445385092893,1.0,1,0,0.86,1.0
217,linucb,simple,B,0.95,1.0,690.2181771398356,0.1,1,0,0.86,1.0
218,linucb,hard,A,0.95,1.0,1806.5112682379254,1.0,1,0,0.86,1.0
219,linucb,hard,A,0.95,1.0,1866.7601349070585,1.0,1,0,0.86,1.0
220,linucb,simple,B,0.95,0.9814719999999999,610.9021512607189,0.1,1,0,0.88,1.0
221,linucb,hard,A,0.95,1.0,1762.9198879369626,1.0,1,0,0.88,1.0
222,linucb,hard,A,0.95,1.0,2064.519269405398,1.0,1,0,0.88,1.0
223,linucb,simple,B,0.95,0.9688456867839998,691.5367958358026,0.1,0,0,0.86,0.0
224,linucb,hard,A,0.95,1.0,1582.1302673112757,1.0,1,0,0.86,1.0
225,linucb,hard,A,0.95,1.0,1782.5107714014102,1.0,1,0,0.86,1.0
226,linucb,hard,A,0.95,1.0,1806.6668122365786,1.0,1,0,0.88,1.0
227,linucb,simple,B,0.95,0.881012262920378,630.2061125612055,0.1,1,0,0.88,1.0
228,linucb,hard,A,0.95,1.0,1504.9810422140347,1.0,1,0,0.88,1.0
229,linucb,simple,B,0.95,0.9822558964055408,691.3013563085905,0.1,1,0,0.88,1.0
230,linucb,hard,A,0.95,1.0,1755.9229051821462,1.0,1,0,0.88,1.0
231,linucb,hard,A,0.95,1.0,1667.7020593300356,1.0,1,0,0.88,1.0
232,linucb,hard,A,0.95,1.0,1915.6265684863683,1.0,1,0,0.88,1.0
233,linucb,hard,A,0.95,1.0,1892.7856732265584,1.0,1,0,0.9,1.0
234,linucb,hard,A,0.95,1.0,1629.0001684675346,1.0,1,0,0.9,1.0
235,linucb,hard,A,0.95,1.0,1961.7827309805182,1.0,1,0,0.9,1.0
236,linucb,simple,B,0.95,0.7014240142514048,513.7591249323582,0.1,1,0,0.9,1.0
237,linucb,hard,A,0.95,1.0,1611.6451847192197,1.0,1,0,0.9,1.0
238,linucb,hard,A,0.95,1.0,2055.053460676999,1.0,1,0,0.9,1.0
239,linucb,hard,A,0.95,1.0,1974.2283768969494,1.0,1,0,0.9,1.0
240,linucb,hard,A,0.95,1.0,1693.974880606894,1.0,1,0,0.92,1.0
241,linucb,hard,A,0.95,1.0,1985.2555001516318,1.0,1,0,0.92,1.0
242,linucb,hard,A,0.95,1.0,1691.212847868586,1.0,1,0,0.92,1.0
243,linucb,simple,B,0.95,0.5866548773323761,427.82970052487155,0.1,1,0,0.92,1.0
244,linucb,hard,A,0.95,1.0,2083.8731647741542,1.0,1,0,0.94,1.0
245,linucb,simple,B,0.95,0.7543055370061921,505.4569511311489,0.1,1,0,0.94,1.0
246,linucb,hard,A,0.95,1.0,1627.3697184546766,1.0,1,0,0.96,1.0
247,linucb,hard,A,0.95,1.0,1793.73698837768,1.0,1,0,0.96,1.0
248,linucb,hard,A,0.95,1.0,1649.2931640880604,1.0,1,0,0.96,1.0
249,linucb,hard,A,0.95,1.0,1764.7989738668095,1.0,1,0,0.96,1.0
250,linucb,hard,A,0.95,1.0,2011.623969032696,1.0,1,0,0.96,1.0
251,linucb,simple,B,0.95,0.6503025740694753,548.0279625323213,0.1,0,0,0.94,0.0
252,linucb,hard,A,0.95,1.0,1760.8441729964684,1.0,1,0,0.94,1.0
253,linucb,hard,A,0.95,1.0,1977.5454639507748,1.0,1,0,0.94,1.0
254,linucb,simple,B,0.95,0.7431629957562735,536.1862944737264,0.1,1,0,0.96,1.0
255,linucb,simple,B,0.95,0.9539834362655206,627.283215909462,0.1,1,0,0.96,1.0
256,linucb,hard,A,0.95,0.9814719999999999,1729.2611479283717,1.0,1,0,0.96,1.0
257,linucb,hard,A,0.95,1.0,1881.0428118562859,1.0,1,0,0.96,1.0
258,linucb,hard,A,0.95,1.0,1871.4552372620224,1.0,1,0,0.96,1.0
259,linucb,simple,B,0.95,0.8720994402452884,611.1832510620209,0.1,1,0,0.96,1.0
260,linucb,simple,B,0.95,1.0,729.579995294329,0.1,1,0,0.96,1.0
261,linucb,simple,B,0.95,1.0,643.1661962607898,0.1,1,0,0.96,1.0
262,linucb,hard,A,0.95,0.8996953599999999,1515.5106316170895,1.0,1,0,0.96,1.0
263,linucb,hard,A,0.95,1.0,1730.337187398968,1.0,1,0,0.96,1.0
264,linucb,simple,B,0.95,0.9814719999999999,642.0636275661184,0.1,1,0,0.96,1.0
265,linucb,simple,B,0.95,1.0,731.4641007267385,0.1,0,0,0.94,0.0
266,linucb,hard,A,0.95,0.9814719999999999,1338.5418663666799,1.0,1,0,0.94,1.0
267,linucb,simple,B,0.95,1.0,702.6977073996587,0.1,1,0,0.94,1.0
268,linucb,hard,E,0.9,0.3001008535048554,828.89477067169,0.6,0,0,0.92,0.0
269,linucb,hard,A,0.95,0.9688456867839998,1667.6002941471666,1.0,1,0,0.92,1.0
270,linucb,simple,B,0.95,0.9814719999999999,605.4805828666298,0.1,0,0,0.9,0.0
271,linucb,hard,A,0.95,1.0,1797.0918186362712,1.0,1,0,0.9,1.0
272,linucb,hard,A,0.95,1.0,1763.735689977858,1.0,1,0,0.9,1.0
273,linucb,simple,A,0.8,1.0,1781.2447823834714,1.0,1,0,0.92,1.0
274,linucb,hard,A,0.95,1.0,2076.0940284239305,1.0,1,0,0.92,1.0
275,linucb,hard,A,0.95,1.0,1787.3269032909427,1.0,1,0,0.92,1.0
276,linucb,hard,A,0.95,1.0,1658.433997484162,1.0,1,0,0.92,1.0
277,linucb,hard,A,0.95,1.0,2114.8912123857976,1.0,1,0,0.92,1.0
278,linucb,hard,A,0.95,1.0,2112.6343531249795,1.0,1,0,0.92,1.0
279,linucb,hard,A,0.95,1.0,1648.0838786401694,1.0,1,0,0.92,1.0
280,linucb,simple,A,0.8,1.0,1840.8791114911105,1.0,1,0,0.92,1.0
281,linucb,hard,A,0.95,1.0,1773.990608547654,1.0,1,0,0.92,1.0
282,linucb,hard,A,0.95,1.0,1875.9482842018801,1.0,1,0,0.92,1.0
283,linucb,hard,A,0.95,1.0,1847.0362667753652,1.0,1,0,0.92,1.0
284,linucb,hard,A,0.95,1.0,1992.202173159275,1.0,1,0,0.92,1.0
285,linucb,simple,B,0.95,0.44425072233505125,329.7494361646868,0.1,1,0,0.92,1.0
286,linucb,simple,A,0.8,1.0,1753.5916222613705,1.0,1,0,0.92,1.0
287,linucb,hard,A,0.95,1.0,1694.1695262032272,1.0,1,0,0.92,1.0
288,linucb,hard,A,0.95,1.0,1963.4086815900807,1.0,1,0,0.92,1.0
289,linucb,hard,A,0.95,1.0,2177.4612660343787,1.0,1,0,0.92,1.0
290,linucb,hard,A,0.95,1.0,1552.4320909653338,1.0,1,0,0.92,1.0
291,linucb,simple,B,0.95,0.5063118510091418,464.6367285022812,0.1,1,0,0.92,1.0
292,linucb,hard,A,0.95,1.0,1793.1557972465323,1.0,1,0,0.92,1.0
293,linucb,hard,A,0.95,1.0,1690.9589142329096,1.0,1,0,0.92,1.0
294,linucb,simple,B,0.95,0.6450373497309019,527.2878712971291,0.1,1,0,0.92,1.0
295,linucb,hard,A,0.95,1.0,1505.3980646488367,1.0,1,0,0.92,1.0
296,linucb,hard,A,0.95,1.0,1846.126738169686,1.0,1,0,0.92,1.0
297,linucb,hard,A,0.95,1.0,1889.046127927318,1.0,0,0,0.9,0.0
298,linucb,hard,E,0.9,0.30648257268727463,702.7629974107892,0.6,0,0,0.88,0.0
299,linucb,simple,B,0.95,0.6404067969810808,507.6204464047461,0.1,1,0,0.88,1.0
300,linucb,simple,B,0.95,0.8635579813433512,559.0070607765056,0.1,1,0,0.88,1.0
301,linucb,hard,A,0.95,0.8996953599999999,1666.301382313481,1.0,1,0,0.9,1.0
302,linucb,simple,B,0.95,0.9687393007522911,612.0222987870354,0.1,1,0,0.9,1.0
303,linucb,hard,C,0.75,0.30000034416595095,485.94451684339884,0.35,1,0,0.9,1.0
304,linucb,hard,A,0.95,0.9131171963699201,1598.7652638816817,1.0,1,0,0.9,1.0
305,linucb,hard,A,0.95,1.0,1950.134984304907,1.0,1,0,0.9,1.0
306,linucb,hard,A,0.95,1.0,2000.3052955750952,1.0,1,0,0.9,1.0
307,linucb,simple,B,0.95,0.8112346480654984,539.8030970340465,0.1,1,0,0.9,1.0
308,linucb,simple,B,0.95,1.0,646.193559173383,0.1,1,0,0.9,1.0
309,linucb,simple,B,0.95,1.0,646.3379798961677,0.1,1,0,0.9,1.0
310,linucb,simple,B,0.95,1.0,621.1179450635539,0.1,1,0,0.9,1.0
311,linucb,hard,A,0.95,0.8277319167999999,1398.8502623677705,1.0,1,0,0.9,1.0
312,linucb,hard,A,0.95,1.0,1780.368928744623,1.0,1,0,0.9,1.0
313,linucb,hard,A,0.95,1.0,2065.765555781689,1.0,1,0,0.9,1.0
314,linucb,simple,B,0.95,0.8996953599999999,628.3226076634792,0.1,0,0,0.88,0.0
315,linucb,simple,B,0.95,1.0,697.0233493475605,0.1,0,0,0.88,0.0
316,linucb,hard,A,0.95,0.9814719999999999,1767.4345663669433,1.0,1,0,0.88,1.0
317,linucb,hard,C,0.75,0.35010478040162496,596.5737048570187,0.35,0,0,0.86,0.0
318,linucb,hard,A,0.95,1.0,1438.2159019865594,1.0,1,0,0.88,1.0
319,linucb,simple,A,0.8,1.0,1759.2948606771317,1.0,1,0,0.88,1.0
320,linucb,simple,A,0.8,1.0,2161.446816355012,1.0,0,0,0.88,0.0
321,linucb,simple,A,0.8,1.0,1942.3707463108856,1.0,1,0,0.88,1.0
322,linucb,simple,A,0.8,1.0,1937.3213435364808,1.0,1,0,0.88,1.0
323,linucb,simple,A,0.8,1.0,1613.9874698020335,1.0,1,0,0.88,1.0
324,linucb,hard,E,0.9,0.3110396488735088,843.9688158092688,0.6,0,0,0.86,0.0
325,linucb,simple,B,0.95,0.5785009760094021,428.40901327751794,0.1,1,0,0.86,1.0
326,linucb,hard,A,0.95,0.9814719999999999,1527.9951511559927,1.0,1,0,0.86,1.0
327,linucb,simple,B,0.95,0.747991155821681,514.3353084354027,0.1,1,0,0.86,1.0
328,linucb,simple,B,0.95,0.9582322171230793,698.6183225986827,0.1,1,0,0.86,1.0
329,linucb,simple,B,0.95,1.0,727.8323166922427,0.1,1,0,0.86,1.0
330,linucb,simple,B,0.95,1.0,625.6273821645211,0.1,1,0,0.86,1.0
331,linucb,hard,A,0.95,0.8179540998455295,1475.8483184345482,1.0,1,0,0.86,1.0
332,linucb,simple,B,0.95,1.0,634.1646134643773,0.1,1,0,0.86,1.0
333,linucb,hard,A,0.95,0.933423654920378,1723.1489559945858,1.0,1,0,0.86,1.0
334,linucb,simple,B,0.95,1.0,672.0013345850122,0.1,1,0,0.86,1.0
335,linucb,simple,B,0.95,1.0,759.249165579818,0.1,1,0,0.86,1.0
336,linucb,hard,A,0.95,0.9361020849658999,1682.3549645235564,1.0,1,0,0.86,1.0
337,linucb,simple,B,0.95,1.0,644.1005238918274,0.1,1,0,0.86,1.0
338,linucb,hard,C,0.75,0.32389649225395073,582.8150538288938,0.35,0,0,0.84,0.0
339,linucb,hard,A,0.95,0.9379273600458817,1622.84759798758,1.0,1,0,0.84,1.0
340,linucb,simple,B,0.95,0.9814719999999999,643.0746853470187,0.1,1,0,0.84,1.0
341,linucb,hard,A,0.95,1.0,1831.1029811492585,1.0,1,0,0.84,1.0
342,linucb,hard,A,0.95,1.0,1885.4336062908044,1.0,1,0,0.84,1.0
343,linucb,hard,A,0.95,1.0,1835.3072053148828,1.0,1,0,0.84,1.0
344,linucb,hard,A,0.95,1.0,1639.4688576834867,1.0,1,0,0.84,1.0
345,linucb,simple,B,0.95,0.8179540998455295,603.5577685361083,0.1,1,0,0.84,1.0
346,linucb,simple,B,0.95,1.0,623.8132164822911,0.1,1,0,0.84,1.0
347,linucb,hard,A,0.95,0.9814719999999999,1634.4713506353492,1.0,1,0,0.86,1.0
348,linucb,hard,A,0.95,1.0,1829.631817912772,1.0,1,0,0.88,1.0
349,linucb,hard,A,0.95,1.0,1809.6686808438649,1.0,1,0,0.88,1.0
350,linucb,simple,B,0.95,0.8996953599999999,599.5932129271949,0.1,1,0,0.88,1.0
351,linucb,hard,A,0.95,1.0,1710.137144444243,1.0,1,0,0.88,1.0
352,linucb,simple,B,0.95,0.9967240867839999,593.8079329110725,0.1,1,0,0.88,1.0
353,linucb,hard,A,0.95,1.0,1630.5890596056888,1.0,1,0,0.88,1.0
354,linucb,simple,B,0.95,1.0,609.0925564177483,0.1,1,0,0.88,1.0
355,linucb,hard,A,0.95,1.0,1650.9581696518194,1.0,1,0,0.88,1.0
356,linucb,simple,B,0.95,1.0,707.4149728941263,0.1,1,0,0.88,1.0
357,linucb,hard,A,0.95,1.0,1758.7813723547526,1.0,1,0,0.88,1.0
358,linucb,hard,A,0.95,1.0,1966.8815331259125,1.0,1,0,0.88,1.0
359,linucb,hard,A,0.95,1.0,1795.4188279201974,1.0,1,0,0.88,1.0
360,linucb,simple,B,0.95,0.8996953599999999,619.8068610843485,0.1,1,0,0.88,1.0
361,linucb,hard,A,0.95,1.0,1844.6634631217669,1.0,1,0,0.88,1.0
362,linucb,hard,A,0.95,1.0,1858.9968031700782,1.0,1,0,0.88,1.0
363,linucb,hard,A,0.95,1.0,1856.8947093478996,1.0,1,0,0.88,1.0
364,linucb,hard,A,0.95,1.0,2035.5677341140497,1.0,1,0,0.9,1.0
365,linucb,hard,A,0.95,1.0,1845.6783281923902,1.0,1,0,0.92,1.0
366,linucb,hard,A,0.95,1.0,2041.2403962637516,1.0,1,0,0.92,1.0
367,linucb,simple,B,0.95,0.6676835377992498,478.506619180076,0.1,1,0,0.94,1.0
368,linucb,hard,A,0.95,1.0,1643.7936425084454,1.0,1,0,0.94,1.0
369,linucb,simple,B,0.95,0.817054131671739,525.8658288232617,0.1,0,0,0.92,0.0
370,linucb,hard,A,0.95,1.0,1687.1023467764257,1.0,1,0,0.94,1.0
371,linucb,simple,B,0.95,0.9327267195665947,626.4122250746334,0.1,1,0,0.94,1.0
372,linucb,simple,B,0.95,1.0,722.6777661733078,0.1,0,0,0.92,0.0
373,linucb,hard,A,0.95,0.9814719999999999,1565.645199255958,1.0,1,0,0.92,1.0
374,linucb,hard,A,0.95,1.0,1972.5421549035211,1.0,1,0,0.94,1.0
375,linucb,hard,A,0.95,1.0,1872.6819641908824,1.0,0,0,0.92,0.0
376,linucb,hard,C,0.75,0.30251621522831224,529.5731040126958,0.35,0,0,0.9,0.0
377,linucb,hard,E,0.9,0.3003551381900052,798.8463139947644,0.6,0,0,0.88,0.0
378,linucb,hard,A,0.95,0.9814719999999999,1564.7847802563429,1.0,1,0,0.88,1.0
379,linucb,simple,A,0.8,1.0,1930.8697269773172,1.0,1,0,0.88,1.0
380,linucb,simple,B,0.95,0.6596345248055295,445.8986095917862,0.1,1,0,0.88,1.0
381,linucb,hard,A,0.95,1.0,1813.4248144006579,1.0,1,0,0.88,1.0
382,linucb,hard,A,0.95,1.0,1793.086138566376,1.0,0,0,0.86,0.0
383,linucb,hard,A,0.95,1.0,1792.7182310043615,1.0,1,0,0.86,1.0
384,linucb,hard,A,0.95,1.0,1948.452144698876,1.0,1,0,0.86,1.0
385,linucb,hard,A,0.95,1.0,2019.946524079971,1.0,1,0,0.86,1.0
386,linucb,hard,A,0.95,1.0,1886.4906671821773,1.0,1,0,0.86,1.0
387,linucb,hard,A,0.95,1.0,1908.1804885027004,1.0,1,0,0.86,1.0
388,linucb,simple,B,0.95,0.537227348873758,451.431269569798,0.1,0,0,0.86,0.0
389,linucb,hard,A,0.95,1.0,1837.931628703413,1.0,0,0,0.84,0.0
390,linucb,simple,A,0.8,1.0,1571.747938792808,1.0,1,0,0.84,1.0
391,linucb,hard,A,0.95,1.0,1969.3912971196185,1.0,1,0,0.84,1.0
392,linucb,hard,A,0.95,1.0,1724.007545338206,1.0,1,0,0.84,1.0
393,linucb,hard,A,0.95,1.0,1717.0287462262006,1.0,1,0,0.84,1.0
394,linucb,hard,A,0.95,1.0,1806.899181865986,1.0,1,0,0.84,1.0
395,linucb,hard,A,0.95,1.0,1633.1485115188464,1.0,1,0,0.84,1.0
396,linucb,hard,C,0.75,0.3234640027739597,590.049328316451,0.35,0,0,0.82,0.0
397,linucb,hard,E,0.9,0.3232963836016013,813.8095179397678,0.6,0,0,0.8,0.0
398,linucb,hard,A,0.95,0.9814719999999999,1576.8578503331416,1.0,1,0,0.8,1.0
399,linucb,hard,A,0.95,1.0,1717.9832939744879,1.0,1,0,0.8,1.0
400,linucb,hard,A,0.95,1.0,1850.3594922766533,1.0,1,0,0.8,1.0
401,linucb,hard,A,0.95,1.0,2060.311264970004,1.0,1,0,0.8,1.0
402,linucb,hard,A,0.95,1.0,1847.195145582009,1.0,1,0,0.8,1.0
403,linucb,simple,B,0.95,0.37895837388451653,376.9109930383511,0.1,0,0,0.78,0.0
404,linucb,simple,A,0.8,1.0,1646.739760854497,1.0,1,0,0.78,1.0
405,linucb,hard,A,0.95,1.0,2062.21883899074,1.0,1,0,0.78,1.0
406,linucb,hard,A,0.95,1.0,2010.6397662220302,1.0,1,0,0.78,1.0
407,linucb,hard,A,0.95,1.0,1985.9004894886382,1.0,1,0,0.78,1.0
408,linucb,hard,A,0.95,1.0,2084.0889693501344,1.0,1,0,0.78,1.0
409,linucb,hard,A,0.95,1.0,1937.1766266551792,1.0,1,0,0.78,1.0
410,linucb,simple,B,0.95,0.4548710394466299,438.18074795657674,0.1,1,0,0.78,1.0
411,linucb,simple,A,0.8,1.0,1709.9030637276842,1.0,1,0,0.78,1.0
412,linucb,hard,A,0.95,1.0,2191.629154851061,1.0,1,0,0.78,1.0
413,linucb,hard,A,0.95,1.0,1913.0010003119107,1.0,1,0,0.78,1.0
414,linucb,hard,A,0.95,1.0,1933.6387864099934,1.0,1,0,0.78,1.0
415,linucb,hard,A,0.95,1.0,2041.440485934369,1.0,1,0,0.78,1.0
416,linucb,hard,A,0.95,1.0,1600.4321407430973,1.0,1,0,0.78,1.0
417,linucb,hard,A,0.95,1.0,1825.779651908324,1.0,1,0,0.78,1.0
418,linucb,simple,B,0.95,0.463587330119186,419.70948842812373,0.1,1,0,0.78,1.0
419,linucb,hard,A,0.95,1.0,1646.305002382448,1.0,1,0,0.8,1.0
420,linucb,hard,A,0.95,1.0,1794.3104275239418,1.0,1,0,0.8,1.0
421,linucb,hard,A,0.95,1.0,1876.929007660036,1.0,1,0,0.8,1.0
422,linucb,hard,A,0.95,1.0,1812.2461030065538,1.0,1,0,0.82,1.0
423,linucb,hard,A,0.95,1.0,1862.0656061962397,1.0,1,0,0.82,1.0
424,linucb,hard,A,0.95,1.0,1865.4578797628983,1.0,1,0,0.82,1.0
425,linucb,hard,A,0.95,1.0,1940.230277794576,1.0,1,0,0.84,1.0
426,linucb,hard,A,0.95,1.0,1799.7157816769964,1.0,0,0,0.84,0.0
427,linucb,hard,A,0.95,1.0,1812.9166949400237,1.0,1,0,0.86,1.0
428,linucb,simple,B,0.95,0.4291095239037862,396.2214269729125,0.1,1,0,0.86,1.0
429,linucb,simple,B,0.95,0.6776163810353318,435.3964679047699,0.1,1,0,0.86,1.0
430,linucb,hard,A,0.95,0.9814719999999999,1752.414629317693,1.0,1,0,0.86,1.0
431,linucb,hard,A,0.95,1.0,1910.3026675206372,1.0,1,0,0.86,1.0
432,linucb,hard,A,0.95,1.0,1935.4619763738895,1.0,1,0,0.88,1.0
433,linucb,simple,B,0.95,0.7063633995668805,590.7972116731792,0.1,0,0,0.86,0.0
434,linucb,hard,A,0.95,1.0,1732.1772621827906,1.0,1,0,0.86,1.0
435,linucb,hard,A,0.95,1.0,2161.0824261356847,1.0,1,0,0.86,1.0
436,linucb,hard,A,0.95,1.0,1781.3741258439009,1.0,1,0,0.86,1.0
437,linucb,simple,A,0.8,1.0,1800.1688913830744,1.0,1,0,0.86,1.0
438,linucb,hard,A,0.95,1.0,1789.5853729315472,1.0,1,0,0.88,1.0
439,linucb,simple,A,0.8,1.0,1872.7092997306688,1.0,1,0,0.9,1.0
440,linucb,hard,A,0.95,1.0,1646.1134143788943,1.0,1,0,0.9,1.0
441,linucb,simple,A,0.8,1.0,1871.0090721424042,1.0,1,0,0.9,1.0
442,linucb,hard,A,0.95,1.0,1885.9765766482767,1.0,1,0,0.9,1.0
443,linucb,simple,B,0.95,0.4967228961966955,397.73237800041795,0.1,1,0,0.9,1.0
444,linucb,simple,A,0.8,1.0,1739.9329182971455,1.0,1,0,0.9,1.0
445,linucb,hard,A,0.95,1.0,1588.2555478889299,1.0,1,0,0.9,1.0
446,linucb,simple,A,0.8,1.0,2043.671982276124,1.0,1,0,0.92,1.0
447,linucb,hard,A,0.95,1.0,1958.1834324352935,1.0,1,0,0.94,1.0
448,linucb,simple,A,0.8,1.0,1830.9849265150888,1.0,1,0,0.94,1.0
449,linucb,hard,A,0.95,1.0,1789.185101684268,1.0,1,0,0.94,1.0
450,linucb,simple,B,0.95,0.5029985258337784,387.18712475406113,0.1,1,0,0.94,1.0
451,linucb,simple,A,0.8,1.0,1984.2702114247734,1.0,1,0,0.94,1.0
452,linucb,hard,A,0.95,1.0,1863.8342004890496,1.0,1,0,0.94,1.0
453,linucb,hard,A,0.95,1.0,1959.835823438962,1.0,1,0,0.96,1.0
454,linucb,hard,A,0.95,1.0,1720.3647466096957,1.0,1,0,0.96,1.0
455,linucb,hard,A,0.95,1.0,1737.2362523194279,1.0,1,0,0.96,1.0
456,linucb,simple,B,0.95,0.5335945710435341,459.05579433286704,0.1,1,0,0.96,1.0
457,linucb,hard,A,0.95,1.0,1977.60953477977,1.0,1,0,0.96,1.0
458,linucb,hard,A,0.95,1.0,1883.715965733814,1.0,1,0,0.96,1.0
459,linucb,hard,A,0.95,1.0,1946.3036593146676,1.0,1,0,0.96,1.0
460,linucb,hard,A,0.95,1.0,1699.6288523474516,1.0,1,0,0.96,1.0
461,linucb,hard,A,0.95,1.0,1842.553211738572,1.0,1,0,0.96,1.0
462,linucb,hard,A,0.95,1.0,1740.6151853620147,1.0,1,0,0.96,1.0
463,linucb,hard,A,0.95,1.0,1558.6577876289346,1.0,0,0,0.94,0.0
464,linucb,hard,A,0.95,1.0,1806.7919699887625,1.0,1,0,0.94,1.0
465,linucb,hard,A,0.95,1.0,1946.1993063481755,1.0,1,0,0.94,1.0
466,linucb,hard,A,0.95,1.0,1897.4465802247607,1.0,1,0,0.94,1.0
467,linucb,hard,A,0.95,1.0,1608.8829170308175,1.0,1,0,0.94,1.0
468,linucb,simple,B,0.95,0.41508095787713306,394.074621237259,0.1,0,0,0.92,0.0
469,linucb,hard,A,0.95,1.0,1749.23712465449,1.0,1,0,0.92,1.0
470,linucb,hard,A,0.95,1.0,1878.389928532096,1.0,1,0,0.92,1.0
471,linucb,hard,A,0.95,1.0,1782.2277061945335,1.0,1,0,0.92,1.0
472,linucb,hard,A,0.95,1.0,1877.4994926237425,1.0,0,0,0.9,0.0
473,linucb,hard,E,0.9,0.3000195111977239,819.1982327030865,0.6,0,0,0.88,0.0
474,linucb,hard,E,0.9,0.5640171698539971,996.1807786306014,0.6,0,0,0.86,0.0
475,linucb,simple,B,0.95,0.469633458002235,332.43324585278475,0.1,1,0,0.86,1.0
476,linucb,hard,E,0.9,0.7367748963349353,1142.5882815346386,0.6,0,0,0.86,0.0
477,linucb,hard,E,0.9,0.948361908774743,1383.5067167410773,0.6,0,0,0.84,0.0
478,linucb,simple,A,0.8,0.764404086784,1315.3011047797556,1.0,1,0,0.84,1.0
479,linucb,simple,B,0.95,0.5816370056646951,473.99319944848554,0.1,0,0,0.82,0.0
480,linucb,hard,E,0.9,0.9462820866965418,1276.9169250189218,0.6,0,0,0.8,0.0
481,linucb,hard,E,0.9,1.0,1667.434066817304,0.6,0,0,0.78,0.0
482,linucb,hard,E,0.9,1.0,1634.5751419454643,0.6,0,0,0.76,0.0
483,linucb,simple,A,0.8,0.7034004339282738,1320.8689061566563,1.0,1,0,0.78,1.0
484,linucb,simple,A,0.8,0.9189923818568808,1516.7096667404812,1.0,1,0,0.78,1.0
485,linucb,simple,A,0.8,1.0,1556.5926667906162,1.0,0,0,0.76,0.0
486,linucb,hard,E,0.9,0.8996953599999999,1285.4345500230875,0.6,0,0,0.74,0.0
487,linucb,simple,B,0.95,0.5091767481415338,388.37497254435027,0.1,1,0,0.74,1.0
488,linucb,hard,E,0.9,0.9967240867839999,1277.1468465520582,0.6,0,0,0.72,0.0
489,linucb,hard,E,0.9,1.0,1615.0977714764165,0.6,0,0,0.7,0.0
490,linucb,hard,E,0.9,1.0,1419.2282983868213,0.6,0,0,0.68,0.0
491,linucb,hard,E,0.9,1.0,1557.2781791380241,0.6,0,0,0.66,0.0
492,linucb,hard,E,0.9,1.0,1593.5192169760812,0.6,0,0,0.64,0.0
493,linucb,hard,A,0.95,0.6596345248055295,1277.8938759915566,1.0,1,0,0.64,1.0
494,linucb,hard,E,0.9,1.0,1428.8496562816897,0.6,0,0,0.62,0.0
495,linucb,hard,E,0.9,1.0,1647.6313183244004,0.6,0,0,0.6,0.0
496,linucb,hard,E,0.9,1.0,1785.3567742614823,0.6,0,0,0.58,0.0
497,linucb,hard,A,0.95,0.695579763821681,1433.9184727674146,1.0,1,0,0.58,1.0
498,linucb,hard,E,0.9,1.0,1477.5221979819755,0.6,0,0,0.56,0.0
499,linucb,hard,E,0.9,1.0,1611.3347408831087,0.6,0,0,0.54,0.0
500,linucb,hard,A,0.95,0.7740181328110887,1331.5875086964004,1.0,1,0,0.54,1.0
501,linucb,hard,E,0.9,1.0,1683.6271158384116,0.6,0,0,0.52,0.0
502,linucb,hard,E,0.9,1.0,1603.850537222934,0.6,0,0,0.5,0.0
503,linucb,hard,A,0.95,0.8274716850030381,1726.5567265886484,1.0,1,0,0.5,1.0
504,linucb,hard,C,0.75,0.3000003265536548,465.2560836525608,0.35,0,0,0.48,0.0
505,linucb,hard,A,0.95,0.9407940728663526,1375.128393827352,1.0,1,0,0.48,1.0
506,linucb,hard,A,0.95,1.0,1930.487176677839,1.0,0,0,0.46,0.0
507,linucb,hard,A,0.95,1.0,1922.1512045841275,1.0,1,0,0.46,1.0
508,linucb,hard,A,0.95,1.0,1694.803533550056,1.0,1,0,0.46,1.0
509,linucb,hard,A,0.95,1.0,1784.5796508870621,1.0,1,0,0.46,1.0
510,linucb,hard,A,0.95,1.0,1656.3996207539396,1.0,1,0,0.46,1.0
511,linucb,hard,A,0.95,1.0,2202.778121798245,1.0,1,0,0.46,1.0
512,linucb,simple,B,0.95,0.3208418068542232,356.3669694391414,0.1,1,0,0.46,1.0
513,linucb,hard,A,0.95,1.0,1777.3617304573083,1.0,1,0,0.48,1.0
514,linucb,simple,B,0.95,0.5484598952279105,460.8377492159111,0.1,1,0,0.48,1.0
515,linucb,simple,B,0.95,0.7826447078005612,493.3484596484073,0.1,1,0,0.48,1.0
516,linucb,hard,A,0.95,0.9814719999999999,1585.3964284208969,1.0,1,0,0.48,1.0
517,linucb,hard,E,0.9,0.44697385390011257,795.5516665620593,0.6,0,0,0.46,0.0
518,linucb,hard,A,0.95,1.0,1980.296349587512,1.0,1,0,0.48,1.0
519,linucb,hard,A,0.95,1.0,1999.803758492999,1.0,1,0,0.48,1.0
520,linucb,simple,B,0.95,0.713026591820966,473.148823571414,0.1,1,0,0.48,1.0
521,linucb,hard,A,0.95,1.0,1987.777450176425,1.0,1,0,0.48,1.0
522,linucb,hard,A,0.95,1.0,1853.6780323563066,1.0,1,0,0.5,1.0
523,linucb,simple,B,0.95,0.7859076575814172,483.61193110709587,0.1,1,0,0.52,1.0
524,linucb,hard,A,0.95,1.0,1626.037903378797,1.0,1,0,0.54,1.0
525,linucb,simple,B,0.95,0.9086068900310496,513.5413820018798,0.1,0,0,0.52,0.0
526,linucb,simple,B,0.95,1.0,713.9956225157204,0.1,1,0,0.54,1.0
527,linucb,hard,A,0.95,0.9814719999999999,1606.374688607164,1.0,1,0,0.56,1.0
528,linucb,hard,A,0.95,1.0,1804.6953783528406,1.0,1,0,0.56,1.0
529,linucb,hard,A,0.95,1.0,1743.9248682427674,1.0,1,0,0.58,1.0
530,linucb,hard,A,0.95,1.0,2013.9935324850896,1.0,1,0,0.6,1.0
531,linucb,hard,A,0.95,1.0,1827.469007634094,1.0,1,0,0.62,1.0
532,linucb,hard,A,0.95,1.0,2002.0441479055976,1.0,1,0,0.64,1.0
533,linucb,hard,A,0.95,1.0,1681.9046418076382,1.0,1,0,0.64,1.0
534,linucb,hard,A,0.95,1.0,1664.076359575039,1.0,1,0,0.64,1.0
535,linucb,simple,A,0.8,1.0,2003.820492233909,1.0,1,0,0.66,1.0
536,linucb,hard,A,0.95,1.0,1793.8853835162342,1.0,1,0,0.68,1.0
537,linucb,hard,A,0.95,1.0,1937.8631116157574,1.0,1,0,0.68,1.0
538,linucb,simple,A,0.8,1.0,1881.8663949062366,1.0,1,0,0.7,1.0
539,linucb,hard,A,0.95,1.0,1892.4957338305967,1.0,1,0,0.72,1.0
540,linucb,simple,B,0.95,0.46701574306830973,453.8839108797074,0.1,1,0,0.74,1.0
541,linucb,simple,A,0.8,1.0,1728.306053590014,1.0,1,0,0.76,1.0
542,linucb,hard,A,0.95,1.0,1977.2709379672494,1.0,1,0,0.78,1.0
543,linucb,hard,A,0.95,1.0,1536.9079082466444,1.0,1,0,0.78,1.0
544,linucb,hard,A,0.95,1.0,1805.0517870602075,1.0,1,0,0.8,1.0
545,linucb,hard,A,0.95,1.0,1768.07072137785,1.0,1,0,0.82,1.0
546,linucb,simple,B,0.95,0.5168840196733896,438.0637412176137,0.1,1,0,0.84,1.0
547,linucb,hard,A,0.95,1.0,1794.0180625235093,1.0,0,0,0.82,0.0
548,linucb,simple,B,0.95,0.7002749848350729,583.8260680096669,0.1,1,0,0.84,1.0
549,linucb,hard,E,0.9,0.3074770042632015,884.4741649537896,0.6,0,0,0.84,0.0
550,linucb,hard,A,0.95,0.9814719999999999,1447.9989007863767,1.0,1,0,0.84,1.0
551,linucb,hard,A,0.95,1.0,1757.7845151389693,1.0,0,0,0.84,0.0
552,linucb,hard,A,0.95,1.0,2014.48640425073,1.0,1,0,0.86,1.0
553,linucb,simple,B,0.95,0.6695574600341039,470.36813290383384,0.1,0,0,0.84,0.0
554,linucb,simple,B,0.95,0.8892105648300115,571.5858323392258,0.1,0,0,0.84,0.0
555,linucb,hard,A,0.95,0.9814719999999999,1860.3915479705195,1.0,1,0,0.84,1.0
556,linucb,hard,A,0.95,1.0,1853.255864284422,1.0,1,0,0.86,1.0
557,linucb,simple,A,0.8,1.0,2033.748109877224,1.0,1,0,0.86,1.0
558,linucb,simple,A,0.8,1.0,2087.227533079231,1.0,1,0,0.86,1.0
559,linucb,hard,A,0.95,1.0,1986.0735134012739,1.0,1,0,0.86,1.0
560,linucb,hard,A,0.95,1.0,1814.2734503042395,1.0,0,0,0.84,0.0
561,linucb,hard,A,0.95,1.0,1803.0807289102393,1.0,1,0,0.84,1.0
562,linucb,hard,A,0.95,1.0,1792.9144209857236,1.0,1,0,0.84,1.0
563,linucb,hard,A,0.95,1.0,1583.115326776729,1.0,1,0,0.84,1.0
564,linucb,simple,A,0.8,1.0,1928.1525094337833,1.0,1,0,0.84,1.0
565,linucb,simple,A,0.8,1.0,1796.309807120092,1.0,1,0,0.84,1.0
566,linucb,hard,A,0.95,1.0,1558.8020297339451,1.0,1,0,0.84,1.0
567,linucb,simple,B,0.95,0.4687638218514498,449.98883416048847,0.1,0,0,0.84,0.0
568,linucb,hard,A,0.95,1.0,1792.5544565529497,1.0,1,0,0.84,1.0
569,linucb,simple,A,0.8,1.0,1905.850504275284,1.0,1,0,0.84,1.0
570,linucb,simple,A,0.8,1.0,1786.3323066523367,1.0,1,0,0.84,1.0
571,linucb,hard,A,0.95,1.0,1607.9267253498258,1.0,1,0,0.84,1.0
572,linucb,simple,A,0.8,1.0,1898.0575754380766,1.0,1,0,0.84,1.0
573,linucb,simple,A,0.8,1.0,1722.140559140294,1.0,1,0,0.84,1.0
574,linucb,hard,A,0.95,1.0,1932.7255832429669,1.0,1,0,0.84,1.0
575,linucb,simple,A,0.8,1.0,1863.2926773288243,1.0,1,0,0.86,1.0
576,linucb,hard,A,0.95,1.0,1893.7299700357203,1.0,1,0,0.86,1.0
577,linucb,hard,A,0.95,1.0,1810.083859697677,1.0,1,0,0.86,1.0
578,linucb,hard,A,0.95,1.0,1784.4918711583593,1.0,1,0,0.86,1.0
579,linucb,simple,A,0.8,1.0,1793.5865332010517,1.0,1,0,0.86,1.0
580,linucb,hard,A,0.95,1.0,1787.5099620073345,1.0,1,0,0.86,1.0
581,linucb,simple,A,0.8,1.0,1965.3225705053708,1.0,1,0,0.86,1.0
582,linucb,simple,A,0.8,1.0,1992.3648726778767,1.0,1,0,0.86,1.0
583,linucb,hard,A,0.95,1.0,2011.8068375243893,1.0,1,0,0.86,1.0
584,linucb,simple,B,0.95,0.3533530821212215,383.7044853714106,0.1,1,0,0.86,1.0
585,linucb,hard,A,0.95,1.0,1951.271812238391,1.0,1,0,0.86,1.0
586,linucb,hard,A,0.95,1.0,2003.7011539599084,1.0,1,0,0.86,1.0
587,linucb,hard,A,0.95,1.0,1641.5686121309043,1.0,1,0,0.86,1.0
588,linucb,hard,A,0.95,1.0,2127.6513310329356,1.0,1,0,0.86,1.0
589,linucb,hard,A,0.95,1.0,1966.2065960925377,1.0,1,0,0.86,1.0
590,linucb,simple,A,0.8,1.0,1731.9699967799058,1.0,1,0,0.86,1.0
591,linucb,hard,A,0.95,1.0,1871.7286387308595,1.0,1,0,0.86,1.0
592,linucb,hard,A,0.95,1.0,1909.5773648073719,1.0,1,0,0.86,1.0
593,linucb,simple,A,0.8,1.0,1895.8362231784592,1.0,1,0,0.86,1.0
594,linucb,hard,A,0.95,1.0,1707.004656237891,1.0,1,0,0.86,1.0
595,linucb,simple,A,0.8,1.0,1855.0805692523356,1.0,1,0,0.86,1.0
596,linucb,simple,A,0.8,1.0,1981.2955643026773,1.0,1,0,0.86,1.0
597,linucb,hard,A,0.95,1.0,1477.4153268921204,1.0,1,0,0.88,1.0
598,linucb,hard,A,0.95,1.0,1845.6310201939843,1.0,1,0,0.88,1.0
599,linucb,simple,B,0.95,0.3519336642668389,396.8561673832661,0.1,1,0,0.9,1.0
600,linucb,hard,A,0.95,1.0,1676.1334134287524,1.0,0,0,0.88,0.0
601,linucb,simple,A,0.8,1.0,1994.433447657504,1.0,1,0,0.9,1.0
602,linucb,hard,A,0.95,1.0,1699.4164163156177,1.0,0,0,0.88,0.0
603,linucb,simple,B,0.95,0.5110529854886211,465.4132908602935,0.1,1,0,0.9,1.0
604,linucb,hard,E,0.9,0.3002718689496691,679.9383510491193,0.6,0,0,0.9,0.0
605,linucb,hard,A,0.95,0.9814719999999999,1884.0313948609069,1.0,1,0,0.9,1.0
606,linucb,hard,A,0.95,1.0,1745.6552076983228,1.0,1,0,0.9,1.0
607,linucb,simple,A,0.8,1.0,2041.7443995413369,1.0,1,0,0.9,1.0
608,linucb,hard,A,0.95,1.0,2093.804164917052,1.0,1,0,0.9,1.0
609,linucb,hard,A,0.95,1.0,1976.7303344376064,1.0,1,0,0.9,1.0
610,linucb,hard,A,0.95,1.0,1916.430036664966,1.0,1,0,0.92,1.0
611,linucb,hard,A,0.95,1.0,2048.485297367479,1.0,1,0,0.92,1.0
612,linucb,hard,A,0.95,1.0,1848.5913921595493,1.0,1,0,0.92,1.0
613,linucb,hard,A,0.95,1.0,1820.2029333635621,1.0,1,0,0.92,1.0
614,linucb,hard,A,0.95,1.0,1921.1483187752322,1.0,1,0,0.92,1.0
615,linucb,hard,A,0.95,1.0,1788.378045641665,1.0,1,0,0.92,1.0
616,linucb,simple,B,0.95,0.39699306149847746,441.0457646240159,0.1,1,0,0.92,1.0
617,linucb,hard,A,0.95,1.0,1669.331909608381,1.0,1,0,0.94,1.0
618,linucb,simple,A,0.8,1.0,1902.8174947114558,1.0,1,0,0.94,1.0
619,linucb,hard,A,0.95,1.0,1881.3909100201085,1.0,1,0,0.94,1.0
620,linucb,hard,A,0.95,1.0,1867.17252620079,1.0,1,0,0.94,1.0
621,linucb,hard,A,0.95,1.0,1645.6084728959145,1.0,1,0,0.94,1.0
622,linucb,hard,A,0.95,1.0,1475.3678684148292,1.0,1,0,0.94,1.0
623,linucb,hard,A,0.95,1.0,2008.0508189875172,1.0,1,0,0.94,1.0
624,linucb,hard,A,0.95,1.0,1835.1274415626447,1.0,1,0,0.94,1.0
625,linucb,simple,B,0.95,0.4256397217003257,383.0775105149538,0.1,1,0,0.94,1.0
626,linucb,hard,A,0.95,1.0,1699.9164238432659,1.0,1,0,0.94,1.0
627,linucb,hard,A,0.95,1.0,1958.2321062478563,1.0,1,0,0.94,1.0
628,linucb,hard,A,0.95,1.0,1991.3261853887702,1.0,1,0,0.94,1.0
629,linucb,simple,A,0.8,1.0,1809.277853853818,1.0,1,0,0.94,1.0
630,linucb,simple,A,0.8,1.0,1955.6932132441898,1.0,1,0,0.94,1.0
631,linucb,hard,A,0.95,1.0,1939.3567615491902,1.0,1,0,0.94,1.0
632,linucb,hard,A,0.95,1.0,1853.3053104824037,1.0,1,0,0.94,1.0
633,linucb,hard,A,0.95,1.0,1733.4941740278703,1.0,1,0,0.94,1.0
634,linucb,hard,A,0.95,1.0,2049.4894191163407,1.0,1,0,0.94,1.0
635,linucb,hard,A,0.95,1.0,2008.9237880830565,1.0,1,0,0.94,1.0
636,linucb,hard,A,0.95,1.0,1916.4442603358243,1.0,1,0,0.94,1.0
637,linucb,hard,A,0.95,1.0,1773.6648610204202,1.0,1,0,0.94,1.0
638,linucb,hard,A,0.95,1.0,1921.5884933730313,1.0,1,0,0.94,1.0
639,linucb,hard,A,0.95,1.0,2070.205419958925,1.0,1,0,0.94,1.0
640,linucb,simple,B,0.95,0.3625579102712682,382.5343595861146,0.1,1,0,0.94,1.0
641,linucb,hard,A,0.95,1.0,1535.3676582798425,1.0,1,0,0.94,1.0
642,linucb,hard,A,0.95,1.0,1864.1777472380072,1.0,1,0,0.94,1.0
643,linucb,hard,A,0.95,1.0,1797.1055323645523,1.0,1,0,0.94,1.0
644,linucb,simple,B,0.95,0.5174242965209759,367.10891118757854,0.1,1,0,0.94,1.0
645,linucb,hard,A,0.95,1.0,1606.8892043161138,1.0,1,0,0.94,1.0
646,linucb,simple,A,0.8,1.0,1707.946280017502,1.0,1,0,0.94,1.0
647,linucb,hard,A,0.95,1.0,1801.4253293357278,1.0,1,0,0.94,1.0
648,linucb,hard,A,0.95,1.0,1778.1391257231462,1.0,1,0,0.94,1.0
649,linucb,hard,A,0.95,1.0,1784.5326741148178,1.0,1,0,0.94,1.0
650,linucb,hard,A,0.95,1.0,1859.6678914200745,1.0,1,0,0.96,1.0
651,linucb,hard,A,0.95,1.0,1742.8681081032573,1.0,0,0,0.94,0.0
652,linucb,simple,B,0.95,0.4860836410021566,456.1732066223665,0.1,1,0,0.96,1.0
653,linucb,hard,A,0.95,1.0,1804.1698949318582,1.0,1,0,0.96,1.0
654,linucb,simple,B,0.95,0.6764231715920701,558.0611315689473,0.1,1,0,0.98,1.0
655,linucb,hard,A,0.95,1.0,1574.5121833983333,1.0,1,0,0.98,1.0
656,linucb,hard,A,0.95,1.0,1964.2731517882826,1.0,1,0,0.98,1.0
657,linucb,hard,A,0.95,1.0,2023.808832117735,1.0,1,0,0.98,1.0
658,linucb,hard,A,0.95,1.0,2012.4113873824806,1.0,1,0,0.98,1.0
659,linucb,hard,A,0.95,1.0,1724.559121855143,1.0,1,0,0.98,1.0
660,linucb,hard,A,0.95,1.0,1693.0803567574014,1.0,1,0,0.98,1.0
661,linucb,hard,A,0.95,1.0,1841.2863458353818,1.0,1,0,0.98,1.0
662,linucb,simple,B,0.95,0.5432651258829634,443.3878221231042,0.1,1,0,0.98,1.0
663,linucb,hard,A,0.95,1.0,1758.6695356911957,1.0,1,0,0.98,1.0
664,linucb,simple,B,0.95,0.7207045134837669,493.66152938994253,0.1,1,0,0.98,1.0
665,linucb,hard,A,0.95,1.0,1699.6408333447748,1.0,1,0,0.98,1.0
666,linucb,simple,B,0.95,0.8581135752418292,562.4785479296097,0.1,1,0,0.98,1.0
667,linucb,hard,A,0.95,1.0,1602.6019066829244,1.0,1,0,0.98,1.0
668,linucb,hard,A,0.95,1.0,1821.2736764406372,1.0,1,0,0.98,1.0
669,linucb,hard,A,0.95,1.0,2103.758769254502,1.0,1,0,0.98,1.0
670,linucb,hard,A,0.95,1.0,1843.6404374673202,1.0,1,0,0.98,1.0
671,linucb,simple,B,0.95,0.7528539218944714,552.006934433903,0.1,1,0,0.98,1.0
672,linucb,simple,B,0.95,0.9625114512671349,565.7865646629502,0.1,1,0,0.98,1.0
673,linucb,hard,A,0.95,0.9814719999999999,1411.4889571673982,1.0,1,0,0.98,1.0
674,linucb,hard,A,0.95,1.0,1928.83830784202,1.0,1,0,0.98,1.0
675,linucb,hard,A,0.95,1.0,1752.5912758902018,1.0,1,0,0.98,1.0
676,linucb,simple,B,0.95,0.877213651271767,583.5621084061778,0.1,1,0,0.98,1.0
677,linucb,simple,B,0.95,1.0,602.99445877843,0.1,0,0,0.96,0.0
678,linucb,hard,A,0.95,0.9814719999999999,1627.7526345604867,1.0,1,0,0.96,1.0
679,linucb,hard,A,0.95,1.0,1715.0098177186887,1.0,1,0,0.96,1.0
680,linucb,hard,A,0.95,1.0,1756.1367247027215,1.0,1,0,0.96,1.0
681,linucb,hard,A,0.95,1.0,1771.86718943223,1.0,1,0,0.96,1.0
682,linucb,hard,A,0.95,1.0,1920.295272804841,1.0,1,0,0.96,1.0
683,linucb,hard,A,0.95,1.0,1622.6772202059888,1.0,1,0,0.96,1.0
684,linucb,hard,A,0.95,1.0,1878.2432790632706,1.0,1,0,0.96,1.0
685,linucb,hard,A,0.95,1.0,1847.7751847730804,1.0,1,0,0.96,1.0
686,linucb,hard,A,0.95,1.0,1732.0673544412136,1.0,1,0,0.96,1.0
687,linucb,hard,A,0.95,1.0,2060.246339554447,1.0,1,0,0.96,1.0
688,linucb,hard,A,0.95,1.0,1717.3895206057784,1.0,1,0,0.96,1.0
689,linucb,simple,B,0.95,0.515671155821681,472.8108772330449,0.1,1,0,0.96,1.0
690,linucb,simple,A,0.8,1.0,1675.064857480876,1.0,1,0,0.96,1.0
691,linucb,hard,A,0.95,1.0,1830.9012846079538,1.0,1,0,0.96,1.0
692,linucb,hard,A,0.95,1.0,1581.987548025129,1.0,1,0,0.96,1.0
693,linucb,simple,A,0.8,1.0,1726.6787614536177,1.0,1,0,0.96,1.0
694,linucb,simple,B,0.95,0.5721361275002472,412.5289068741904,0.1,1,0,0.96,1.0
695,linucb,hard,A,0.95,1.0,1865.1983427752684,1.0,1,0,0.96,1.0
696,linucb,hard,A,0.95,1.0,1924.6394298473986,1.0,1,0,0.96,1.0
697,linucb,simple,A,0.8,1.0,1738.088362825929,1.0,1,0,0.96,1.0
698,linucb,hard,A,0.95,1.0,1681.2742215014957,1.0,1,0,0.96,1.0
699,linucb,hard,A,0.95,1.0,1846.8571581007384,1.0,1,0,0.96,1.0
700,linucb,hard,A,0.95,1.0,1919.77688950551,1.0,1,0,0.96,1.0
701,linucb,simple,B,0.95,0.5338180731109401,415.39845089845545,0.1,1,0,0.98,1.0
702,linucb,simple,B,0.95,0.7697599043376273,500.880668512879,0.1,0,0,0.96,0.0
703,linucb,hard,A,0.95,0.9814719999999999,1598.7460550498204,1.0,1,0,0.96,1.0
704,linucb,hard,A,0.95,1.0,1736.019963606432,1.0,1,0,0.96,1.0
705,linucb,hard,A,0.95,1.0,1742.2657834121248,1.0,1,0,0.96,1.0
706,linucb,simple,A,0.8,1.0,2253.9644113998224,1.0,1,0,0.96,1.0
707,linucb,hard,A,0.95,1.0,1568.922262944337,1.0,1,0,0.96,1.0
708,linucb,hard,A,0.95,1.0,2055.081825005203,1.0,1,0,0.96,1.0
709,linucb,hard,A,0.95,1.0,1627.8194530320736,1.0,1,0,0.96,1.0
710,linucb,hard,A,0.95,1.0,1710.1973414886172,1.0,1,0,0.96,1.0
711,linucb,hard,A,0.95,1.0,1900.7344756511247,1.0,1,0,0.96,1.0
712,linucb,simple,B,0.95,0.5143788846509332,414.411826546255,0.1,1,0,0.96,1.0
713,linucb,hard,A,0.95,1.0,1727.0899542569248,1.0,1,0,0.96,1.0
714,linucb,hard,A,0.95,1.0,1915.4293921316473,1.0,1,0,0.96,1.0
715,linucb,hard,A,0.95,1.0,1593.8774597383476,1.0,1,0,0.96,1.0
716,linucb,hard,A,0.95,1.0,1892.8861995990098,1.0,1,0,0.96,1.0
717,linucb,hard,A,0.95,1.0,1913.0410157992294,1.0,1,0,0.96,1.0
718,linucb,hard,A,0.95,1.0,1812.1576989371401,1.0,1,0,0.96,1.0
719,linucb,hard,A,0.95,1.0,1982.3580023558006,1.0,1,0,0.96,1.0
720,linucb,hard,A,0.95,1.0,1930.7907958902204,1.0,1,0,0.96,1.0
721,linucb,simple,B,0.95,0.4627897970612642,399.3106138318351,0.1,1,0,0.96,1.0
722,linucb,simple,A,0.8,1.0,1695.671691125272,1.0,1,0,0.96,1.0
723,linucb,hard,A,0.95,1.0,1792.192570974307,1.0,1,0,0.96,1.0
724,linucb,simple,A,0.8,1.0,1901.3648775699517,1.0,1,0,0.96,1.0
725,linucb,simple,B,0.95,0.5775328939529818,494.811020074258,0.1,1,0,0.96,1.0
726,linucb,hard,A,0.95,1.0,1922.2652580164042,1.0,1,0,0.96,1.0
727,linucb,hard,A,0.95,1.0,1808.4460721980524,1.0,1,0,0.98,1.0
728,linucb,hard,A,0.95,1.0,1955.4135017915926,1.0,1,0,0.98,1.0
729,linucb,simple,A,0.8,1.0,1551.0956820385047,1.0,1,0,0.98,1.0
730,linucb,hard,A,0.95,1.0,1704.2650632743696,1.0,1,0,0.98,1.0
731,linucb,hard,A,0.95,1.0,1853.2731068664805,1.0,1,0,0.98,1.0
732,linucb,simple,B,0.95,0.5360235998594806,457.7903288106754,0.1,1,0,0.98,1.0
733,linucb,hard,A,0.95,1.0,1835.809432177835,1.0,1,0,0.98,1.0
734,linucb,hard,A,0.95,1.0,2153.4553508876143,1.0,1,0,0.98,1.0
735,linucb,hard,A,0.95,1.0,1932.441632898007,1.0,0,0,0.96,0.0
736,linucb,hard,A,0.95,1.0,1737.9303793176327,1.0,1,0,0.96,1.0
737,linucb,hard,A,0.95,1.0,1940.2583731889763,1.0,1,0,0.96,1.0
738,linucb,hard,A,0.95,1.0,1703.6273449422008,1.0,1,0,0.96,1.0
739,linucb,hard,A,0.95,1.0,2035.5134449525424,1.0,1,0,0.96,1.0
740,linucb,hard,A,0.95,1.0,1846.9110162916786,1.0,1,0,0.96,1.0
741,linucb,simple,B,0.95,0.469639881505612,441.1406972856164,0.1,1,0,0.96,1.0
742,linucb,hard,A,0.95,1.0,1687.3726229846704,1.0,1,0,0.96,1.0
743,linucb,hard,A,0.95,1.0,1663.6540338508469,1.0,1,0,0.96,1.0
744,linucb,hard,A,0.95,1.0,1666.996151021393,1.0,1,0,0.96,1.0
745,linucb,simple,B,0.95,0.5816408578098653,502.8227803432331,0.1,1,0,0.96,1.0
746,linucb,simple,B,0.95,0.8118439548726815,603.7237837666687,0.1,1,0,0.96,1.0
747,linucb,hard,A,0.95,0.9814719999999999,1477.2967132259869,1.0,1,0,0.96,1.0
748,linucb,hard,A,0.95,1.0,1759.6632596754016,1.0,0,0,0.94,0.0
749,linucb,hard,C,0.75,0.3000000000000075,512.4101928694867,0.35,0,0,0.92,0.0
750,linucb,hard,A,0.95,1.0,3585.5318370539703,1.0,0,1,0.9,0.0
751,linucb,simple,B,0.95,0.7284359664474529,497.7399193715651,0.1,1,0,0.9,1.0
752,linucb,hard,A,0.95,1.0,3831.901385804952,1.0,0,0,0.9,0.0
753,linucb,hard,A,0.95,1.0,4238.9086958244025,1.0,0,0,0.88,0.0
754,linucb,simple,B,0.95,0.7964087149268786,517.5123264647317,0.1,1,0,0.88,1.0
755,linucb,hard,A,0.95,1.0,3705.167304520712,1.0,0,0,0.86,0.0
756,linucb,hard,A,0.95,1.0,4012.6645334349996,1.0,0,0,0.84,0.0
757,linucb,hard,E,0.9,0.3000000009624174,797.6509064079638,0.6,0,0,0.82,0.0
758,linucb,hard,A,0.95,1.0,3569.1884423205324,1.0,0,0,0.8,0.0
759,linucb,hard,A,0.95,1.0,3711.2394953978082,1.0,0,0,0.78,0.0
760,linucb,simple,B,0.95,0.6698554619624362,450.3586266235996,0.1,1,0,0.78,1.0
761,linucb,hard,C,0.75,0.3647013467465059,595.6101341882063,0.35,0,0,0.76,0.0
762,linucb,simple,B,0.95,0.8187360697437105,516.5173814907403,0.1,1,0,0.76,1.0
763,linucb,hard,A,0.95,0.8996953599999999,2847.2487832900597,1.0,0,0,0.74,0.0
764,linucb,hard,A,0.95,1.0,3188.61562188757,1.0,0,0,0.72,0.0
765,linucb,simple,B,0.95,0.857945706920386,542.5586998650756,0.1,1,0,0.72,1.0
766,linucb,hard,A,0.95,1.0,3963.4671598925747,1.0,0,0,0.7,0.0
767,linucb,hard,A,0.95,1.0,3688.802146039353,1.0,0,0,0.68,0.0
768,linucb,hard,A,0.95,1.0,4292.332855042843,1.0,0,0,0.66,0.0
769,linucb,simple,B,0.95,0.8145060595720754,633.6646125086698,0.1,1,0,0.66,1.0
770,linucb,hard,A,0.95,1.0,3660.436735953119,1.0,0,0,0.64,0.0
771,linucb,hard,A,0.95,1.0,3510.60987510074,1.0,0,0,0.62,0.0
772,linucb,hard,A,0.95,1.0,4261.524963422896,1.0,0,0,0.6,0.0
773,linucb,hard,A,0.95,1.0,3385.070330868234,1.0,0,0,0.58,0.0
774,linucb,hard,C,0.75,0.3692168936646375,603.5660032508109,0.35,0,0,0.56,0.0
775,linucb,hard,C,0.75,0.624910866424881,840.0992401027011,0.35,0,0,0.54,0.0
776,linucb,simple,B,0.95,0.6328687496425315,428.29747854813775,0.1,1,0,0.54,1.0
777,linucb,simple,B,0.95,0.8569244996854277,572.376986188774,0.1,1,0,0.54,1.0
778,linucb,hard,A,0.95,0.8277319167999999,2903.9680520171014,1.0,0,0,0.52,0.0
779,linucb,hard,C,0.75,0.674756147008581,794.2979616893587,0.35,0,0,0.5,0.0
780,linucb,simple,B,0.95,0.8839700526496277,603.7567515412575,0.1,0,0,0.48,0.0
781,linucb,hard,C,0.75,0.8225311602434451,865.3263058046492,0.35,1,0,0.48,1.0
782,linucb,simple,B,0.95,0.9845464087718716,605.8705520840832,0.1,1,0,0.48,1.0
783,linucb,hard,C,0.75,0.9369681304925239,1018.5348984682647,0.35,0,0,0.46,0.0
784,linucb,hard,C,0.75,1.0,1211.6660099340322,0.35,0,0,0.44,0.0
785,linucb,simple,B,0.95,0.9709408102785848,594.7679643418902,0.1,1,0,0.46,1.0
786,linucb,simple,B,0.95,1.0,731.370125588429,0.1,1,0,0.46,1.0
787,linucb,hard,A,0.95,0.5619592576169695,2281.706302355859,1.0,0,0,0.44,0.0
788,linucb,hard,A,0.95,0.7945241467029331,3182.4883351598687,1.0,0,0,0.42,0.0
789,linucb,hard,C,0.75,0.8277319167999999,853.0602166796691,0.35,0,0,0.4,0.0
790,linucb,simple,B,0.95,0.8996953599999999,544.0408076989354,0.1,1,0,0.4,1.0
791,linucb,hard,C,0.75,0.9409955963699199,863.9246573271226,0.35,0,0,0.38,0.0
792,linucb,simple,B,0.95,0.9967240867839999,712.5609244571201,0.1,1,0,0.38,1.0
793,linucb,simple,B,0.95,1.0,654.6484997141098,0.1,1,0,0.38,1.0
794,linucb,hard,A,0.95,0.6689802607774126,2842.6693112024136,1.0,0,0,0.36,0.0
795,linucb,simple,B,0.95,1.0,618.2575824908365,0.1,1,0,0.36,1.0
796,linucb,hard,A,0.95,0.8180583139460282,2975.4303784488357,1.0,0,0,0.34,0.0
797,linucb,simple,B,0.95,1.0,692.3369775434977,0.1,0,0,0.32,0.0
798,linucb,hard,A,0.95,0.9335043583198042,2870.5916000113493,1.0,0,0,0.32,0.0
799,linucb,simple,B,0.95,1.0,718.197749777006,0.1,1,0,0.34,1.0
800,linucb,hard,A,0.95,1.0,3283.5748078268357,1.0,0,0,0.34,0.0
801,linucb,hard,A,0.95,1.0,4252.099532215738,1.0,0,0,0.32,0.0
802,linucb,hard,A,0.95,1.0,3895.227386710637,1.0,0,0,0.32,0.0
803,linucb,simple,B,0.95,0.8996953599999999,554.3856365366779,0.1,1,0,0.34,1.0
804,linucb,hard,A,0.95,1.0,3568.8272816261024,1.0,0,0,0.32,0.0
805,linucb,hard,A,0.95,1.0,3553.651630702782,1.0,0,0,0.32,0.0
806,linucb,hard,A,0.95,1.0,3901.5293508487307,1.0,0,0,0.32,0.0
807,linucb,hard,A,0.95,1.0,4113.574421983431,1.0,0,0,0.32,0.0
808,linucb,hard,A,0.95,1.0,3917.568063241141,1.0,0,0,0.32,0.0
809,linucb,hard,A,0.95,1.0,3609.287917429515,1.0,0,0,0.32,0.0
810,linucb,hard,C,0.75,0.38293891733600594,617.924584438708,0.35,0,0,0.3,0.0
811,linucb,hard,A,0.95,1.0,3408.93280330095,1.0,0,0,0.3,0.0
812,linucb,hard,A,0.95,1.0,3559.2085889007967,1.0,0,0,0.28,0.0
813,linucb,hard,A,0.95,1.0,3659.731936655654,1.0,0,0,0.28,0.0
814,linucb,hard,A,0.95,1.0,3277.536328508858,1.0,0,0,0.28,0.0
815,linucb,hard,A,0.95,1.0,3729.6697888036483,1.0,0,0,0.26,0.0
816,linucb,simple,B,0.95,0.470753737597171,428.36429127914755,0.1,1,0,0.28,1.0
817,linucb,hard,C,0.75,0.4564977904155437,557.6691862023458,0.35,0,0,0.28,0.0
818,linucb,simple,B,0.95,0.6645516943952492,564.5583436885636,0.1,1,0,0.3,1.0
819,linucb,simple,B,0.95,0.8848054910678194,620.2215465005335,0.1,1,0,0.3,1.0
820,linucb,simple,B,0.95,1.0,680.3618392518052,0.1,1,0,0.32,1.0
821,linucb,hard,A,0.95,0.764404086784,3043.7726375976913,1.0,0,0,0.32,0.0
822,linucb,hard,C,0.75,0.5409084539509595,651.3923082427601,0.35,0,0,0.32,0.0
823,linucb,simple,B,0.95,0.9814719999999999,577.4548248337701,0.1,1,0,0.34,1.0
824,linucb,simple,B,0.95,1.0,663.7093368292547,0.1,0,0,0.34,0.0
825,linucb,hard,A,0.95,0.7584095840094021,2661.0883663512923,1.0,0,0,0.34,0.0
826,linucb,hard,C,0.75,0.6243802900191642,717.7565239998073,0.35,0,0,0.32,0.0
827,linucb,hard,C,0.75,0.8494546552168645,913.5423088128999,0.35,0,0,0.3,0.0
828,linucb,hard,C,0.75,1.0,856.7857711992002,0.35,0,0,0.3,0.0
829,linucb,simple,B,0.95,0.8277319167999999,641.4361677289547,0.1,1,0,0.32,1.0
830,linucb,simple,B,0.95,1.0,700.1797292569993,0.1,1,0,0.34,1.0
831,linucb,hard,C,0.75,0.9814719999999999,1052.0884216975808,0.35,0,0,0.32,0.0
832,linucb,hard,C,0.75,1.0,1227.077218191067,0.35,0,0,0.3,0.0
833,linucb,hard,C,0.75,1.0,1160.7946055603697,0.35,0,0,0.3,0.0
834,linucb,simple,B,0.95,0.8996953599999999,501.62737062662086,0.1,1,0,0.32,1.0
835,linucb,hard,A,0.95,0.5112178093615031,2253.9356875449034,1.0,0,0,0.3,0.0
836,linucb,hard,C,0.75,0.9814719999999999,937.5006517924114,0.35,0,0,0.28,0.0
837,linucb,hard,C,0.75,1.0,1077.9037078174945,0.35,0,0,0.28,0.0
838,linucb,hard,C,0.75,1.0,1043.00930769249,0.35,0,0,0.28,0.0
839,linucb,simple,B,0.95,0.774797956868866,584.8651618782217,0.1,1,0,0.3,1.0
840,linucb,hard,A,0.95,0.569785954436643,2601.027463636279,1.0,0,0,0.28,0.0
841,linucb,hard,C,0.75,0.9814719999999999,966.742392421395,0.35,1,0,0.3,1.0
842,linucb,hard,C,0.75,1.0,1044.3553064425944,0.35,0,0,0.28,0.0
843,linucb,simple,B,0.95,0.7646427396717391,592.4968501779839,0.1,1,0,0.28,1.0
844,linucb,simple,B,0.95,0.9728856109111303,682.93425716729,0.1,0,0,0.28,0.0
845,linucb,simple,B,0.95,1.0,620.2060653463576,0.1,1,0,0.28,1.0
846,linucb,hard,A,0.95,0.5646109258324989,2175.7521161346212,1.0,0,0,0.28,0.0
847,linucb,hard,A,0.95,0.7968576147325991,3409.3748272915514,1.0,0,0,0.28,0.0
848,linucb,simple,B,0.95,0.9814719999999999,709.0539634759007,0.1,1,0,0.3,1.0
849,linucb,simple,B,0.95,1.0,708.3616674106204,0.1,1,0,0.3,1.0
850,linucb,simple,B,0.95,1.0,739.2590109312596,0.1,1,0,0.32,1.0
851,linucb,hard,A,0.95,0.7778718141358074,3157.366571314655,1.0,0,0,0.32,0.0
852,linucb,hard,A,0.95,0.9845271964395106,3623.144509352964,1.0,0,0,0.32,0.0
853,linucb,hard,A,0.95,1.0,3400.818778986949,1.0,0,0,0.3,0.0
854,linucb,simple,B,0.95,0.8996953599999999,562.7351227292546,0.1,1,0,0.32,1.0
855,linucb,simple,B,0.95,1.0,693.0471829565262,0.1,1,0,0.34,1.0
856,linucb,simple,B,0.95,1.0,681.7762740504462,0.1,0,0,0.34,0.0
857,linucb,hard,C,0.75,0.44697385390011257,720.1859492093356,0.35,0,0,0.34,0.0
858,linucb,hard,A,0.95,0.8277319167999999,2750.305054192529,1.0,0,0,0.34,0.0
859,linucb,hard,A,0.95,1.0,3605.7346117532597,1.0,0,0,0.34,0.0
860,linucb,simple,B,0.95,0.8996953599999999,596.4891747197129,0.1,1,0,0.36,1.0
861,linucb,hard,A,0.95,1.0,3728.9942826604383,1.0,0,0,0.36,0.0
862,linucb,hard,A,0.95,1.0,3721.824103245601,1.0,0,0,0.36,0.0
863,linucb,simple,B,0.95,0.9131171963699201,608.1461471042052,0.1,0,0,0.36,0.0
864,linucb,hard,C,0.75,0.48266730630439,680.8829946157599,0.35,0,0,0.36,0.0
865,linucb,simple,B,0.95,1.0,642.9405109574088,0.1,1,0,0.38,1.0
866,linucb,hard,E,0.9,0.30000026652166667,849.5958176515646,0.6,0,0,0.36,0.0
867,linucb,hard,A,0.95,0.8277319167999999,2568.622741160501,1.0,0,0,0.36,0.0
868,linucb,hard,A,0.95,1.0,3319.7432934156604,1.0,0,0,0.34,0.0
869,linucb,hard,A,0.95,1.0,3650.5110161540747,1.0,0,0,0.32,0.0
870,linucb,hard,A,0.95,1.0,4086.868012054844,1.0,0,0,0.3,0.0
871,linucb,simple,B,0.95,0.764404086784,589.7098009699688,0.1,1,0,0.32,1.0
872,linucb,hard,C,0.75,0.47358382734194426,676.9207013836345,0.35,0,0,0.32,0.0
873,linucb,hard,C,0.75,0.716753768060911,703.0334841633851,0.35,0,0,0.3,0.0
874,linucb,simple,B,0.95,0.8209199818288659,582.9181917259394,0.1,0,0,0.3,0.0
875,linucb,hard,C,0.75,0.8550541179863695,1009.5424380306157,0.35,0,0,0.3,0.0
876,linucb,hard,C,0.75,1.0,1028.677301574812,0.35,0,0,0.3,0.0
877,linucb,simple,B,0.95,0.859433981856881,556.2447162892041,0.1,0,0,0.3,0.0
878,linucb,hard,C,0.75,1.0,1090.0202076097655,0.35,0,0,0.3,0.0
879,linucb,hard,C,0.75,1.0,1064.5874620126115,0.35,0,0,0.28,0.0
880,linucb,hard,C,0.75,1.0,1051.000803312759,0.35,0,0,0.26,0.0
881,linucb,hard,C,0.75,1.0,1199.185838734773,0.35,0,0,0.26,0.0
882,linucb,hard,C,0.75,1.0,1123.3468929830392,0.35,0,0,0.26,0.0
883,linucb,simple,D,0.85,0.3,387.4039148373593,0.22,1,0,0.28,1.0
884,linucb,simple,B,0.95,0.651229695075936,365.86546907366744,0.1,1,0,0.28,1.0
885,linucb,hard,A,0.95,0.44697385390011257,2210.5057948013705,1.0,0,0,0.28,0.0
886,linucb,hard,A,0.95,0.693336991432099,2503.597294716175,1.0,0,0,0.28,0.0
887,linucb,hard,A,0.95,0.9101365524602472,3165.674767656884,1.0,0,0,0.28,0.0
888,linucb,hard,A,0.95,1.0,3627.173019814888,1.0,0,0,0.28,0.0
889,linucb,hard,A,0.95,1.0,3786.842045122852,1.0,0,0,0.26,0.0
890,linucb,hard,A,0.95,1.0,3208.6369406503486,1.0,0,0,0.26,0.0
891,linucb,hard,A,0.95,1.0,3908.2275097840206,1.0,0,0,0.24,0.0
892,linucb,hard,A,0.95,1.0,3952.8439439861572,1.0,0,0,0.24,0.0
893,linucb,simple,B,0.95,0.506100120096538,467.95183153332215,0.1,1,0,0.24,1.0
894,linucb,hard,E,0.9,0.30836828496422214,788.0950505792724,0.6,0,0,0.24,0.0
895,linucb,hard,C,0.75,0.48979061712307925,632.0484170624469,0.35,0,0,0.22,0.0
896,linucb,hard,A,0.95,0.8996953599999999,2904.070595182154,1.0,0,0,0.22,0.0
897,linucb,hard,A,0.95,1.0,3371.412181624756,1.0,0,0,0.22,0.0
898,linucb,hard,A,0.95,1.0,4103.40019010913,1.0,0,0,0.2,0.0
899,linucb,hard,A,0.95,1.0,3609.6819436653604,1.0,0,0,0.18,0.0
900,linucb,simple,B,0.95,0.5068307684033408,451.5960018012235,0.1,0,0,0.16,0.0
901,linucb,hard,A,0.95,1.0,3991.846158097708,1.0,0,0,0.16,0.0
902,linucb,simple,D,0.85,0.3264418614675646,433.6629114794808,0.22,1,0,0.18,1.0
903,linucb,hard,C,0.75,0.4761456158432657,691.0439045250575,0.35,0,0,0.18,0.0
904,linucb,hard,A,0.95,0.9814719999999999,3246.8478876088,1.0,0,0,0.16,0.0
905,linucb,hard,A,0.95,1.0,3676.6459753784493,1.0,0,0,0.14,0.0
906,linucb,hard,A,0.95,1.0,3816.0262347403623,1.0,0,0,0.14,0.0
907,linucb,simple,B,0.95,0.5071293665358602,381.48335064061706,0.1,0,0,0.14,0.0
908,linucb,hard,A,0.95,1.0,3494.0681482392024,1.0,0,0,0.14,0.0
909,linucb,hard,A,0.95,1.0,3788.7284608104214,1.0,0,0,0.14,0.0
910,linucb,hard,A,0.95,1.0,3731.3230690010287,1.0,0,0,0.12,0.0
911,linucb,simple,B,0.95,0.6041231280312946,473.92556502496666,0.1,1,0,0.14,1.0
912,linucb,hard,C,0.75,0.4506897940169856,738.8367645158467,0.35,0,0,0.14,0.0
913,linucb,simple,B,0.95,0.7678329503474346,582.6634279882867,0.1,0,0,0.14,0.0
914,linucb,hard,E,0.9,0.3239179056512424,805.8196863304478,0.6,0,0,0.14,0.0
915,linucb,hard,A,0.95,0.8277319167999999,3064.473811823761,1.0,0,0,0.12,0.0
916,linucb,hard,A,0.95,1.0,3498.697567130243,1.0,0,0,0.12,0.0
917,linucb,hard,A,0.95,1.0,3485.48489274321,1.0,0,0,0.12,0.0
918,linucb,hard,A,0.95,1.0,4027.367960585172,1.0,0,0,0.12,0.0
919,linucb,simple,D,0.85,0.3371544872509438,408.1871972830773,0.22,1,0,0.14,1.0
920,linucb,hard,C,0.75,0.4620836099060006,584.4142633940298,0.35,0,0,0.14,0.0
921,linucb,simple,B,0.95,0.5761392382282274,451.7737325255582,0.1,1,0,0.14,1.0
922,linucb,hard,A,0.95,0.8996953599999999,3040.9198851162523,1.0,0,0,0.14,0.0
923,linucb,simple,B,0.95,0.7461622260839393,489.2369866653971,0.1,1,0,0.16,1.0
924,linucb,hard,C,0.75,0.5771093967926786,727.1253049285904,0.35,0,0,0.16,0.0
925,linucb,hard,C,0.75,0.807856269177557,867.0962852309117,0.35,0,0,0.16,0.0
926,linucb,hard,C,0.75,1.0,1113.338556212672,0.35,0,0,0.16,0.0
927,linucb,hard,C,0.75,1.0,1143.0734291327985,0.35,0,0,0.16,0.0
928,linucb,simple,D,0.85,0.4067021065515197,467.9294984139794,0.22,1,0,0.18,1.0
929,linucb,hard,C,0.75,1.0,1117.7386448802945,0.35,0,0,0.18,0.0
930,linucb,hard,C,0.75,1.0,1058.9366755883716,0.35,0,0,0.18,0.0
931,linucb,simple,B,0.95,0.5683456976055337,411.85369583932396,0.1,1,0,0.2,1.0
932,linucb,hard,A,0.95,0.5505660358711304,2315.768043250556,1.0,0,0,0.2,0.0
933,linucb,hard,C,0.75,0.9814719999999999,941.3876046334158,0.35,0,0,0.18,0.0
934,linucb,hard,C,0.75,1.0,1130.0875023616006,0.35,0,0,0.16,0.0
935,linucb,simple,B,0.95,0.6408342777300017,490.583812554752,0.1,0,0,0.16,0.0
936,linucb,hard,C,0.75,1.0,1139.8337277041248,0.35,0,0,0.16,0.0
937,linucb,simple,D,0.85,0.428712424567816,478.33435022242526,0.22,1,0,0.18,1.0
938,linucb,simple,B,0.95,0.7367106169132197,609.2133833391872,0.1,1,0,0.2,1.0
939,linucb,hard,A,0.95,0.525002903050657,2559.61427140482,1.0,0,0,0.2,0.0
940,linucb,simple,B,0.95,0.8705087017375974,634.042861551273,0.1,1,0,0.22,1.0
941,linucb,hard,A,0.95,0.7065622481224287,2755.5057507799247,1.0,0,0,0.22,0.0
942,linucb,simple,B,0.95,0.9741219386255955,571.3080027492443,0.1,1,0,0.24,1.0
943,linucb,simple,B,0.95,1.0,774.9204238203746,0.1,1,0,0.24,1.0
944,linucb,hard,E,0.9,0.30699705230281854,773.6715230668681,0.6,1,0,0.26,1.0
945,linucb,hard,A,0.95,0.7237221017501893,3169.756547027631,1.0,0,0,0.26,0.0
946,linucb,simple,B,0.95,0.9814719999999999,647.0606720654222,0.1,1,0,0.28,1.0
947,linucb,hard,A,0.95,0.8604503955953464,2916.1129166787473,1.0,0,0,0.28,0.0
948,linucb,simple,B,0.95,1.0,679.4285641700645,0.1,1,0,0.3,1.0
949,linucb,simple,B,0.95,1.0,700.1010038020002,0.1,1,0,0.32,1.0
950,linucb,simple,B,0.95,1.0,700.333496869311,0.1,1,0,0.34,1.0
951,linucb,simple,B,0.95,1.0,802.9603966435485,0.1,1,0,0.36,1.0
952,linucb,simple,B,0.95,1.0,879.660272877172,0.1,0,0,0.34,0.0
953,linucb,simple,B,0.95,1.0,693.1184303368693,0.1,1,0,0.36,1.0
954,linucb,hard,A,0.95,0.6516450785666619,2770.8994542014734,1.0,0,0,0.36,0.0
955,linucb,simple,D,0.85,0.34293922174184066,456.7989758429026,0.22,1,0,0.38,1.0
956,linucb,hard,C,0.75,0.37756279363818956,607.8004496265412,0.35,1,0,0.4,1.0
957,linucb,hard,E,0.9,0.3582651600115182,857.2692975296803,0.6,0,0,0.4,0.0
958,linucb,hard,A,0.95,0.6907885299832626,3066.8475345843003,1.0,0,0,0.4,0.0
959,linucb,hard,C,0.75,0.5572984721062043,803.7912596271198,0.35,0,0,0.4,0.0
960,linucb,hard,C,0.75,0.7904226554534598,840.1505771177264,0.35,0,0,0.4,0.0
961,linucb,hard,C,0.75,0.9955719367990445,1061.6205936319514,0.35,0,0,0.38,0.0
962,linucb,simple,D,0.85,0.44015089096398297,455.6704575101844,0.22,1,0,0.4,1.0
963,linucb,simple,B,0.95,0.5785009760094021,473.1905242467965,0.1,1,0,0.42,1.0
964,linucb,hard,C,0.75,0.9784543989143186,944.3703871704429,0.35,0,0,0.42,0.0
965,linucb,hard,C,0.75,1.0,1077.317353792304,0.35,0,0,0.42,0.0
966,linucb,hard,C,0.75,1.0,1189.83170818607,0.35,0,0,0.42,0.0
967,linucb,simple,B,0.95,0.6469243510683098,457.6186899888261,0.1,1,0,0.44,1.0
968,linucb,hard,A,0.95,0.49238527981643876,2326.539750714428,1.0,0,0,0.44,0.0
969,linucb,simple,D,0.85,0.47987892785745734,448.08470197349925,0.22,1,0,0.44,1.0
970,linucb,hard,A,0.95,0.6813031606898501,2844.637211028179,1.0,0,0,0.44,0.0
971,linucb,hard,E,0.9,0.3598359219148106,760.0509561929837,0.6,0,0,0.42,0.0
972,linucb,simple,B,0.95,0.6414026278138752,527.4895860754436,0.1,1,0,0.44,1.0
973,linucb,simple,B,0.95,0.8644343124762102,606.3220107385897,0.1,1,0,0.44,1.0
974,linucb,hard,A,0.95,0.7085743442190375,2662.215899413107,1.0,0,0,0.44,0.0
975,linucb,hard,A,0.95,0.9235454229127531,3070.0719125824926,1.0,0,0,0.44,0.0
976,linucb,hard,A,0.95,1.0,4182.189074300969,1.0,0,0,0.44,0.0
977,linucb,simple,D,0.85,0.4725810301842037,517.3519007188152,0.22,1,0,0.46,1.0
978,linucb,hard,C,0.75,0.515671155821681,634.5498942324834,0.35,0,0,0.44,0.0
979,linucb,hard,C,0.75,0.7537906171230793,776.1697350098362,0.35,0,0,0.44,0.0
980,linucb,hard,C,0.75,0.9633357430683098,898.2949698458411,0.35,1,0,0.46,1.0
981,linucb,simple,B,0.95,0.6108804231929765,508.8342966733807,0.1,0,0,0.44,0.0
982,linucb,hard,C,0.75,1.0,968.6796459421296,0.35,0,0,0.44,0.0
983,linucb,hard,C,0.75,1.0,1194.821014962613,0.35,0,0,0.44,0.0
984,linucb,hard,C,0.75,1.0,1150.3763176530701,0.35,0,0,0.44,0.0
985,linucb,simple,D,0.85,0.46995645422240373,486.6148685696357,0.22,0,0,0.44,0.0
986,linucb,simple,B,0.95,0.6223810966672246,432.5411071985494,0.1,1,0,0.46,1.0
987,linucb,hard,A,0.95,0.5450808588882738,2191.360217450552,1.0,0,0,0.44,0.0
988,linucb,simple,B,0.95,0.7819719212590988,525.4718799755243,0.1,1,0,0.44,1.0
989,linucb,hard,E,0.9,0.3360406499936546,772.126694066774,0.6,0,0,0.44,0.0
990,linucb,hard,A,0.95,0.6714573430683097,2155.2018472300006,1.0,0,0,0.42,0.0
991,linucb,hard,C,0.75,0.70867559636992,865.7191810368647,0.35,0,0,0.42,0.0
992,linucb,hard,C,0.75,0.9236345248055295,967.183305987771,0.35,0,0,0.4,0.0
993,linucb,hard,C,0.75,1.0,955.3235243293192,0.35,0,0,0.38,0.0
994,linucb,simple,B,0.95,0.6631509559830617,502.5074053644976,0.1,1,0,0.38,1.0
995,linucb,hard,C,0.75,1.0,1041.3367572657394,0.35,0,0,0.38,0.0
996,linucb,hard,C,0.75,1.0,1199.4191911471307,0.35,0,0,0.36,0.0
997,linucb,hard,C,0.75,1.0,1096.027782704073,0.35,0,0,0.36,0.0
998,linucb,simple,D,0.85,0.38919332546784413,444.92964314419766,0.22,1,0,0.36,1.0
999,linucb,simple,B,0.95,0.6499659251286936,590.775711950836,0.1,1,0,0.36,1.0
1000,linucb,hard,A,0.95,0.48700152539320424,2252.115460045613,1.0,0,0,0.34,0.0
1001,linucb,hard,A,0.95,0.7285613423460198,2652.9192155597075,1.0,0,0,0.32,0.0
1002,linucb,hard,E,0.9,0.3637773623407364,862.6528257723004,0.6,0,0,0.32,0.0
1003,linucb,simple,B,0.95,0.6897815494577849,550.6177607141885,0.1,1,0,0.32,1.0
1004,linucb,hard,A,0.95,0.7964941550912268,2832.0657738302125,1.0,0,0,0.32,0.0
1005,linucb,hard,A,0.95,1.0,3578.3554556211125,1.0,0,0,0.3,0.0
1006,linucb,hard,A,0.95,1.0,3918.1746371348268,1.0,0,0,0.28,0.0
1007,linucb,hard,A,0.95,1.0,4193.30866770445,1.0,0,0,0.28,0.0
1008,linucb,simple,D,0.85,0.4083907209991395,532.1435130375453,0.22,1,0,0.3,1.0
1009,linucb,hard,C,0.75,0.515671155821681,696.764199503837,0.35,0,0,0.3,0.0
1010,linucb,hard,A,0.95,0.9814719999999999,3408.871672080733,1.0,0,0,0.3,0.0
1011,linucb,hard,A,0.95,1.0,3624.696558444371,1.0,0,0,0.3,0.0
1012,linucb,hard,A,0.95,1.0,3522.7925428597114,1.0,0,0,0.28,0.0
1013,linucb,hard,A,0.95,1.0,3513.616288076673,1.0,0,0,0.26,0.0
1014,linucb,simple,B,0.95,0.46905225458639827,406.12535538676735,0.1,1,0,0.28,1.0
1015,linucb,hard,E,0.9,0.3690415300940544,853.3792746004389,0.6,0,0,0.28,0.0
1016,linucb,hard,C,0.75,0.5107422171361914,604.9043125861292,0.35,0,0,0.28,0.0
1017,linucb,hard,C,0.75,0.7494531510798483,858.8564922116402,0.35,0,0,0.26,0.0
1018,linucb,hard,C,0.75,0.9595187729502666,907.4939297347779,0.35,0,0,0.26,0.0
1019,linucb,simple,B,0.95,0.5475338453922416,490.10954711427917,0.1,1,0,0.26,1.0
1020,linucb,hard,C,0.75,1.0,1048.043447726293,0.35,0,0,0.26,0.0
1021,linucb,hard,C,0.75,1.0,1228.0429904914743,0.35,0,0,0.26,0.0
1022,linucb,simple,D,0.85,0.36820767972987406,443.5629170308173,0.22,1,0,0.26,1.0
1023,linucb,hard,C,0.75,1.0,1057.55836141643,0.35,0,0,0.24,0.0
1024,linucb,hard,C,0.75,1.0,1116.1700770821392,0.35,0,0,0.24,0.0
1025,linucb,simple,B,0.95,0.5542769554527158,566.0239152810256,0.1,1,0,0.26,1.0
1026,linucb,hard,A,0.95,0.48979061712307925,2167.845646832488,1.0,0,0,0.26,0.0
1027,linucb,simple,B,0.95,0.7292320743025831,512.4217598971966,0.1,1,0,0.26,1.0
1028,linucb,hard,A,0.95,0.6792938539001125,2607.3517050857813,1.0,0,0,0.26,0.0
1029,linucb,hard,E,0.9,0.3616357453717245,818.2187476971558,0.6,0,0,0.26,0.0
1030,linucb,hard,A,0.95,0.826045160460247,2758.878255468082,1.0,0,0,0.24,0.0
1031,linucb,hard,A,0.95,1.0,3713.346954569392,1.0,0,0,0.24,0.0
1032,linucb,hard,A,0.95,1.0,3617.406694261057,1.0,0,0,0.24,0.0
1033,linucb,hard,A,0.95,1.0,3392.3479219501146,1.0,0,0,0.24,0.0
1034,linucb,hard,A,0.95,1.0,3688.210894754006,1.0,0,0,0.24,0.0
1035,linucb,simple,B,0.95,0.5622570305147601,477.1416547526782,0.1,1,0,0.26,1.0
1036,linucb,hard,C,0.75,0.515671155821681,609.9329158132352,0.35,0,0,0.24,0.0
1037,linucb,hard,E,0.9,0.43005669943945357,954.6007698283629,0.6,0,0,0.24,0.0
1038,linucb,hard,A,0.95,0.8996953599999999,2813.4326623901693,1.0,0,0,0.22,0.0
1039,linucb,hard,A,0.95,1.0,3670.280719978413,1.0,0,0,0.22,0.0
1040,linucb,simple,D,0.85,0.3368791532526922,437.3966889554479,0.22,1,0,0.24,1.0
1041,linucb,hard,A,0.95,1.0,3203.679557064092,1.0,0,0,0.24,0.0
1042,linucb,simple,B,0.95,0.5297807272587999,408.5623424280783,0.1,1,0,0.26,1.0
1043,linucb,hard,C,0.75,0.5107422171361914,645.6245482052914,0.35,1,0,0.28,1.0
1044,linucb,simple,B,0.95,0.7102621951892146,596.637372282714,0.1,1,0,0.28,1.0
1045,linucb,hard,C,0.75,0.6955187729502665,910.409590104731,0.35,0,0,0.28,0.0
1046,linucb,hard,C,0.75,0.9120565201962345,943.293972127658,0.35,0,0,0.28,0.0
1047,linucb,hard,C,0.75,1.0,1096.3674741852487,0.35,0,0,0.28,0.0
1048,linucb,simple,B,0.95,0.7259409428383864,615.7878022816957,0.1,1,0,0.28,1.0
1049,linucb,hard,C,0.75,1.0,1026.3537448403345,0.35,0,0,0.26,0.0
1050,linucb,simple,D,0.85,0.3938211729780957,467.91180647030484,0.22,1,0,0.28,1.0
1051,linucb,simple,B,0.95,0.7947084261979609,579.2761742953999,0.1,1,0,0.3,1.0
1052,linucb,hard,A,0.95,0.5450808588882738,2520.550097519366,1.0,0,0,0.3,0.0
1053,linucb,hard,C,0.75,0.8996953599999999,939.6904103600644,0.35,1,0,0.3,1.0
1054,linucb,simple,B,0.95,0.8415715406179769,562.8850767096294,0.1,0,0,0.3,0.0
1055,linucb,hard,C,0.75,0.9967240867839999,1008.5636544091542,0.35,0,0,0.3,0.0
1056,linucb,hard,C,0.75,1.0,1159.6587448765688,0.35,0,0,0.3,0.0
1057,linucb,hard,C,0.75,1.0,1073.928626415645,0.35,0,0,0.3,0.0
1058,linucb,hard,C,0.75,1.0,1149.6693224048252,0.35,1,0,0.3,1.0
1059,linucb,hard,C,0.75,1.0,1098.4745478824889,0.35,0,0,0.3,0.0
1060,linucb,simple,D,0.85,0.4096795810475673,464.328087547941,0.22,1,0,0.32,1.0
1061,linucb,hard,A,0.95,0.47250630818684936,2181.2888119026375,1.0,0,0,0.32,0.0
1062,linucb,hard,C,0.75,0.9814719999999999,968.0586768981772,0.35,0,0,0.32,0.0
1063,linucb,hard,C,0.75,1.0,1112.6327422528002,0.35,0,0,0.32,0.0
1064,linucb,hard,C,0.75,1.0,1053.0265006405007,0.35,0,0,0.3,0.0
1065,linucb,hard,C,0.75,1.0,1148.5772388564903,0.35,0,0,0.3,0.0
1066,linucb,hard,C,0.75,1.0,1314.6185144085593,0.35,0,0,0.3,0.0
1067,linucb,hard,C,0.75,1.0,1015.2332435014661,0.35,0,0,0.3,0.0
1068,linucb,hard,A,0.95,0.49310179728680986,1986.4175651652556,1.0,0,0,0.3,0.0
1069,linucb,simple,B,0.95,0.4236890126572792,349.7151544376127,0.1,1,0,0.3,1.0
1070,linucb,hard,E,0.9,0.3063307315571623,810.5739033826782,0.6,0,0,0.3,0.0
1071,linucb,hard,A,0.95,0.6360350680006369,2556.1388149038703,1.0,0,0,0.3,0.0
1072,linucb,hard,C,0.75,0.8277319167999999,898.8061067730048,0.35,0,0,0.28,0.0
1073,linucb,hard,C,0.75,1.0,1001.4941810204066,0.35,0,0,0.28,0.0
1074,linucb,simple,D,0.85,0.3684229396485733,461.2080229955254,0.22,1,0,0.3,1.0
1075,linucb,simple,B,0.95,0.4967629090035183,416.06380950540694,0.1,1,0,0.3,1.0
1076,linucb,hard,A,0.95,0.6356560055879945,2385.3446207174297,1.0,0,0,0.3,0.0
1077,linucb,simple,B,0.95,0.6846931967323246,421.514838933248,0.1,1,0,0.3,1.0
1078,linucb,simple,B,0.95,0.9025300131244456,521.5666009106242,0.1,1,0,0.32,1.0
1079,linucb,hard,A,0.95,0.7331817694400617,3305.365385316566,1.0,0,0,0.32,0.0
1080,linucb,hard,E,0.9,0.38531340772034384,984.1024776159544,0.6,0,0,0.32,0.0
1081,linucb,hard,C,0.75,0.6596345248055295,820.453975927743,0.35,0,0,0.32,0.0
1082,linucb,hard,C,0.75,0.880478381828866,1025.6203981395056,0.35,1,0,0.34,1.0
1083,linucb,hard,C,0.75,1.0,1086.3442846880382,0.35,0,0,0.34,0.0
1084,linucb,hard,C,0.75,1.0,1165.5262357977488,0.35,0,0,0.34,0.0
1085,linucb,hard,C,0.75,1.0,1156.9450509762946,0.35,0,0,0.32,0.0
1086,linucb,hard,C,0.75,1.0,1129.4631056994551,0.35,1,0,0.34,1.0
1087,linucb,hard,C,0.75,1.0,1114.1173890615923,0.35,0,0,0.34,0.0
1088,linucb,hard,C,0.75,1.0,1224.7820350265092,0.35,0,0,0.34,0.0
1089,linucb,hard,C,0.75,1.0,1110.971505795042,0.35,1,0,0.36,1.0
1090,linucb,simple,D,0.85,0.34765071458871627,440.57132211721813,0.22,1,0,0.36,1.0
1091,linucb,hard,A,0.95,0.4581261596425234,2146.595355606206,1.0,0,0,0.36,0.0
1092,linucb,simple,B,0.95,0.45073672078343063,404.1049175389626,0.1,1,0,0.36,1.0
1093,linucb,hard,C,0.75,0.8996953599999999,885.6726727338269,0.35,0,0,0.34,0.0
1094,linucb,hard,C,0.75,1.0,1068.3205637644592,0.35,0,0,0.32,0.0
1095,linucb,simple,B,0.95,0.607164454585726,496.9332930893279,0.1,1,0,0.34,1.0
1096,linucb,simple,D,0.85,0.46145041262837777,464.7704676407481,0.22,1,0,0.36,1.0
1097,linucb,hard,A,0.95,0.512755660800647,2397.3446046394156,1.0,0,0,0.36,0.0
1098,linucb,hard,C,0.75,0.8996953599999999,1112.9236531111494,0.35,0,0,0.34,0.0
1099,linucb,hard,C,0.75,1.0,1212.0968252233959,0.35,0,0,0.34,0.0
1100,linucb,hard,C,0.75,1.0,1023.9496917440582,0.35,0,0,0.32,0.0
1101,linucb,hard,C,0.75,1.0,1049.1506450960069,0.35,0,0,0.3,0.0
1102,linucb,hard,C,0.75,1.0,1204.3431354740858,0.35,0,0,0.3,0.0
1103,linucb,hard,C,0.75,1.0,1194.2962821186486,0.35,0,0,0.28,0.0
1104,linucb,simple,B,0.95,0.4921544240912966,399.00988549249325,0.1,1,0,0.3,1.0
1105,linucb,simple,D,0.85,0.4460390798828915,599.800922100592,0.22,1,0,0.32,1.0
1106,linucb,simple,B,0.95,0.6811243860163001,505.6023591501696,0.1,1,0,0.34,1.0
1107,linucb,simple,B,0.95,0.8993894596943441,666.3676084275331,0.1,1,0,0.36,1.0
1108,linucb,hard,A,0.95,0.42566659774884696,2228.98535525417,1.0,0,0,0.34,0.0
1109,linucb,hard,E,0.9,0.3094582679598176,855.3126135086459,0.6,0,0,0.34,0.0
1110,linucb,hard,A,0.95,0.629636213296707,2652.783409844884,1.0,0,0,0.32,0.0
1111,linucb,hard,C,0.75,0.6596345248055295,640.505646574464,0.35,0,0,0.32,0.0
1112,linucb,hard,C,0.75,0.880478381828866,1065.7562988934446,0.35,0,0,0.32,0.0
1113,linucb,hard,C,0.75,1.0,1191.4970146602586,0.35,0,0,0.32,0.0
1114,linucb,hard,C,0.75,1.0,1195.7383418247828,0.35,0,0,0.32,0.0
1115,linucb,simple,D,0.85,0.42422231908572094,513.946812923778,0.22,1,0,0.34,1.0
1116,linucb,hard,A,0.95,0.5924056306421931,2719.8963133349716,1.0,0,0,0.34,0.0
1117,linucb,simple,B,0.95,0.5504808423374437,431.635057796179,0.1,1,0,0.36,1.0
1118,linucb,hard,A,0.95,0.7587589203693144,2792.6197452954207,1.0,0,0,0.36,0.0
1119,linucb,simple,B,0.95,0.7262923643061163,461.7296126979024,0.1,1,0,0.36,1.0
1120,linucb,simple,B,0.95,0.9391372805893823,588.7333473072989,0.1,1,0,0.38,1.0
1121,linucb,simple,B,0.95,1.0,735.8733166687291,0.1,1,0,0.4,1.0
1122,linucb,simple,B,0.95,1.0,593.9003208806573,0.1,1,0,0.42,1.0
1123,linucb,hard,C,0.75,0.6164783818288659,778.6847127181263,0.35,0,0,0.42,0.0
1124,linucb,hard,A,0.95,0.6523707435033252,2287.5149668276363,1.0,0,0,0.4,0.0
1125,linucb,hard,E,0.9,0.34002440135171114,846.4590791020339,0.6,0,0,0.38,0.0
1126,linucb,simple,D,0.85,0.4039687703211039,432.79608515832103,0.22,1,0,0.4,1.0
1127,linucb,simple,B,0.95,0.8277319167999999,531.3775455797013,0.1,1,0,0.4,1.0
1128,linucb,hard,A,0.95,0.6912237078786944,2825.812659693817,1.0,0,0,0.38,0.0
1129,linucb,hard,C,0.75,0.5862950799353126,739.7925161523411,0.35,0,0,0.38,0.0
1130,linucb,simple,D,0.85,0.5422581971464717,542.8548205907174,0.22,1,0,0.4,1.0
1131,linucb,hard,A,0.95,0.7710496026555096,2964.0781184366097,1.0,0,0,0.4,0.0
1132,linucb,hard,C,0.75,0.6995436807136773,844.738941012956,0.35,0,0,0.38,0.0
1133,linucb,hard,C,0.75,0.9155984390280361,870.7125657783995,0.35,0,0,0.38,0.0
1134,linucb,simple,B,0.95,0.638273834732657,460.6280715525338,0.1,0,0,0.38,0.0
1135,linucb,hard,C,0.75,1.0,1022.0933749435004,0.35,0,0,0.38,0.0
1136,linucb,hard,C,0.75,1.0,1020.393664203527,0.35,0,0,0.36,0.0
1137,linucb,hard,C,0.75,1.0,1263.6193850748464,0.35,0,0,0.36,0.0
1138,linucb,hard,C,0.75,1.0,1166.210996361775,0.35,0,0,0.36,0.0
1139,linucb,hard,C,0.75,1.0,1213.0150407178917,0.35,0,0,0.34,0.0
1140,linucb,simple,D,0.85,0.45101943715439113,497.4228422894349,0.22,1,0,0.34,1.0
1141,linucb,hard,A,0.95,0.5147380668912211,2340.745587456167,1.0,0,0,0.34,0.0
1142,linucb,hard,E,0.9,0.3387004051142112,873.2801354118325,0.6,0,0,0.32,0.0
1143,linucb,hard,A,0.95,0.6986131590005616,2905.653408636585,1.0,0,0,0.32,0.0
1144,linucb,hard,A,0.95,0.9147795799204943,3453.17699237556,1.0,0,0,0.32,0.0
1145,linucb,simple,B,0.95,0.4564286996221917,383.06308700300974,0.1,1,0,0.32,1.0
1146,linucb,simple,D,0.85,0.5094552698335186,471.25645194152776,0.22,1,0,0.32,1.0
1147,linucb,hard,C,0.75,0.6596345248055295,801.5460796172781,0.35,0,0,0.32,0.0
1148,linucb,hard,A,0.95,0.8485890695010696,2576.3174055653844,1.0,0,0,0.32,0.0
1149,linucb,hard,E,0.9,0.43841859005078376,924.8733844708261,0.6,0,0,0.32,0.0
1150,linucb,hard,A,0.95,0.9571473754216284,3215.9293767016743,1.0,0,0,0.32,0.0
1151,linucb,hard,A,0.95,1.0,3844.6137425693964,1.0,0,0,0.32,0.0
1152,linucb,hard,A,0.95,1.0,3615.0344747645586,1.0,0,0,0.32,0.0
1153,linucb,hard,A,0.95,1.0,3616.2042051132553,1.0,0,0,0.32,0.0
1154,linucb,hard,C,0.75,0.5695765328110887,705.572183553913,0.35,0,0,0.3,0.0
1155,linucb,hard,A,0.95,1.0,3760.8637867282223,1.0,0,0,0.28,0.0
1156,linucb,hard,A,0.95,1.0,3768.32384955335,1.0,0,0,0.26,0.0
1157,linucb,hard,A,0.95,1.0,3504.061304259645,1.0,0,0,0.24,0.0
1158,linucb,simple,B,0.95,0.38662588457398034,327.5345305190745,0.1,1,0,0.26,1.0
1159,linucb,hard,C,0.75,0.600583715424694,713.153087187344,0.35,0,0,0.26,0.0
1160,linucb,hard,E,0.9,0.40744800460223213,927.0982240818789,0.6,0,0,0.26,0.0
1161,linucb,hard,A,0.95,0.8996953599999999,2870.3344827955757,1.0,0,0,0.26,0.0
1162,linucb,hard,A,0.95,1.0,3526.9020659277235,1.0,0,0,0.26,0.0
1163,linucb,hard,A,0.95,1.0,3218.930979394796,1.0,0,0,0.26,0.0
1164,linucb,hard,A,0.95,1.0,3457.4862624478938,1.0,0,0,0.26,0.0
1165,linucb,hard,A,0.95,1.0,3709.770056477149,1.0,0,0,0.24,0.0
1166,linucb,hard,C,0.75,0.5454439080712491,669.4238736547754,0.35,0,0,0.24,0.0
1167,linucb,hard,C,0.75,0.7799906391026992,956.3403359877552,0.35,0,0,0.22,0.0
1168,linucb,hard,C,0.75,0.9863917624103753,940.337280023908,0.35,0,0,0.22,0.0
1169,linucb,hard,C,0.75,1.0,1218.3612861171182,0.35,0,0,0.2,0.0
1170,linucb,hard,C,0.75,1.0,1113.027243788672,0.35,0,0,0.18,0.0
1171,linucb,hard,C,0.75,1.0,1024.9563084608985,0.35,0,0,0.16,0.0
1172,linucb,hard,C,0.75,1.0,1110.9339608136133,0.35,0,0,0.14,0.0
1173,linucb,hard,C,0.75,1.0,1079.5646548399825,0.35,0,0,0.14,0.0
1174,linucb,hard,C,0.75,1.0,1148.8545507033498,0.35,0,0,0.14,0.0
1175,linucb,simple,D,0.85,0.31250557172182253,384.682719098904,0.22,1,0,0.16,1.0
1176,linucb,hard,A,0.95,0.5450808588882738,2652.302574213825,1.0,0,0,0.14,0.0
1177,linucb,hard,E,0.9,0.346374327190633,749.0208005279561,0.6,0,0,0.12,0.0
1178,linucb,simple,B,0.95,0.3299877837003941,358.30426502338963,0.1,1,0,0.14,1.0
1179,linucb,hard,A,0.95,0.6714573430683097,2415.341372302895,1.0,0,0,0.14,0.0
1180,linucb,simple,D,0.85,0.46491916437543723,503.7183197163833,0.22,1,0,0.14,1.0
1181,linucb,simple,B,0.95,0.524877434933875,457.44603005493434,0.1,1,0,0.16,1.0
1182,linucb,hard,A,0.95,0.7575793784954472,2552.171444793125,1.0,0,0,0.16,0.0
1183,linucb,simple,D,0.85,0.616829392785258,625.4062401154001,0.22,1,0,0.18,1.0
1184,linucb,hard,C,0.75,0.5785009760094021,880.2172356333231,0.35,0,0,0.18,0.0
1185,linucb,hard,A,0.95,0.8162691342220494,2915.2965367156817,1.0,0,0,0.18,0.0
1186,linucb,simple,B,0.95,0.5769945748227211,485.5259714524822,0.1,1,0,0.2,1.0
1187,linucb,simple,B,0.95,0.8077552258439946,538.3194628037868,0.1,1,0,0.22,1.0
1188,linucb,hard,E,0.9,0.38488971760472834,791.8169914206892,0.6,0,0,0.22,0.0
1189,linucb,hard,A,0.95,0.7895128123041802,3218.5214586245756,1.0,0,0,0.22,0.0
1190,linucb,simple,D,0.85,0.5520831199550109,538.1836331498114,0.22,1,0,0.22,1.0
1191,linucb,hard,C,0.75,0.5364192313712232,654.5850605285334,0.35,0,0,0.22,0.0
1192,linucb,hard,A,0.95,0.8380308752265544,2762.4327731780413,1.0,0,0,0.22,0.0
1193,linucb,hard,A,0.95,1.0,3692.9048076747818,1.0,0,0,0.22,0.0
1194,linucb,hard,A,0.95,1.0,3367.7743955497735,1.0,0,0,0.22,0.0
1195,linucb,simple,B,0.95,0.5904966668055882,507.1332303082836,0.1,1,0,0.22,1.0
1196,linucb,hard,E,0.9,0.43841963069331097,863.2931768838158,0.6,0,0,0.2,0.0
1197,linucb,simple,D,0.85,0.5256228982933802,460.3638611416043,0.22,1,0,0.22,1.0
1198,linucb,simple,B,0.95,0.7024069445213379,525.620557075093,0.1,1,0,0.24,1.0
1199,linucb,hard,C,0.75,0.4929148753707373,750.8652145093965,0.35,0,0,0.24,0.0
1200,linucb,simple,D,0.85,0.6581972877457863,663.5119885618144,0.22,1,0,0.26,1.0
1201,linucb,hard,A,0.95,0.70867559636992,2656.143905385169,1.0,0,0,0.26,0.0
1202,linucb,hard,A,0.95,0.9236345248055295,3142.3867415171194,1.0,0,0,0.26,0.0
1203,linucb,hard,A,0.95,1.0,4018.1214393067294,1.0,0,0,0.26,0.0
1204,linucb,hard,A,0.95,1.0,3624.273214291728,1.0,0,0,0.26,0.0
1205,linucb,hard,A,0.95,1.0,3028.3499646730725,1.0,0,0,0.26,0.0
1206,linucb,hard,C,0.75,0.5014422806517409,717.8724306289739,0.35,1,0,0.28,1.0
1207,linucb,hard,C,0.75,0.741269206973532,727.3860552789234,0.35,0,0,0.28,0.0
1208,linucb,hard,C,0.75,0.9523169021367082,1047.2139215675177,0.35,0,0,0.26,0.0
1209,linucb,hard,C,0.75,1.0,1135.6374824629931,0.35,1,0,0.28,1.0
1210,linucb,hard,C,0.75,1.0,1107.939484874197,0.35,0,0,0.28,0.0
1211,linucb,hard,C,0.75,1.0,1146.890293254266,0.35,0,0,0.28,0.0
1212,linucb,simple,B,0.95,0.4173130177755723,416.1084251792845,0.1,1,0,0.3,1.0
1213,linucb,hard,C,0.75,1.0,1017.3823153780886,0.35,0,0,0.3,0.0
1214,linucb,simple,D,0.85,0.4099293090984086,509.3352289606423,0.22,1,0,0.32,1.0
1215,linucb,simple,B,0.95,0.5843871368495548,500.35993470735684,0.1,1,0,0.34,1.0
1216,linucb,simple,D,0.85,0.6174492569658077,590.4617349271998,0.22,1,0,0.36,1.0
1217,linucb,hard,A,0.95,0.515671155821681,2361.972940447869,1.0,0,0,0.36,0.0
1218,linucb,hard,E,0.9,0.3263335117595519,878.585114370349,0.6,0,0,0.36,0.0
1219,linucb,hard,A,0.95,0.6993357430683098,2565.0449292496533,1.0,0,0,0.36,0.0
1220,linucb,hard,C,0.75,0.70867559636992,870.1186126738434,0.35,0,0,0.36,0.0
1221,linucb,simple,B,0.95,0.5713917746169339,429.4562416329768,0.1,1,0,0.38,1.0
1222,linucb,hard,C,0.75,0.848798381828866,840.2933700714334,0.35,0,0,0.38,0.0
1223,linucb,hard,C,0.75,1.0,1054.0315078750357,0.35,0,0,0.38,0.0
1224,linucb,simple,D,0.85,0.5220560701204255,564.8810731351538,0.22,1,0,0.4,1.0
1225,linucb,hard,C,0.75,1.0,1200.2979608301569,0.35,0,0,0.38,0.0
1226,linucb,simple,B,0.95,0.6015416764623481,508.73397426106357,0.1,1,0,0.4,1.0
1227,linucb,simple,D,0.85,0.6557665942171066,670.0225971698719,0.22,1,0,0.42,1.0
1228,linucb,hard,A,0.95,0.5213246443213463,2430.2452073419304,1.0,0,0,0.4,0.0
1229,linucb,simple,B,0.95,0.7099338093421492,517.9163105667178,0.1,1,0,0.42,1.0
1230,linucb,hard,A,0.95,0.7037138045624506,2582.6293889599233,1.0,0,0,0.4,0.0
1231,linucb,hard,E,0.9,0.361935038584787,865.2953456358438,0.6,0,0,0.38,0.0
1232,linucb,hard,C,0.75,0.70867559636992,793.3350997267011,0.35,0,0,0.38,0.0
1233,linucb,simple,D,0.85,0.6045406863308493,613.1597268993819,0.22,0,0,0.36,0.0
1234,linucb,hard,A,0.95,0.7220139033640485,2536.7042203504584,1.0,0,0,0.36,0.0
1235,linucb,hard,C,0.75,0.7829425760094022,864.8721822859685,0.35,0,0,0.36,0.0
1236,linucb,hard,C,0.75,0.9889894668882739,960.3778933681417,0.35,0,0,0.34,0.0
1237,linucb,hard,C,0.75,1.0,1047.2744883527023,0.35,0,0,0.32,0.0
1238,linucb,hard,C,0.75,1.0,915.5492574758425,0.35,0,0,0.32,0.0
1239,linucb,hard,C,0.75,1.0,1081.741099715003,0.35,0,0,0.32,0.0
1240,linucb,hard,C,0.75,1.0,1124.1997326113776,0.35,0,0,0.3,0.0
1241,linucb,hard,C,0.75,1.0,1056.9585757362163,0.35,0,0,0.3,0.0
1242,linucb,hard,C,0.75,1.0,1135.080680555041,0.35,0,0,0.3,0.0
1243,linucb,hard,A,0.95,0.5285017917945973,2289.652976520029,1.0,0,0,0.3,0.0
1244,linucb,hard,C,0.75,1.0,1236.207868595818,0.35,0,0,0.3,0.0
1245,linucb,simple,B,0.95,0.39182070301624305,363.53102517749943,0.1,1,0,0.3,1.0
1246,linucb,hard,A,0.95,0.6601591730578478,2221.601166634194,1.0,0,0,0.3,0.0
1247,linucb,simple,D,0.85,0.4009678119425728,476.3154594817627,0.22,1,0,0.3,1.0
1248,linucb,simple,B,0.95,0.5670148381258853,436.9193683444443,0.1,1,0,0.3,1.0
1249,linucb,hard,E,0.9,0.33625089450953255,898.7992962789737,0.6,0,0,0.3,0.0
1250,linucb,hard,A,0.95,0.6958943929442283,2651.160846885876,1.0,0,0,0.28,0.0
1251,linucb,hard,A,0.95,0.9123870657909208,3074.6093833861632,1.0,0,0,0.28,0.0
1252,linucb,hard,A,0.95,1.0,3570.305718595413,1.0,0,0,0.28,0.0
1253,linucb,simple,B,0.95,0.5992318273782151,482.5176008956707,0.1,1,0,0.3,1.0
1254,linucb,simple,D,0.85,0.46386575967077287,511.9439978970374,0.22,1,0,0.32,1.0
1255,linucb,hard,C,0.75,0.5450808588882738,691.0732018920761,0.35,0,0,0.32,0.0
1256,linucb,simple,B,0.95,0.708359711867087,508.90403664831433,0.1,1,0,0.32,1.0
1257,linucb,hard,E,0.9,0.42092743066237,938.9180295768359,0.6,0,0,0.32,0.0
1258,linucb,hard,A,0.95,0.764404086784,2822.081323868646,1.0,0,0,0.32,0.0
1259,linucb,hard,C,0.75,0.6268824619001125,777.2710380626828,0.35,0,0,0.3,0.0
1260,linucb,hard,A,0.95,0.8919545248055296,2834.670850666666,1.0,0,0,0.3,0.0
1261,linucb,hard,A,0.95,1.0,3278.238819693038,1.0,0,0,0.3,0.0
1262,linucb,hard,A,0.95,1.0,3879.9916223778487,1.0,0,0,0.28,0.0
1263,linucb,simple,D,0.85,0.44680348500642386,532.4390131359331,0.22,0,0,0.28,0.0
1264,linucb,hard,C,0.75,0.6308258832268494,881.0400586703498,0.35,0,0,0.26,0.0
1265,linucb,simple,B,0.95,0.5241805353644575,460.4037864892681,0.1,1,0,0.26,1.0
1266,linucb,hard,E,0.9,0.4332144321234091,890.0517735193508,0.6,0,0,0.24,0.0
1267,linucb,hard,A,0.95,0.8277319167999999,2671.379154248416,1.0,0,0,0.24,0.0
1268,linucb,hard,A,0.95,1.0,3973.452804103241,1.0,0,0,0.24,0.0
1269,linucb,hard,A,0.95,1.0,4096.26736246867,1.0,0,0,0.24,0.0
1270,linucb,hard,A,0.95,1.0,3634.782886480933,1.0,0,0,0.24,0.0
1271,linucb,hard,C,0.75,0.5578031440333142,684.7836848274108,0.35,0,0,0.22,0.0
1272,linucb,hard,A,0.95,1.0,3298.413789727123,1.0,0,0,0.22,0.0
1273,linucb,hard,A,0.95,1.0,4024.1998732242832,1.0,0,0,0.22,0.0
1274,linucb,hard,A,0.95,1.0,3276.730265861484,1.0,0,0,0.2,0.0
1275,linucb,hard,A,0.95,1.0,4015.4073883830433,1.0,0,0,0.2,0.0
1276,linucb,hard,A,0.95,1.0,3631.545466263378,1.0,0,0,0.18,0.0
1277,linucb,hard,C,0.75,0.5590460597100353,717.4183040742452,0.35,0,0,0.16,0.0
1278,linucb,simple,B,0.95,0.39948454729072647,383.42363536794755,0.1,0,0,0.16,0.0
1279,linucb,hard,E,0.9,0.38222003441932617,826.288425133458,0.6,0,0,0.14,0.0
1280,linucb,hard,A,0.95,0.8996953599999999,3380.194348026515,1.0,0,0,0.14,0.0
1281,linucb,hard,A,0.95,1.0,3318.3385979852083,1.0,0,0,0.14,0.0
1282,linucb,hard,A,0.95,1.0,4370.760785616363,1.0,0,0,0.14,0.0
1283,linucb,hard,A,0.95,1.0,3757.60924073928,1.0,0,0,0.14,0.0
1284,linucb,simple,D,0.85,0.3304966873238519,474.9690524292198,0.22,1,0,0.16,1.0
1285,linucb,hard,C,0.75,0.5010522640282223,713.3138468408293,0.35,0,0,0.16,0.0
1286,linucb,simple,B,0.95,0.44366843533205247,378.05156144574613,0.1,1,0,0.18,1.0
1287,linucb,simple,B,0.95,0.6904282230922061,544.1162710139351,0.1,1,0,0.2,1.0
1288,linucb,hard,A,0.95,0.8277319167999999,2709.786683465966,1.0,0,0,0.2,0.0
1289,linucb,hard,E,0.9,0.4064486526361296,839.4054970705557,0.6,0,0,0.2,0.0
1290,linucb,hard,C,0.75,0.5644212717125934,822.8488883731937,0.35,0,0,0.2,0.0
1291,linucb,hard,C,0.75,0.7966907191070822,899.815193417452,0.35,0,0,0.2,0.0
1292,linucb,simple,D,0.85,0.4188580190955152,480.39432902565335,0.22,1,0,0.22,1.0
1293,linucb,hard,A,0.95,0.7368205510494021,2901.6764275736923,1.0,0,0,0.22,0.0
1294,linucb,hard,C,0.75,0.8429224177313415,802.2670886596256,0.35,0,0,0.22,0.0
1295,linucb,hard,C,0.75,1.0,1061.4284010417055,0.35,0,0,0.2,0.0
1296,linucb,simple,B,0.95,0.5185056068132007,416.19471830706453,0.1,1,0,0.22,1.0
1297,linucb,hard,C,0.75,1.0,1025.7975146157285,0.35,1,0,0.22,1.0
1298,linucb,hard,C,0.75,1.0,1134.118080731979,0.35,0,0,0.2,0.0
1299,linucb,simple,D,0.85,0.471177050748183,497.66301317882073,0.22,0,0,0.2,0.0
1300,linucb,simple,B,0.95,0.6109454065398608,457.6174955469451,0.1,0,0,0.2,0.0
1301,linucb,hard,A,0.95,0.5649861087436002,2474.728460162164,1.0,0,0,0.2,0.0
1302,linucb,simple,B,0.95,0.7731161228244683,591.9241059461848,0.1,1,0,0.22,1.0
1303,linucb,simple,B,0.95,0.9803421880855321,660.5389032290212,0.1,1,0,0.22,1.0
1304,linucb,hard,A,0.95,0.6850222134977186,2137.662942738233,1.0,0,0,0.2,0.0
1305,linucb,hard,E,0.9,0.35256884590358734,810.3587874998186,0.6,0,0,0.2,0.0
1306,linucb,hard,C,0.75,0.6596345248055295,863.9045021769064,0.35,0,0,0.18,0.0
1307,linucb,hard,C,0.75,0.880478381828866,814.6338626982964,0.35,0,0,0.18,0.0
1308,linucb,hard,C,0.75,1.0,1062.4356744247937,0.35,0,0,0.18,0.0
1309,linucb,hard,C,0.75,1.0,1085.5514843171943,0.35,0,0,0.18,0.0
1310,linucb,hard,C,0.75,1.0,1068.874758089826,0.35,0,0,0.18,0.0
1311,linucb,hard,C,0.75,1.0,1218.391220098859,0.35,0,0,0.18,0.0
1312,linucb,simple,D,0.85,0.3894249832357301,418.1360069533852,0.22,1,0,0.2,1.0
1313,linucb,hard,A,0.95,0.5167947216445861,2385.8914042696424,1.0,0,0,0.2,0.0
1314,linucb,hard,C,0.75,0.9814719999999999,974.2937143572132,0.35,0,0,0.2,0.0
1315,linucb,hard,C,0.75,1.0,1184.608306972669,0.35,0,0,0.18,0.0
1316,linucb,hard,C,0.75,1.0,1134.4279590356,0.35,0,0,0.18,0.0
1317,linucb,simple,B,0.95,0.46373257900431786,434.0111679327579,0.1,1,0,0.2,1.0
1318,linucb,hard,A,0.95,0.5727290690456198,2298.454133471284,1.0,0,0,0.2,0.0
1319,linucb,simple,D,0.85,0.45914848726520807,472.40201039793294,0.22,1,0,0.22,1.0
1320,linucb,simple,B,0.95,0.6160207680792305,493.1870659876116,0.1,1,0,0.24,1.0
1321,linucb,simple,B,0.95,0.8420982759097229,536.7894592445896,0.1,1,0,0.26,1.0
1322,linucb,hard,A,0.95,0.6434629652437778,2790.1704686793164,1.0,0,0,0.26,0.0
1323,linucb,hard,E,0.9,0.3353127900801583,805.1904312983138,0.6,0,0,0.26,0.0
1324,linucb,simple,B,0.95,0.8738663962807507,577.8317246157573,0.1,1,0,0.28,1.0
1325,linucb,hard,A,0.95,0.7385019938506077,2822.9674807913534,1.0,0,0,0.28,0.0
1326,linucb,hard,C,0.75,0.5785009760094021,748.4729553627043,0.35,0,0,0.28,0.0
1327,linucb,hard,A,0.95,0.8718959440379106,2440.946274364855,1.0,0,0,0.28,0.0
1328,linucb,simple,D,0.85,0.4453105702688648,538.9479292041631,0.22,1,0,0.3,1.0
1329,linucb,simple,B,0.95,0.7611671883363489,597.8387420125647,0.1,1,0,0.32,1.0
1330,linucb,simple,B,0.95,0.969827125735987,623.6932300441327,0.1,1,0,0.34,1.0
1331,linucb,hard,C,0.75,0.6052934289401126,690.6931315075111,0.35,0,0,0.34,0.0
1332,linucb,hard,A,0.95,0.760127317797272,3279.190440379421,1.0,0,0,0.34,0.0
1333,linucb,hard,E,0.9,0.39338493930575985,820.7293839490055,0.6,0,0,0.34,0.0
1334,linucb,hard,A,0.95,0.8886425949022074,3167.242711180757,1.0,0,0,0.32,0.0
1335,linucb,hard,A,0.95,1.0,3020.29164130826,1.0,0,0,0.32,0.0
1336,linucb,hard,A,0.95,1.0,3954.797855023439,1.0,0,0,0.3,0.0
1337,linucb,hard,A,0.95,1.0,3517.7508753871534,1.0,0,0,0.28,0.0
1338,linucb,simple,D,0.85,0.42401942844718227,455.2401270739017,0.22,1,0,0.3,1.0
1339,linucb,hard,C,0.75,0.517684414684787,596.63321030852,0.35,0,0,0.3,0.0
1340,linucb,hard,C,0.75,0.7555622849226125,882.8979553266634,0.35,0,0,0.3,0.0
1341,linucb,hard,C,0.75,0.9648948107318989,969.1573821583481,0.35,0,0,0.3,0.0
1342,linucb,simple,B,0.95,0.5091637371546991,442.9616193894395,0.1,1,0,0.3,1.0
1343,linucb,hard,C,0.75,1.0,984.1364609365115,0.35,0,0,0.3,0.0
1344,linucb,simple,D,0.85,0.49691635544668733,553.8315256046399,0.22,1,0,0.32,1.0
1345,linucb,hard,C,0.75,1.0,993.5355615432837,0.35,0,0,0.32,0.0
1346,linucb,simple,B,0.95,0.6053431306519327,446.8911368063184,0.1,1,0,0.32,1.0
1347,linucb,simple,B,0.95,0.8327019549737007,564.2803447205949,0.1,1,0,0.32,1.0
1348,linucb,hard,A,0.95,0.5450808588882738,2337.88100124848,1.0,0,0,0.32,0.0
1349,linucb,hard,E,0.9,0.3508792245245059,822.6597170961039,0.6,0,0,0.32,0.0
1350,linucb,hard,A,0.95,0.7221106171230792,2690.0189771938917,1.0,0,0,0.32,0.0
1351,linucb,hard,A,0.95,0.9354573430683097,3226.0010819056342,1.0,0,0,0.32,0.0
1352,linucb,simple,D,0.85,0.478708277359165,562.4530545190983,0.22,1,0,0.32,1.0
1353,linucb,simple,B,0.95,0.686710190962813,565.3002989608797,0.1,1,0,0.32,1.0
1354,linucb,simple,B,0.95,0.9043049680472754,573.9158222074085,0.1,1,0,0.34,1.0
1355,linucb,hard,C,0.75,0.5785009760094021,707.8025623561103,0.35,0,0,0.34,0.0
1356,linucb,hard,A,0.95,0.7936706967420744,2826.717074349444,1.0,0,0,0.34,0.0
1357,linucb,hard,E,0.9,0.42618828317600344,900.1943518378853,0.6,0,0,0.34,0.0
1358,linucb,simple,D,0.85,0.5223140803829248,545.5680380378111,0.22,1,0,0.36,1.0
1359,linucb,hard,A,0.95,0.840864357050215,2794.715526589086,1.0,0,0,0.36,0.0
1360,linucb,hard,C,0.75,0.6052934289401126,771.1099053440846,0.35,0,0,0.36,0.0
1361,linucb,simple,B,0.95,0.6695673721170018,551.5810681914378,0.1,1,0,0.38,1.0
1362,linucb,simple,B,0.95,0.8892192874629616,700.9552846857825,0.1,1,0,0.38,1.0
1363,linucb,hard,A,0.95,0.8042624533123972,3092.2201171538177,1.0,0,0,0.38,0.0
1364,linucb,simple,B,0.95,0.9886114162113175,626.8971157503191,0.1,1,0,0.4,1.0
1365,linucb,hard,C,0.75,0.6194326614810102,876.4810494791582,0.35,0,0,0.4,0.0
1366,linucb,simple,D,0.85,0.4878421760977504,473.51666453929835,0.22,1,0,0.42,1.0
1367,linucb,hard,A,0.95,0.7823124614736613,2764.300576061253,1.0,0,0,0.4,0.0
1368,linucb,hard,E,0.9,0.40445059048889376,863.3155953970374,0.6,0,0,0.4,0.0
1369,linucb,simple,B,0.95,0.8217217976475613,525.8169244794159,0.1,1,0,0.4,1.0
1370,linucb,hard,A,0.95,0.833124037745379,3227.2427939359955,1.0,0,0,0.38,0.0
1371,linucb,hard,C,0.75,0.5876670594792712,805.5503540920657,0.35,0,0,0.36,0.0
1372,linucb,hard,C,0.75,0.8171470123417586,908.4874993060281,0.35,0,0,0.36,0.0
1373,linucb,hard,C,0.75,1.0,1050.6875721749302,0.35,0,0,0.36,0.0
1374,linucb,hard,C,0.75,1.0,1153.030231324118,0.35,0,0,0.34,0.0
1375,linucb,hard,C,0.75,1.0,1103.6175256876563,0.35,0,0,0.34,0.0
1376,linucb,hard,C,0.75,1.0,1079.041022355609,0.35,0,0,0.34,0.0
1377,linucb,simple,D,0.85,0.4195607795199612,452.0828704423317,0.22,1,0,0.36,1.0
1378,linucb,hard,A,0.95,0.5996201674186235,2735.793454884897,1.0,0,0,0.34,0.0
1379,linucb,hard,C,0.75,0.9814719999999999,1000.0641903013054,0.35,0,0,0.32,0.0
1380,linucb,simple,B,0.95,0.5013882839346807,462.4225618260074,0.1,1,0,0.32,1.0
1381,linucb,simple,D,0.85,0.5516086527161037,549.7014623116479,0.22,1,0,0.34,1.0
1382,linucb,hard,A,0.95,0.6595894321633716,2716.641877414632,1.0,0,0,0.34,0.0
1383,linucb,simple,B,0.95,0.6416820766295348,465.06721725746223,0.1,1,0,0.36,1.0
1384,linucb,hard,E,0.9,0.3523104225567695,883.7234153853366,0.6,0,0,0.36,0.0
1385,linucb,hard,A,0.95,0.7494917295152372,2791.285513893877,1.0,0,0,0.36,0.0
1386,linucb,simple,D,0.85,0.591101491621335,561.2617040196716,0.22,1,0,0.38,1.0
1387,linucb,hard,A,0.95,0.8804063953365997,3146.137805138008,1.0,0,0,0.38,0.0
1388,linucb,hard,A,0.95,1.0,3822.0253688477405,1.0,0,0,0.36,0.0
1389,linucb,simple,B,0.95,0.5979997788027998,437.0083741842692,0.1,1,0,0.38,1.0
1390,linucb,hard,C,0.75,0.5405400007347919,594.0742090181462,0.35,0,0,0.38,0.0
1391,linucb,hard,E,0.9,0.4439806720457263,871.0347119266551,0.6,0,0,0.38,0.0
1392,linucb,hard,A,0.95,0.8996953599999999,3090.1019723220334,1.0,0,0,0.36,0.0
1393,linucb,hard,A,0.95,1.0,3519.1959487603917,1.0,0,0,0.36,0.0
1394,linucb,simple,D,0.85,0.5125805040510786,511.7059285295786,0.22,1,0,0.36,1.0
1395,linucb,hard,A,0.95,1.0,3262.513585590239,1.0,0,0,0.36,0.0
1396,linucb,simple,B,0.95,0.5443879162313144,489.6787635767923,0.1,1,0,0.36,1.0
1397,linucb,hard,C,0.75,0.5209055071620882,681.5191203267945,0.35,0,0,0.34,0.0
1398,linucb,hard,A,0.95,0.9814719999999999,2601.347271633316,1.0,0,0,0.34,0.0
1399,linucb,hard,A,0.95,1.0,3760.9895481972376,1.0,0,0,0.34,0.0
1400,linucb,hard,A,0.95,1.0,3008.104893904979,1.0,0,0,0.34,0.0
1401,linucb,hard,A,0.95,1.0,3130.118351385768,1.0,0,0,0.34,0.0
1402,linucb,hard,A,0.95,1.0,3640.551963130259,1.0,0,0,0.32,0.0
1403,linucb,simple,D,0.85,0.4622206484791098,508.0275943566735,0.22,0,0,0.3,0.0
1404,linucb,hard,E,0.9,0.38426336573827785,952.7907708452974,0.6,0,0,0.28,0.0
1405,linucb,hard,C,0.75,0.487335604536821,659.8149692088393,0.35,0,0,0.28,0.0
1406,linucb,simple,B,0.95,0.4516125659981457,380.40508911638153,0.1,1,0,0.3,1.0
1407,linucb,hard,A,0.95,0.8277319167999999,2732.59252350134,1.0,0,0,0.3,0.0
1408,linucb,hard,A,0.95,1.0,3533.573166602921,1.0,0,0,0.28,0.0
1409,linucb,hard,A,0.95,1.0,3494.4180207842624,1.0,0,0,0.28,0.0
1410,linucb,hard,A,0.95,1.0,3190.6429020121677,1.0,0,0,0.28,0.0
1411,linucb,hard,A,0.95,1.0,3698.084662974089,1.0,0,0,0.26,0.0
1412,linucb,hard,A,0.95,1.0,3921.2532735754007,1.0,0,0,0.24,0.0
1413,linucb,hard,C,0.75,0.4752627085584151,571.7278838468422,0.35,0,0,0.24,0.0
1414,linucb,hard,E,0.9,0.40701772240276823,858.6382025013929,0.6,0,0,0.22,0.0
1415,linucb,hard,A,0.95,0.9814719999999999,3162.5526173074677,1.0,0,0,0.22,0.0
1416,linucb,hard,A,0.95,1.0,3642.2264897640207,1.0,0,0,0.2,0.0
1417,linucb,hard,A,0.95,1.0,4064.3454331245975,1.0,0,0,0.2,0.0
1418,linucb,simple,B,0.95,0.39739980409241527,358.33863676836256,0.1,1,0,0.22,1.0
1419,linucb,hard,C,0.75,0.520713944150561,729.0176327516778,0.35,0,0,0.2,0.0
1420,linucb,hard,C,0.75,0.7582282708524937,887.8520624914042,0.35,0,0,0.2,0.0
1421,linucb,hard,C,0.75,0.9672408783501945,1010.3461135000816,0.35,0,0,0.2,0.0
1422,linucb,simple,D,0.85,0.3407399145151084,460.75749319253487,0.22,1,0,0.22,1.0
1423,linucb,hard,C,0.75,1.0,1005.970360779812,0.35,0,0,0.22,0.0
1424,linucb,hard,C,0.75,1.0,1175.9876961879495,0.35,1,0,0.24,1.0
1425,linucb,hard,C,0.75,1.0,1244.7228178857379,0.35,0,0,0.24,0.0
1426,linucb,hard,C,0.75,1.0,1159.7412142337225,0.35,0,0,0.24,0.0
1427,linucb,simple,B,0.95,0.425768446938276,417.48003037122857,0.1,1,0,0.24,1.0
1428,linucb,hard,A,0.95,0.5450808588882738,2498.493444365337,1.0,0,0,0.24,0.0
1429,linucb,hard,C,0.75,0.9814719999999999,854.3612224531395,0.35,0,0,0.24,0.0
1430,linucb,simple,B,0.95,0.5901492750719208,519.7744236031169,0.1,1,0,0.24,1.0
1431,linucb,hard,C,0.75,1.0,1031.1185046008115,0.35,0,0,0.22,0.0
1432,linucb,simple,D,0.85,0.3948963987578179,426.61977933644,0.22,1,0,0.24,1.0
1433,linucb,hard,A,0.95,0.587656566472099,2732.168562942967,1.0,0,0,0.22,0.0
1434,linucb,simple,B,0.95,0.6539097819679947,527.4994459363953,0.1,1,0,0.24,1.0
1435,linucb,simple,B,0.95,0.8754406081318353,608.8617294949048,0.1,1,0,0.26,1.0
1436,linucb,hard,E,0.9,0.32444736783863826,729.9683734330378,0.6,0,0,0.24,0.0
1437,linucb,hard,A,0.95,0.6524149161868493,2372.931632479367,1.0,0,0,0.24,0.0
1438,linucb,hard,C,0.75,0.70867559636992,945.5068845923065,0.35,0,0,0.24,0.0
1439,linucb,simple,D,0.85,0.46138452126668494,474.1809093668524,0.22,1,0,0.24,1.0
1440,linucb,hard,A,0.95,0.7446024977636847,2854.053131495766,1.0,0,0,0.24,0.0
1441,linucb,simple,B,0.95,0.7065581961530946,564.0651676804318,0.1,1,0,0.26,1.0
1442,linucb,hard,C,0.75,0.7249894668882739,842.3209208197645,0.35,0,0,0.26,0.0
1443,linucb,hard,C,0.75,0.937990730861681,1019.5287530658709,0.35,0,0,0.26,0.0
1444,linucb,hard,C,0.75,1.0,912.7820575730884,0.35,0,0,0.24,0.0
1445,linucb,simple,B,0.95,0.7237196718029806,519.9447005882179,0.1,0,0,0.24,0.0
1446,linucb,hard,C,0.75,1.0,1193.7279203373612,0.35,0,0,0.22,0.0
1447,linucb,simple,D,0.85,0.465929803058371,458.4263955346387,0.22,1,0,0.24,1.0
1448,linucb,hard,A,0.95,0.5677847654522532,2334.4220141416845,1.0,0,0,0.24,0.0
1449,linucb,hard,C,0.75,0.9814719999999999,992.6738081104237,0.35,0,0,0.24,0.0
1450,linucb,hard,C,0.75,1.0,1035.910367618428,0.35,1,0,0.26,1.0
1451,linucb,hard,C,0.75,1.0,1162.2451545020754,0.35,0,0,0.26,0.0
1452,linucb,hard,C,0.75,1.0,1264.7108022872467,0.35,0,0,0.26,0.0
1453,linucb,simple,D,0.85,0.5163797046947718,553.6093246123063,0.22,1,0,0.28,1.0
1454,linucb,hard,A,0.95,0.5636815654897213,2399.200570428808,1.0,0,0,0.28,0.0
1455,linucb,simple,B,0.95,0.5015566349543343,457.8465969140949,0.1,1,0,0.3,1.0
1456,linucb,hard,E,0.9,0.3251650442381221,917.9567335003526,0.6,0,0,0.28,0.0
1457,linucb,hard,A,0.95,0.6841332037974113,2906.1904043273735,1.0,0,0,0.28,0.0
1458,linucb,simple,D,0.85,0.5725100513551898,617.936443738895,0.22,1,0,0.3,1.0
1459,linucb,hard,C,0.75,0.70867559636992,817.2827635227366,0.35,0,0,0.3,0.0
1460,linucb,hard,C,0.75,0.9236345248055295,961.8319914006809,0.35,0,0,0.3,0.0
1461,linucb,simple,B,0.95,0.5329249510264237,489.62985951401043,0.1,1,0,0.32,1.0
1462,linucb,simple,B,0.95,0.7689739569032528,534.2217590086261,0.1,1,0,0.34,1.0
1463,linucb,hard,A,0.95,0.6177142557481489,2205.626961459084,1.0,0,0,0.34,0.0
1464,linucb,hard,C,0.75,0.8538993388616809,800.2406139392838,0.35,0,0,0.34,0.0
1465,linucb,hard,C,0.75,1.0,894.8753976661542,0.35,1,0,0.36,1.0
1466,linucb,simple,D,0.85,0.505894380265513,606.9242731807718,0.22,0,0,0.36,0.0
1467,linucb,simple,B,0.95,0.7058121002458342,557.5832525034564,0.1,1,0,0.38,1.0
1468,linucb,simple,B,0.95,0.9211146482163342,538.5043251674265,0.1,1,0,0.38,1.0
1469,linucb,hard,A,0.95,0.5868690248341772,2454.3525706821374,1.0,0,0,0.38,0.0
1470,linucb,simple,B,0.95,1.0,727.8787123110314,0.1,1,0,0.4,1.0
1471,linucb,hard,C,0.75,0.764404086784,810.8612618835583,0.35,0,0,0.4,0.0
1472,linucb,hard,C,0.75,0.9726755963699198,912.8624458421909,0.35,0,0,0.38,0.0
1473,linucb,simple,B,0.95,0.9814719999999999,627.3436516089497,0.1,1,0,0.4,1.0
1474,linucb,hard,C,0.75,1.0,1002.2198438986147,0.35,0,0,0.38,0.0
1475,linucb,simple,B,0.95,1.0,670.6468992441642,0.1,1,0,0.4,1.0
1476,linucb,simple,B,0.95,1.0,668.4423778805751,0.1,1,0,0.42,1.0
1477,linucb,hard,A,0.95,0.5110583628693239,2328.495857605673,1.0,0,0,0.4,0.0
1478,linucb,hard,C,0.75,0.8996953599999999,868.679648982575,0.35,0,0,0.4,0.0
1479,linucb,simple,D,0.85,0.39601400662968944,331.5828629066639,0.22,1,0,0.42,1.0
1480,linucb,hard,C,0.75,0.9967240867839999,937.1619693364385,0.35,0,0,0.4,0.0
1481,linucb,hard,C,0.75,1.0,1190.0517206885067,0.35,0,0,0.4,0.0
1482,linucb,hard,C,0.75,1.0,1029.6199251631626,0.35,1,0,0.4,1.0
1483,linucb,hard,C,0.75,1.0,1048.0593336018314,0.35,0,0,0.4,0.0
1484,linucb,hard,C,0.75,1.0,1087.538896671047,0.35,0,0,0.38,0.0
1485,linucb,hard,C,0.75,1.0,1134.3177673462603,0.35,0,0,0.36,0.0
1486,linucb,hard,C,0.75,1.0,1163.451044592111,0.35,0,0,0.36,0.0
1487,linucb,hard,C,0.75,1.0,1160.6935809318852,0.35,0,0,0.36,0.0
1488,linucb,hard,A,0.95,0.42525062251404905,2321.3845505055083,1.0,0,0,0.36,0.0
1489,linucb,hard,C,0.75,1.0,1036.3400835385346,0.35,0,0,0.34,0.0
1490,linucb,simple,B,0.95,0.46701574306830973,437.9077217191535,0.1,1,0,0.36,1.0
1491,linucb,hard,C,0.75,1.0,1189.9780088015732,0.35,0,0,0.34,0.0
1492,linucb,simple,D,0.85,0.37515974270763197,482.17715696805044,0.22,1,0,0.36,1.0
1493,linucb,hard,A,0.95,0.5244183261397324,2425.0870707836357,1.0,0,0,0.36,0.0
1494,linucb,simple,B,0.95,0.5800671741650175,495.03652656872026,0.1,1,0,0.38,1.0
1495,linucb,simple,B,0.95,0.8104591132652155,546.9049804050906,0.1,0,0,0.38,0.0
1496,linucb,hard,A,0.95,0.6573764055510958,2218.63027044484,1.0,0,0,0.38,0.0
1497,linucb,hard,E,0.9,0.30172144602519646,799.8027819174986,0.6,0,0,0.36,0.0
1498,linucb,hard,C,0.75,0.70867559636992,872.2064447362582,0.35,0,0,0.36,0.0
1499,linucb,simple,D,0.85,0.4533186315850273,457.22214119564364,0.22,1,0,0.38,1.0
