t,policy,task_difficulty,chosen_agent,match_score,load,latency_ms,call_cost,success,is_shock,rolling_success,reward_used_for_update
0,random_topL,hard,E,0.9,0.3,711.4767603535806,0.6,0,0,0.0,0.0
1,random_topL,hard,A,0.95,0.3,915.4792472306547,1.0,1,0,0.5,0.0
2,random_topL,hard,E,0.9,0.53232,899.5314909332153,0.6,0,0,0.3333333333333333,0.0
3,random_topL,hard,C,0.75,0.3,564.0572037481909,0.35,0,0,0.25,0.0
4,random_topL,simple,D,0.85,0.3,478.57491435953364,0.22,0,0,0.2,0.0
5,random_topL,hard,C,0.75,0.53232,713.5333309748546,0.35,0,0,0.16666666666666666,0.0
6,random_topL,simple,A,0.8,0.45831957504,1106.3981841248253,1.0,1,0,0.2857142857142857,0.0
7,random_topL,hard,E,0.9,0.580922253950976,938.1934838900855,0.6,0,0,0.25,0.0
8,random_topL,hard,C,0.75,0.66276117504,723.0444891278055,0.35,0,0,0.2222222222222222,0.0
9,random_topL,hard,C,0.75,0.8832298340352001,854.0688728180604,0.35,0,0,0.2,0.0
10,random_topL,hard,C,0.75,1.0,952.8731524946301,0.35,0,0,0.18181818181818182,0.0
11,random_topL,hard,C,0.75,1.0,1231.268721657854,0.35,0,0,0.16666666666666666,0.0
12,random_topL,hard,E,0.9,0.606571214589325,1176.7502190263397,0.6,0,0,0.15384615384615385,0.0
13,random_topL,hard,A,0.95,0.4873040256574803,1222.4146345241286,1.0,1,0,0.21428571428571427,0.0
14,random_topL,hard,C,0.75,0.9814719999999999,1030.1078675867545,0.35,0,0,0.2,0.0
15,random_topL,hard,E,0.9,0.7133612987486164,1263.7657784580565,0.6,0,0,0.1875,0.0
16,random_topL,hard,A,0.95,0.6320840489728544,1227.637265053045,1.0,1,0,0.23529411764705882,0.0
17,random_topL,hard,C,0.75,0.9688456867839998,885.3617766383256,0.35,0,0,0.2222222222222222,0.0
18,random_topL,simple,A,0.8,0.7894858875245785,1390.5828193791497,1.0,1,0,0.2631578947368421,0.0
19,random_topL,hard,E,0.9,0.7277994608631191,1120.8927203656892,0.6,0,0,0.25,0.0
20,random_topL,simple,A,0.8,0.9113778712990335,1611.7775528015668,1.0,1,0,0.2857142857142857,0.0
21,random_topL,hard,A,0.95,1.0,1523.9245651097765,1.0,1,0,0.3181818181818182,0.0
22,random_topL,hard,C,0.75,0.8112907913699325,770.944993298529,0.35,0,0,0.30434782608695654,0.0
23,random_topL,hard,A,0.95,1.0,1843.4743105129805,1.0,1,0,0.3333333333333333,0.0
24,random_topL,simple,A,0.8,1.0,1803.778835528623,1.0,1,0,0.36,0.0
25,random_topL,hard,E,0.9,0.6379930439840243,1215.281977083927,0.6,0,0,0.34615384615384615,0.0
26,random_topL,hard,C,0.75,0.7865273231952766,1027.9265185226834,0.35,0,0,0.3333333333333333,0.0
27,random_topL,hard,E,0.9,0.7940618132612285,1295.6717222790394,0.6,0,0,0.32142857142857145,0.0
28,random_topL,simple,B,0.95,0.3,353.979314776028,0.1,1,0,0.3448275862068966,0.0
29,random_topL,hard,E,0.9,0.9149214681894953,1296.9907543697152,0.6,0,0,0.3333333333333333,0.0
30,random_topL,simple,B,0.95,0.53232,422.9731930285744,0.1,1,0,0.3548387096774194,0.0
31,random_topL,simple,D,0.85,0.30950940628386125,462.02356774555943,0.22,1,0,0.375,0.0
32,random_topL,hard,C,0.75,0.6652665032591665,884.8555346420213,0.35,0,0,0.36363636363636365,0.0
33,random_topL,simple,D,0.85,0.5396840842262222,552.8845697961438,0.22,1,0,0.38235294117647056,0.0
34,random_topL,hard,C,0.75,0.8151823801238984,954.9274906124066,0.35,0,0,0.37142857142857144,0.0
35,random_topL,hard,A,0.95,0.5450808588882738,1417.5794746798224,1.0,1,0,0.3888888888888889,0.0
36,random_topL,simple,D,0.85,0.6677795922458121,541.202464886067,0.22,1,0,0.40540540540540543,0.0
37,random_topL,hard,E,0.9,0.6290373474467066,1023.2950152322416,0.6,0,0,0.39473684210526316,0.0
38,random_topL,simple,D,0.85,0.8171285162351569,650.4282680138543,0.22,1,0,0.41025641025641024,0.0
39,random_topL,hard,E,0.9,0.7871265218627296,1291.832355342774,0.6,0,0,0.4,0.0
40,random_topL,simple,B,0.95,0.4482516395493249,388.99843603917776,0.1,1,0,0.4146341463414634,0.0
41,random_topL,hard,A,0.95,0.5531377784954472,1231.8553908282724,1.0,1,0,0.42857142857142855,0.0
42,random_topL,hard,C,0.75,0.5931677279056988,747.8919430958624,0.35,0,0,0.4186046511627907,0.0
43,random_topL,hard,E,0.9,0.7720361228940175,1161.9109664306097,0.6,0,0,0.4090909090909091,0.0
44,random_topL,hard,E,0.9,0.9793917881467353,1371.9323432364042,0.6,0,0,0.4,0.0
45,random_topL,hard,A,0.95,0.6317141592044275,1349.710559884661,1.0,1,0,0.41304347826086957,0.0
46,random_topL,hard,E,0.9,1.0,1517.55503473108,0.6,0,0,0.40425531914893614,0.0
47,random_topL,hard,A,0.95,0.7891994448879087,1418.5963112551992,1.0,1,0,0.4166666666666667,0.0
48,random_topL,hard,C,0.75,0.5754695169877864,618.2667918775765,0.35,0,0,0.40816326530612246,0.0
49,random_topL,hard,C,0.75,0.806413174949252,825.0924401241666,0.35,1,0,0.42,0.0
50,random_topL,hard,C,0.75,1.0,1035.531865402623,0.35,0,0,0.42,0.0
51,random_topL,hard,C,0.75,1.0,1151.1853167557667,0.35,0,0,0.4,0.0
52,random_topL,hard,A,0.95,0.7164857357881921,1532.1696488308169,1.0,1,0,0.42,0.0
53,random_topL,simple,A,0.8,0.930507447493609,1601.5062355889197,1.0,1,0,0.44,0.0
54,random_topL,hard,A,0.95,1.0,1689.2036418535447,1.0,1,0,0.46,0.0
55,random_topL,hard,C,0.75,0.8996953599999999,818.0377280255419,0.35,0,0,0.46,0.0
56,random_topL,hard,C,0.75,1.0,1150.7100076831102,0.35,1,0,0.46,0.0
57,random_topL,simple,B,0.95,0.35101845624815753,341.4406700548619,0.1,1,0,0.48,0.0
58,random_topL,hard,E,0.9,0.515671155821681,862.7123866329098,0.6,0,0,0.48,0.0
59,random_topL,hard,A,0.95,0.8277319167999999,1371.7627308711105,1.0,1,0,0.5,0.0
60,random_topL,simple,B,0.95,0.5392092494163444,495.3873017248484,0.1,1,0,0.52,0.0
61,random_topL,hard,E,0.9,0.6514154539001126,1150.4022774184277,0.6,0,0,0.52,0.0
62,random_topL,hard,E,0.9,0.8732455994320991,1283.6358936716356,0.6,0,0,0.52,0.0
63,random_topL,hard,E,0.9,1.0,1461.9143901371456,0.6,0,0,0.5,0.0
64,random_topL,simple,D,0.85,0.32943336002654855,444.5796495642202,0.22,1,0,0.52,0.0
65,random_topL,simple,D,0.85,0.5899013568233626,526.6403277618567,0.22,1,0,0.54,0.0
66,random_topL,hard,E,0.9,0.9814719999999999,1571.2388495851515,0.6,1,0,0.54,0.0
67,random_topL,hard,A,0.95,0.5976809745647381,1060.1572218657038,1.0,1,0,0.56,0.0
68,random_topL,hard,A,0.95,0.8259592576169696,1558.391016638803,1.0,1,0,0.56,0.0
69,random_topL,hard,E,0.9,0.9688456867839998,1410.4536853214533,0.6,0,0,0.56,0.0
70,random_topL,hard,E,0.9,1.0,1591.5635265241217,0.6,0,0,0.54,0.0
71,random_topL,simple,A,0.8,0.8628681072067514,1475.6818920255103,1.0,1,0,0.54,0.0
72,random_topL,simple,A,0.8,1.0,1546.3074663182895,1.0,1,0,0.56,0.0
73,random_topL,hard,E,0.9,0.9814719999999999,1469.1227520841007,0.6,0,0,0.54,0.0
74,random_topL,hard,A,0.95,1.0,1697.7596965841897,1.0,1,0,0.54,0.0
75,random_topL,hard,A,0.95,1.0,2064.3326937263505,1.0,1,0,0.56,0.0
76,random_topL,simple,B,0.95,0.3697397020718703,384.8588863053452,0.1,1,0,0.58,0.0
77,random_topL,hard,A,0.95,1.0,1923.6146439717434,1.0,1,0,0.6,0.0
78,random_topL,hard,A,0.95,1.0,1764.1395706098183,1.0,1,0,0.6,0.0
79,random_topL,hard,C,0.75,0.3528568721062043,644.3271330515912,0.35,1,0,0.62,0.0
80,random_topL,hard,E,0.9,0.7011036549203781,1216.7582520707556,0.6,0,0,0.6,0.0
81,random_topL,hard,C,0.75,0.5732523617590446,720.583861598942,0.35,0,0,0.58,0.0
82,random_topL,hard,C,0.75,0.8044620783479592,891.3949272514581,0.35,0,0,0.58,0.0
83,random_topL,simple,A,0.8,0.8277319167999999,1433.5492438268725,1.0,0,0,0.56,0.0
84,random_topL,hard,C,0.75,0.9229754334726596,1007.4668558501622,0.35,0,0,0.56,0.0
85,random_topL,hard,A,0.95,0.9409955963699199,1666.7994670720088,1.0,1,0,0.56,0.0
86,random_topL,simple,D,0.85,0.34026386954143706,442.03136145786345,0.22,1,0,0.56,0.0
87,random_topL,hard,E,0.9,0.586523954291716,1118.7556517939329,0.6,0,0,0.56,0.0
88,random_topL,hard,C,0.75,0.8535040848475426,1032.139175944988,0.35,0,0,0.54,0.0
89,random_topL,hard,A,0.95,0.8643106929234738,1498.0718095151049,1.0,1,0,0.56,0.0
90,random_topL,hard,E,0.9,0.6996996521790843,1004.637976679957,0.6,0,0,0.54,0.0
91,random_topL,hard,C,0.75,0.8816391357092246,943.922851558454,0.35,0,0,0.52,0.0
92,random_topL,simple,A,0.8,0.8890035365279456,1357.2173376482747,1.0,1,0,0.54,0.0
93,random_topL,hard,C,0.75,0.9827413466932235,1126.4322152478267,0.35,0,0,0.54,0.0
94,random_topL,hard,E,0.9,0.7196066348054106,1044.1541726742917,0.6,0,0,0.54,0.0
95,random_topL,hard,A,0.95,0.9058310180447722,1615.5022590408041,1.0,1,0,0.54,0.0
96,random_topL,simple,D,0.85,0.3947638197680261,433.60316429202294,0.22,1,0,0.56,0.0
97,random_topL,hard,A,0.95,1.0,1792.3452826983894,1.0,1,0,0.56,0.0
98,random_topL,simple,B,0.95,0.3222082774374988,372.11533230082233,0.1,1,0,0.58,0.0
99,random_topL,simple,A,0.8,1.0,1579.86423697444,1.0,1,0,0.58,0.0
100,random_topL,hard,C,0.75,0.7016224059372316,693.2459898156411,0.35,0,0,0.58,0.0
101,random_topL,simple,D,0.85,0.5083294672894701,592.7806514068283,0.22,1,0,0.6,0.0
102,random_topL,hard,C,0.75,0.843336391157792,980.6189556435409,0.35,0,0,0.58,0.0
103,random_topL,hard,E,0.9,0.5277399433365321,917.8191895093003,0.6,1,0,0.58,0.0
104,random_topL,hard,C,0.75,0.953079701312594,1049.0145277880465,0.35,0,0,0.56,0.0
105,random_topL,hard,E,0.9,0.7086818121198104,1211.685700801058,0.6,0,0,0.56,0.0
106,random_topL,hard,A,0.95,0.70867559636992,1280.79213330289,1.0,0,0,0.54,0.0
107,random_topL,hard,E,0.9,0.8488031953055812,1428.2204654402242,0.6,1,0,0.54,0.0
108,random_topL,hard,E,0.9,1.0,1574.7248975273228,0.6,0,0,0.54,0.0
109,random_topL,simple,D,0.85,0.4828128264132966,512.4555242585244,0.22,1,0,0.54,0.0
110,random_topL,simple,D,0.85,0.724875287243701,641.5040130999482,0.22,0,0,0.52,0.0
111,random_topL,hard,C,0.75,0.6895004153219895,752.543492599349,0.35,0,0,0.52,0.0
112,random_topL,hard,E,0.9,0.8996953599999999,1467.7202923724594,0.6,0,0,0.52,0.0
113,random_topL,hard,C,0.75,0.8339491216253487,950.1182247393086,0.35,0,0,0.52,0.0
114,random_topL,simple,D,0.85,0.7347043463387146,632.4174935330042,0.22,1,0,0.52,0.0
115,random_topL,simple,A,0.8,0.5242805059807589,1260.265984929729,1.0,1,0,0.52,0.0
116,random_topL,hard,E,0.9,0.8395431328055296,1234.415134319069,0.6,0,0,0.5,0.0
117,random_topL,hard,C,0.75,0.8001154187147974,773.7752514717025,0.35,0,0,0.48,0.0
118,random_topL,hard,E,0.9,0.9501422020446022,1304.80968512552,0.6,0,0,0.46,0.0
119,random_topL,hard,A,0.95,0.6144085867751135,1140.804383896675,1.0,1,0,0.48,0.0
120,random_topL,simple,D,0.85,0.6411997010176664,526.627081223676,0.22,1,0,0.5,0.0
121,random_topL,hard,E,0.9,0.9474953067117391,1430.2440934625633,0.6,0,0,0.48,0.0
122,random_topL,simple,B,0.95,0.31498721110662536,296.77486571087746,0.1,1,0,0.48,0.0
123,random_topL,hard,C,0.75,0.6715768703500433,852.2428131447418,0.35,0,0,0.48,0.0
124,random_topL,hard,E,0.9,0.9456915216554622,1438.1553110995449,0.6,0,0,0.46,0.0
125,random_topL,hard,E,0.9,1.0,1563.173273859548,0.6,0,0,0.44,0.0
126,random_topL,hard,E,0.9,1.0,1650.459646607399,0.6,0,0,0.42,0.0
127,random_topL,simple,B,0.95,0.46622880468478567,462.3713648606848,0.1,1,0,0.42,0.0
128,random_topL,simple,A,0.8,0.4944470353243483,1296.5215115286603,1.0,1,0,0.42,0.0
129,random_topL,simple,A,0.8,0.7351133910854265,1514.144296504438,1.0,1,0,0.42,0.0
130,random_topL,hard,A,0.95,0.9468997841551754,1661.0780864914536,1.0,1,0,0.44,0.0
131,random_topL,hard,C,0.75,0.5415222286387226,721.8106407821047,0.35,0,0,0.44,0.0
132,random_topL,simple,A,0.8,1.0,1756.562187276502,1.0,1,0,0.46,0.0
133,random_topL,simple,A,0.8,1.0,1892.5482779819604,1.0,1,0,0.48,0.0
134,random_topL,hard,E,0.9,0.6596345248055295,1002.3211270401177,0.6,0,0,0.48,0.0
135,random_topL,hard,C,0.75,0.6247483678515011,794.4439005379413,0.35,0,0,0.46,0.0
136,random_topL,hard,E,0.9,0.8108209760094021,1366.4268417835015,0.6,0,0,0.44,0.0
137,random_topL,simple,B,0.95,0.4298451771484097,414.85458874516956,0.1,0,0,0.44,0.0
138,random_topL,simple,D,0.85,0.3642216426793674,398.7586666861289,0.22,1,0,0.46,0.0
139,random_topL,hard,C,0.75,0.6746586973681183,857.4065420766676,0.35,0,0,0.44,0.0
140,random_topL,hard,A,0.95,0.70867559636992,1281.0753229847378,1.0,0,0,0.44,0.0
141,random_topL,hard,E,0.9,0.7278961078510886,995.679759851976,0.6,1,0,0.46,0.0
142,random_topL,hard,C,0.75,0.7597610118128464,765.3036230137636,0.35,0,0,0.44,0.0
143,random_topL,simple,B,0.95,0.4996218569521139,428.7062527377766,0.1,0,0,0.44,0.0
144,random_topL,hard,A,0.95,0.7249894668882739,1234.5808658381745,1.0,1,0,0.46,0.0
145,random_topL,hard,C,0.75,0.8177558562421241,923.9078374673795,0.35,0,0,0.44,0.0
146,random_topL,hard,A,0.95,0.8614318431582793,1669.7876359589297,1.0,1,0,0.44,0.0
147,random_topL,simple,B,0.95,0.5996209093687664,460.5048882123363,0.1,1,0,0.44,0.0
148,random_topL,hard,C,0.75,0.8572777188650329,932.7481100592563,0.35,0,0,0.42,0.0
149,random_topL,hard,E,0.9,0.5617765708548208,1028.417709275456,0.6,0,0,0.4,0.0
150,random_topL,simple,B,0.95,0.708624860349352,577.0023092418028,0.1,1,0,0.42,0.0
151,random_topL,hard,E,0.9,0.7350397764699732,1192.0724450979428,0.6,0,0,0.4,0.0
152,random_topL,hard,A,0.95,0.7000524684485787,1377.651536210548,1.0,1,0,0.42,0.0
153,random_topL,hard,A,0.95,0.9160461722347493,1434.0629961681623,1.0,1,0,0.42,0.0
154,random_topL,hard,A,0.95,1.0,1884.4944852500732,1.0,1,0,0.44,0.0
155,random_topL,hard,A,0.95,1.0,1824.125160343721,1.0,0,0,0.44,0.0
156,random_topL,hard,E,0.9,0.6879039501607425,1042.985816206714,0.6,1,0,0.46,0.0
157,random_topL,hard,E,0.9,0.9053554761414533,1392.70099358417,0.6,0,0,0.44,0.0
158,random_topL,hard,C,0.75,0.5387526814150255,772.3715930567045,0.35,0,0,0.44,0.0
159,random_topL,hard,A,0.95,0.8996953599999999,1543.2612517736454,1.0,1,0,0.44,0.0
160,random_topL,hard,A,0.95,1.0,1786.7913217321072,1.0,1,0,0.46,0.0
161,random_topL,hard,C,0.75,0.6671448673092603,824.3084461751977,0.35,0,0,0.46,0.0
162,random_topL,hard,A,0.95,1.0,1777.6289358346346,1.0,1,0,0.48,0.0
163,random_topL,simple,A,0.8,1.0,2049.995809728308,1.0,1,0,0.5,0.0
164,random_topL,simple,B,0.95,0.4183515076079242,440.7467040807296,0.1,1,0,0.5,0.0
165,random_topL,hard,C,0.75,0.700083681373179,837.5532079508374,0.35,0,0,0.48,0.0
166,random_topL,hard,A,0.95,0.9814719999999999,1632.4093740019412,1.0,1,0,0.5,0.0
167,random_topL,hard,C,0.75,0.84214480285539,886.7440954800882,0.35,1,0,0.52,0.0
168,random_topL,hard,E,0.9,0.5218852976919495,951.3080168583881,0.6,0,0,0.52,0.0
169,random_topL,hard,C,0.75,0.952156935331214,1022.7049107189634,0.35,0,0,0.5,0.0
170,random_topL,simple,A,0.8,0.8885842043699199,1347.143334665477,1.0,1,0,0.5,0.0
171,random_topL,hard,A,0.95,1.0,1755.8948592908719,1.0,1,0,0.52,0.0
172,random_topL,hard,A,0.95,1.0,1992.4763543180543,1.0,1,0,0.52,0.0
173,random_topL,simple,A,0.8,1.0,1505.9752882021185,1.0,1,0,0.54,0.0
174,random_topL,simple,D,0.85,0.3036537762303209,402.69311952553585,0.22,1,0,0.56,0.0
175,random_topL,hard,C,0.75,0.7421855720275445,908.3042105316385,0.35,0,0,0.56,0.0
176,random_topL,hard,A,0.95,0.9814719999999999,1738.5308959391846,1.0,1,0,0.58,0.0
177,random_topL,hard,A,0.95,1.0,1828.3887689232952,1.0,1,0,0.58,0.0
178,random_topL,hard,E,0.9,0.4453455647721653,881.7322969004197,0.6,0,0,0.56,0.0
179,random_topL,hard,E,0.9,0.6919040969995054,1311.1406460229266,0.6,0,0,0.54,0.0
180,random_topL,simple,B,0.95,0.35410832535509185,399.8630380701239,0.1,1,0,0.54,0.0
181,random_topL,hard,C,0.75,0.6446740128017125,670.4739464390178,0.35,0,0,0.54,0.0
182,random_topL,simple,A,0.8,0.8277319167999999,1546.6565426858347,1.0,1,0,0.54,0.0
183,random_topL,hard,E,0.9,0.7149316765355933,1176.8262367561408,0.6,0,0,0.52,0.0
184,random_topL,hard,A,0.95,0.9409955963699199,1667.6259020112589,1.0,1,0,0.54,0.0
185,random_topL,hard,A,0.95,1.0,1691.7719493676202,1.0,1,0,0.56,0.0
186,random_topL,simple,D,0.85,0.3654893608892114,441.0245045862085,0.22,1,0,0.58,0.0
187,random_topL,hard,C,0.75,0.599389246188556,742.4208495358162,0.35,0,0,0.58,0.0
188,random_topL,hard,A,0.95,0.9814719999999999,1352.2050702653755,1.0,1,0,0.58,0.0
189,random_topL,hard,C,0.75,0.7641670322484178,922.3662409149963,0.35,1,0,0.6,0.0
190,random_topL,hard,E,0.9,0.5921751292719304,997.6382633644841,0.6,0,0,0.6,0.0
191,random_topL,hard,C,0.75,0.8917709497731747,836.7698465965127,0.35,0,0,0.58,0.0
192,random_topL,hard,A,0.95,0.8885842043699199,1792.9167728984748,1.0,1,0,0.6,0.0
193,random_topL,simple,A,0.8,1.0,1952.880854746947,1.0,1,0,0.62,0.0
194,random_topL,hard,E,0.9,0.6551246773317768,1121.0935090173436,0.6,1,0,0.62,0.0
195,random_topL,simple,D,0.85,0.41566948150988403,447.96654992597274,0.22,1,0,0.64,0.0
196,random_topL,hard,A,0.95,0.9814719999999999,1726.680397736776,1.0,1,0,0.64,0.0
197,random_topL,hard,C,0.75,0.7141420735499115,839.9637503807862,0.35,0,0,0.62,0.0
198,random_topL,simple,A,0.8,1.0,1880.8057961193547,1.0,1,0,0.64,0.0
199,random_topL,simple,B,0.95,0.3312109442785021,327.47649739191877,0.1,1,0,0.66,0.0
200,random_topL,simple,A,0.8,1.0,1679.6386990035016,1.0,1,0,0.66,0.0
201,random_topL,simple,B,0.95,0.556489755249272,413.05549469694427,0.1,1,0,0.68,0.0
202,random_topL,simple,D,0.85,0.4698739732488273,511.4938601170595,0.22,1,0,0.68,0.0
203,random_topL,hard,A,0.95,0.9814719999999999,1708.9980332436085,1.0,1,0,0.68,0.0
204,random_topL,hard,E,0.9,0.4824528620447445,872.1597111607108,0.6,0,0,0.66,0.0
205,random_topL,hard,C,0.75,0.556830145264758,823.0343767484954,0.35,0,0,0.66,0.0
206,random_topL,hard,C,0.75,0.7900105278329871,967.8707898452307,0.35,1,0,0.66,0.0
207,random_topL,hard,E,0.9,0.6287781168033562,1052.862811683591,0.6,0,0,0.66,0.0
208,random_topL,hard,E,0.9,0.8533247427869535,1285.194302404558,0.6,0,0,0.66,0.0
209,random_topL,simple,B,0.95,0.5001329286882173,462.91761608723056,0.1,1,0,0.66,0.0
210,random_topL,hard,A,0.95,0.7011036549203781,1534.1989491622808,1.0,1,0,0.66,0.0
211,random_topL,simple,D,0.85,0.4487049547172888,483.95041182204363,0.22,1,0,0.68,0.0
212,random_topL,hard,A,0.95,0.8429346703703406,1315.3775690961565,1.0,1,0,0.68,0.0
213,random_topL,hard,C,0.75,0.6228580236006612,755.7659795118547,0.35,0,0,0.66,0.0
214,random_topL,simple,B,0.95,0.5639361091114307,469.344014743309,0.1,1,0,0.66,0.0
215,random_topL,simple,D,0.85,0.5690862793529682,544.108068014045,0.22,0,0,0.66,0.0
216,random_topL,hard,A,0.95,0.8055040106042228,1319.3234302493927,1.0,1,0,0.66,0.0
217,random_topL,simple,A,0.8,1.0,1466.4697748953067,1.0,1,0,0.66,0.0
218,random_topL,hard,E,0.9,0.5376517737191386,1015.3236154306487,0.6,1,0,0.68,0.0
219,random_topL,hard,E,0.9,0.773133560872842,1008.3140704788901,0.6,0,0,0.68,0.0
220,random_topL,simple,D,0.85,0.6003249930275222,625.7113950131527,0.22,1,0,0.68,0.0
221,random_topL,hard,E,0.9,0.8987146295399289,1335.4980286137134,0.6,0,0,0.66,0.0
222,random_topL,hard,E,0.9,1.0,1494.2703802073327,0.6,0,0,0.64,0.0
223,random_topL,simple,A,0.8,0.764404086784,1676.9046952890253,1.0,1,0,0.64,0.0
224,random_topL,hard,C,0.75,0.4526505793895028,651.0508522569334,0.35,0,0,0.62,0.0
225,random_topL,hard,C,0.75,0.6983325098627624,792.0759954881087,0.35,0,0,0.62,0.0
226,random_topL,hard,A,0.95,0.8209199818288659,1481.3644731168117,1.0,1,0,0.62,0.0
227,random_topL,simple,A,0.8,1.0,1601.58082385003,1.0,1,0,0.62,0.0
228,random_topL,hard,C,0.75,0.7758940521611963,877.6264899845303,0.35,0,0,0.62,0.0
229,random_topL,simple,A,0.8,1.0,1600.8723134273073,1.0,1,0,0.64,0.0
230,random_topL,hard,A,0.95,1.0,1756.4687819536293,1.0,1,0,0.64,0.0
231,random_topL,hard,A,0.95,1.0,1812.0173224238474,1.0,1,0,0.66,0.0
232,random_topL,hard,A,0.95,1.0,1846.1141248618098,1.0,1,0,0.66,0.0
233,random_topL,hard,E,0.9,0.5450808588882738,1153.8675507585003,0.6,0,0,0.66,0.0
234,random_topL,hard,C,0.75,0.6603283687350576,869.7745872988633,0.35,0,0,0.64,0.0
235,random_topL,hard,C,0.75,0.8810889644868507,1034.748590694351,0.35,0,0,0.62,0.0
236,random_topL,simple,B,0.95,0.3338726122674698,309.5208154930903,0.1,1,0,0.62,0.0
237,random_topL,hard,A,0.95,0.8277319167999999,1501.111719222805,1.0,1,0,0.64,0.0
238,random_topL,hard,A,0.95,1.0,1681.9375723160942,1.0,1,0,0.64,0.0
239,random_topL,hard,A,0.95,1.0,1578.2603482824852,1.0,1,0,0.64,0.0
240,random_topL,hard,E,0.9,0.5227612450759935,912.6559329668186,0.6,0,0,0.64,0.0
241,random_topL,hard,E,0.9,0.7600298956668743,1044.1545938798008,0.6,1,0,0.66,0.0
242,random_topL,hard,A,0.95,0.9814719999999999,1611.1855923103728,1.0,1,0,0.66,0.0
243,random_topL,simple,A,0.8,1.0,1868.0085505113318,1.0,1,0,0.66,0.0
244,random_topL,hard,E,0.9,0.8179390930598962,1211.669344513782,0.6,0,0,0.64,0.0
245,random_topL,simple,A,0.8,1.0,1547.365009397943,1.0,1,0,0.64,0.0
246,random_topL,hard,C,0.75,0.5159380401734173,681.2935907086385,0.35,0,0,0.62,0.0
247,random_topL,hard,C,0.75,0.7540254753526072,798.695123988642,0.35,0,0,0.62,0.0
248,random_topL,hard,A,0.95,0.9814719999999999,1712.8947925317582,1.0,1,0,0.62,0.0
249,random_topL,hard,C,0.75,0.883917328113059,867.9830639912428,0.35,0,0,0.6,0.0
250,random_topL,hard,E,0.9,0.6798542575574144,1068.1818830092775,0.6,0,0,0.58,0.0
251,random_topL,simple,A,0.8,0.9688456867839998,1585.5400143624677,1.0,1,0,0.58,0.0
252,random_topL,hard,A,0.95,1.0,1923.756424078738,1.0,1,0,0.58,0.0
253,random_topL,hard,E,0.9,0.7633016406061662,1310.8978097241602,0.6,0,0,0.56,0.0
254,random_topL,simple,D,0.85,0.3077767345955133,431.21809635798377,0.22,1,0,0.58,0.0
255,random_topL,simple,D,0.85,0.5708435264440517,522.1420941169988,0.22,1,0,0.6,0.0
256,random_topL,hard,E,0.9,0.8201686956271654,1321.2423351690936,0.6,1,0,0.6,0.0
257,random_topL,hard,E,0.9,1.0,1367.6963572450088,0.6,0,0,0.6,0.0
258,random_topL,hard,C,0.75,0.5797407256717158,810.1907494397398,0.35,1,0,0.62,0.0
259,random_topL,simple,B,0.95,0.317647461966386,362.7709759901219,0.1,1,0,0.62,0.0
260,random_topL,simple,D,0.85,0.6012523484031909,599.6942107054787,0.22,1,0,0.62,0.0
261,random_topL,simple,D,0.85,0.8291020665948079,688.0102720140878,0.22,1,0,0.62,0.0
262,random_topL,hard,A,0.95,0.5785009760094021,1238.0332278139497,1.0,1,0,0.62,0.0
263,random_topL,hard,E,0.9,0.764404086784,1368.0636025791027,0.6,0,0,0.62,0.0
264,random_topL,simple,B,0.95,0.467632703970176,442.42040316489613,0.1,1,0,0.62,0.0
265,random_topL,simple,D,0.85,0.7972086623033173,591.5102405597277,0.22,0,0,0.62,0.0
266,random_topL,hard,E,0.9,0.8209199818288659,1214.997464784017,0.6,0,0,0.6,0.0
267,random_topL,simple,A,0.8,0.6052934289401126,1264.668996999678,1.0,1,0,0.6,0.0
268,random_topL,hard,A,0.95,0.8326582174672992,1373.021819537222,1.0,1,0,0.6,0.0
269,random_topL,hard,E,0.9,0.859433981856881,1585.1543336615493,0.6,0,0,0.6,0.0
270,random_topL,simple,A,0.8,0.9448105236066766,1676.312102033278,1.0,1,0,0.6,0.0
271,random_topL,hard,E,0.9,0.9655456755499687,1367.390461198445,0.6,0,0,0.6,0.0
272,random_topL,hard,E,0.9,1.0,1398.1936381826479,0.6,0,0,0.6,0.0
273,random_topL,simple,B,0.95,0.4479956414427384,427.6278857904514,0.1,1,0,0.6,0.0
274,random_topL,hard,C,0.75,0.3749819212690416,575.2898440608446,0.35,1,0,0.62,0.0
275,random_topL,hard,A,0.95,0.7986066686357631,1483.9275469778067,1.0,1,0,0.64,0.0
276,random_topL,hard,C,0.75,0.5903859998307458,743.6967343149965,0.35,0,0,0.62,0.0
277,random_topL,hard,C,0.75,0.8195396798510564,962.9608231430706,0.35,0,0,0.6,0.0
278,random_topL,hard,E,0.9,0.764404086784,1148.5375025006012,0.6,0,0,0.6,0.0
279,random_topL,hard,E,0.9,0.9726755963699198,1292.3899297021592,0.6,0,0,0.58,0.0
280,random_topL,simple,D,0.85,0.417168829461272,461.42649898445836,0.22,1,0,0.58,0.0
281,random_topL,hard,E,0.9,1.0,1348.8227547073752,0.6,0,0,0.56,0.0
282,random_topL,hard,E,0.9,1.0,1552.265713500643,0.6,0,0,0.54,0.0
283,random_topL,hard,E,0.9,1.0,1575.572434473675,0.6,1,0,0.56,0.0
284,random_topL,hard,A,0.95,0.5527417462075876,1146.6826338642036,1.0,1,0,0.58,0.0
285,random_topL,simple,A,0.8,0.7864127366626772,1451.0714452100049,1.0,1,0,0.6,0.0
286,random_topL,simple,D,0.85,0.4937349092807123,493.89572263099075,0.22,1,0,0.6,0.0
287,random_topL,hard,C,0.75,0.5282426007169521,736.1870951557046,0.35,0,0,0.58,0.0
288,random_topL,hard,E,0.9,0.8277319167999999,1214.3524503380202,0.6,0,0,0.56,0.0
289,random_topL,hard,E,0.9,1.0,1515.2952366212537,0.6,1,0,0.56,0.0
290,random_topL,hard,C,0.75,0.6599825415957827,834.2207541927463,0.35,0,0,0.56,0.0
291,random_topL,simple,D,0.85,0.5605596700657844,542.2469098409492,0.22,1,0,0.56,0.0
292,random_topL,hard,C,0.75,0.8110904802117742,931.3603841453415,0.35,0,0,0.54,0.0
293,random_topL,hard,C,0.75,1.0,876.4278760432635,0.35,0,0,0.52,0.0
294,random_topL,simple,A,0.8,0.5488826303486143,1177.6625170109148,1.0,1,0,0.54,0.0
295,random_topL,hard,A,0.95,0.7830167147067806,1390.14244870737,1.0,1,0,0.54,0.0
296,random_topL,hard,C,0.75,0.9814719999999999,1133.1937415307361,0.35,0,0,0.54,0.0
297,random_topL,hard,C,0.75,1.0,1014.5523156667832,0.35,0,0,0.54,0.0
298,random_topL,hard,A,0.95,0.8336039666046591,1498.4137062673854,1.0,1,0,0.54,0.0
299,random_topL,simple,B,0.95,0.31613701730256827,371.62045383974305,0.1,1,0,0.56,0.0
300,random_topL,simple,D,0.85,0.4774050173009425,506.85919752586227,0.22,0,0,0.56,0.0
301,random_topL,hard,E,0.9,0.515671155821681,1221.3957790002773,0.6,0,0,0.54,0.0
302,random_topL,simple,A,0.8,0.799908430850409,1220.265845601749,1.0,1,0,0.54,0.0
303,random_topL,hard,C,0.75,0.764404086784,854.5118259469509,0.35,0,0,0.54,0.0
304,random_topL,hard,E,0.9,0.6514154539001126,980.0319200830382,0.6,1,0,0.54,0.0
305,random_topL,hard,C,0.75,0.8919545248055296,1019.9937860420403,0.35,0,0,0.52,0.0
306,random_topL,hard,E,0.9,0.8044561275002471,1192.8009954570036,0.6,0,0,0.5,0.0
307,random_topL,simple,D,0.85,0.49510378015545464,563.0564830396206,0.22,1,0,0.52,0.0
308,random_topL,simple,B,0.95,0.400050531672121,437.6475241539058,0.1,1,0,0.52,0.0
309,random_topL,simple,B,0.95,0.6520444678714665,472.8644673823457,0.1,1,0,0.52,0.0
310,random_topL,simple,D,0.85,0.637399363270098,573.9462207141662,0.22,1,0,0.52,0.0
311,random_topL,hard,A,0.95,0.5531537258068049,1169.9257542714845,1.0,1,0,0.52,0.0
312,random_topL,hard,E,0.9,0.6735927132495454,1202.8685828329308,0.6,0,0,0.5,0.0
313,random_topL,hard,C,0.75,0.6207776416765787,738.8813669041298,0.35,1,0,0.52,0.0
314,random_topL,simple,D,0.85,0.6822454406200322,655.4333217875904,0.22,1,0,0.52,0.0
315,random_topL,simple,A,0.8,0.6317237227330532,1361.209595407876,1.0,1,0,0.54,0.0
316,random_topL,hard,C,0.75,0.7230425810286214,768.4978254519267,0.35,0,0,0.54,0.0
317,random_topL,hard,C,0.75,0.9362774713051869,1011.3968953262347,0.35,1,0,0.54,0.0
318,random_topL,hard,C,0.75,1.0,1146.7815684437483,0.35,0,0,0.52,0.0
319,random_topL,simple,B,0.95,0.4815950207037347,485.6177699067954,0.1,1,0,0.54,0.0
320,random_topL,simple,A,0.8,0.6333807710859459,1216.2082539872406,1.0,1,0,0.54,0.0
321,random_topL,simple,B,0.95,0.6729471840329722,547.8985862703421,0.1,1,0,0.56,0.0
322,random_topL,simple,A,0.8,0.7904900691289565,1558.0174283448096,1.0,1,0,0.58,0.0
323,random_topL,simple,D,0.85,0.5159159330575496,502.03175536138417,0.22,1,0,0.58,0.0
324,random_topL,hard,E,0.9,0.4452745190195916,906.9652968052812,0.6,0,0,0.56,0.0
325,random_topL,simple,B,0.95,0.7035633037896395,571.1019640538908,0.1,1,0,0.56,0.0
326,random_topL,hard,C,0.75,0.6596345248055295,787.6380956541029,0.35,0,0,0.56,0.0
327,random_topL,simple,B,0.95,0.8448394224546969,569.4910450234788,0.1,1,0,0.58,0.0
328,random_topL,simple,D,0.85,0.5722653042601211,600.4316758530058,0.22,1,0,0.6,0.0
329,random_topL,simple,A,0.8,0.6230540004257755,1096.7937358709692,1.0,1,0,0.62,0.0
330,random_topL,simple,D,0.85,0.7431622516190377,716.8182153514516,0.22,1,0,0.62,0.0
331,random_topL,hard,A,0.95,0.7824930179297205,1526.878094783683,1.0,1,0,0.64,0.0
332,random_topL,simple,B,0.95,0.7458487278002222,533.2313853687693,0.1,1,0,0.66,0.0
333,random_topL,hard,E,0.9,0.440919759248947,955.5237645051037,0.6,0,0,0.64,0.0
334,random_topL,simple,B,0.95,0.8775852548084921,611.5824188248017,0.1,1,0,0.64,0.0
335,random_topL,simple,A,0.8,0.7692574320848502,1468.2821771039844,1.0,1,0,0.64,0.0
336,random_topL,hard,A,0.95,0.9769465402346682,1763.7905809964009,1.0,1,0,0.64,0.0
337,random_topL,simple,D,0.85,0.6037122763800228,479.40575383146694,0.22,1,0,0.66,0.0
338,random_topL,hard,E,0.9,0.5326874297034414,879.3335959571089,0.6,0,0,0.66,0.0
339,random_topL,hard,E,0.9,0.7687649381390285,1259.6850318461636,0.6,0,0,0.64,0.0
340,random_topL,simple,B,0.95,0.7075541788344417,512.3109790004427,0.1,1,0,0.66,0.0
341,random_topL,hard,C,0.75,0.3969490282762381,693.6620744297968,0.35,0,0,0.64,0.0
342,random_topL,hard,A,0.95,0.7536979658544694,1567.8439123811002,1.0,1,0,0.66,0.0
343,random_topL,hard,A,0.95,0.963254209951933,1470.9550999541918,1.0,1,0,0.68,0.0
344,random_topL,hard,A,0.95,1.0,2033.0227044667718,1.0,1,0,0.68,0.0
345,random_topL,simple,A,0.8,1.0,1696.551222953549,1.0,1,0,0.68,0.0
346,random_topL,simple,A,0.8,1.0,1877.75622082256,1.0,1,0,0.7,0.0
347,random_topL,hard,C,0.75,0.4843447509764226,836.4801285268329,0.35,0,0,0.7,0.0
348,random_topL,hard,C,0.75,0.7262233808592519,802.7612674017133,0.35,0,0,0.68,0.0
349,random_topL,hard,E,0.9,0.514101785593527,877.832899134053,0.6,0,0,0.66,0.0
350,random_topL,simple,B,0.95,0.4970545293849231,471.85699267862367,0.1,0,0,0.66,0.0
351,random_topL,hard,E,0.9,0.6981204227636273,1091.7059781142107,0.6,0,0,0.66,0.0
352,random_topL,simple,B,0.95,0.6849190275556845,548.4667250203307,0.1,1,0,0.66,0.0
353,random_topL,hard,C,0.75,0.6832512568058294,755.6582957009241,0.35,0,0,0.66,0.0
354,random_topL,simple,B,0.95,0.830401294939122,580.9254135593051,0.1,0,0,0.64,0.0
355,random_topL,hard,C,0.75,0.8291097732704342,831.0464231674507,0.35,1,0,0.66,0.0
356,random_topL,simple,B,0.95,0.9430627628008561,542.514678009706,0.1,1,0,0.68,0.0
357,random_topL,hard,C,0.75,0.9420626084206243,932.508564813852,0.35,1,0,0.68,0.0
358,random_topL,hard,A,0.95,0.515671155821681,1222.2880579794503,1.0,1,0,0.68,0.0
359,random_topL,hard,E,0.9,0.5510682064976326,1039.1372058356922,0.6,0,0,0.66,0.0
360,random_topL,simple,B,0.95,0.865550363040454,590.480107081207,0.1,1,0,0.66,0.0
361,random_topL,hard,E,0.9,0.7267472191117667,1029.408162237087,0.6,0,0,0.64,0.0
362,random_topL,hard,E,0.9,0.9395375528183547,1417.214789540528,0.6,0,0,0.64,0.0
363,random_topL,hard,C,0.75,0.737497725356933,852.4415245232178,0.35,0,0,0.62,0.0
364,random_topL,hard,C,0.75,0.948997998314101,966.0425160381643,0.35,0,0,0.6,0.0
365,random_topL,hard,A,0.95,0.5107422171361914,1147.9730810863357,1.0,1,0,0.6,0.0
366,random_topL,hard,A,0.95,0.7494531510798483,1270.5823704322092,1.0,1,0,0.62,0.0
367,random_topL,simple,D,0.85,0.31304097828488925,463.2068436882892,0.22,1,0,0.62,0.0
368,random_topL,hard,E,0.9,0.7363250792158822,1278.7471033163763,0.6,0,0,0.62,0.0
369,random_topL,simple,A,0.8,0.8107313377726864,1247.3730130773931,1.0,1,0,0.62,0.0
370,random_topL,hard,C,0.75,0.7407185487669041,684.4344143765605,0.35,0,0,0.6,0.0
371,random_topL,simple,B,0.95,0.5121298263850117,400.1439344051133,0.1,1,0,0.6,0.0
372,random_topL,simple,B,0.95,0.7506742472188103,525.6548975039872,0.1,1,0,0.6,0.0
373,random_topL,hard,E,0.9,0.6885822454425095,1032.4817191388422,0.6,0,0,0.58,0.0
374,random_topL,hard,A,0.95,0.727848802892608,1321.00906698941,1.0,1,0,0.6,0.0
375,random_topL,hard,A,0.95,0.9405069465454949,1614.5750737121293,1.0,0,0,0.58,0.0
376,random_topL,hard,A,0.95,1.0,1880.4309941240838,1.0,1,0,0.6,0.0
377,random_topL,hard,A,0.95,1.0,1981.3630954493428,1.0,1,0,0.6,0.0
378,random_topL,hard,C,0.75,0.5663879633004271,653.7088169535065,0.35,0,0,0.58,0.0
379,random_topL,simple,A,0.8,1.0,1940.143820366534,1.0,1,0,0.58,0.0
380,random_topL,simple,B,0.95,0.5699683761822855,424.4282226155859,0.1,1,0,0.58,0.0
381,random_topL,hard,C,0.75,0.6859775381262687,747.3855348707599,0.35,0,0,0.56,0.0
382,random_topL,hard,C,0.75,0.9036602335511164,989.982413147157,0.35,0,0,0.54,0.0
383,random_topL,hard,A,0.95,0.8996953599999999,1632.2221776638498,1.0,1,0,0.56,0.0
384,random_topL,hard,A,0.95,1.0,1840.5605875646754,1.0,1,0,0.56,0.0
385,random_topL,hard,A,0.95,1.0,1961.2787095885114,1.0,1,0,0.56,0.0
386,random_topL,hard,C,0.75,0.8419208490771208,932.1716681733719,0.35,0,0,0.54,0.0
387,random_topL,hard,A,0.95,1.0,1632.0402532701485,1.0,1,0,0.54,0.0
388,random_topL,simple,D,0.85,0.3213666928631269,460.87148479645407,0.22,1,0,0.56,0.0
389,random_topL,hard,A,0.95,1.0,1691.4148981110627,1.0,1,0,0.58,0.0
390,random_topL,simple,D,0.85,0.5488663669532055,564.9507616248444,0.22,1,0,0.58,0.0
391,random_topL,hard,E,0.9,0.3689674103902099,808.9268279865488,0.6,0,0,0.58,0.0
392,random_topL,hard,A,0.95,0.9814719999999999,1464.865994768393,1.0,1,0,0.58,0.0
393,random_topL,hard,E,0.9,0.5857283626061786,1047.2159786344837,0.6,0,0,0.56,0.0
394,random_topL,hard,A,0.95,1.0,1717.6821119889632,1.0,1,0,0.56,0.0
395,random_topL,hard,C,0.75,0.5664497479439121,717.3367146851689,0.35,0,0,0.54,0.0
396,random_topL,hard,A,0.95,1.0,1859.2353007213492,1.0,1,0,0.54,0.0
397,random_topL,hard,A,0.95,1.0,1722.1719233770575,1.0,1,0,0.56,0.0
398,random_topL,hard,A,0.95,1.0,1727.431159400149,1.0,1,0,0.58,0.0
399,random_topL,hard,C,0.75,0.6396972855151336,760.208074801824,0.35,0,0,0.58,0.0
400,random_topL,hard,E,0.9,0.5393728878988567,1031.2236236313959,0.6,0,0,0.58,0.0
401,random_topL,hard,C,0.75,0.7953815779029194,903.6768436188391,0.35,1,0,0.6,0.0
402,random_topL,hard,A,0.95,0.8996953599999999,1546.5276228019418,1.0,1,0,0.6,0.0
403,random_topL,simple,D,0.85,0.40416968650215135,482.818240468306,0.22,1,0,0.62,0.0
404,random_topL,simple,A,0.8,0.9967240867839999,1475.8380422392513,1.0,1,0,0.64,0.0
405,random_topL,hard,C,0.75,0.7769866416978592,880.5243652504716,0.35,0,0,0.62,0.0
406,random_topL,hard,E,0.9,0.5504869734407174,1019.0955037168643,0.6,0,0,0.6,0.0
407,random_topL,hard,C,0.75,0.9016984553308223,919.8059217148542,0.35,1,0,0.6,0.0
408,random_topL,hard,A,0.95,0.897730810044602,1487.2831190940055,1.0,1,0,0.6,0.0
409,random_topL,hard,E,0.9,0.6751414587645925,1085.2172371490863,0.6,1,0,0.62,0.0
410,random_topL,simple,D,0.85,0.4651742876659103,494.02508665872614,0.22,1,0,0.62,0.0
411,random_topL,simple,D,0.85,0.7093533731460011,780.7473116623845,0.22,1,0,0.64,0.0
412,random_topL,hard,E,0.9,0.7600900001872244,1317.0606390410076,0.6,0,0,0.64,0.0
413,random_topL,hard,A,0.95,0.7737612011552546,1538.5512583580207,1.0,1,0,0.66,0.0
414,random_topL,hard,E,0.9,0.8886136961449866,1215.5324893685145,0.6,0,0,0.66,0.0
415,random_topL,hard,E,0.9,1.0,1543.2168829767693,0.6,0,0,0.64,0.0
416,random_topL,hard,C,0.75,0.5853680680406868,554.6892630896332,0.35,0,0,0.62,0.0
417,random_topL,hard,A,0.95,0.7640210020808329,1522.8740682589107,1.0,1,0,0.62,0.0
418,random_topL,simple,D,0.85,0.5898954128074564,621.3464386090192,0.22,1,0,0.64,0.0
419,random_topL,hard,E,0.9,0.8996953599999999,1360.176256126982,0.6,0,0,0.62,0.0
420,random_topL,hard,C,0.75,0.6510425142961641,831.3002993450266,0.35,0,0,0.62,0.0
421,random_topL,hard,C,0.75,0.8729174125806245,861.9757547790678,0.35,0,0,0.6,0.0
422,random_topL,hard,C,0.75,1.0,1085.9449158057648,0.35,0,0,0.58,0.0
423,random_topL,hard,A,0.95,0.6548144757551458,1145.7320227924833,1.0,1,0,0.6,0.0
424,random_topL,hard,A,0.95,0.8762367386645282,1536.468816390192,1.0,1,0,0.6,0.0
425,random_topL,hard,C,0.75,0.9814719999999999,927.9032287396379,0.35,0,0,0.6,0.0
426,random_topL,hard,C,0.75,1.0,1072.8177406502857,0.35,0,0,0.58,0.0
427,random_topL,hard,C,0.75,1.0,1052.1190837410782,0.35,0,0,0.56,0.0
428,random_topL,simple,A,0.8,0.8254751064386501,1418.2599319065685,1.0,1,0,0.58,0.0
429,random_topL,simple,A,0.8,1.0,1264.649467922557,1.0,0,0,0.56,0.0
430,random_topL,hard,E,0.9,0.5204981115665948,1015.2890873198477,0.6,0,0,0.54,0.0
431,random_topL,hard,C,0.75,0.8996953599999999,988.9731378696899,0.35,1,0,0.56,0.0
432,random_topL,hard,E,0.9,0.703073737597171,1189.925709911531,0.6,0,0,0.56,0.0
433,random_topL,simple,A,0.8,0.8996953599999999,1554.0865847154294,1.0,1,0,0.56,0.0
434,random_topL,hard,C,0.75,0.9131171963699201,1062.905353216832,0.35,0,0,0.54,0.0
435,random_topL,hard,C,0.75,1.0,1205.5281512947172,0.35,0,0,0.52,0.0
436,random_topL,hard,A,0.95,0.9131171963699201,1591.7076045253975,1.0,1,0,0.54,0.0
437,random_topL,simple,A,0.8,1.0,1768.0101343929339,1.0,1,0,0.54,0.0
438,random_topL,hard,A,0.95,1.0,1850.2197973005073,1.0,1,0,0.54,0.0
439,random_topL,simple,A,0.8,1.0,2060.0142567786324,1.0,1,0,0.54,0.0
440,random_topL,hard,C,0.75,0.8277319167999999,1055.7847046230274,0.35,0,0,0.52,0.0
441,random_topL,simple,D,0.85,0.3311800263908003,385.68730783306506,0.22,1,0,0.54,0.0
442,random_topL,hard,A,0.95,0.9814719999999999,1696.8922090042724,1.0,1,0,0.54,0.0
443,random_topL,simple,A,0.8,1.0,1976.480664547284,1.0,1,0,0.56,0.0
444,random_topL,simple,D,0.85,0.5256899149445915,559.1582257257555,0.22,1,0,0.56,0.0
445,random_topL,hard,A,0.95,1.0,1833.9084459464493,1.0,0,0,0.56,0.0
446,random_topL,simple,A,0.8,1.0,1785.5157538067563,1.0,0,0,0.54,0.0
447,random_topL,hard,A,0.95,1.0,1936.4727065801467,1.0,1,0,0.54,0.0
448,random_topL,simple,D,0.85,0.6152538027910661,701.5278415835314,0.22,1,0,0.54,0.0
449,random_topL,hard,C,0.75,0.5619592576169695,738.7550001126923,0.35,0,0,0.54,0.0
450,random_topL,simple,A,0.8,0.9814719999999999,1919.5509369440445,1.0,1,0,0.56,0.0
451,random_topL,simple,B,0.95,0.3000651809195189,343.21060419104464,0.1,0,0,0.54,0.0
452,random_topL,hard,E,0.9,0.35453236322168,958.6251539546105,0.6,0,0,0.52,0.0
453,random_topL,hard,C,0.75,0.6370043593019412,816.351440901189,0.35,0,0,0.5,0.0
454,random_topL,hard,A,0.95,0.8885842043699199,1490.8986695174597,1.0,1,0,0.5,0.0
455,random_topL,hard,C,0.75,0.7932961758434233,825.681304551031,0.35,0,0,0.5,0.0
456,random_topL,simple,D,0.85,0.5212665090015601,534.6716442330508,0.22,1,0,0.52,0.0
457,random_topL,hard,E,0.9,0.48709804361061104,956.3704105805022,0.6,0,0,0.5,0.0
458,random_topL,hard,E,0.9,0.7286462783773378,1073.058022666317,0.6,0,0,0.48,0.0
459,random_topL,hard,A,0.95,0.7689342454103408,1333.4676230700513,1.0,1,0,0.48,0.0
460,random_topL,hard,C,0.75,0.7186477114679597,861.3153184497166,0.35,0,0,0.46,0.0
461,random_topL,hard,A,0.95,0.8954626796457679,1526.383610294643,1.0,1,0,0.46,0.0
462,random_topL,hard,E,0.9,0.7369657922241578,1211.4732159474843,0.6,0,0,0.46,0.0
463,random_topL,hard,E,0.9,0.9485298971572589,1294.136994550717,0.6,0,0,0.44,0.0
464,random_topL,hard,A,0.95,0.9102327432235606,1329.8349906486603,1.0,1,0,0.46,0.0
465,random_topL,hard,E,0.9,1.0,1494.360751374721,0.6,0,0,0.46,0.0
466,random_topL,hard,E,0.9,1.0,1587.791092274555,0.6,0,0,0.46,0.0
467,random_topL,hard,A,0.95,0.9202981279900464,1696.295592084099,1.0,1,0,0.46,0.0
468,random_topL,simple,B,0.95,0.33415238440562,356.07732474198394,0.1,1,0,0.46,0.0
469,random_topL,hard,A,0.95,1.0,1694.6925768302224,1.0,1,0,0.48,0.0
470,random_topL,hard,C,0.75,0.5001440890507499,737.1341225464834,0.35,1,0,0.5,0.0
471,random_topL,hard,E,0.9,0.8277319167999999,1257.878586993255,0.6,0,0,0.5,0.0
472,random_topL,hard,A,0.95,0.9814719999999999,1531.2985550801106,1.0,1,0,0.52,0.0
473,random_topL,hard,C,0.75,0.6408341926535926,662.040571082173,0.35,0,0,0.5,0.0
474,random_topL,hard,A,0.95,1.0,1662.7656992339419,1.0,1,0,0.5,0.0
475,random_topL,simple,B,0.95,0.43655992497539753,423.5660109378769,0.1,1,0,0.52,0.0
476,random_topL,hard,A,0.95,1.0,1852.3343045908682,1.0,1,0,0.54,0.0
477,random_topL,hard,E,0.9,0.6844020849234738,1269.4854158558828,0.6,0,0,0.54,0.0
478,random_topL,simple,B,0.95,0.5975033651928341,519.7691476824683,0.1,1,0,0.54,0.0
479,random_topL,simple,B,0.95,0.825802961369694,536.111390410672,0.1,1,0,0.56,0.0
480,random_topL,hard,A,0.95,0.8996953599999999,1455.019280167697,1.0,1,0,0.58,0.0
481,random_topL,hard,C,0.75,0.53046610035411,743.763410344435,0.35,0,0,0.56,0.0
482,random_topL,hard,A,0.95,0.9967240867839999,1534.306297764401,1.0,1,0,0.58,0.0
483,random_topL,simple,B,0.95,0.7952302042076649,590.3221580365221,0.1,0,0,0.56,0.0
484,random_topL,simple,A,0.8,1.0,1976.8968702203395,1.0,1,0,0.58,0.0
485,random_topL,simple,B,0.95,0.9158262701384157,603.2832125872627,0.1,1,0,0.6,0.0
486,random_topL,hard,E,0.9,0.5165984643568832,998.5925999951461,0.6,0,0,0.58,0.0
487,random_topL,simple,B,0.95,1.0,640.4362040736022,0.1,1,0,0.58,0.0
488,random_topL,hard,A,0.95,0.8996953599999999,1420.4621598770498,1.0,1,0,0.58,0.0
489,random_topL,hard,A,0.95,1.0,1846.356823715388,1.0,1,0,0.58,0.0
490,random_topL,hard,C,0.75,0.4678810530551376,583.395517483848,0.35,0,0,0.58,0.0
491,random_topL,hard,E,0.9,0.5726254978109945,928.725508521429,0.6,0,0,0.56,0.0
492,random_topL,hard,C,0.75,0.6623270874858985,845.128233173746,0.35,0,0,0.54,0.0
493,random_topL,hard,E,0.9,0.7434411855048342,1292.1546433193864,0.6,0,0,0.52,0.0
494,random_topL,hard,E,0.9,0.9542282432442541,1434.7287452645555,0.6,0,0,0.5,0.0
495,random_topL,hard,C,0.75,0.7513573649631902,987.7048325366048,0.35,0,0,0.5,0.0
496,random_topL,hard,E,0.9,1.0,1251.0307162179722,0.6,0,0,0.5,0.0
497,random_topL,hard,A,0.95,0.6596345248055295,1257.0123487026156,1.0,1,0,0.5,0.0
498,random_topL,hard,E,0.9,1.0,1569.5961399156258,0.6,0,0,0.48,0.0
499,random_topL,hard,C,0.75,0.7505855254702516,951.3763491185691,0.35,0,0,0.48,0.0
500,random_topL,hard,A,0.95,0.7495224588882738,943.0894640226625,1.0,1,0,0.48,0.0
501,random_topL,hard,A,0.95,0.959579763821681,1661.0336944420312,1.0,1,0,0.5,0.0
502,random_topL,hard,A,0.95,1.0,1753.4829149205937,1.0,0,0,0.5,0.0
503,random_topL,hard,E,0.9,0.8277319167999999,1292.2747258999752,0.6,0,0,0.5,0.0
504,random_topL,hard,E,0.9,1.0,1670.3506929567363,0.6,0,0,0.48,0.0
505,random_topL,hard,A,0.95,0.9814719999999999,1810.9025732249559,1.0,1,0,0.5,0.0
506,random_topL,hard,C,0.75,0.6067459872481848,722.0806335854103,0.35,0,0,0.48,0.0
507,random_topL,hard,E,0.9,0.9814719999999999,1411.9197057169563,0.6,0,0,0.48,0.0
508,random_topL,hard,C,0.75,0.7698640925249942,832.2653741684697,0.35,0,0,0.48,0.0
509,random_topL,hard,E,0.9,1.0,1482.901010145759,0.6,0,0,0.46,0.0
510,random_topL,hard,C,0.75,0.8961827532513555,1075.245699916129,0.35,1,0,0.48,0.0
511,random_topL,hard,C,0.75,1.0,1119.9371775649945,0.35,0,0,0.46,0.0
512,random_topL,simple,D,0.85,0.30040559207737433,388.9191341695374,0.22,1,0,0.48,0.0
513,random_topL,hard,A,0.95,0.6529712163299327,1375.1187099686952,1.0,1,0,0.5,0.0
514,random_topL,simple,A,0.8,0.8746146703703408,1520.5302565593204,1.0,1,0,0.5,0.0
515,random_topL,simple,A,0.8,1.0,1909.6342466689034,1.0,1,0,0.52,0.0
516,random_topL,hard,A,0.95,1.0,1882.6016603062517,1.0,1,0,0.54,0.0
517,random_topL,hard,C,0.75,0.764404086784,947.9701779444683,0.35,0,0,0.52,0.0
518,random_topL,hard,C,0.75,0.9726755963699198,901.1689163926148,0.35,0,0,0.5,0.0
519,random_topL,hard,C,0.75,1.0,982.338379835629,0.35,0,0,0.48,0.0
520,random_topL,simple,D,0.85,0.4080362223556703,482.15707541391,0.22,1,0,0.48,0.0
521,random_topL,hard,A,0.95,0.8277319167999999,1621.4250311770045,1.0,1,0,0.5,0.0
522,random_topL,hard,E,0.9,0.48979061712307925,1009.8382233741622,0.6,0,0,0.48,0.0
523,random_topL,simple,D,0.85,0.5780652605211634,509.86791160023364,0.22,1,0,0.5,0.0
524,random_topL,hard,A,0.95,0.8640761248055295,1505.2527878855517,1.0,1,0,0.5,0.0
525,random_topL,simple,D,0.85,0.7476537377475889,717.9373832850622,0.22,1,0,0.5,0.0
526,random_topL,simple,D,0.85,0.9579352892178783,744.011085430216,0.22,1,0,0.5,0.0
527,random_topL,hard,C,0.75,0.6596345248055295,757.0568791280608,0.35,0,0,0.5,0.0
528,random_topL,hard,E,0.9,0.5274607642604154,1108.1830486650454,0.6,0,0,0.48,0.0
529,random_topL,hard,E,0.9,0.7641654725491656,1289.9703184804632,0.6,0,0,0.46,0.0
530,random_topL,hard,E,0.9,0.9724656158432656,1391.843278971515,0.6,0,0,0.44,0.0
531,random_topL,hard,A,0.95,0.6531268256139093,1267.411650477139,1.0,1,0,0.46,0.0
532,random_topL,hard,E,0.9,1.0,1605.356968485762,0.6,0,0,0.44,0.0
533,random_topL,hard,A,0.95,0.8057814137554113,1463.0762618526985,1.0,1,0,0.46,0.0
534,random_topL,hard,E,0.9,1.0,1676.516177101353,0.6,0,0,0.44,0.0
535,random_topL,simple,D,0.85,0.603165810228441,591.2129602436278,0.22,1,0,0.44,0.0
536,random_topL,hard,C,0.75,0.508760067008907,808.116644708834,0.35,1,0,0.46,0.0
537,random_topL,hard,E,0.9,0.9814719999999999,1399.122968360142,0.6,0,0,0.44,0.0
538,random_topL,simple,B,0.95,0.3014744032504725,364.5086533896692,0.1,0,0,0.42,0.0
539,random_topL,hard,E,0.9,1.0,1347.7212758749579,0.6,0,0,0.4,0.0
540,random_topL,simple,D,0.85,0.6183098491800803,591.1622926370507,0.22,1,0,0.42,0.0
541,random_topL,simple,B,0.95,0.505446364531906,388.39384003739764,0.1,1,0,0.44,0.0
542,random_topL,hard,A,0.95,0.5550123979330885,1095.716605366576,1.0,1,0,0.46,0.0
543,random_topL,hard,A,0.95,0.7884109101811179,1373.3644588444477,1.0,1,0,0.48,0.0
544,random_topL,hard,E,0.9,0.8277319167999999,1307.5120832633397,0.6,0,0,0.48,0.0
545,random_topL,hard,A,0.95,0.9105454088442577,1477.0757002411221,1.0,1,0,0.5,0.0
546,random_topL,simple,B,0.95,0.5667401787940143,382.3625948104006,0.1,1,0,0.52,0.0
547,random_topL,hard,E,0.9,0.8640761248055295,1687.041123180596,0.6,0,0,0.5,0.0
548,random_topL,simple,B,0.95,0.7388835944580847,510.91258265603886,0.1,1,0,0.52,0.0
549,random_topL,hard,A,0.95,0.8460498567532042,1465.2267491441671,1.0,1,0,0.54,0.0
550,random_topL,hard,A,0.95,1.0,1363.6919186566731,1.0,1,0,0.54,0.0
551,random_topL,hard,E,0.9,0.818182442732657,1446.311007471826,0.6,0,0,0.52,0.0
552,random_topL,hard,C,0.75,0.36580149642772514,610.3994049183414,0.35,0,0,0.52,0.0
553,random_topL,simple,D,0.85,0.4173494078491655,552.393453536832,0.22,1,0,0.54,0.0
554,random_topL,simple,A,0.8,0.8996953599999999,1589.9697156086313,1.0,1,0,0.56,0.0
555,random_topL,hard,E,0.9,0.7906602145402402,1204.5696824812826,0.6,0,0,0.54,0.0
556,random_topL,hard,E,0.9,0.9957809887954114,1405.5369825156415,0.6,0,0,0.54,0.0
557,random_topL,simple,A,0.8,0.9131171963699201,1873.5371815354297,1.0,1,0,0.56,0.0
558,random_topL,simple,B,0.95,0.5057798022139119,447.19574283851995,0.1,0,0,0.56,0.0
559,random_topL,hard,A,0.95,1.0,1730.035866710045,1.0,1,0,0.58,0.0
560,random_topL,hard,E,0.9,0.8971652385568203,1205.6650629889054,0.6,1,0,0.58,0.0
561,random_topL,hard,E,0.9,1.0,1533.3607251647452,0.6,0,0,0.58,0.0
562,random_topL,hard,A,0.95,0.9814719999999999,1855.0702551693244,1.0,1,0,0.58,0.0
563,random_topL,hard,E,0.9,1.0,1548.6982100545686,0.6,0,0,0.56,0.0
564,random_topL,simple,D,0.85,0.402284351332186,524.2023800509706,0.22,0,0,0.54,0.0
565,random_topL,simple,B,0.95,0.5066998623016306,405.06365798233594,0.1,1,0,0.54,0.0
566,random_topL,hard,A,0.95,0.8885842043699199,1439.203767524598,1.0,0,0,0.52,0.0
567,random_topL,simple,D,0.85,0.5741455214710474,576.8564395715497,0.22,0,0,0.52,0.0
568,random_topL,hard,C,0.75,0.3473116650093217,569.5630979032624,0.35,0,0,0.52,0.0
569,random_topL,simple,A,0.8,0.9055452549203782,1585.5386452040946,1.0,1,0,0.54,0.0
570,random_topL,simple,A,0.8,1.0,1729.0270296753972,1.0,1,0,0.54,0.0
571,random_topL,hard,A,0.95,1.0,1746.8297582279502,1.0,1,0,0.54,0.0
572,random_topL,simple,D,0.85,0.6029949165680514,505.993734230478,0.22,1,0,0.56,0.0
573,random_topL,simple,B,0.95,0.48222676419787425,454.5339643264128,0.1,1,0,0.56,0.0
574,random_topL,hard,A,0.95,0.9814719999999999,1774.0376122506568,1.0,1,0,0.56,0.0
575,random_topL,simple,A,0.8,1.0,1830.991896254081,1.0,1,0,0.56,0.0
576,random_topL,hard,A,0.95,1.0,1899.173599289335,1.0,1,0,0.56,0.0
577,random_topL,hard,C,0.75,0.4099166337324393,688.0366158754167,0.35,0,0,0.56,0.0
578,random_topL,hard,E,0.9,0.44697385390011257,1006.8393623009214,0.6,0,0,0.56,0.0
579,random_topL,simple,A,0.8,0.9814719999999999,1795.8812681561535,1.0,1,0,0.58,0.0
580,random_topL,hard,E,0.9,0.6461365524602471,1153.1365084295576,0.6,0,0,0.58,0.0
581,random_topL,simple,D,0.85,0.49083485544648897,590.6592846098034,0.22,1,0,0.58,0.0
582,random_topL,simple,D,0.85,0.7319346727929104,607.9246859096054,0.22,1,0,0.6,0.0
583,random_topL,hard,A,0.95,0.8885842043699199,1904.7546802263546,1.0,1,0,0.6,0.0
584,random_topL,simple,B,0.95,0.41818454954852813,379.4925573638583,0.1,1,0,0.62,0.0
585,random_topL,hard,E,0.9,0.64098688134439,1050.5294822313942,0.6,0,0,0.6,0.0
586,random_topL,hard,A,0.95,0.9055452549203782,1774.6219559499973,1.0,1,0,0.6,0.0
587,random_topL,hard,E,0.9,0.7963802409130956,1380.7890998407509,0.6,0,0,0.6,0.0
588,random_topL,hard,A,0.95,1.0,1657.7921032604186,1.0,1,0,0.62,0.0
589,random_topL,hard,E,0.9,0.9167168585631011,1285.3896027707958,0.6,0,0,0.62,0.0
590,random_topL,simple,A,0.8,1.0,1884.924250887436,1.0,1,0,0.62,0.0
591,random_topL,hard,E,0.9,1.0,1562.1660566748662,0.6,0,0,0.6,0.0
592,random_topL,hard,C,0.75,0.3602470274374175,655.1307036703108,0.35,0,0,0.58,0.0
593,random_topL,simple,B,0.95,0.4323463695469514,378.63017212673407,0.1,1,0,0.58,0.0
594,random_topL,hard,A,0.95,0.8996953599999999,1353.6673194692376,1.0,1,0,0.6,0.0
595,random_topL,simple,D,0.85,0.43891433324314555,548.8826245193295,0.22,1,0,0.6,0.0
596,random_topL,simple,A,0.8,0.9967240867839999,1446.7099666778415,1.0,1,0,0.6,0.0
597,random_topL,hard,E,0.9,0.764404086784,1179.6571414568793,0.6,0,0,0.6,0.0
598,random_topL,hard,A,0.95,1.0,1911.0035605814855,1.0,1,0,0.6,0.0
599,random_topL,simple,A,0.8,1.0,1867.3933202726428,1.0,1,0,0.6,0.0
600,random_topL,hard,C,0.75,0.42955726852506027,724.9387554758762,0.35,0,0,0.58,0.0
601,random_topL,simple,A,0.8,1.0,1655.8559087100214,1.0,1,0,0.6,0.0
602,random_topL,hard,A,0.95,1.0,1755.9754774549835,1.0,1,0,0.62,0.0
603,random_topL,simple,A,0.8,1.0,1852.8415773063539,1.0,1,0,0.62,0.0
604,random_topL,hard,C,0.75,0.5576035007887526,669.8589440527473,0.35,0,0,0.6,0.0
605,random_topL,hard,A,0.95,1.0,1884.3632694100927,1.0,1,0,0.62,0.0
606,random_topL,hard,E,0.9,0.5419173684487724,965.3496397092044,0.6,0,0,0.62,0.0
607,random_topL,simple,B,0.95,0.37220865017277016,345.1071150156803,0.1,1,0,0.62,0.0
608,random_topL,hard,A,0.95,0.9814719999999999,1543.0536167429232,1.0,1,0,0.64,0.0
609,random_topL,hard,A,0.95,1.0,1914.2370407008318,1.0,1,0,0.64,0.0
610,random_topL,hard,A,0.95,1.0,1868.8710646765326,1.0,1,0,0.64,0.0
611,random_topL,hard,C,0.75,0.5278789432227986,714.304118710134,0.35,0,0,0.64,0.0
612,random_topL,hard,E,0.9,0.5516686406068406,968.4927114654025,0.6,0,0,0.62,0.0
613,random_topL,hard,A,0.95,0.9814719999999999,1765.557921726835,1.0,1,0,0.64,0.0
614,random_topL,hard,E,0.9,0.7272121952859374,1062.3710643312668,0.6,0,0,0.64,0.0
615,random_topL,hard,C,0.75,0.6165665528924158,822.312150943263,0.35,1,0,0.64,0.0
616,random_topL,simple,A,0.8,0.9688456867839998,1549.2682071696056,1.0,1,0,0.66,0.0
617,random_topL,hard,A,0.95,1.0,1986.2119371114504,1.0,1,0,0.68,0.0
618,random_topL,simple,B,0.95,0.3912212156699876,384.12745094192957,0.1,1,0,0.7,0.0
619,random_topL,hard,C,0.75,0.6697521009007763,746.4335097824903,0.35,0,0,0.68,0.0
620,random_topL,hard,A,0.95,0.9814719999999999,1871.5104414004393,1.0,1,0,0.68,0.0
621,random_topL,hard,E,0.9,0.5971938775959591,1105.2854512856952,0.6,0,0,0.66,0.0
622,random_topL,hard,E,0.9,0.8255306122844439,1247.7183091085149,0.6,0,0,0.64,0.0
623,random_topL,hard,E,0.9,1.0,1574.90858394936,0.6,0,0,0.62,0.0
624,random_topL,hard,E,0.9,1.0,1681.2435525189742,0.6,0,0,0.6,0.0
625,random_topL,simple,D,0.85,0.3094811262130894,361.1841208329512,0.22,1,0,0.6,0.0
626,random_topL,hard,E,0.9,1.0,1469.2383423830727,0.6,0,0,0.58,0.0
627,random_topL,hard,C,0.75,0.5408659785449559,695.7162575914377,0.35,0,0,0.58,0.0
628,random_topL,hard,C,0.75,0.7759620611195612,791.2155749454301,0.35,0,0,0.58,0.0
629,random_topL,simple,B,0.95,0.39588083155171516,416.8850335290148,0.1,1,0,0.58,0.0
630,random_topL,simple,B,0.95,0.6483751317655093,509.2184176645079,0.1,0,0,0.58,0.0
631,random_topL,hard,A,0.95,0.5405400007347919,1078.802967590062,1.0,1,0,0.58,0.0
632,random_topL,hard,C,0.75,0.7653408475894372,854.130796967608,0.35,0,0,0.56,0.0
633,random_topL,hard,C,0.75,0.9734999458787048,958.5928183467804,0.35,0,0,0.54,0.0
634,random_topL,hard,C,0.75,1.0,1194.1267823461803,0.35,0,0,0.52,0.0
635,random_topL,hard,C,0.75,1.0,1185.2736010268095,0.35,0,0,0.52,0.0
636,random_topL,hard,A,0.95,0.5852602106948452,1422.9413739612653,1.0,1,0,0.52,0.0
637,random_topL,hard,E,0.9,0.5450808588882738,854.2038076459455,0.6,0,0,0.52,0.0
638,random_topL,hard,A,0.95,0.7532255071620881,1196.4729480863248,1.0,0,0,0.5,0.0
639,random_topL,hard,A,0.95,0.9628384463026376,1786.433123913388,1.0,1,0,0.52,0.0
640,random_topL,simple,B,0.95,0.480573107016919,414.74229445662525,0.1,1,0,0.52,0.0
641,random_topL,hard,C,0.75,0.764404086784,972.9793434177612,0.35,1,0,0.54,0.0
642,random_topL,hard,C,0.75,0.9726755963699198,1122.0123805904911,0.35,0,0,0.54,0.0
643,random_topL,hard,E,0.9,0.5531377784954472,942.1470374341798,0.6,0,0,0.52,0.0
644,random_topL,simple,A,0.8,0.8081205788360248,1739.0407453512105,1.0,1,0,0.52,0.0
645,random_topL,hard,C,0.75,0.9628511840094021,845.9789687951993,0.35,0,0,0.5,0.0
646,random_topL,simple,A,0.8,0.9258085762506176,1682.6239319727244,1.0,1,0,0.5,0.0
647,random_topL,hard,E,0.9,0.6317141592044275,1151.6794035466166,0.6,0,0,0.5,0.0
648,random_topL,hard,E,0.9,0.8559084600998963,1381.3979277738665,0.6,0,0,0.48,0.0
649,random_topL,hard,A,0.95,0.9309126220746609,1633.2803923134318,1.0,1,0,0.48,0.0
650,random_topL,hard,A,0.95,1.0,1896.20684387921,1.0,1,0,0.5,0.0
651,random_topL,hard,A,0.95,1.0,1583.6745653521434,1.0,1,0,0.5,0.0
652,random_topL,simple,B,0.95,0.40364575744715536,385.9024232657129,0.1,1,0,0.5,0.0
653,random_topL,hard,C,0.75,0.6462745280196629,758.6881616518087,0.35,0,0,0.48,0.0
654,random_topL,simple,D,0.85,0.3075968169328643,493.04488047296326,0.22,1,0,0.5,0.0
655,random_topL,hard,C,0.75,0.8004749944984271,848.7773857102499,0.35,1,0,0.5,0.0
656,random_topL,hard,C,0.75,1.0,1082.9018116851948,0.35,0,0,0.5,0.0
657,random_topL,hard,E,0.9,0.5708765244460519,1056.715366993933,0.6,0,0,0.48,0.0
658,random_topL,hard,A,0.95,0.70867559636992,1339.4653483118382,1.0,1,0,0.48,0.0
659,random_topL,hard,C,0.75,0.9814719999999999,941.5310126662939,0.35,0,0,0.46,0.0
660,random_topL,hard,C,0.75,1.0,1079.5369016907784,0.35,1,0,0.46,0.0
661,random_topL,hard,C,0.75,1.0,1224.5190407288408,0.35,1,0,0.48,0.0
662,random_topL,simple,D,0.85,0.41062243508934415,459.6535483224773,0.22,1,0,0.5,0.0
663,random_topL,hard,A,0.95,0.673990730861681,1332.7288368739441,1.0,1,0,0.5,0.0
664,random_topL,simple,B,0.95,0.3870547470511459,411.6713471012306,0.1,1,0,0.52,0.0
665,random_topL,hard,A,0.95,0.8219384219792858,1475.3031971734906,1.0,1,0,0.52,0.0
666,random_topL,simple,D,0.85,0.5462483690349809,488.90678336997814,0.22,1,0,0.52,0.0
667,random_topL,hard,E,0.9,0.4589896692390807,842.5997791398477,0.6,0,0,0.5,0.0
668,random_topL,hard,A,0.95,0.8601280203030679,1366.2726547663317,1.0,1,0,0.5,0.0
669,random_topL,hard,E,0.9,0.6554415998587441,1070.8240279402328,0.6,1,0,0.52,0.0
670,random_topL,hard,E,0.9,0.8767886078756948,1187.6232595277042,0.6,0,0,0.5,0.0
671,random_topL,simple,D,0.85,0.5882726988397042,521.6239999732968,0.22,1,0,0.52,0.0
672,random_topL,simple,D,0.85,0.8176799749789396,696.2170295525958,0.22,1,0,0.54,0.0
673,random_topL,hard,E,0.9,0.8975068861862654,1355.2634610976854,0.6,0,0,0.54,0.0
674,random_topL,hard,C,0.75,0.48979061712307925,679.1131719507445,0.35,0,0,0.54,0.0
675,random_topL,hard,E,0.9,0.9950293326626438,1676.98321941708,0.6,0,0,0.52,0.0
676,random_topL,simple,B,0.95,0.383476544662789,427.52600918431034,0.1,1,0,0.54,0.0
677,random_topL,simple,A,0.8,0.5722119240311809,1198.0216855429856,1.0,1,0,0.56,0.0
678,random_topL,hard,C,0.75,0.5937251604602471,723.0566289370961,0.35,0,0,0.56,0.0
679,random_topL,hard,C,0.75,0.8224781412050175,982.7506172658353,0.35,0,0,0.54,0.0
680,random_topL,hard,A,0.95,0.689946404293377,1506.7739887935068,1.0,0,0,0.54,0.0
681,random_topL,hard,C,0.75,0.9369270725491656,772.3692327239598,0.35,0,0,0.52,0.0
682,random_topL,hard,A,0.95,0.8342944954847911,1582.7692017068562,1.0,1,0,0.54,0.0
683,random_topL,hard,A,0.95,1.0,1816.44211350044,1.0,1,0,0.56,0.0
684,random_topL,hard,E,0.9,0.61490527307333,1049.7781442112887,0.6,0,0,0.56,0.0
685,random_topL,hard,A,0.95,1.0,1939.9777297620776,1.0,1,0,0.58,0.0
686,random_topL,hard,E,0.9,0.7761826434679868,1088.755224670792,0.6,0,0,0.56,0.0
687,random_topL,hard,E,0.9,0.9830407262518284,1380.8529934290304,0.6,0,0,0.56,0.0
688,random_topL,hard,C,0.75,0.6828992301291537,693.3680818167404,0.35,0,0,0.56,0.0
689,random_topL,simple,A,0.8,0.8996953599999999,1410.7592308549786,1.0,1,0,0.56,0.0
690,random_topL,simple,B,0.95,0.3640466200561236,385.0010285239331,0.1,1,0,0.56,0.0
691,random_topL,hard,C,0.75,0.7653767041545746,950.7930535454818,0.35,0,0,0.54,0.0
692,random_topL,hard,C,0.75,0.9735314996560256,1023.428858858568,0.35,0,0,0.54,0.0
693,random_topL,simple,B,0.95,0.5480875782628867,377.041028032022,0.1,1,0,0.56,0.0
694,random_topL,simple,B,0.95,0.7823170688713403,503.309907214157,0.1,1,0,0.56,0.0
695,random_topL,hard,E,0.9,0.653535384450059,1079.9722554264085,0.6,0,0,0.56,0.0
696,random_topL,hard,C,0.75,0.8838223231575602,929.6440424999226,0.35,0,0,0.54,0.0
697,random_topL,simple,D,0.85,0.33346957253896453,464.77437299122175,0.22,1,0,0.56,0.0
698,random_topL,hard,C,0.75,0.9844320070532147,995.6367390488928,0.35,0,0,0.56,0.0
699,random_topL,hard,C,0.75,1.0,1125.4579184994777,0.35,0,0,0.54,0.0
700,random_topL,hard,C,0.75,1.0,1052.4506819691715,0.35,0,0,0.52,0.0
701,random_topL,simple,A,0.8,0.4940383381786034,1143.9388502828701,1.0,1,0,0.52,0.0
702,random_topL,simple,A,0.8,0.7347537375971709,1233.392814610981,1.0,1,0,0.52,0.0
703,random_topL,hard,C,0.75,0.9814719999999999,1156.3360181617888,0.35,0,0,0.52,0.0
704,random_topL,hard,C,0.75,1.0,1131.450366373138,0.35,0,0,0.5,0.0
705,random_topL,hard,E,0.9,0.48201024242602125,1058.8053625163507,0.6,0,0,0.48,0.0
706,random_topL,simple,D,0.85,0.4055359107062952,428.8566863890454,0.22,0,0,0.48,0.0
707,random_topL,hard,C,0.75,0.9814719999999999,914.5137605953317,0.35,0,0,0.48,0.0
708,random_topL,hard,C,0.75,1.0,1211.7463619624702,0.35,0,0,0.46,0.0
709,random_topL,hard,A,0.95,0.6002759218975515,1297.3406261373193,1.0,1,0,0.48,0.0
710,random_topL,hard,E,0.9,0.5543721891527169,1064.3474816950688,0.6,0,0,0.46,0.0
711,random_topL,hard,C,0.75,0.9814719999999999,1076.843864235465,0.35,0,0,0.44,0.0
712,random_topL,simple,B,0.95,0.3783557559045727,405.8695764253522,0.1,1,0,0.44,0.0
713,random_topL,hard,C,0.75,1.0,1040.7209070247845,0.35,0,0,0.42,0.0
714,random_topL,hard,E,0.9,0.6324544295479266,1080.0331418409423,0.6,1,0,0.42,0.0
715,random_topL,hard,E,0.9,0.8565598980021754,1147.0667661166303,0.6,1,0,0.42,0.0
716,random_topL,hard,A,0.95,0.5453181203679853,1217.59885446724,1.0,1,0,0.42,0.0
717,random_topL,hard,E,0.9,0.9633199850128846,1339.3584473542214,0.6,0,0,0.42,0.0
718,random_topL,hard,C,0.75,0.8277319167999999,853.8132122059933,0.35,0,0,0.4,0.0
719,random_topL,hard,E,0.9,1.0,1526.8049597633735,0.6,0,0,0.38,0.0
720,random_topL,hard,A,0.95,0.6270247465086023,1498.4927925571633,1.0,1,0,0.4,0.0
721,random_topL,simple,A,0.8,0.85178177692757,1613.180444635063,1.0,1,0,0.4,0.0
722,random_topL,simple,A,0.8,1.0,1494.0827261867364,1.0,1,0,0.4,0.0
723,random_topL,hard,C,0.75,0.7368205510494021,861.1978457390687,0.35,1,0,0.42,0.0
724,random_topL,simple,A,0.8,1.0,1935.1441901845485,1.0,1,0,0.44,0.0
725,random_topL,simple,A,0.8,1.0,1958.2285161034888,1.0,1,0,0.46,0.0
726,random_topL,hard,C,0.75,0.8021225745647382,897.2422178987549,0.35,0,0,0.44,0.0
727,random_topL,hard,A,0.95,1.0,1711.8677500746385,1.0,1,0,0.44,0.0
728,random_topL,hard,C,0.75,0.9211637217429334,1037.8928878951797,0.35,0,0,0.44,0.0
729,random_topL,simple,A,0.8,1.0,1616.649337882271,1.0,1,0,0.46,0.0
730,random_topL,hard,E,0.9,0.5450808588882738,919.7755436058148,0.6,0,0,0.46,0.0
731,random_topL,hard,C,0.75,0.9277472837836003,957.1060879220644,0.35,1,0,0.48,0.0
732,random_topL,simple,A,0.8,0.9814719999999999,1711.1894182297845,1.0,1,0,0.48,0.0
733,random_topL,hard,E,0.9,0.6714573430683097,1135.6113857301136,0.6,0,0,0.46,0.0
734,random_topL,hard,A,0.95,1.0,1942.5433246678613,1.0,1,0,0.48,0.0
735,random_topL,hard,E,0.9,0.819976566472099,1318.5481390860887,0.6,0,0,0.46,0.0
736,random_topL,hard,A,0.95,1.0,1518.8395695601996,1.0,1,0,0.48,0.0
737,random_topL,hard,A,0.95,1.0,1936.4288085825497,1.0,1,0,0.5,0.0
738,random_topL,hard,E,0.9,0.8587910707068742,1293.5502414112536,0.6,0,0,0.5,0.0
739,random_topL,hard,E,0.9,1.0,1453.3332560613449,0.6,0,0,0.48,0.0
740,random_topL,hard,C,0.75,0.5936119591179596,745.9987040037755,0.35,0,0,0.46,0.0
741,random_topL,simple,B,0.95,0.3092874788465241,317.91691219380374,0.1,1,0,0.48,0.0
742,random_topL,hard,E,0.9,0.9814719999999999,1497.2564928908323,0.6,0,0,0.48,0.0
743,random_topL,hard,C,0.75,0.7045299290040341,891.324412627199,0.35,0,0,0.46,0.0
744,random_topL,hard,C,0.75,0.91998633752355,801.6240883503631,0.35,0,0,0.44,0.0
745,random_topL,simple,D,0.85,0.3027723849424865,397.82461008679456,0.22,1,0,0.46,0.0
746,random_topL,simple,D,0.85,0.566439698749388,551.7606462136337,0.22,1,0,0.48,0.0
747,random_topL,hard,A,0.95,0.5785009760094021,1144.7117268170343,1.0,1,0,0.48,0.0
748,random_topL,hard,C,0.75,0.8517115378762667,914.4932519392218,0.35,0,0,0.48,0.0
749,random_topL,hard,A,0.95,0.747991155821681,1498.836441995284,1.0,1,0,0.5,0.0
750,random_topL,hard,E,0.9,0.6529712163299327,1199.2751416691294,0.6,0,1,0.5,0.0
751,random_topL,simple,A,0.8,0.8792443510683097,2557.575828177174,1.0,0,0,0.48,0.0
752,random_topL,hard,E,0.9,0.8056609099258998,1232.87844616258,0.6,0,0,0.46,0.0
753,random_topL,hard,E,0.9,1.0,1452.5480204407984,0.6,0,0,0.46,0.0
754,random_topL,simple,A,0.8,0.899180406411223,3037.951905735784,1.0,0,0,0.46,0.0
755,random_topL,hard,C,0.75,0.6480737206767251,746.1066166828281,0.35,0,0,0.46,0.0
756,random_topL,hard,C,0.75,0.8703048741955182,772.4980991511652,0.35,0,0,0.46,0.0
757,random_topL,hard,C,0.75,1.0,1057.3908027522548,0.35,0,0,0.46,0.0
758,random_topL,hard,A,0.95,0.8392343175277246,3385.236150464754,1.0,0,0,0.46,0.0
759,random_topL,hard,E,0.9,0.764404086784,1143.9408294255954,0.6,0,0,0.44,0.0
760,random_topL,simple,B,0.95,0.3272604555643737,356.22379692966774,0.1,1,0,0.46,0.0
761,random_topL,hard,E,0.9,0.8919545248055296,1529.2999523542258,0.6,0,0,0.46,0.0
762,random_topL,simple,A,0.8,0.803284926174143,2976.748768459242,1.0,0,0,0.44,0.0
763,random_topL,hard,C,0.75,0.764404086784,809.1905516848269,0.35,0,0,0.44,0.0
764,random_topL,hard,A,0.95,0.9220638468292564,3147.394836081708,1.0,0,0,0.42,0.0
765,random_topL,simple,B,0.95,0.47270578750782816,426.0138508352676,0.1,1,0,0.42,0.0
766,random_topL,hard,C,0.75,0.8209199818288659,828.0292310265954,0.35,0,0,0.4,0.0
767,random_topL,hard,A,0.95,0.928360693826427,2987.1799491936927,1.0,0,0,0.4,0.0
768,random_topL,hard,A,0.95,1.0,3491.908519482318,1.0,0,0,0.4,0.0
769,random_topL,simple,B,0.95,0.5834794674135906,410.5341305806906,0.1,1,0,0.42,0.0
770,random_topL,hard,A,0.95,1.0,3004.9375017338807,1.0,0,0,0.4,0.0
771,random_topL,hard,E,0.9,0.5484102057143425,1062.288709194582,0.6,0,0,0.38,0.0
772,random_topL,hard,A,0.95,1.0,3485.8547256891566,1.0,0,0,0.36,0.0
773,random_topL,hard,C,0.75,0.6354899631458957,877.0523273501993,0.35,0,0,0.34,0.0
774,random_topL,hard,A,0.95,1.0,3314.3067630749933,1.0,0,0,0.32,0.0
775,random_topL,hard,E,0.9,0.6288790557435366,1142.5734286210502,0.6,0,0,0.3,0.0
776,random_topL,simple,D,0.85,0.3122358416419547,389.6664231529247,0.22,1,0,0.32,0.0
777,random_topL,simple,B,0.95,0.5098393609970702,454.367719157314,0.1,1,0,0.32,0.0
778,random_topL,hard,E,0.9,0.7285634678756594,1136.1201133735701,0.6,0,0,0.32,0.0
779,random_topL,hard,C,0.75,0.5951241359951676,726.4235344485812,0.35,0,0,0.3,0.0
780,random_topL,simple,D,0.85,0.48724638545837506,543.5402638602491,0.22,1,0,0.32,0.0
781,random_topL,hard,C,0.75,0.7608641309146578,836.9433807918853,0.35,0,0,0.3,0.0
782,random_topL,simple,B,0.95,0.5690585032390709,486.1459993047765,0.1,1,0,0.3,0.0
783,random_topL,hard,E,0.9,0.684486195412477,1187.4158918843452,0.6,0,0,0.3,0.0
784,random_topL,hard,C,0.75,0.8185076010226737,862.8538286339874,0.35,0,0,0.28,0.0
785,random_topL,simple,B,0.95,0.6877974363193362,563.2182194765862,0.1,1,0,0.3,0.0
786,random_topL,simple,B,0.95,0.9052617439610158,564.5043359289303,0.1,1,0,0.3,0.0
787,random_topL,hard,E,0.9,0.7104831953729157,1138.2471487905468,0.6,0,0,0.28,0.0
788,random_topL,hard,A,0.95,0.46701574306830973,2270.5864288212892,1.0,0,0,0.28,0.0
789,random_topL,hard,E,0.9,0.850198186496786,1427.3574914565777,0.6,0,0,0.28,0.0
790,random_topL,simple,A,0.8,0.6616569914320991,2555.1394192995103,1.0,0,0,0.28,0.0
791,random_topL,hard,E,0.9,0.9583934756231112,1245.3568703469414,0.6,0,0,0.26,0.0
792,random_topL,simple,D,0.85,0.405084991121744,495.8480609607993,0.22,0,0,0.26,0.0
793,random_topL,simple,D,0.85,0.6564747921871348,597.1455822702493,0.22,0,0,0.26,0.0
794,random_topL,hard,A,0.95,0.6967926276733896,2604.533913670966,1.0,0,0,0.26,0.0
795,random_topL,simple,D,0.85,0.8083740790697171,687.8838780328326,0.22,1,0,0.26,0.0
796,random_topL,hard,E,0.9,0.8057748259391986,1300.7040297317144,0.6,0,0,0.24,0.0
797,random_topL,simple,D,0.85,0.9260048868315889,694.1138319575739,0.22,1,0,0.24,0.0
798,random_topL,hard,C,0.75,0.4367036551918615,659.5559326185015,0.35,0,0,0.24,0.0
799,random_topL,simple,B,0.95,0.4718101850442762,418.5142570372351,0.1,1,0,0.24,0.0
800,random_topL,hard,E,0.9,0.7832194243205451,1202.5872998678337,0.6,0,0,0.24,0.0
801,random_topL,hard,E,0.9,0.9892330934020797,1528.893135842562,0.6,0,0,0.24,0.0
802,random_topL,hard,A,0.95,0.5505906855413158,2063.8046059949666,1.0,0,0,0.24,0.0
803,random_topL,simple,D,0.85,0.7300404538265454,603.0141026926699,0.22,0,0,0.24,0.0
804,random_topL,hard,E,0.9,0.9741346546269021,1381.239363602443,0.6,0,0,0.24,0.0
805,random_topL,hard,C,0.75,0.47847012672245787,699.3950568502202,0.35,0,0,0.24,0.0
806,random_topL,hard,C,0.75,0.7210537115157629,832.7134119769415,0.35,1,0,0.26,0.0
807,random_topL,hard,E,0.9,0.9638454913579042,1374.6653862656785,0.6,0,0,0.26,0.0
808,random_topL,hard,A,0.95,0.5556965645105914,2336.111407054662,1.0,0,0,0.26,0.0
809,random_topL,hard,E,0.9,1.0,1351.393244161468,0.6,0,0,0.26,0.0
810,random_topL,hard,A,0.95,0.7303314195570019,2728.142706529595,1.0,0,0,0.24,0.0
811,random_topL,hard,C,0.75,0.6805230572939678,855.09404280191,0.35,0,0,0.24,0.0
812,random_topL,hard,A,0.95,0.8655686513049423,2864.7199024383326,1.0,0,0,0.24,0.0
813,random_topL,hard,C,0.75,0.8269970555684485,832.4154915174587,0.35,0,0,0.24,0.0
814,random_topL,hard,A,0.95,0.9702963635705473,3606.237073505196,1.0,0,0,0.24,0.0
815,random_topL,hard,A,0.95,1.0,4027.341627823863,1.0,0,0,0.22,0.0
816,random_topL,simple,B,0.95,0.3536998086773708,396.9179688245668,0.1,1,0,0.24,0.0
817,random_topL,hard,E,0.9,0.6596345248055295,1115.4543487827566,0.6,0,0,0.24,0.0
818,random_topL,simple,B,0.95,0.5739051318397559,493.38313859187355,0.1,1,0,0.26,0.0
819,random_topL,simple,A,0.8,0.8996953599999999,3267.5095690784265,1.0,0,0,0.24,0.0
820,random_topL,simple,B,0.95,0.7444321340967068,543.5350260939222,0.1,1,0,0.26,0.0
821,random_topL,hard,A,0.95,0.9967240867839999,3418.641317263267,1.0,0,0,0.26,0.0
822,random_topL,hard,C,0.75,0.5617266899235394,663.7768767613591,0.35,0,0,0.26,0.0
823,random_topL,simple,A,0.8,1.0,3168.6111968787563,1.0,0,0,0.26,0.0
824,random_topL,simple,A,0.8,1.0,4289.082693100972,1.0,0,0,0.26,0.0
825,random_topL,hard,C,0.75,0.6828010108355742,886.4136423229163,0.35,0,0,0.26,0.0
826,random_topL,hard,C,0.75,0.9008648895353053,895.388232206951,0.35,1,0,0.26,0.0
827,random_topL,hard,E,0.9,0.4837088589678382,1001.1214876999171,0.6,0,0,0.24,0.0
828,random_topL,hard,C,0.75,0.9976297704561405,1056.3508170864757,0.35,0,0,0.24,0.0
829,random_topL,simple,D,0.85,0.3262964063601934,423.474642473423,0.22,1,0,0.26,0.0
830,random_topL,simple,A,0.8,0.764404086784,2537.560455426399,1.0,0,0,0.24,0.0
831,random_topL,hard,A,0.95,0.9726755963699198,3513.0284980713714,1.0,0,0,0.24,0.0
832,random_topL,hard,C,0.75,0.8982739443404126,952.8849670206605,0.35,0,0,0.22,0.0
833,random_topL,hard,C,0.75,1.0,1046.7569502775257,0.35,0,0,0.22,0.0
834,random_topL,simple,A,0.8,0.9628511840094021,3709.525078501909,1.0,0,0,0.22,0.0
835,random_topL,hard,E,0.9,0.4739584056391234,909.6906759539636,0.6,0,0,0.2,0.0
836,random_topL,hard,C,0.75,0.9814719999999999,1117.7870755087204,0.35,0,0,0.18,0.0
837,random_topL,hard,A,0.95,0.9561561220692554,3234.3239016110324,1.0,0,0,0.18,0.0
838,random_topL,hard,A,0.95,1.0,3990.1209742452597,1.0,0,0,0.18,0.0
839,random_topL,simple,D,0.85,0.39087386763967435,493.3004852148314,0.22,1,0,0.2,0.0
840,random_topL,hard,E,0.9,0.5501229778914065,1066.9648682204556,0.6,0,0,0.2,0.0
841,random_topL,hard,A,0.95,0.9814719999999999,3432.1355553021554,1.0,0,0,0.2,0.0
842,random_topL,hard,A,0.95,1.0,3742.478772129038,1.0,0,0,0.2,0.0
843,random_topL,simple,D,0.85,0.5344052447687668,535.072117201282,0.22,1,0,0.22,0.0
844,random_topL,simple,B,0.95,0.3346265516112546,370.59904840073654,0.1,0,0,0.22,0.0
845,random_topL,simple,D,0.85,0.7138434215489331,715.4367356048137,0.22,1,0,0.22,0.0
846,random_topL,hard,C,0.75,0.5733409099258999,760.99556118864,0.35,0,0,0.22,0.0
847,random_topL,hard,E,0.9,0.5248218360665668,1055.3259791285952,0.6,0,0,0.2,0.0
848,random_topL,simple,B,0.95,0.5006739903340699,447.0607011125684,0.1,0,0,0.2,0.0
849,random_topL,simple,D,0.85,0.7280885876694192,625.8541822299219,0.22,1,0,0.2,0.0
850,random_topL,simple,D,0.85,0.9407179571490889,784.9117649066554,0.22,1,0,0.22,0.0
851,random_topL,hard,E,0.9,0.6147332199158009,1028.9081537621569,0.6,0,0,0.22,0.0
852,random_topL,hard,E,0.9,0.8409652335259048,1300.558106979882,0.6,0,0,0.22,0.0
853,random_topL,hard,C,0.75,0.5343104382872398,725.2725843661713,0.35,0,0,0.22,0.0
854,random_topL,simple,A,0.8,0.515671155821681,2597.4988207343436,1.0,0,0,0.22,0.0
855,random_topL,simple,D,0.85,0.796446890694469,703.6210248798573,0.22,1,0,0.24,0.0
856,random_topL,simple,D,0.85,1.0,759.6225181623922,0.22,1,0,0.24,0.0
857,random_topL,hard,A,0.95,0.6514154539001126,2301.5722284409517,1.0,0,0,0.24,0.0
858,random_topL,hard,E,0.9,0.6905476912926911,1328.032041663054,0.6,0,0,0.24,0.0
859,random_topL,hard,A,0.95,0.8044561275002471,3103.3516143006946,1.0,0,0,0.24,0.0
860,random_topL,simple,B,0.95,0.407980938185202,443.565829831098,0.1,1,0,0.26,0.0
861,random_topL,hard,A,0.95,0.9229708251361914,3387.047426614401,1.0,0,0,0.26,0.0
862,random_topL,hard,E,0.9,0.7141182463269392,1231.1681955344952,0.6,0,0,0.26,0.0
863,random_topL,simple,B,0.95,0.5780275859069459,472.21823265089563,0.1,1,0,0.28,0.0
864,random_topL,hard,E,0.9,0.8530131699555816,1200.3995421127697,0.6,0,0,0.28,0.0
865,random_topL,simple,A,0.8,0.8535013212495453,3115.8915123824095,1.0,0,0,0.28,0.0
866,random_topL,hard,E,0.9,0.9605733988136025,1534.2388205454563,0.6,0,0,0.26,0.0
867,random_topL,hard,E,0.9,1.0,1670.9493696607353,0.6,0,0,0.26,0.0
868,random_topL,hard,C,0.75,0.3785296642941339,591.0009089774953,0.35,0,0,0.24,0.0
869,random_topL,hard,A,0.95,0.8118407821072218,2639.9464396336357,1.0,0,0,0.24,0.0
870,random_topL,hard,C,0.75,0.5931333720293773,706.3347090777978,0.35,0,0,0.22,0.0
871,random_topL,simple,D,0.85,0.44697385390011257,446.05358401055406,0.22,1,0,0.24,0.0
872,random_topL,hard,E,0.9,0.8277319167999999,1321.4659755724083,0.6,0,0,0.24,0.0
873,random_topL,hard,A,0.95,0.786857150088472,2992.3664832273103,1.0,0,0,0.24,0.0
874,random_topL,simple,B,0.95,0.4416634972151898,447.6068230610216,0.1,1,0,0.26,0.0
875,random_topL,hard,A,0.95,0.9093421770285126,3124.04455812101,1.0,0,0,0.26,0.0
876,random_topL,hard,E,0.9,0.796386989828866,1115.9993458379859,0.6,0,0,0.24,0.0
877,random_topL,simple,B,0.95,0.6009813067742298,498.7486149939625,0.1,1,0,0.26,0.0
878,random_topL,hard,A,0.95,0.9196912320639745,3139.602783469312,1.0,0,0,0.26,0.0
879,random_topL,hard,C,0.75,0.4877138897885561,708.4041328453122,0.35,0,0,0.24,0.0
880,random_topL,hard,C,0.75,0.7291882230139294,863.4388181318034,0.35,0,0,0.24,0.0
881,random_topL,hard,C,0.75,0.9416856362522579,904.7079701224518,0.35,0,0,0.24,0.0
882,random_topL,hard,E,0.9,0.6698453727381333,1189.1129057854641,0.6,0,0,0.24,0.0
883,random_topL,simple,B,0.95,0.5790981749467412,576.4376199813162,0.1,1,0,0.26,0.0
884,random_topL,simple,D,0.85,0.38483144356958343,438.35121684583396,0.22,1,0,0.28,0.0
885,random_topL,hard,A,0.95,0.6758553627399313,2498.0918851173333,1.0,0,0,0.28,0.0
886,random_topL,hard,C,0.75,0.7969575658424317,867.0696666649771,0.35,0,0,0.28,0.0
887,random_topL,hard,C,0.75,1.0,972.9278812135664,0.35,0,0,0.28,0.0
888,random_topL,hard,E,0.9,0.6110789286129408,994.5134297549689,0.6,0,0,0.28,0.0
889,random_topL,hard,C,0.75,1.0,1178.0318204008404,0.35,0,0,0.26,0.0
890,random_topL,hard,E,0.9,0.7732195223178614,1238.2066462613896,0.6,0,0,0.26,0.0
891,random_topL,hard,C,0.75,1.0,1039.493238875567,0.35,0,0,0.26,0.0
892,random_topL,hard,E,0.9,0.8987811980829519,1393.3059575633813,0.6,0,0,0.26,0.0
893,random_topL,simple,B,0.95,0.4612794069279309,390.26885825641494,0.1,1,0,0.26,0.0
894,random_topL,hard,C,0.75,0.9814719999999999,987.9408401481688,0.35,0,0,0.26,0.0
895,random_topL,hard,A,0.95,0.4882263781642594,2233.7702872380323,1.0,0,0,0.24,0.0
896,random_topL,hard,C,0.75,1.0,1200.3842436486138,0.35,0,0,0.24,0.0
897,random_topL,hard,C,0.75,1.0,1183.5866585850256,0.35,0,0,0.24,0.0
898,random_topL,hard,E,0.9,0.7173976615143427,1155.638240484194,0.6,0,0,0.24,0.0
899,random_topL,hard,C,0.75,1.0,1081.2151601601652,0.35,0,0,0.22,0.0
900,random_topL,simple,B,0.95,0.48851363671943515,402.36438374823786,0.1,1,0,0.22,0.0
901,random_topL,hard,E,0.9,0.7888864191875022,1454.86602974523,0.6,0,0,0.22,0.0
902,random_topL,simple,A,0.8,0.4995262062598048,2229.3168087564536,1.0,0,0,0.22,0.0
903,random_topL,hard,A,0.95,0.7395830615086283,2521.993649083761,1.0,0,0,0.22,0.0
904,random_topL,hard,C,0.75,0.8277319167999999,977.0357201517495,0.35,0,0,0.22,0.0
905,random_topL,hard,E,0.9,0.77309152515376,1361.5562710223116,0.6,0,0,0.2,0.0
906,random_topL,hard,A,0.95,0.804005148092408,2782.2077979522087,1.0,0,0,0.18,0.0
907,random_topL,simple,D,0.85,0.3203409863952035,439.0511449227815,0.22,1,0,0.2,0.0
908,random_topL,hard,C,0.75,0.796386989828866,838.8980922582832,0.35,0,0,0.2,0.0
909,random_topL,hard,C,0.75,1.0,1074.4353019872042,0.35,0,0,0.2,0.0
910,random_topL,hard,C,0.75,1.0,1173.1978777140255,0.35,0,0,0.18,0.0
911,random_topL,simple,D,0.85,0.49210700315902667,588.7364978992491,0.22,1,0,0.2,0.0
912,random_topL,hard,E,0.9,0.6159436400907439,1213.6944540159805,0.6,0,0,0.2,0.0
913,random_topL,simple,D,0.85,0.6810876632463503,640.8582174900729,0.22,1,0,0.2,0.0
914,random_topL,hard,E,0.9,0.7769867548862721,1197.8287673794969,0.6,0,0,0.2,0.0
915,random_topL,hard,C,0.75,0.8277319167999999,905.5220753006251,0.35,0,0,0.2,0.0
916,random_topL,hard,C,0.75,1.0,1071.170875306168,0.35,0,0,0.2,0.0
917,random_topL,hard,C,0.75,1.0,1095.400925606851,0.35,0,0,0.2,0.0
918,random_topL,hard,E,0.9,0.7659553516867548,1402.9768800156037,0.6,0,0,0.2,0.0
919,random_topL,simple,D,0.85,0.6162998942697698,561.4419024703784,0.22,1,0,0.22,0.0
920,random_topL,hard,E,0.9,0.893155824346223,1366.931378232448,0.6,0,0,0.22,0.0
921,random_topL,simple,D,0.85,0.7772626381225097,742.6578496410029,0.22,1,0,0.22,0.0
922,random_topL,hard,C,0.75,0.8277319167999999,860.8990655323714,0.35,0,0,0.22,0.0
923,random_topL,simple,D,0.85,0.9019121869620716,711.7165923500712,0.22,1,0,0.24,0.0
924,random_topL,hard,A,0.95,0.3805280028222281,2112.530806157771,1.0,0,0,0.22,0.0
925,random_topL,hard,A,0.95,0.6348646424835607,2637.2820528232255,1.0,0,0,0.22,0.0
926,random_topL,hard,A,0.95,0.8586808853855334,3593.5666807366624,1.0,0,0,0.22,0.0
927,random_topL,hard,A,0.95,1.0,3582.1771173658453,1.0,0,0,0.2,0.0
928,random_topL,simple,B,0.95,0.31362672563053035,328.858530457358,0.1,1,0,0.22,0.0
929,random_topL,hard,A,0.95,1.0,3698.7734648395194,1.0,0,0,0.22,0.0
930,random_topL,hard,E,0.9,0.5487447688089053,1138.7378281877852,0.6,0,0,0.22,0.0
931,random_topL,simple,A,0.8,1.0,3535.9104663257203,1.0,0,0,0.22,0.0
932,random_topL,hard,E,0.9,0.7249479489656163,1252.7571239847482,0.6,0,0,0.22,0.0
933,random_topL,hard,A,0.95,1.0,3786.505993594422,1.0,0,0,0.2,0.0
934,random_topL,hard,A,0.95,1.0,3036.0885840152114,1.0,0,0,0.18,0.0
935,random_topL,simple,D,0.85,0.49451644381177007,486.7227216430333,0.22,1,0,0.2,0.0
936,random_topL,hard,C,0.75,0.43824426114570836,643.720745817981,0.35,0,0,0.2,0.0
937,random_topL,simple,D,0.85,0.6829535340878348,624.2357180840161,0.22,1,0,0.22,0.0
938,random_topL,simple,D,0.85,0.9009991099972945,802.8281275460497,0.22,0,0,0.22,0.0
939,random_topL,hard,E,0.9,0.5962685353806736,977.1525944383915,0.6,0,0,0.22,0.0
940,random_topL,simple,D,0.85,0.9977337107819049,847.2113187942999,0.22,1,0,0.24,0.0
941,random_topL,hard,A,0.95,0.70867559636992,2905.529738302567,1.0,0,0,0.24,0.0
942,random_topL,simple,D,0.85,1.0,883.767772912083,0.22,1,0,0.26,0.0
943,random_topL,simple,A,0.8,0.848798381828866,3302.681159018933,1.0,0,0,0.24,0.0
944,random_topL,hard,E,0.9,0.6146699371039714,1088.5436772283163,0.6,0,0,0.24,0.0
945,random_topL,hard,C,0.75,0.43869483461318076,630.8782437437138,0.35,0,0,0.24,0.0
946,random_topL,simple,D,0.85,0.8996953599999999,800.2320782301751,0.22,1,0,0.26,0.0
947,random_topL,hard,C,0.75,0.6397252799244473,788.1901804206083,0.35,0,0,0.26,0.0
948,random_topL,simple,B,0.95,0.32432576499950194,349.86877761237184,0.1,1,0,0.28,0.0
949,random_topL,simple,A,0.8,0.6941854373769716,2714.8991693555813,1.0,0,0,0.28,0.0
950,random_topL,simple,B,0.95,0.5511578724156143,380.65801942693923,0.1,0,0,0.26,0.0
951,random_topL,simple,B,0.95,0.7850189277257407,529.0115759765581,0.1,1,0,0.28,0.0
952,random_topL,simple,B,0.95,0.9908166563986518,646.3818960321104,0.1,0,0,0.28,0.0
953,random_topL,simple,A,0.8,0.7162997857745403,2812.720054535966,1.0,0,0,0.28,0.0
954,random_topL,hard,C,0.75,0.5614401102860376,693.5930683691173,0.35,0,0,0.28,0.0
955,random_topL,simple,D,0.85,0.5847341316717392,522.8943941001829,0.22,1,0,0.3,0.0
956,random_topL,hard,E,0.9,0.4325665757840535,954.7970240366919,0.6,0,0,0.3,0.0
957,random_topL,hard,A,0.95,0.7295616578979858,2762.487162693141,1.0,0,0,0.28,0.0
958,random_topL,hard,E,0.9,0.6349795562871711,1182.8378925172935,0.6,0,0,0.28,0.0
959,random_topL,hard,A,0.95,0.8649725478762003,3075.4560378526994,1.0,0,0,0.28,0.0
960,random_topL,hard,C,0.75,0.5607350817012955,771.3462189533742,0.35,0,0,0.28,0.0
961,random_topL,hard,A,0.95,0.9698347410753294,2677.629173637253,1.0,0,0,0.26,0.0
962,random_topL,simple,B,0.95,0.575943405853397,488.3798260643184,0.1,1,0,0.28,0.0
963,random_topL,simple,A,0.8,1.0,3593.671104277491,1.0,0,0,0.26,0.0
964,random_topL,hard,C,0.75,0.6362702266854878,852.3616901737959,0.35,0,0,0.26,0.0
965,random_topL,hard,A,0.95,1.0,3668.518166161605,1.0,0,0,0.26,0.0
966,random_topL,hard,A,0.95,1.0,3324.192302559547,1.0,0,0,0.26,0.0
967,random_topL,simple,A,0.8,1.0,3674.5930158343854,1.0,0,0,0.26,0.0
968,random_topL,hard,C,0.75,0.6815683026494352,952.9353885127649,0.35,0,0,0.26,0.0
969,random_topL,simple,D,0.85,0.3976598054985584,445.65616315972244,0.22,1,0,0.26,0.0
970,random_topL,hard,E,0.9,0.43694677482759237,859.6070519792253,0.6,0,0,0.26,0.0
971,random_topL,hard,C,0.75,0.7644697143431161,900.2691943290533,0.35,0,0,0.24,0.0
972,random_topL,simple,A,0.8,0.8277319167999999,3004.782682751685,1.0,0,0,0.24,0.0
973,random_topL,simple,B,0.95,0.44115270457758826,441.78493362544793,0.1,0,0,0.22,0.0
974,random_topL,hard,E,0.9,0.562034953431072,934.7051335996797,0.6,0,0,0.22,0.0
975,random_topL,hard,C,0.75,0.7584489405520922,896.1124350857117,0.35,0,0,0.22,0.0
976,random_topL,hard,E,0.9,0.7352398679370221,1105.8543925241522,0.6,0,0,0.22,0.0
977,random_topL,simple,A,0.8,0.7368205510494021,2785.7438357313313,1.0,0,0,0.22,0.0
978,random_topL,hard,A,0.95,0.9484020849234738,3407.2176144388013,1.0,0,0,0.2,0.0
979,random_topL,hard,A,0.95,1.0,4050.671973225045,1.0,0,0,0.2,0.0
980,random_topL,hard,A,0.95,1.0,4293.321074525933,1.0,0,0,0.2,0.0
981,random_topL,simple,D,0.85,0.38576374987569895,482.58638099961354,0.22,1,0,0.22,0.0
982,random_topL,hard,E,0.9,0.6414483994364816,1071.0658348811162,0.6,0,0,0.22,0.0
983,random_topL,hard,A,0.95,0.9814719999999999,3384.1310533562114,1.0,0,0,0.22,0.0
984,random_topL,hard,E,0.9,0.7967376405236113,1173.2409886640276,0.6,0,0,0.22,0.0
985,random_topL,simple,B,0.95,0.39514391369010904,430.7532986533503,0.1,1,0,0.22,0.0
986,random_topL,simple,A,0.8,0.9688456867839998,3090.6288564834285,1.0,0,0,0.22,0.0
987,random_topL,hard,A,0.95,1.0,3491.5052025818122,1.0,0,0,0.2,0.0
988,random_topL,simple,A,0.8,1.0,3553.3466569749253,1.0,0,0,0.2,0.0
989,random_topL,hard,E,0.9,0.7204638822202347,1161.1445984057218,0.6,0,0,0.2,0.0
990,random_topL,hard,E,0.9,0.9340082163538066,1412.3675037161536,0.6,0,0,0.18,0.0
991,random_topL,hard,A,0.95,0.9814719999999999,2818.827712214672,1.0,0,0,0.18,0.0
992,random_topL,hard,E,0.9,1.0,1223.8089081230808,0.6,0,0,0.16,0.0
993,random_topL,hard,E,0.9,1.0,1639.4731927327543,0.6,0,0,0.16,0.0
994,random_topL,simple,B,0.95,0.42505450639417075,415.01160153945517,0.1,1,0,0.18,0.0
995,random_topL,hard,A,0.95,0.8885842043699199,2796.239884409498,1.0,0,0,0.18,0.0
996,random_topL,hard,A,0.95,1.0,3198.3068125404534,1.0,0,0,0.16,0.0
997,random_topL,hard,C,0.75,0.345555953011191,617.6867046538257,0.35,0,0,0.16,0.0
998,random_topL,simple,B,0.95,0.5549032152316746,505.87001132547505,0.1,1,0,0.16,0.0
999,random_topL,simple,D,0.85,0.33863754406599045,472.5884827561605,0.22,1,0,0.18,0.0
1000,random_topL,hard,A,0.95,0.8996953599999999,3485.858467634598,1.0,0,0,0.18,0.0
1001,random_topL,hard,E,0.9,0.6596345248055295,1128.5910336114187,0.6,0,0,0.16,0.0
1002,random_topL,hard,A,0.95,0.9967240867839999,3851.9238013704326,1.0,0,0,0.16,0.0
1003,random_topL,simple,A,0.8,1.0,3261.540996708088,1.0,0,0,0.16,0.0
1004,random_topL,hard,C,0.75,0.4412202851760245,626.7038208862948,0.35,0,0,0.16,0.0
1005,random_topL,hard,A,0.95,1.0,3302.2858606586105,1.0,0,0,0.14,0.0
1006,random_topL,hard,C,0.75,0.6416809888403134,749.6706364891588,0.35,0,0,0.14,0.0
1007,random_topL,hard,C,0.75,0.8646792701794759,942.0092524103111,0.35,0,0,0.14,0.0
1008,random_topL,simple,D,0.85,0.407171461972506,438.88351720492693,0.22,1,0,0.16,0.0
1009,random_topL,hard,C,0.75,0.9696076268269862,896.3417059741918,0.35,0,0,0.16,0.0
1010,random_topL,hard,C,0.75,1.0,1154.0079824340778,0.35,0,0,0.16,0.0
1011,random_topL,hard,A,0.95,0.764404086784,2702.2798783176486,1.0,0,0,0.16,0.0
1012,random_topL,hard,E,0.9,0.4616637958916976,882.0909966711931,0.6,0,0,0.14,0.0
1013,random_topL,hard,C,0.75,0.9814719999999999,1025.1716799605922,0.35,0,0,0.14,0.0
1014,random_topL,simple,A,0.8,0.8209199818288659,2870.395388054381,1.0,0,0,0.14,0.0
1015,random_topL,hard,A,0.95,1.0,3422.1210239872617,1.0,0,0,0.14,0.0
1016,random_topL,hard,E,0.9,0.5768576362762381,1153.1190981059365,0.6,0,0,0.14,0.0
1017,random_topL,hard,C,0.75,0.8885842043699199,889.2265299550825,0.35,1,0,0.16,0.0
1018,random_topL,hard,C,0.75,1.0,1023.7407424442773,0.35,0,0,0.16,0.0
1019,random_topL,simple,A,0.8,0.8996953599999999,3072.2673722998447,1.0,0,0,0.14,0.0
1020,random_topL,hard,A,0.95,1.0,3934.3188416161765,1.0,0,0,0.14,0.0
1021,random_topL,hard,C,0.75,0.9814719999999999,1065.3262004897524,0.35,0,0,0.14,0.0
1022,random_topL,simple,D,0.85,0.3680040442775481,506.4803741583524,0.22,1,0,0.16,0.0
1023,random_topL,hard,E,0.9,0.535747638525734,898.3936389377587,0.6,0,0,0.16,0.0
1024,random_topL,hard,A,0.95,0.8996953599999999,3553.0373785275724,1.0,0,0,0.16,0.0
1025,random_topL,simple,A,0.8,1.0,3648.1871354791024,1.0,0,0,0.16,0.0
1026,random_topL,hard,C,0.75,0.8179540998455295,945.7586758685889,0.35,0,0,0.16,0.0
1027,random_topL,simple,D,0.85,0.4942074796767425,504.43033076696173,0.22,1,0,0.18,0.0
1028,random_topL,hard,A,0.95,0.9814719999999999,2839.5406936155086,1.0,0,0,0.18,0.0
1029,random_topL,hard,A,0.95,1.0,3741.300157828235,1.0,0,0,0.18,0.0
1030,random_topL,hard,A,0.95,1.0,3325.237270141188,1.0,0,0,0.18,0.0
1031,random_topL,hard,E,0.9,0.49267334739688695,974.9109533060214,0.6,0,0,0.16,0.0
1032,random_topL,hard,A,0.95,1.0,3413.2793508694426,1.0,0,0,0.16,0.0
1033,random_topL,hard,E,0.9,0.6815262402241492,1035.5999318324257,0.6,0,0,0.16,0.0
1034,random_topL,hard,C,0.75,0.5941645340106817,781.7665876718352,0.35,0,0,0.16,0.0
1035,random_topL,simple,D,0.85,0.47773407210888374,496.97210416850777,0.22,1,0,0.16,0.0
1036,random_topL,hard,A,0.95,0.8996953599999999,3285.996230250065,1.0,0,0,0.16,0.0
1037,random_topL,hard,C,0.75,0.7049064933213273,913.2576525652123,0.35,0,0,0.16,0.0
1038,random_topL,hard,A,0.95,0.9967240867839999,3159.3461662164336,1.0,0,0,0.16,0.0
1039,random_topL,hard,C,0.75,0.8458795884280359,993.8972691100604,0.35,0,0,0.16,0.0
1040,random_topL,simple,D,0.85,0.5521155175946906,572.1008146357146,0.22,1,0,0.18,0.0
1041,random_topL,hard,A,0.95,0.9792395568688659,3194.9586048699844,1.0,0,0,0.18,0.0
1042,random_topL,simple,A,0.8,1.0,3390.5288422016956,1.0,0,0,0.18,0.0
1043,random_topL,hard,C,0.75,0.8072700642990027,865.9841337607473,0.35,0,0,0.18,0.0
1044,random_topL,simple,B,0.95,0.30155031575349134,341.4967873830397,0.1,1,0,0.18,0.0
1045,random_topL,hard,C,0.75,0.9251499377931476,912.740478950269,0.35,0,0,0.18,0.0
1046,random_topL,hard,A,0.95,0.8996953599999999,3083.7571624468883,1.0,0,0,0.18,0.0
1047,random_topL,hard,C,0.75,1.0,987.9130549034838,0.35,0,0,0.18,0.0
1048,random_topL,simple,A,0.8,0.9967240867839999,3874.088837553793,1.0,0,0,0.16,0.0
1049,random_topL,hard,A,0.95,1.0,3367.2450636047674,1.0,0,0,0.14,0.0
1050,random_topL,simple,D,0.85,0.4537647105200575,495.1786139754175,0.22,1,0,0.16,0.0
1051,random_topL,simple,D,0.85,0.6993129452576505,649.2422113886663,0.22,1,0,0.18,0.0
1052,random_topL,hard,E,0.9,0.3600694081017237,851.0754741614526,0.6,0,0,0.18,0.0
1053,random_topL,hard,E,0.9,0.6168610791295168,1121.8470702383565,0.6,0,0,0.18,0.0
1054,random_topL,simple,D,0.85,0.7765621914306216,707.0037058170785,0.22,0,0,0.18,0.0
1055,random_topL,hard,E,0.9,0.7776972196778977,1373.8073460963242,0.6,0,0,0.18,0.0
1056,random_topL,hard,E,0.9,0.9843735533165501,1221.2137236339406,0.6,0,0,0.18,0.0
1057,random_topL,hard,A,0.95,0.6596345248055295,2523.8661703689204,1.0,0,0,0.18,0.0
1058,random_topL,hard,C,0.75,0.5450808588882738,732.6110033152721,0.35,0,0,0.16,0.0
1059,random_topL,hard,A,0.95,0.8108209760094021,2698.2409825303594,1.0,0,0,0.16,0.0
1060,random_topL,simple,A,0.8,1.0,3675.7075409277963,1.0,0,0,0.16,0.0
1061,random_topL,hard,E,0.9,0.8194853421389698,1185.801152658511,0.6,0,0,0.16,0.0
1062,random_topL,hard,C,0.75,0.6268824619001125,776.9191853602865,0.35,0,0,0.16,0.0
1063,random_topL,hard,A,0.95,0.9814719999999999,3168.6020419032407,1.0,0,0,0.16,0.0
1064,random_topL,hard,A,0.95,1.0,3823.940093299525,1.0,0,0,0.16,0.0
1065,random_topL,hard,A,0.95,1.0,3478.591640126254,1.0,0,0,0.16,0.0
1066,random_topL,hard,E,0.9,0.7324685703965024,1097.7538231719975,0.6,0,0,0.16,0.0
1067,random_topL,hard,A,0.95,1.0,3351.3597760294742,1.0,0,0,0.14,0.0
1068,random_topL,hard,E,0.9,0.8672236609150514,1289.9124707899953,0.6,0,0,0.14,0.0
1069,random_topL,simple,B,0.95,0.312343166612976,338.1464991469317,0.1,1,0,0.16,0.0
1070,random_topL,hard,C,0.75,0.5254485762943675,655.8911328317139,0.35,0,0,0.16,0.0
1071,random_topL,hard,C,0.75,0.7623947471390433,825.7950477503399,0.35,1,0,0.18,0.0
1072,random_topL,hard,C,0.75,0.970907377482358,1050.6042157461843,0.35,0,0,0.16,0.0
1073,random_topL,hard,A,0.95,0.764404086784,2815.5568668031447,1.0,0,0,0.16,0.0
1074,random_topL,simple,D,0.85,0.36023233300115354,392.6860816584754,0.22,1,0,0.18,0.0
1075,random_topL,simple,D,0.85,0.617004453041015,624.2172500038082,0.22,1,0,0.2,0.0
1076,random_topL,hard,A,0.95,0.8209199818288659,2813.756221561827,1.0,0,0,0.2,0.0
1077,random_topL,simple,A,0.8,1.0,3429.8392776562837,1.0,0,0,0.18,0.0
1078,random_topL,simple,B,0.95,0.3988498599449785,413.0459106155957,0.1,1,0,0.2,0.0
1079,random_topL,hard,E,0.9,0.512539919665294,935.1160201334116,0.6,0,0,0.2,0.0
1080,random_topL,hard,C,0.75,0.6491718133310508,846.4679983671313,0.35,0,0,0.2,0.0
1081,random_topL,hard,C,0.75,0.8712711957313246,883.1243646158482,0.35,1,0,0.22,0.0
1082,random_topL,hard,E,0.9,0.6492816041341472,1146.413496041192,0.6,0,0,0.22,0.0
1083,random_topL,hard,E,0.9,0.8713678116380494,1244.5694776003188,0.6,0,0,0.22,0.0
1084,random_topL,hard,E,0.9,1.0,1451.533715280878,0.6,0,0,0.22,0.0
1085,random_topL,hard,A,0.95,0.6596345248055295,2766.43897660214,1.0,0,0,0.2,0.0
1086,random_topL,hard,C,0.75,0.75979761817592,788.6710900750493,0.35,0,0,0.2,0.0
1087,random_topL,hard,A,0.95,0.8108209760094021,2734.29741622944,1.0,0,0,0.2,0.0
1088,random_topL,hard,E,0.9,0.8996953599999999,1399.8745017405076,0.6,0,0,0.2,0.0
1089,random_topL,hard,A,0.95,0.927899763821681,3336.000513497594,1.0,0,0,0.2,0.0
1090,random_topL,simple,D,0.85,0.39068352233696907,404.87804182287164,0.22,0,0,0.18,0.0
1091,random_topL,hard,C,0.75,0.7009694534200528,840.5719513357551,0.35,0,0,0.18,0.0
1092,random_topL,simple,A,0.8,0.9323377078510886,3140.573506518821,1.0,0,0,0.18,0.0
1093,random_topL,hard,E,0.9,0.774797956868866,1105.6152579591878,0.6,0,0,0.18,0.0
1094,random_topL,hard,E,0.9,0.9818222020446021,1558.1920558837319,0.6,0,0,0.16,0.0
1095,random_topL,simple,A,0.8,0.9353620424446971,3308.5296751282367,1.0,0,0,0.16,0.0
1096,random_topL,simple,D,0.85,0.48143502441245656,523.5903772182428,0.22,1,0,0.18,0.0
1097,random_topL,hard,C,0.75,0.6255330788790192,805.6138317651059,0.35,0,0,0.18,0.0
1098,random_topL,hard,C,0.75,0.8504691094135368,941.3155275238973,0.35,0,0,0.18,0.0
1099,random_topL,hard,E,0.9,0.8181389126417946,1296.738654320976,0.6,0,0,0.18,0.0
1100,random_topL,hard,A,0.95,0.7936204035613029,3117.133154418137,1.0,0,0,0.16,0.0
1101,random_topL,hard,C,0.75,0.8795708849302617,900.45140353501,0.35,0,0,0.14,0.0
1102,random_topL,hard,C,0.75,1.0,1118.6609123201379,0.35,0,0,0.14,0.0
1103,random_topL,hard,E,0.9,0.7906341097467295,1232.813661266211,0.6,0,0,0.14,0.0
1104,random_topL,simple,A,0.8,0.7759304736170407,2820.2579091697444,1.0,0,0,0.14,0.0
1105,random_topL,simple,D,0.85,0.45236377748179485,518.5141989783074,0.22,0,0,0.14,0.0
1106,random_topL,simple,A,0.8,0.9008805587690363,2772.4074095224973,1.0,0,0,0.14,0.0
1107,random_topL,simple,A,0.8,1.0,3593.945879829303,1.0,0,0,0.14,0.0
1108,random_topL,hard,C,0.75,0.764404086784,850.0770122782606,0.35,0,0,0.14,0.0
1109,random_topL,hard,C,0.75,0.9726755963699198,1094.972416401838,0.35,0,0,0.14,0.0
1110,random_topL,hard,A,0.95,0.9814719999999999,3153.1305179578326,1.0,0,0,0.14,0.0
1111,random_topL,hard,E,0.9,0.584339322353808,948.9493602730201,0.6,0,0,0.14,0.0
1112,random_topL,hard,C,0.75,0.9628511840094021,900.3248916637777,0.35,0,0,0.14,0.0
1113,random_topL,hard,E,0.9,0.752512371230789,1123.041196855471,0.6,0,0,0.14,0.0
1114,random_topL,hard,E,0.9,0.9622108866830943,1207.6927594776319,0.6,0,0,0.14,0.0
1115,random_topL,simple,D,0.85,0.42598375353997986,456.15747220279457,0.22,1,0,0.16,0.0
1116,random_topL,hard,A,0.95,0.755799607864066,2976.8403487079936,1.0,0,0,0.16,0.0
1117,random_topL,simple,D,0.85,0.6298818187413604,514.2432203137822,0.22,1,0,0.18,0.0
1118,random_topL,hard,E,0.9,0.8770334040853374,1517.370443506131,0.6,0,0,0.18,0.0
1119,random_topL,simple,B,0.95,0.30211153848858874,351.8433973518186,0.1,1,0,0.18,0.0
1120,random_topL,simple,B,0.95,0.5658581538699581,465.3175182735774,0.1,1,0,0.2,0.0
1121,random_topL,simple,B,0.95,0.7979551754055632,551.72447848811,0.1,1,0,0.2,0.0
1122,random_topL,simple,B,0.95,1.0,662.9314769054652,0.1,1,0,0.22,0.0
1123,random_topL,hard,E,0.9,0.762838519435584,1338.0363010634028,0.6,0,0,0.22,0.0
1124,random_topL,hard,E,0.9,0.9712978971033139,1556.0393084068173,0.6,0,0,0.2,0.0
1125,random_topL,hard,A,0.95,0.539194236883711,2440.576691695606,1.0,0,0,0.18,0.0
1126,random_topL,simple,D,0.85,0.49934397873868885,455.9368352846908,0.22,1,0,0.2,0.0
1127,random_topL,simple,B,0.95,0.8277319167999999,579.4992505024956,0.1,1,0,0.22,0.0
1128,random_topL,hard,E,0.9,0.8824828420706148,1203.2657601283022,0.6,0,0,0.2,0.0
1129,random_topL,hard,C,0.75,0.40958840229621724,618.914048870199,0.35,0,0,0.2,0.0
1130,random_topL,simple,D,0.85,0.5994542670935303,553.9884162960918,0.22,1,0,0.22,0.0
1131,random_topL,hard,A,0.95,0.5504040071791756,2500.8567023815785,1.0,0,0,0.2,0.0
1132,random_topL,hard,A,0.95,0.7843555263176745,2910.592787609658,1.0,0,0,0.2,0.0
1133,random_topL,hard,E,0.9,0.7657143617890373,1368.5555081559335,0.6,0,0,0.2,0.0
1134,random_topL,simple,A,0.8,0.907404919580407,3156.097080871128,1.0,0,0,0.2,0.0
1135,random_topL,hard,C,0.75,0.49021452792569237,627.4233190935736,0.35,0,0,0.2,0.0
1136,random_topL,hard,E,0.9,0.8218128975570989,1100.7950138256624,0.6,0,0,0.2,0.0
1137,random_topL,hard,A,0.95,0.9183710453562992,3816.9628475708614,1.0,0,0,0.2,0.0
1138,random_topL,hard,E,0.9,0.9364119078682174,1450.7736249964753,0.6,0,0,0.2,0.0
1139,random_topL,hard,A,0.95,1.0,3317.3808111829076,1.0,0,0,0.2,0.0
1140,random_topL,simple,D,0.85,0.4669485984585491,600.0835152158104,0.22,1,0,0.22,0.0
1141,random_topL,hard,A,0.95,1.0,3282.0906906172895,1.0,0,0,0.22,0.0
1142,random_topL,hard,E,0.9,0.8615618761973176,1331.8992403846332,0.6,0,0,0.22,0.0
1143,random_topL,hard,A,0.95,1.0,3053.1603206538553,1.0,0,0,0.22,0.0
1144,random_topL,hard,A,0.95,1.0,3568.9723273978257,1.0,0,0,0.22,0.0
1145,random_topL,simple,B,0.95,0.38290444195570955,395.22276915983275,0.1,1,0,0.24,0.0
1146,random_topL,simple,A,0.8,1.0,3588.7804944115996,1.0,0,0,0.22,0.0
1147,random_topL,hard,E,0.9,0.7546737003674147,1117.432900847211,0.6,0,0,0.22,0.0
1148,random_topL,hard,C,0.75,0.39303811777771613,702.1630875425997,0.35,1,0,0.24,0.0
1149,random_topL,hard,A,0.95,0.9814719999999999,3214.6247592586924,1.0,0,0,0.24,0.0
1150,random_topL,hard,A,0.95,1.0,3507.2201907951294,1.0,0,0,0.24,0.0
1151,random_topL,hard,E,0.9,0.7525743164243688,1172.898408378786,0.6,0,0,0.24,0.0
1152,random_topL,hard,C,0.75,0.5357031355344299,636.6097595758645,0.35,0,0,0.24,0.0
1153,random_topL,hard,A,0.95,0.9814719999999999,2957.7755450592394,1.0,0,0,0.24,0.0
1154,random_topL,hard,E,0.9,0.8128583245623475,1231.0877690935763,0.6,0,0,0.24,0.0
1155,random_topL,hard,E,0.9,1.0,1453.3450752390609,0.6,0,0,0.24,0.0
1156,random_topL,hard,E,0.9,1.0,1481.9101291915613,0.6,0,0,0.24,0.0
1157,random_topL,hard,C,0.75,0.5827076425513549,770.6785345899198,0.35,0,0,0.24,0.0
1158,random_topL,simple,D,0.85,0.3467689020943728,474.44658513952197,0.22,1,0,0.26,0.0
1159,random_topL,hard,C,0.75,0.7512487983917693,793.4111392399948,0.35,1,0,0.28,0.0
1160,random_topL,hard,E,0.9,0.8996953599999999,1278.4900682758412,0.6,0,0,0.28,0.0
1161,random_topL,hard,A,0.95,0.6529712163299327,2630.589279799521,1.0,0,0,0.28,0.0
1162,random_topL,hard,E,0.9,0.9967240867839999,1506.8717183994909,0.6,0,0,0.28,0.0
1163,random_topL,hard,C,0.75,0.7505204186011195,724.9779526280788,0.35,0,0,0.28,0.0
1164,random_topL,hard,A,0.95,0.7449816007347918,3001.1826220134035,1.0,0,0,0.28,0.0
1165,random_topL,hard,C,0.75,0.881203012164707,888.1608487254819,0.35,0,0,0.26,0.0
1166,random_topL,hard,A,0.95,0.8769137516090229,3068.868025463647,1.0,0,0,0.26,0.0
1167,random_topL,hard,C,0.75,0.982403612620349,970.2272746351516,0.35,0,0,0.24,0.0
1168,random_topL,hard,C,0.75,1.0,1101.8811093378256,0.35,0,0,0.24,0.0
1169,random_topL,hard,E,0.9,0.7073368105827151,1149.7517346252523,0.6,0,0,0.22,0.0
1170,random_topL,hard,C,0.75,1.0,1300.8912734310982,0.35,0,0,0.2,0.0
1171,random_topL,hard,E,0.9,0.8477616261152545,1176.8444278774916,0.6,0,0,0.18,0.0
1172,random_topL,hard,C,0.75,1.0,1035.099721336363,0.35,0,0,0.16,0.0
1173,random_topL,hard,C,0.75,1.0,1132.3906685458733,0.35,0,0,0.16,0.0
1174,random_topL,hard,E,0.9,0.8777258108720147,1323.1405077952022,0.6,0,0,0.16,0.0
1175,random_topL,simple,B,0.95,0.3082712389793922,386.1982924813084,0.1,1,0,0.18,0.0
1176,random_topL,hard,C,0.75,0.9814719999999999,1082.5617381389695,0.35,0,0,0.16,0.0
1177,random_topL,hard,A,0.95,0.5149147754152779,2348.206635264457,1.0,0,0,0.14,0.0
1178,random_topL,simple,B,0.95,0.5100782177697644,438.89230011823867,0.1,1,0,0.16,0.0
1179,random_topL,hard,A,0.95,0.6987500020815911,2629.154800971706,1.0,0,0,0.16,0.0
1180,random_topL,simple,B,0.95,0.6950045718409055,544.2045380100634,0.1,1,0,0.16,0.0
1181,random_topL,simple,D,0.85,0.31832911950841114,480.6252276626547,0.22,1,0,0.18,0.0
1182,random_topL,hard,A,0.95,0.776178561418546,2622.2912517521,1.0,0,0,0.18,0.0
1183,random_topL,simple,D,0.85,0.5465140701473136,588.174787762551,0.22,1,0,0.2,0.0
1184,random_topL,hard,C,0.75,0.6529712163299327,841.12089083521,0.35,0,0,0.2,0.0
1185,random_topL,hard,C,0.75,0.8746146703703408,861.3697376841725,0.35,0,0,0.2,0.0
1186,random_topL,simple,B,0.95,0.6227629634964806,410.12957435348267,0.1,1,0,0.22,0.0
1187,random_topL,simple,B,0.95,0.8480314078769029,488.3750096610356,0.1,1,0,0.24,0.0
1188,random_topL,hard,C,0.75,0.8960254086466168,1017.0635345492138,0.35,0,0,0.24,0.0
1189,random_topL,hard,E,0.9,0.4290027450914614,940.9389064386431,0.6,0,0,0.24,0.0
1190,random_topL,simple,D,0.85,0.5233469635420056,516.6858512157944,0.22,1,0,0.24,0.0
1191,random_topL,hard,E,0.9,0.6322197257988278,1096.4563270766562,0.6,0,0,0.24,0.0
1192,random_topL,hard,E,0.9,0.8563533587029684,1171.1127306736166,0.6,0,0,0.24,0.0
1193,random_topL,hard,E,0.9,1.0,1409.3068906181109,0.6,0,0,0.24,0.0
1194,random_topL,hard,C,0.75,0.7161178616377926,784.8666186424775,0.35,0,0,0.24,0.0
1195,random_topL,simple,B,0.95,0.6049813723919742,475.3754142266403,0.1,1,0,0.24,0.0
1196,random_topL,hard,A,0.95,0.42963403918901016,2058.4630140304002,1.0,0,0,0.24,0.0
1197,random_topL,simple,A,0.8,0.6780779544863289,2617.3183966423794,1.0,0,0,0.24,0.0
1198,random_topL,simple,B,0.95,0.7122778658067035,465.4790350709108,0.1,1,0,0.24,0.0
1199,random_topL,hard,E,0.9,0.764404086784,1133.6941588993486,0.6,0,0,0.24,0.0
1200,random_topL,simple,B,0.95,0.8515879792807113,589.7051358536759,0.1,1,0,0.26,0.0
1201,random_topL,hard,E,0.9,0.8919545248055296,1401.9753225916222,0.6,0,0,0.26,0.0
1202,random_topL,hard,A,0.95,0.6578433786608935,2447.9072081856743,1.0,0,0,0.26,0.0
1203,random_topL,hard,E,0.9,0.9907295840094021,1374.788927604927,0.6,0,0,0.26,0.0
1204,random_topL,hard,E,0.9,1.0,1679.2649159646817,0.6,0,0,0.26,0.0
1205,random_topL,hard,E,0.9,1.0,1799.4371156402735,0.6,0,0,0.26,0.0
1206,random_topL,hard,A,0.95,0.6945056217896608,2605.1662402295797,1.0,0,0,0.26,0.0
1207,random_topL,hard,C,0.75,0.4359124508930966,697.7668121410725,0.35,0,0,0.26,0.0
1208,random_topL,hard,A,0.95,0.8378251535139134,2719.7373185581187,1.0,0,0,0.24,0.0
1209,random_topL,hard,C,0.75,0.637570601971614,726.6464868327065,0.35,0,0,0.22,0.0
1210,random_topL,hard,A,0.95,0.9488117988811746,3442.1349337256293,1.0,0,0,0.22,0.0
1211,random_topL,hard,A,0.95,1.0,3944.5026246722255,1.0,0,0,0.22,0.0
1212,random_topL,simple,D,0.85,0.33143464036262515,446.2203174749421,0.22,1,0,0.24,0.0
1213,random_topL,hard,A,0.95,1.0,2993.537499106036,1.0,0,0,0.24,0.0
1214,random_topL,simple,A,0.8,1.0,4079.2845854555503,1.0,0,0,0.24,0.0
1215,random_topL,simple,B,0.95,0.4251611672498954,453.22406145334475,0.1,1,0,0.26,0.0
1216,random_topL,simple,A,0.8,1.0,3308.3393936730495,1.0,0,0,0.26,0.0
1217,random_topL,hard,C,0.75,0.5292924004700369,638.894716091853,0.35,0,0,0.26,0.0
1218,random_topL,hard,C,0.75,0.7657773124136324,833.2855341860165,0.35,0,0,0.26,0.0
1219,random_topL,hard,A,0.95,0.9814719999999999,3401.9075375963675,1.0,0,0,0.26,0.0
1220,random_topL,hard,A,0.95,1.0,4394.132102226566,1.0,0,0,0.26,0.0
1221,random_topL,simple,A,0.8,1.0,3465.9957504891026,1.0,0,0,0.26,0.0
1222,random_topL,hard,C,0.75,0.7592331010477258,909.0414225343358,0.35,0,0,0.26,0.0
1223,random_topL,hard,A,0.95,1.0,3152.3442907058447,1.0,0,0,0.26,0.0
1224,random_topL,simple,A,0.8,1.0,3606.183074044958,1.0,0,0,0.26,0.0
1225,random_topL,hard,E,0.9,0.37756279363818956,819.9539802347011,0.6,0,0,0.24,0.0
1226,random_topL,simple,B,0.95,0.4041988640355454,441.0879840984133,0.1,1,0,0.26,0.0
1227,random_topL,simple,B,0.95,0.6556950003512799,469.00459827895014,0.1,1,0,0.28,0.0
1228,random_topL,hard,A,0.95,0.8996953599999999,3138.7400049326134,1.0,0,0,0.26,0.0
1229,random_topL,simple,D,0.85,0.3377227481319759,429.4317807666545,0.22,1,0,0.28,0.0
1230,random_topL,hard,A,0.95,0.9967240867839999,3442.465513923761,1.0,0,0,0.26,0.0
1231,random_topL,hard,A,0.95,1.0,3961.1268071960244,1.0,0,0,0.24,0.0
1232,random_topL,hard,E,0.9,0.45430069985718013,772.1987065463268,0.6,0,0,0.24,0.0
1233,random_topL,simple,D,0.85,0.5025307650211945,544.9301917537753,0.22,0,0,0.22,0.0
1234,random_topL,hard,C,0.75,0.4637446804410421,623.1197906005938,0.35,0,0,0.22,0.0
1235,random_topL,hard,A,0.95,0.8996953599999999,2949.1624797271566,1.0,0,0,0.22,0.0
1236,random_topL,hard,C,0.75,0.659123880533543,749.3776415300754,0.35,0,0,0.2,0.0
1237,random_topL,hard,C,0.75,0.8800290148695178,986.1653136591054,0.35,0,0,0.18,0.0
1238,random_topL,hard,E,0.9,0.5109791016425058,917.2585904380162,0.6,0,0,0.18,0.0
1239,random_topL,hard,A,0.95,0.8395431328055296,3091.741945586354,1.0,0,0,0.18,0.0
1240,random_topL,hard,E,0.9,0.6957022163119565,1205.7902533283816,0.6,0,0,0.16,0.0
1241,random_topL,hard,E,0.9,0.9122179503545218,1282.7316402382623,0.6,0,0,0.16,0.0
1242,random_topL,hard,E,0.9,1.0,1351.8638697220604,0.6,0,0,0.16,0.0
1243,random_topL,hard,E,0.9,1.0,1814.5102286148317,0.6,0,0,0.16,0.0
1244,random_topL,hard,A,0.95,0.7430537067117391,2962.4384655178615,1.0,0,0,0.16,0.0
1245,random_topL,simple,D,0.85,0.40838139092807463,500.5021778803417,0.22,1,0,0.16,0.0
1246,random_topL,hard,E,0.9,0.9814719999999999,1470.9035356906793,0.6,0,0,0.16,0.0
1247,random_topL,simple,B,0.95,0.35085753600183894,391.5883195016393,0.1,1,0,0.18,0.0
1248,random_topL,simple,D,0.85,0.5783004832385369,531.2011725300415,0.22,1,0,0.18,0.0
1249,random_topL,hard,E,0.9,0.9688456867839998,1458.3599651136847,0.6,0,0,0.18,0.0
1250,random_topL,hard,E,0.9,1.0,1456.2841350769208,0.6,0,0,0.16,0.0
1251,random_topL,hard,C,0.75,0.4469786998401052,703.1713120576547,0.35,0,0,0.16,0.0
1252,random_topL,hard,E,0.9,1.0,1377.699647437678,0.6,0,0,0.16,0.0
1253,random_topL,simple,B,0.95,0.4629396735982184,414.5065358643336,0.1,0,0,0.16,0.0
1254,random_topL,simple,D,0.85,0.5685651078051386,593.3003826168903,0.22,1,0,0.18,0.0
1255,random_topL,hard,A,0.95,0.4821082406410286,2023.4437137244824,1.0,0,0,0.18,0.0
1256,random_topL,simple,D,0.85,0.7402968194842994,592.1939616175464,0.22,1,0,0.2,0.0
1257,random_topL,hard,C,0.75,0.5075787349111437,609.6558176060089,0.35,0,0,0.2,0.0
1258,random_topL,hard,C,0.75,0.7466692867218064,780.6679072500186,0.35,0,0,0.2,0.0
1259,random_topL,hard,C,0.75,0.9570689723151897,946.3554024833201,0.35,0,0,0.2,0.0
1260,random_topL,hard,C,0.75,1.0,1005.6565013161161,0.35,1,0,0.22,0.0
1261,random_topL,hard,C,0.75,1.0,1292.2551223500934,0.35,1,0,0.24,0.0
1262,random_topL,hard,C,0.75,1.0,1248.9026399676547,0.35,0,0,0.22,0.0
1263,random_topL,simple,A,0.8,0.47338276802776624,2440.4527926609203,1.0,0,0,0.22,0.0
1264,random_topL,hard,A,0.95,0.7165768358644342,2567.775205561464,1.0,0,0,0.22,0.0
1265,random_topL,simple,D,0.85,0.5342879395034472,487.53982365640906,0.22,1,0,0.22,0.0
1266,random_topL,hard,C,0.75,0.8996953599999999,907.614185396021,0.35,0,0,0.22,0.0
1267,random_topL,hard,C,0.75,1.0,1015.6248514622662,0.35,1,0,0.24,0.0
1268,random_topL,hard,C,0.75,1.0,1018.4999498966562,0.35,0,0,0.24,0.0
1269,random_topL,hard,C,0.75,1.0,1089.6813874583627,0.35,0,0,0.24,0.0
1270,random_topL,hard,E,0.9,0.40015856616501755,828.0975710807336,0.6,0,0,0.24,0.0
1271,random_topL,hard,E,0.9,0.6521395382252154,1077.1943670413477,0.6,0,0,0.24,0.0
1272,random_topL,hard,E,0.9,0.8738827936381897,1075.9485384710817,0.6,0,0,0.24,0.0
1273,random_topL,hard,E,0.9,1.0,1531.6614161711977,0.6,0,0,0.24,0.0
1274,random_topL,hard,E,0.9,1.0,1552.6294672232614,0.6,0,0,0.24,0.0
1275,random_topL,hard,C,0.75,0.764404086784,870.7793181956439,0.35,0,0,0.24,0.0
1276,random_topL,hard,E,0.9,1.0,1329.7416747243556,0.6,0,0,0.22,0.0
1277,random_topL,hard,E,0.9,1.0,1697.7776351496718,0.6,0,0,0.2,0.0
1278,random_topL,simple,B,0.95,0.3189492141923363,317.3288378751928,0.1,1,0,0.22,0.0
1279,random_topL,hard,C,0.75,0.7584095840094021,827.1259389012105,0.35,1,0,0.22,0.0
1280,random_topL,hard,C,0.75,0.9674004339282738,1016.4531717388344,0.35,0,0,0.22,0.0
1281,random_topL,hard,E,0.9,0.8996953599999999,1158.6190185475273,0.6,0,0,0.22,0.0
1282,random_topL,hard,C,0.75,1.0,880.4720907817529,0.35,1,0,0.24,0.0
1283,random_topL,hard,E,0.9,0.9967240867839999,1484.1584474560389,0.6,0,0,0.24,0.0
1284,random_topL,simple,D,0.85,0.34709189226713566,427.2983221016675,0.22,1,0,0.26,0.0
1285,random_topL,hard,C,0.75,0.9814719999999999,1050.8069862971952,0.35,0,0,0.26,0.0
1286,random_topL,simple,A,0.8,0.34304092064494884,1790.0799473307125,1.0,0,0,0.26,0.0
1287,random_topL,simple,B,0.95,0.40094053119317896,426.4811879010793,0.1,1,0,0.28,0.0
1288,random_topL,hard,C,0.75,0.9688456867839998,1007.921172596098,0.35,0,0,0.28,0.0
1289,random_topL,hard,A,0.95,0.5337727822737546,2155.7632613799033,1.0,0,0,0.28,0.0
1290,random_topL,hard,A,0.95,0.769720048400904,2791.539627520356,1.0,0,0,0.28,0.0
1291,random_topL,hard,C,0.75,0.9602412078640659,1027.8160179817671,0.35,0,0,0.28,0.0
1292,random_topL,simple,B,0.95,0.5115891150493865,454.8581598498152,0.1,0,0,0.28,0.0
1293,random_topL,hard,A,0.95,0.8245426608238609,2909.5445748459147,1.0,0,0,0.28,0.0
1294,random_topL,hard,A,0.95,1.0,3575.4364717279227,1.0,0,0,0.28,0.0
1295,random_topL,hard,A,0.95,1.0,3805.7465793850474,1.0,0,0,0.26,0.0
1296,random_topL,simple,B,0.95,0.6067976185216233,433.47838932268655,0.1,1,0,0.28,0.0
1297,random_topL,hard,A,0.95,1.0,3199.3710959307864,1.0,0,0,0.26,0.0
1298,random_topL,hard,C,0.75,0.6924271482828195,750.1661274633609,0.35,0,0,0.24,0.0
1299,random_topL,simple,D,0.85,0.3510134330639836,449.9316873190447,0.22,1,0,0.26,0.0
1300,random_topL,simple,B,0.95,0.6638937162864675,494.3259509361833,0.1,1,0,0.28,0.0
1301,random_topL,hard,C,0.75,0.7718697135945896,907.6145465568711,0.35,0,0,0.28,0.0
1302,random_topL,simple,A,0.8,0.8277319167999999,3192.5161667260877,1.0,0,0,0.28,0.0
1303,random_topL,simple,A,0.8,1.0,3405.9811874771476,1.0,0,0,0.28,0.0
1304,random_topL,hard,A,0.95,1.0,3343.58792563659,1.0,0,0,0.26,0.0
1305,random_topL,hard,A,0.95,1.0,3651.4732050646066,1.0,0,0,0.26,0.0
1306,random_topL,hard,C,0.75,0.7073402834751398,856.2709789700422,0.35,0,0,0.24,0.0
1307,random_topL,hard,A,0.95,1.0,3782.0261676126865,1.0,0,0,0.24,0.0
1308,random_topL,hard,A,0.95,1.0,3262.0799653836016,1.0,0,0,0.24,0.0
1309,random_topL,hard,A,0.95,1.0,3475.383051976139,1.0,0,0,0.24,0.0
1310,random_topL,hard,C,0.75,0.724188685941126,806.1087426179857,0.35,0,0,0.22,0.0
1311,random_topL,hard,A,0.95,1.0,3647.6510511641072,1.0,0,0,0.2,0.0
1312,random_topL,simple,B,0.95,0.4431827251342536,448.9172298729844,0.1,1,0,0.22,0.0
1313,random_topL,hard,E,0.9,0.3215305497011197,805.7953758040437,0.6,0,0,0.22,0.0
1314,random_topL,hard,A,0.95,0.9814719999999999,2933.202067502263,1.0,0,0,0.22,0.0
1315,random_topL,hard,C,0.75,0.6821774833565837,726.7749181139422,0.35,1,0,0.22,0.0
1316,random_topL,hard,C,0.75,0.9003161853537935,1061.0888382769328,0.35,0,0,0.22,0.0
1317,random_topL,simple,A,0.8,0.9688456867839998,2821.7758659673746,1.0,0,0,0.2,0.0
1318,random_topL,hard,A,0.95,1.0,4184.638689105573,1.0,0,0,0.2,0.0
1319,random_topL,simple,D,0.85,0.32722558247297423,431.6077507261478,0.22,1,0,0.22,0.0
1320,random_topL,simple,A,0.8,1.0,3807.8747602119693,1.0,0,0,0.22,0.0
1321,random_topL,simple,B,0.95,0.4402577517049957,392.7272764931638,0.1,1,0,0.24,0.0
1322,random_topL,hard,C,0.75,0.718110515876083,787.9626653089654,0.35,1,0,0.26,0.0
1323,random_topL,hard,A,0.95,0.9814719999999999,3120.4143248186074,1.0,0,0,0.26,0.0
1324,random_topL,simple,D,0.85,0.4726873838644592,487.08054418076404,0.22,1,0,0.28,0.0
1325,random_topL,hard,E,0.9,0.36934486528602095,847.5686115900501,0.6,0,0,0.28,0.0
1326,random_topL,hard,E,0.9,0.6250234814516984,1143.1243403168282,0.6,0,0,0.28,0.0
1327,random_topL,hard,C,0.75,0.6789698390175221,725.8733896910737,0.35,0,0,0.28,0.0
1328,random_topL,simple,B,0.95,0.4799225992345193,423.3420869528091,0.1,1,0,0.28,0.0
1329,random_topL,simple,A,0.8,0.755799607864066,2825.177207332682,1.0,0,0,0.26,0.0
1330,random_topL,simple,D,0.85,0.5195179528378923,513.428802462014,0.22,1,0,0.28,0.0
1331,random_topL,hard,E,0.9,0.629844839911514,1119.1890663697407,0.6,0,0,0.28,0.0
1332,random_topL,hard,C,0.75,0.6583140545941044,856.4356021671081,0.35,0,0,0.26,0.0
1333,random_topL,hard,E,0.9,0.7877518440274764,1266.1193910169104,0.6,0,0,0.26,0.0
1334,random_topL,hard,A,0.95,0.6988595757747919,2150.570707184178,1.0,0,0,0.24,0.0
1335,random_topL,hard,A,0.95,0.9149964266818169,2984.295063525845,1.0,0,0,0.24,0.0
1336,random_topL,hard,E,0.9,0.8368308246530924,1243.4463856391474,0.6,0,0,0.24,0.0
1337,random_topL,hard,A,0.95,1.0,3142.9464306760055,1.0,0,0,0.22,0.0
1338,random_topL,simple,B,0.95,0.4336589122957828,400.1321951038326,0.1,1,0,0.24,0.0
1339,random_topL,hard,A,0.95,1.0,3464.552413126222,1.0,0,0,0.24,0.0
1340,random_topL,hard,E,0.9,0.8018435626494331,1085.9754523536271,0.6,0,0,0.24,0.0
1341,random_topL,hard,C,0.75,0.5083421667331419,716.4478094414123,0.35,0,0,0.24,0.0
1342,random_topL,simple,D,0.85,0.41204503735866177,471.2485926095586,0.22,1,0,0.26,0.0
1343,random_topL,hard,A,0.95,0.8996953599999999,3087.81826584679,1.0,0,0,0.26,0.0
1344,random_topL,simple,A,0.8,1.0,3306.110122976593,1.0,0,0,0.26,0.0
1345,random_topL,hard,A,0.95,1.0,4346.37952924804,1.0,0,0,0.26,0.0
1346,random_topL,simple,B,0.95,0.4559587168511767,501.3900995248951,0.1,1,0,0.26,0.0
1347,random_topL,simple,B,0.95,0.7012436708290355,544.5527553830096,0.1,1,0,0.28,0.0
1348,random_topL,hard,A,0.95,0.9814719999999999,2534.8377542502844,1.0,0,0,0.28,0.0
1349,random_topL,hard,A,0.95,1.0,3690.9957855817297,1.0,0,0,0.26,0.0
1350,random_topL,hard,E,0.9,0.5233142148047233,986.2516979099366,0.6,0,0,0.24,0.0
1351,random_topL,hard,E,0.9,0.7605165090281565,1120.6206921183102,0.6,0,0,0.24,0.0
1352,random_topL,simple,A,0.8,0.9814719999999999,3622.9595445068708,1.0,0,0,0.24,0.0
1353,random_topL,simple,A,0.8,1.0,3789.1451942867834,1.0,0,0,0.24,0.0
1354,random_topL,simple,D,0.85,0.3888662294577303,426.8891203979074,0.22,1,0,0.26,0.0
1355,random_topL,hard,C,0.75,0.38490114470989034,577.3647393957779,0.35,0,0,0.26,0.0
1356,random_topL,hard,A,0.95,0.9814719999999999,3582.3522031903913,1.0,0,0,0.26,0.0
1357,random_topL,hard,E,0.9,0.6531869748593767,1017.5396403308911,0.6,0,0,0.26,0.0
1358,random_topL,simple,D,0.85,0.5332012734664962,550.2975978803031,0.22,0,0,0.26,0.0
1359,random_topL,hard,A,0.95,0.9688456867839998,2707.7621502425927,1.0,0,0,0.26,0.0
1360,random_topL,hard,A,0.95,1.0,3836.3245689655587,1.0,0,0,0.26,0.0
1361,random_topL,simple,B,0.95,0.4171187327554606,382.1262195797009,0.1,1,0,0.28,0.0
1362,random_topL,simple,B,0.95,0.6670644848248053,550.5398895083546,0.1,1,0,0.28,0.0
1363,random_topL,hard,C,0.75,0.43842374027484576,645.5265833996759,0.35,0,0,0.28,0.0
1364,random_topL,simple,D,0.85,0.5476208504762741,535.6962125683779,0.22,0,0,0.28,0.0
1365,random_topL,hard,C,0.75,0.6395153444688406,822.1160695582001,0.35,0,0,0.26,0.0
1366,random_topL,simple,D,0.85,0.7240775866088266,647.9468243465517,0.22,1,0,0.28,0.0
1367,random_topL,hard,C,0.75,0.7952406827566703,789.0423515690828,0.35,1,0,0.3,0.0
1368,random_topL,hard,A,0.95,0.6596345248055295,2644.8223846873843,1.0,0,0,0.3,0.0
1369,random_topL,simple,A,0.8,0.880478381828866,2818.955567619147,1.0,0,0,0.28,0.0
1370,random_topL,hard,C,0.75,0.8419342585595535,954.2020071258845,0.35,0,0,0.28,0.0
1371,random_topL,hard,A,0.95,0.9818424588882737,3754.803794673945,1.0,0,0,0.26,0.0
1372,random_topL,hard,E,0.9,0.3960014070124385,900.70733010498,0.6,0,0,0.24,0.0
1373,random_topL,hard,E,0.9,0.6484812381709459,1182.3843307841591,0.6,0,0,0.24,0.0
1374,random_topL,hard,A,0.95,0.9690981441435096,3568.470075971515,1.0,0,0,0.22,0.0
1375,random_topL,hard,E,0.9,0.8021838708395805,1163.8781842474045,0.6,0,0,0.22,0.0
1376,random_topL,hard,A,0.95,1.0,3161.7234892444885,1.0,0,0,0.22,0.0
1377,random_topL,simple,A,0.8,1.0,3365.3041366512043,1.0,0,0,0.22,0.0
1378,random_topL,hard,C,0.75,0.602788626994561,716.0704850907916,0.35,0,0,0.2,0.0
1379,random_topL,hard,A,0.95,1.0,3864.52650531562,1.0,0,0,0.2,0.0
1380,random_topL,simple,B,0.95,0.3668122223396586,411.858922960669,0.1,1,0,0.2,0.0
1381,random_topL,simple,D,0.85,0.4064204734265918,521.825943089756,0.22,1,0,0.22,0.0
1382,random_topL,hard,E,0.9,0.6278329718136963,1035.161171886945,0.6,0,0,0.22,0.0
1383,random_topL,simple,D,0.85,0.6147320146215527,560.814045327588,0.22,1,0,0.24,0.0
1384,random_topL,hard,E,0.9,0.7861938533725263,1329.954346037916,0.6,0,0,0.24,0.0
1385,random_topL,hard,E,0.9,0.9918505909678232,1299.811577193924,0.6,0,0,0.24,0.0
1386,random_topL,simple,D,0.85,0.7189226554681788,578.6093585424281,0.22,1,0,0.26,0.0
1387,random_topL,hard,E,0.9,1.0,1668.913627655009,0.6,0,0,0.26,0.0
1388,random_topL,hard,A,0.95,0.6164783818288659,2302.3621223344935,1.0,0,0,0.24,0.0
1389,random_topL,simple,D,0.85,0.7899256598672109,655.6641337880211,0.22,1,0,0.26,0.0
1390,random_topL,hard,A,0.95,0.7774008588882738,2751.33746313368,1.0,0,0,0.26,0.0
1391,random_topL,hard,A,0.95,0.9841127558216809,3980.170414415278,1.0,0,0,0.26,0.0
1392,random_topL,hard,A,0.95,1.0,3729.290827881956,1.0,0,0,0.24,0.0
1393,random_topL,hard,A,0.95,1.0,3874.6403454550846,1.0,0,0,0.24,0.0
1394,random_topL,simple,A,0.8,1.0,3762.978441136787,1.0,0,0,0.24,0.0
1395,random_topL,hard,E,0.9,0.6596345248055295,1211.148292966146,0.6,0,0,0.24,0.0
1396,random_topL,simple,D,0.85,0.622823340134135,610.5767297362867,0.22,1,0,0.24,0.0
1397,random_topL,hard,C,0.75,0.35312951123071223,634.6355428445307,0.35,0,0,0.22,0.0
1398,random_topL,hard,E,0.9,0.7495224588882738,1062.751511124964,0.6,0,0,0.22,0.0
1399,random_topL,hard,E,0.9,0.959579763821681,1579.5034818553795,0.6,0,0,0.22,0.0
1400,random_topL,hard,E,0.9,1.0,1571.908164326234,0.6,0,0,0.22,0.0
1401,random_topL,hard,A,0.95,0.70867559636992,2349.264335486105,1.0,0,0,0.22,0.0
1402,random_topL,hard,A,0.95,0.9236345248055295,3243.0530683681486,1.0,0,0,0.22,0.0
1403,random_topL,simple,D,0.85,0.5545326999624232,565.3790233678495,0.22,1,0,0.24,0.0
1404,random_topL,hard,A,0.95,1.0,3510.6465830320226,1.0,0,0,0.22,0.0
1405,random_topL,hard,C,0.75,0.4269975639662661,521.9964220196822,0.35,0,0,0.22,0.0
1406,random_topL,simple,B,0.95,0.3132127517125525,347.6879752861596,0.1,1,0,0.24,0.0
1407,random_topL,hard,C,0.75,0.6306669135354764,889.9638359383737,0.35,0,0,0.24,0.0
1408,random_topL,hard,E,0.9,0.6596345248055295,1132.734117256358,0.6,0,0,0.24,0.0
1409,random_topL,hard,E,0.9,0.880478381828866,1498.7683956176347,0.6,0,0,0.24,0.0
1410,random_topL,hard,C,0.75,0.7297818429008482,869.6052657089274,0.35,0,0,0.24,0.0
1411,random_topL,hard,A,0.95,0.70867559636992,2682.8652502316436,1.0,0,0,0.22,0.0
1412,random_topL,hard,A,0.95,0.9236345248055295,2967.2278868227463,1.0,0,0,0.2,0.0
1413,random_topL,hard,C,0.75,0.7973258920453269,972.7290279348678,0.35,0,0,0.2,0.0
1414,random_topL,hard,C,0.75,1.0,1071.5176735621221,0.35,0,0,0.2,0.0
1415,random_topL,hard,C,0.75,1.0,1121.4569533402014,0.35,0,0,0.2,0.0
1416,random_topL,hard,A,0.95,0.8538993388616809,3070.32521984699,1.0,0,0,0.18,0.0
1417,random_topL,hard,C,0.75,1.0,1121.178088035423,0.35,0,0,0.16,0.0
1418,random_topL,simple,A,0.8,0.9612596480144857,2999.59638127581,1.0,0,0,0.16,0.0
1419,random_topL,hard,E,0.9,0.5452140886945183,999.9270742171951,0.6,0,0,0.16,0.0
1420,random_topL,hard,C,0.75,0.9814719999999999,1048.150987295637,0.35,1,0,0.18,0.0
1421,random_topL,hard,E,0.9,0.722213790285035,1227.8333230802766,0.6,0,0,0.18,0.0
1422,random_topL,simple,B,0.95,0.34050999498467055,370.2125357006352,0.1,1,0,0.2,0.0
1423,random_topL,hard,E,0.9,0.8592823591967311,1284.4873848331738,0.6,0,0,0.2,0.0
1424,random_topL,hard,C,0.75,0.8885842043699199,1027.4169740336094,0.35,1,0,0.22,0.0
1425,random_topL,hard,E,0.9,0.9654282589619485,1335.1209369004216,0.6,0,0,0.22,0.0
1426,random_topL,hard,A,0.95,0.6457021567284202,2600.618027161273,1.0,0,0,0.22,0.0
1427,random_topL,simple,B,0.95,0.47969799234281857,409.06254247163645,0.1,0,0,0.22,0.0
1428,random_topL,hard,A,0.95,0.8000317501704886,2962.2945646503194,1.0,0,0,0.22,0.0
1429,random_topL,hard,A,0.95,1.0,3254.3480824507915,1.0,0,0,0.22,0.0
1430,random_topL,simple,A,0.8,1.0,3700.2675936806186,1.0,0,0,0.2,0.0
1431,random_topL,hard,A,0.95,1.0,3556.9077400331144,1.0,0,0,0.18,0.0
1432,random_topL,simple,B,0.95,0.5531519409841874,521.0743842778926,0.1,1,0,0.2,0.0
1433,random_topL,hard,A,0.95,1.0,3555.9439822046093,1.0,0,0,0.18,0.0
1434,random_topL,simple,A,0.8,1.0,3377.0133810334555,1.0,0,0,0.18,0.0
1435,random_topL,simple,B,0.95,0.6769575595263762,425.81479099452787,0.1,0,0,0.18,0.0
1436,random_topL,hard,E,0.9,0.5366079869014052,1083.952272011029,0.6,0,0,0.16,0.0
1437,random_topL,hard,C,0.75,0.4686449445131875,663.8859498463287,0.35,0,0,0.16,0.0
1438,random_topL,hard,C,0.75,0.712407551171605,846.6381908332114,0.35,0,0,0.16,0.0
1439,random_topL,simple,D,0.85,0.3055629269670887,419.1525344728785,0.22,1,0,0.16,0.0
1440,random_topL,hard,A,0.95,0.764404086784,3391.2065629309504,1.0,0,0,0.16,0.0
1441,random_topL,simple,D,0.85,0.5366279306433135,519.4611204332981,0.22,1,0,0.18,0.0
1442,random_topL,hard,E,0.9,0.5492029421179477,1150.47544472389,0.6,0,0,0.18,0.0
1443,random_topL,hard,C,0.75,0.6759602025225853,873.3431827237547,0.35,0,0,0.18,0.0
1444,random_topL,hard,E,0.9,0.7253027583761387,1167.677947299427,0.6,0,0,0.18,0.0
1445,random_topL,simple,D,0.85,0.6218132800531968,534.1689386931644,0.22,1,0,0.2,0.0
1446,random_topL,hard,E,0.9,0.8616744560864817,1170.9893422585187,0.6,0,0,0.18,0.0
1447,random_topL,simple,D,0.85,0.7815322040731956,618.7900080043453,0.22,1,0,0.2,0.0
1448,random_topL,hard,E,0.9,0.9672806987933715,1209.029150146573,0.6,0,0,0.2,0.0
1449,random_topL,hard,A,0.95,0.5419173684487724,2316.463282677606,1.0,0,0,0.2,0.0
1450,random_topL,hard,C,0.75,0.5762484388882494,691.3432039886801,0.35,0,0,0.2,0.0
1451,random_topL,hard,C,0.75,0.8070986262216595,894.976494717757,0.35,0,0,0.2,0.0
1452,random_topL,hard,E,0.9,0.8800737468839426,1291.5594533564965,0.6,0,0,0.2,0.0
1453,random_topL,simple,A,0.8,0.6249853313621392,2646.3492264091697,1.0,0,0,0.18,0.0
1454,random_topL,hard,E,0.9,0.9815291095869252,1475.1471628246773,0.6,0,0,0.18,0.0
1455,random_topL,simple,A,0.8,0.7839886406068406,2854.022946019273,1.0,0,0,0.18,0.0
1456,random_topL,hard,A,0.95,0.9899100037340196,3698.853637495786,1.0,0,0,0.16,0.0
1457,random_topL,hard,C,0.75,0.6748199004550908,718.773442261152,0.35,0,0,0.16,0.0
1458,random_topL,simple,B,0.95,0.33578185914521386,327.38690342385775,0.1,0,0,0.16,0.0
1459,random_topL,hard,C,0.75,0.8225805309124223,928.0997040622452,0.35,0,0,0.16,0.0
1460,random_topL,hard,C,0.75,1.0,1148.8380369930555,0.35,0,0,0.16,0.0
1461,random_topL,simple,B,0.95,0.5288259351154072,467.52147966107935,0.1,1,0,0.18,0.0
1462,random_topL,simple,D,0.85,0.41486479997968684,469.3418068734963,0.22,1,0,0.2,0.0
1463,random_topL,hard,E,0.9,0.6106327443199978,1054.471427840902,0.6,0,0,0.2,0.0
1464,random_topL,hard,E,0.9,0.837356815001598,1198.6542591592631,0.6,0,0,0.2,0.0
1465,random_topL,hard,C,0.75,0.8277319167999999,811.7290015151269,0.35,0,0,0.2,0.0
1466,random_topL,simple,D,0.85,0.5487924955751463,553.799259471329,0.22,0,0,0.2,0.0
1467,random_topL,simple,B,0.95,0.5455889254649655,493.3758378435926,0.1,1,0,0.22,0.0
1468,random_topL,simple,B,0.95,0.7801182544091696,524.2790508706045,0.1,1,0,0.24,0.0
1469,random_topL,hard,C,0.75,0.796386989828866,743.0853914053293,0.35,0,0,0.24,0.0
1470,random_topL,simple,A,0.8,0.46533055484439056,2055.2838776046046,1.0,0,0,0.22,0.0
1471,random_topL,hard,E,0.9,0.6422072957451949,1139.7458434331434,0.6,1,0,0.24,0.0
1472,random_topL,hard,A,0.95,0.660351981671496,2784.651687134059,1.0,0,0,0.22,0.0
1473,random_topL,simple,D,0.85,0.5242781004125096,499.69859191463746,0.22,1,0,0.24,0.0
1474,random_topL,hard,A,0.95,0.8113765746064066,3080.8571642870047,1.0,0,0,0.22,0.0
1475,random_topL,simple,A,0.8,1.0,3280.121750809418,1.0,0,0,0.22,0.0
1476,random_topL,simple,B,0.95,0.5805574577165609,509.5448644575581,0.1,1,0,0.24,0.0
1477,random_topL,hard,A,0.95,1.0,3455.6001153680536,1.0,0,0,0.24,0.0
1478,random_topL,hard,C,0.75,0.5520392658506013,782.6538466980537,0.35,0,0,0.24,0.0
1479,random_topL,simple,D,0.85,0.5434768924429217,566.2791824896752,0.22,1,0,0.26,0.0
1480,random_topL,hard,A,0.95,0.9814719999999999,2907.737641922689,1.0,0,0,0.26,0.0
1481,random_topL,hard,A,0.95,1.0,3390.5372580255057,1.0,0,0,0.26,0.0
1482,random_topL,hard,C,0.75,0.6310553862684121,613.7469550120893,0.35,0,0,0.24,0.0
1483,random_topL,hard,E,0.9,0.4385055897504823,878.815344029391,0.6,1,0,0.26,0.0
1484,random_topL,hard,C,0.75,0.7886892911262582,798.153462585575,0.35,0,0,0.26,0.0
1485,random_topL,hard,A,0.95,0.8996953599999999,2965.095750241406,1.0,0,0,0.26,0.0
1486,random_topL,hard,E,0.9,0.5988292812584406,1035.0621739476162,0.6,0,0,0.26,0.0
1487,random_topL,hard,C,0.75,0.8374696686023935,874.6954454823683,0.35,0,0,0.26,0.0
1488,random_topL,hard,C,0.75,1.0,966.0218251222086,0.35,0,0,0.26,0.0
1489,random_topL,hard,A,0.95,0.8395431328055296,3211.632903256118,1.0,0,0,0.24,0.0
1490,random_topL,simple,D,0.85,0.4331957835858413,527.9093748371934,0.22,1,0,0.26,0.0
1491,random_topL,hard,A,0.95,0.9501422020446022,3488.863821671574,1.0,0,0,0.24,0.0
1492,random_topL,simple,A,0.8,1.0,4082.7693508691546,1.0,0,0,0.24,0.0
1493,random_topL,hard,A,0.95,1.0,3562.5679853135066,1.0,0,0,0.24,0.0
1494,random_topL,simple,B,0.95,0.3581478025412985,354.7607359991977,0.1,1,0,0.26,0.0
1495,random_topL,simple,A,0.8,1.0,3753.6009972352063,1.0,0,0,0.24,0.0
1496,random_topL,hard,A,0.95,1.0,3294.3764117340015,1.0,0,0,0.24,0.0
1497,random_topL,hard,E,0.9,0.44676159457826636,977.3315332346289,0.6,0,0,0.22,0.0
1498,random_topL,hard,A,0.95,1.0,3387.59910381295,1.0,0,0,0.22,0.0
1499,random_topL,simple,D,0.85,0.4370971006043347,458.22803870250937,0.22,1,0,0.24,0.0
