t,policy,task_difficulty,chosen_agent,match_score,load,latency_ms,call_cost,success,is_shock,rolling_success,reward_used_for_update
0,linucb_frozen,hard,A,0.95,0.3,938.6695969260243,1.0,1,0,1.0,1.0
1,linucb_frozen,hard,A,0.95,0.5640000000000001,1410.21959775382,1.0,1,0,1.0,1.0
2,linucb_frozen,hard,A,0.95,0.79632,1422.9667028014562,1.0,1,0,1.0,1.0
3,linucb_frozen,hard,A,0.95,1.0,1383.6534703356356,1.0,1,0,1.0,1.0
4,linucb_frozen,simple,A,0.8,1.0,1895.9864649656581,1.0,1,0,1.0,1.0
5,linucb_frozen,hard,C,0.75,0.3,468.7815657114713,0.35,0,0,0.8333333333333334,0.0
6,linucb_frozen,simple,A,0.8,1.0,1678.187675350267,1.0,1,0,0.8571428571428571,1.0
7,linucb_frozen,hard,A,0.95,1.0,1766.2984065408855,1.0,1,0,0.875,1.0
8,linucb_frozen,hard,E,0.9,0.3,775.2872138757729,0.6,0,0,0.7777777777777778,0.0
9,linucb_frozen,hard,A,0.95,1.0,1627.7239295773395,1.0,1,0,0.8,1.0
10,linucb_frozen,hard,A,0.95,1.0,1960.9298159935508,1.0,1,0,0.8181818181818182,1.0
11,linucb_frozen,hard,A,0.95,1.0,2025.6623055235968,1.0,1,0,0.8333333333333334,1.0
12,linucb_frozen,hard,A,0.95,1.0,1821.7691526322521,1.0,1,0,0.8461538461538461,1.0
13,linucb_frozen,hard,C,0.75,0.40789035744165886,593.4184083519347,0.35,0,0,0.7857142857142857,0.0
14,linucb_frozen,hard,A,0.95,1.0,1599.995373050882,1.0,1,0,0.8,1.0
15,linucb_frozen,hard,A,0.95,1.0,1822.5133888377172,1.0,1,0,0.8125,1.0
16,linucb_frozen,hard,A,0.95,1.0,1785.8969576457473,1.0,1,0,0.8235294117647058,1.0
17,linucb_frozen,hard,A,0.95,1.0,1862.9076294616023,1.0,1,0,0.8333333333333334,1.0
18,linucb_frozen,simple,B,0.95,0.3,331.9516177477288,0.1,1,0,0.8421052631578947,1.0
19,linucb_frozen,hard,E,0.9,0.3735242576664822,878.7366578556779,0.6,0,0,0.8,0.0
20,linucb_frozen,simple,D,0.85,0.3,446.83235986349695,0.22,1,0,0.8095238095238095,1.0
21,linucb_frozen,hard,A,0.95,0.8996953599999999,1878.606617915376,1.0,1,0,0.8181818181818182,1.0
22,linucb_frozen,hard,A,0.95,1.0,1720.544741135187,1.0,1,0,0.8260869565217391,1.0
23,linucb_frozen,hard,A,0.95,1.0,2053.702427432065,1.0,1,0,0.8333333333333334,1.0
24,linucb_frozen,simple,A,0.8,1.0,1975.5206524513585,1.0,1,0,0.84,1.0
25,linucb_frozen,hard,C,0.75,0.3879701848379612,634.4711686054635,0.35,0,0,0.8076923076923077,0.0
26,linucb_frozen,hard,A,0.95,1.0,1517.1678612197697,1.0,1,0,0.8148148148148148,1.0
27,linucb_frozen,hard,A,0.95,1.0,1699.7443987667607,1.0,1,0,0.8214285714285714,1.0
28,linucb_frozen,simple,A,0.8,1.0,2053.84809457141,1.0,0,0,0.7931034482758621,0.0
29,linucb_frozen,hard,A,0.95,1.0,2013.8297884439771,1.0,1,0,0.8,1.0
30,linucb_frozen,simple,B,0.95,0.3647013467465043,393.5788700366307,0.1,1,0,0.8064516129032258,1.0
31,linucb_frozen,simple,B,0.95,0.6209371851369238,461.72676766740034,0.1,1,0,0.8125,1.0
32,linucb_frozen,hard,E,0.9,0.3708913993729617,956.1300098075204,0.6,0,0,0.7878787878787878,0.0
33,linucb_frozen,simple,B,0.95,0.7808537561700337,550.1732561229086,0.1,1,0,0.7941176470588235,1.0
34,linucb_frozen,hard,A,0.95,0.8277319167999999,1392.3573516183628,1.0,1,0,0.8,1.0
35,linucb_frozen,hard,C,0.75,0.4080500751399203,583.1896935018916,0.35,0,0,0.7777777777777778,0.0
36,linucb_frozen,simple,B,0.95,0.8321299709247052,583.9260905598472,0.1,1,0,0.7837837837837838,1.0
37,linucb_frozen,hard,A,0.95,0.8640761248055295,1490.1509930912746,1.0,1,0,0.7894736842105263,1.0
38,linucb_frozen,simple,B,0.95,0.9444014494840918,496.7274343211497,0.1,1,0,0.7948717948717948,1.0
39,linucb_frozen,hard,A,0.95,0.969140551049402,1649.2822402908084,1.0,1,0,0.8,1.0
40,linucb_frozen,simple,B,0.95,1.0,582.2694534010682,0.1,1,0,0.8048780487804879,1.0
41,linucb_frozen,hard,A,0.95,1.0,1957.5598793704496,1.0,1,0,0.8095238095238095,1.0
42,linucb_frozen,hard,A,0.95,1.0,1796.2951586782842,1.0,1,0,0.813953488372093,1.0
43,linucb_frozen,hard,A,0.95,1.0,1738.4376164016383,1.0,1,0,0.8181818181818182,1.0
44,linucb_frozen,hard,A,0.95,1.0,1936.1928155031424,1.0,1,0,0.8222222222222222,1.0
45,linucb_frozen,hard,A,0.95,1.0,2020.9796846943873,1.0,1,0,0.8260869565217391,1.0
46,linucb_frozen,hard,A,0.95,1.0,1960.3365865824067,1.0,1,0,0.8297872340425532,1.0
47,linucb_frozen,hard,C,0.75,0.3880046313385504,592.6569458738892,0.35,0,0,0.8125,0.0
48,linucb_frozen,hard,A,0.95,1.0,1684.8987371033822,1.0,1,0,0.8163265306122449,1.0
49,linucb_frozen,hard,A,0.95,1.0,2000.2429310686452,1.0,1,0,0.82,1.0
50,linucb_frozen,hard,A,0.95,1.0,1852.0741668702583,1.0,1,0,0.82,1.0
51,linucb_frozen,hard,A,0.95,1.0,1945.2126949660956,1.0,1,0,0.82,1.0
52,linucb_frozen,hard,E,0.9,0.3287673730717444,922.9543858706284,0.6,0,0,0.8,0.0
53,linucb_frozen,simple,A,0.8,1.0,1626.1790810940627,1.0,1,0,0.8,1.0
54,linucb_frozen,hard,A,0.95,1.0,1936.4215442830118,1.0,1,0,0.8,1.0
55,linucb_frozen,hard,A,0.95,1.0,1675.9205998814186,1.0,1,0,0.82,1.0
56,linucb_frozen,hard,A,0.95,1.0,2028.454104147486,1.0,1,0,0.82,1.0
57,linucb_frozen,simple,A,0.8,1.0,1755.7179968870025,1.0,1,0,0.82,1.0
58,linucb_frozen,hard,C,0.75,0.39509250830108,648.7873307382805,0.35,0,0,0.82,0.0
59,linucb_frozen,hard,C,0.75,0.6476814073049504,798.6425133474328,0.35,0,0,0.8,0.0
60,linucb_frozen,simple,A,0.8,0.9814719999999999,1630.8333071612008,1.0,1,0,0.8,1.0
61,linucb_frozen,hard,C,0.75,0.8015644818169536,890.1345924797204,0.35,0,0,0.78,0.0
62,linucb_frozen,hard,C,0.75,1.0,930.258504162153,0.35,0,0,0.76,0.0
63,linucb_frozen,hard,C,0.75,1.0,1216.1140186531761,0.35,0,0,0.76,0.0
64,linucb_frozen,simple,A,0.8,0.8885842043699199,1772.3621861514152,1.0,1,0,0.76,1.0
65,linucb_frozen,simple,B,0.95,0.3409323617590446,382.9923740431277,0.1,1,0,0.76,1.0
66,linucb_frozen,hard,C,0.75,0.9814719999999999,876.3220522261297,0.35,0,0,0.74,0.0
67,linucb_frozen,hard,C,0.75,1.0,1149.5675509933642,0.35,0,0,0.72,0.0
68,linucb_frozen,hard,C,0.75,1.0,1019.0366346959935,0.35,0,0,0.7,0.0
69,linucb_frozen,hard,C,0.75,1.0,1243.0041466131195,0.35,0,0,0.7,0.0
70,linucb_frozen,hard,A,0.95,0.7126621359611,1239.5698802985494,1.0,1,0,0.7,1.0
71,linucb_frozen,simple,A,0.8,0.927142679645768,1481.658840999339,1.0,1,0,0.7,1.0
72,linucb_frozen,simple,B,0.95,0.4393307362636828,455.71305526485924,0.1,1,0,0.7,1.0
73,linucb_frozen,hard,E,0.9,0.32244010200302936,909.3834616358195,0.6,0,0,0.68,0.0
74,linucb_frozen,hard,A,0.95,0.9318217761835608,1447.739309426881,1.0,1,0,0.68,1.0
75,linucb_frozen,hard,A,0.95,1.0,1643.2639137213555,1.0,1,0,0.7,1.0
76,linucb_frozen,simple,A,0.8,1.0,1860.9752064624156,1.0,1,0,0.7,1.0
77,linucb_frozen,hard,A,0.95,1.0,1828.7289498922598,1.0,1,0,0.7,1.0
78,linucb_frozen,hard,A,0.95,1.0,1854.767337581338,1.0,1,0,0.72,1.0
79,linucb_frozen,hard,A,0.95,1.0,1982.7898448934184,1.0,1,0,0.72,1.0
80,linucb_frozen,hard,A,0.95,1.0,1859.8031032183765,1.0,1,0,0.72,1.0
81,linucb_frozen,hard,A,0.95,1.0,1860.237941977911,1.0,1,0,0.72,1.0
82,linucb_frozen,hard,A,0.95,1.0,1984.5903337333266,1.0,1,0,0.74,1.0
83,linucb_frozen,simple,B,0.95,0.4076715541795211,390.14073126190436,0.1,0,0,0.72,0.0
84,linucb_frozen,hard,C,0.75,0.44697385390011257,646.2623176424311,0.35,0,0,0.7,0.0
85,linucb_frozen,hard,A,0.95,0.9814719999999999,1464.8466143563514,1.0,1,0,0.72,1.0
86,linucb_frozen,simple,A,0.8,1.0,1751.6932909897166,1.0,1,0,0.72,1.0
87,linucb_frozen,hard,A,0.95,1.0,1794.7387008342746,1.0,1,0,0.72,1.0
88,linucb_frozen,hard,A,0.95,1.0,1753.327706851659,1.0,1,0,0.72,1.0
89,linucb_frozen,hard,A,0.95,1.0,1821.7028449442403,1.0,1,0,0.72,1.0
90,linucb_frozen,hard,A,0.95,1.0,1913.920132654799,1.0,1,0,0.72,1.0
91,linucb_frozen,hard,A,0.95,1.0,1633.108138008037,1.0,1,0,0.72,1.0
92,linucb_frozen,simple,A,0.8,1.0,1954.3011390715642,1.0,1,0,0.72,1.0
93,linucb_frozen,hard,A,0.95,1.0,1781.1603096105598,1.0,1,0,0.72,1.0
94,linucb_frozen,hard,C,0.75,0.42448265456186524,610.2717883025704,0.35,0,0,0.7,0.0
95,linucb_frozen,hard,A,0.95,1.0,1697.2480239301615,1.0,1,0,0.7,1.0
96,linucb_frozen,simple,A,0.8,1.0,1947.1298022494746,1.0,1,0,0.7,1.0
97,linucb_frozen,hard,A,0.95,1.0,1666.996358688995,1.0,1,0,0.72,1.0
98,linucb_frozen,simple,B,0.95,0.35991705944321273,391.1035237233702,0.1,1,0,0.72,1.0
99,linucb_frozen,simple,A,0.8,1.0,1347.810102499578,1.0,1,0,0.72,1.0
100,linucb_frozen,hard,A,0.95,1.0,2026.8772274792127,1.0,1,0,0.72,1.0
101,linucb_frozen,simple,A,0.8,1.0,1722.9477631167422,1.0,1,0,0.72,1.0
102,linucb_frozen,hard,A,0.95,1.0,1783.4640710951587,1.0,1,0,0.74,1.0
103,linucb_frozen,hard,A,0.95,1.0,1811.8931642980856,1.0,1,0,0.74,1.0
104,linucb_frozen,hard,A,0.95,1.0,1518.9898852807257,1.0,1,0,0.74,1.0
105,linucb_frozen,hard,C,0.75,0.40403257356319644,578.2855728397102,0.35,0,0,0.72,0.0
106,linucb_frozen,hard,A,0.95,1.0,1629.4626113546299,1.0,1,0,0.72,1.0
107,linucb_frozen,hard,A,0.95,1.0,1720.0790738230237,1.0,1,0,0.72,1.0
108,linucb_frozen,hard,A,0.95,1.0,1935.799791854772,1.0,1,0,0.74,1.0
109,linucb_frozen,simple,B,0.95,0.3882087820568845,392.9662910606228,0.1,1,0,0.76,1.0
110,linucb_frozen,simple,B,0.95,0.6416237282100583,478.0840948659229,0.1,1,0,0.76,1.0
111,linucb_frozen,hard,A,0.95,0.9814719999999999,1671.1601932714514,1.0,1,0,0.78,1.0
112,linucb_frozen,hard,A,0.95,1.0,1968.6886234643698,1.0,1,0,0.8,1.0
113,linucb_frozen,hard,A,0.95,1.0,1807.8456693128921,1.0,1,0,0.82,1.0
114,linucb_frozen,simple,B,0.95,0.6847787726734731,550.390433734719,0.1,1,0,0.82,1.0
115,linucb_frozen,simple,B,0.95,0.9026053199526562,574.076870115375,0.1,0,0,0.8,0.0
116,linucb_frozen,hard,A,0.95,0.9814719999999999,1701.6240020916582,1.0,1,0,0.82,1.0
117,linucb_frozen,hard,E,0.9,0.3011632863295454,792.509420463984,0.6,0,0,0.82,0.0
118,linucb_frozen,hard,A,0.95,1.0,1674.6667139574274,1.0,1,0,0.84,1.0
119,linucb_frozen,hard,A,0.95,1.0,1657.8730000944465,1.0,1,0,0.86,1.0
120,linucb_frozen,simple,A,0.8,1.0,1903.5768113511838,1.0,1,0,0.86,1.0
121,linucb_frozen,hard,C,0.75,0.3522563575052321,588.9544201463416,0.35,0,0,0.84,0.0
122,linucb_frozen,simple,A,0.8,1.0,1862.7406228684663,1.0,1,0,0.84,1.0
123,linucb_frozen,hard,A,0.95,1.0,1805.4770883807673,1.0,1,0,0.86,1.0
124,linucb_frozen,hard,A,0.95,1.0,1796.4152464773545,1.0,1,0,0.86,1.0
125,linucb_frozen,hard,A,0.95,1.0,1971.4660952558202,1.0,1,0,0.86,1.0
126,linucb_frozen,hard,A,0.95,1.0,2041.9153135897682,1.0,1,0,0.86,1.0
127,linucb_frozen,simple,A,0.8,1.0,1843.401544673693,1.0,0,0,0.84,0.0
128,linucb_frozen,simple,B,0.95,0.471306020692389,414.3398699523222,0.1,1,0,0.84,1.0
129,linucb_frozen,simple,B,0.95,0.7147492982093023,532.3009424539861,0.1,1,0,0.84,1.0
130,linucb_frozen,hard,A,0.95,0.9814719999999999,1498.1382807667455,1.0,1,0,0.84,1.0
131,linucb_frozen,hard,C,0.75,0.398103739370724,638.7302300289329,0.35,0,0,0.82,0.0
132,linucb_frozen,simple,B,0.95,0.7870816337492896,535.9320829597572,0.1,1,0,0.82,1.0
133,linucb_frozen,simple,B,0.95,0.9926318376993748,669.8492940973904,0.1,1,0,0.84,1.0
134,linucb_frozen,hard,A,0.95,0.8885842043699199,1229.9223835023563,1.0,1,0,0.86,1.0
135,linucb_frozen,hard,E,0.9,0.3301640829403119,848.9483005225678,0.6,0,0,0.84,0.0
136,linucb_frozen,hard,A,0.95,0.9881196078640659,1708.5586930899735,1.0,1,0,0.84,1.0
137,linucb_frozen,simple,B,0.95,0.8952767072565881,544.8869062768443,0.1,1,0,0.84,1.0
138,linucb_frozen,simple,B,0.95,1.0,619.6086839157834,0.1,1,0,0.84,1.0
139,linucb_frozen,hard,A,0.95,0.9733758454103407,1652.8279682373563,1.0,1,0,0.84,1.0
140,linucb_frozen,hard,A,0.95,1.0,1575.8810627285177,1.0,1,0,0.84,1.0
141,linucb_frozen,hard,A,0.95,1.0,1740.1146020876763,1.0,1,0,0.84,1.0
142,linucb_frozen,hard,A,0.95,1.0,1775.8757661569216,1.0,1,0,0.84,1.0
143,linucb_frozen,simple,B,0.95,0.8277319167999999,613.653752019279,0.1,1,0,0.84,1.0
144,linucb_frozen,hard,A,0.95,1.0,1721.9877409290868,1.0,1,0,0.86,1.0
145,linucb_frozen,hard,A,0.95,1.0,1630.7433795877864,1.0,1,0,0.86,1.0
146,linucb_frozen,hard,A,0.95,1.0,1665.6467583300105,1.0,1,0,0.86,1.0
147,linucb_frozen,simple,B,0.95,0.796386989828866,496.69775851644977,0.1,1,0,0.86,1.0
148,linucb_frozen,hard,C,0.75,0.3453107951367086,673.8899576597571,0.35,1,0,0.86,1.0
149,linucb_frozen,hard,A,0.95,0.9814719999999999,1667.1550068968174,1.0,1,0,0.86,1.0
150,linucb_frozen,simple,B,0.95,0.8427154347326571,622.4876992865446,0.1,0,0,0.84,0.0
151,linucb_frozen,hard,A,0.95,1.0,1731.8003130034715,1.0,1,0,0.84,1.0
152,linucb_frozen,hard,A,0.95,1.0,1740.7824662432658,1.0,1,0,0.84,1.0
153,linucb_frozen,hard,A,0.95,1.0,1650.9349227546577,1.0,1,0,0.84,1.0
154,linucb_frozen,hard,A,0.95,1.0,1795.7714000552648,1.0,1,0,0.84,1.0
155,linucb_frozen,hard,A,0.95,1.0,1769.5712799057023,1.0,1,0,0.86,1.0
156,linucb_frozen,hard,A,0.95,1.0,2182.542717686309,1.0,1,0,0.86,1.0
157,linucb_frozen,hard,A,0.95,1.0,1840.700496473335,1.0,1,0,0.86,1.0
158,linucb_frozen,hard,A,0.95,1.0,1853.3898196923335,1.0,1,0,0.86,1.0
159,linucb_frozen,hard,A,0.95,1.0,1922.4083056866123,1.0,1,0,0.86,1.0
160,linucb_frozen,hard,E,0.9,0.3135143956827561,789.2071398411011,0.6,0,0,0.84,0.0
161,linucb_frozen,hard,A,0.95,1.0,2015.5198002525415,1.0,1,0,0.84,1.0
162,linucb_frozen,hard,A,0.95,1.0,1934.4444502562599,1.0,0,0,0.82,0.0
163,linucb_frozen,simple,B,0.95,0.45993948241705507,454.1518801879514,0.1,1,0,0.82,1.0
164,linucb_frozen,simple,B,0.95,0.7047467445270085,517.4250877564103,0.1,1,0,0.82,1.0
165,linucb_frozen,hard,A,0.95,0.9814719999999999,1602.5110451383903,1.0,1,0,0.84,1.0
166,linucb_frozen,hard,A,0.95,1.0,1836.9195561938766,1.0,1,0,0.84,1.0
167,linucb_frozen,hard,A,0.95,1.0,1985.6961047235347,1.0,1,0,0.86,1.0
168,linucb_frozen,hard,A,0.95,1.0,1904.3588359873502,1.0,1,0,0.86,1.0
169,linucb_frozen,hard,A,0.95,1.0,1725.579233452772,1.0,1,0,0.86,1.0
170,linucb_frozen,simple,B,0.95,0.6272872683060623,403.0749052334329,0.1,1,0,0.86,1.0
171,linucb_frozen,hard,C,0.75,0.3182520485354327,520.5054764613302,0.35,0,0,0.86,0.0
172,linucb_frozen,hard,A,0.95,0.9814719999999999,1871.9108819584037,1.0,1,0,0.86,1.0
173,linucb_frozen,simple,B,0.95,0.7274787093070689,463.57036161870235,0.1,1,0,0.86,1.0
174,linucb_frozen,simple,B,0.95,0.9401812641902207,566.8865299931103,0.1,1,0,0.86,1.0
175,linucb_frozen,hard,A,0.95,0.9688456867839998,1823.9343902128148,1.0,1,0,0.86,1.0
176,linucb_frozen,hard,A,0.95,1.0,1624.6213260286033,1.0,1,0,0.86,1.0
177,linucb_frozen,hard,A,0.95,1.0,1719.1755345486088,1.0,1,0,0.88,1.0
178,linucb_frozen,hard,A,0.95,1.0,1796.2783021677228,1.0,1,0,0.88,1.0
179,linucb_frozen,hard,A,0.95,1.0,1769.684801478139,1.0,1,0,0.88,1.0
180,linucb_frozen,simple,B,0.95,0.7366240214076861,601.9743096256269,0.1,0,0,0.86,0.0
181,linucb_frozen,hard,E,0.9,0.3213990060899501,869.3240719280968,0.6,0,0,0.86,0.0
182,linucb_frozen,simple,B,0.95,0.870441642178112,599.8401434716635,0.1,1,0,0.86,1.0
183,linucb_frozen,hard,A,0.95,0.8996953599999999,1487.4917252955154,1.0,1,0,0.86,1.0
184,linucb_frozen,hard,A,0.95,1.0,1621.608920757397,1.0,1,0,0.86,1.0
185,linucb_frozen,hard,A,0.95,1.0,2122.7731002146475,1.0,1,0,0.88,1.0
186,linucb_frozen,simple,B,0.95,0.821999813964994,606.0332858458779,0.1,1,0,0.88,1.0
187,linucb_frozen,hard,A,0.95,1.0,1875.7991314529895,1.0,1,0,0.88,1.0
188,linucb_frozen,hard,A,0.95,1.0,1852.5856072122856,1.0,1,0,0.88,1.0
189,linucb_frozen,hard,A,0.95,1.0,2063.307715134896,1.0,1,0,0.88,1.0
190,linucb_frozen,hard,A,0.95,1.0,1794.1693654380774,1.0,1,0,0.88,1.0
191,linucb_frozen,hard,A,0.95,1.0,1932.150046122808,1.0,1,0,0.88,1.0
192,linucb_frozen,hard,A,0.95,1.0,1950.1641941008795,1.0,1,0,0.88,1.0
193,linucb_frozen,simple,B,0.95,0.6359312641881073,494.7177342111453,0.1,1,0,0.88,1.0
194,linucb_frozen,hard,A,0.95,1.0,1695.0130632300152,1.0,1,0,0.88,1.0
195,linucb_frozen,simple,B,0.95,0.7924651709872703,569.9131899490022,0.1,0,0,0.86,0.0
196,linucb_frozen,hard,A,0.95,1.0,1874.0603412460523,1.0,1,0,0.86,1.0
197,linucb_frozen,hard,A,0.95,1.0,1903.4958845768765,1.0,1,0,0.86,1.0
198,linucb_frozen,simple,A,0.8,1.0,2094.3586984578783,1.0,1,0,0.86,1.0
199,linucb_frozen,simple,A,0.8,1.0,1707.151425179583,1.0,1,0,0.86,1.0
200,linucb_frozen,simple,A,0.8,1.0,2016.0147615682004,1.0,1,0,0.88,1.0
201,linucb_frozen,simple,A,0.8,1.0,1690.8687327819177,1.0,1,0,0.88,1.0
202,linucb_frozen,simple,A,0.8,1.0,1791.2432146333626,1.0,1,0,0.88,1.0
203,linucb_frozen,hard,E,0.9,0.31930471154540646,801.3083246227278,0.6,0,0,0.86,0.0
204,linucb_frozen,hard,A,0.95,1.0,1608.5640994468627,1.0,1,0,0.86,1.0
205,linucb_frozen,hard,A,0.95,1.0,1916.7015518473077,1.0,1,0,0.86,1.0
206,linucb_frozen,hard,A,0.95,1.0,1689.0425800925577,1.0,1,0,0.86,1.0
207,linucb_frozen,hard,A,0.95,1.0,1920.158049696658,1.0,1,0,0.86,1.0
208,linucb_frozen,hard,A,0.95,1.0,1544.9836074558743,1.0,1,0,0.86,1.0
209,linucb_frozen,simple,B,0.95,0.4323541593881941,433.64879320463007,0.1,0,0,0.84,0.0
210,linucb_frozen,hard,A,0.95,1.0,1745.598850638283,1.0,1,0,0.86,1.0
211,linucb_frozen,simple,A,0.8,1.0,2128.7088289605067,1.0,1,0,0.86,1.0
212,linucb_frozen,hard,A,0.95,1.0,1869.435243712638,1.0,1,0,0.88,1.0
213,linucb_frozen,hard,A,0.95,1.0,1723.7925423668303,1.0,1,0,0.88,1.0
214,linucb_frozen,simple,A,0.8,1.0,2088.5494820032,1.0,1,0,0.88,1.0
215,linucb_frozen,simple,A,0.8,1.0,1912.4017582995666,1.0,1,0,0.88,1.0
216,linucb_frozen,hard,A,0.95,1.0,1953.3813260815593,1.0,1,0,0.88,1.0
217,linucb_frozen,simple,B,0.95,0.4554894826592674,396.6754823455333,0.1,1,0,0.88,1.0
218,linucb_frozen,hard,A,0.95,1.0,1911.8461014850418,1.0,1,0,0.88,1.0
219,linucb_frozen,hard,A,0.95,1.0,2084.994148094269,1.0,0,0,0.86,0.0
220,linucb_frozen,simple,B,0.95,0.6104033287267763,461.8958763435348,0.1,1,0,0.86,1.0
221,linucb_frozen,hard,A,0.95,1.0,1744.4228399360777,1.0,1,0,0.88,1.0
222,linucb_frozen,hard,E,0.9,0.32814336982874776,794.9229719916098,0.6,0,0,0.86,0.0
223,linucb_frozen,simple,B,0.95,0.7159727772340937,553.9133381679077,0.1,1,0,0.86,1.0
224,linucb_frozen,hard,A,0.95,0.9814719999999999,1713.2527120813077,1.0,1,0,0.86,1.0
225,linucb_frozen,hard,A,0.95,1.0,1768.0016354260672,1.0,1,0,0.86,1.0
226,linucb_frozen,hard,A,0.95,1.0,1847.932093068016,1.0,1,0,0.86,1.0
227,linucb_frozen,simple,B,0.95,0.7293655523935996,493.29165880856084,0.1,0,0,0.84,0.0
228,linucb_frozen,hard,A,0.95,1.0,1664.029250438174,1.0,0,0,0.82,0.0
229,linucb_frozen,simple,B,0.95,0.8648206837736034,503.061054326224,0.1,1,0,0.82,1.0
230,linucb_frozen,hard,C,0.75,0.3001687519751355,500.21149111427474,0.35,0,0,0.82,0.0
231,linucb_frozen,hard,A,0.95,0.9814719999999999,1484.1100631332774,1.0,1,0,0.84,1.0
232,linucb_frozen,hard,A,0.95,1.0,1820.0461757809023,1.0,1,0,0.84,1.0
233,linucb_frozen,hard,A,0.95,1.0,1771.7098043492933,1.0,1,0,0.84,1.0
234,linucb_frozen,hard,A,0.95,1.0,1826.580024397545,1.0,1,0,0.84,1.0
235,linucb_frozen,hard,A,0.95,1.0,1760.5939486067068,1.0,0,0,0.82,0.0
236,linucb_frozen,simple,B,0.95,0.6534311086942193,447.8889518318266,0.1,1,0,0.82,1.0
237,linucb_frozen,hard,E,0.9,0.34822849569550096,843.9130865264548,0.6,0,0,0.8,0.0
238,linucb_frozen,hard,E,0.9,0.6064410762120409,1122.3252966629934,0.6,0,0,0.78,0.0
239,linucb_frozen,hard,E,0.9,0.8336681470665961,1224.4474379013245,0.6,0,0,0.76,0.0
240,linucb_frozen,hard,E,0.9,1.0,1474.4928308644462,0.6,0,0,0.74,0.0
241,linucb_frozen,hard,E,0.9,1.0,1562.126797195295,0.6,0,0,0.72,0.0
242,linucb_frozen,hard,E,0.9,1.0,1541.396142680757,0.6,0,0,0.7,0.0
243,linucb_frozen,simple,A,0.8,0.6596345248055295,1334.180630438922,1.0,1,0,0.7,1.0
244,linucb_frozen,hard,E,0.9,1.0,1554.7639208930216,0.6,0,0,0.68,0.0
245,linucb_frozen,simple,B,0.95,0.5067968199161883,410.032875486087,0.1,1,0,0.7,1.0
246,linucb_frozen,hard,E,0.9,1.0,1700.945040547023,0.6,0,0,0.68,0.0
247,linucb_frozen,hard,E,0.9,1.0,1652.9393990212711,0.6,0,0,0.66,0.0
248,linucb_frozen,hard,E,0.9,1.0,1719.6014073853673,0.6,0,0,0.64,0.0
249,linucb_frozen,hard,A,0.95,0.6063369691035098,1342.4519565602247,1.0,1,0,0.64,1.0
250,linucb_frozen,hard,E,0.9,1.0,1463.351190475879,0.6,0,0,0.62,0.0
251,linucb_frozen,simple,B,0.95,0.5353585143382127,447.5106805138532,0.1,1,0,0.62,1.0
252,linucb_frozen,hard,E,0.9,1.0,1473.3616636908976,0.6,0,0,0.6,0.0
253,linucb_frozen,hard,E,0.9,1.0,1603.6897787059972,0.6,0,0,0.6,0.0
254,linucb_frozen,simple,A,0.8,0.6199833709316975,1216.750296586907,1.0,1,0,0.6,1.0
255,linucb_frozen,simple,B,0.95,0.6210520169851197,511.34516941603954,0.1,1,0,0.6,1.0
256,linucb_frozen,hard,E,0.9,0.9814719999999999,1458.1221850212767,0.6,0,0,0.58,0.0
257,linucb_frozen,hard,E,0.9,1.0,1670.4844063146293,0.6,0,0,0.56,0.0
258,linucb_frozen,hard,A,0.95,0.671801150824898,1312.710773639998,1.0,1,0,0.56,1.0
259,linucb_frozen,simple,B,0.95,0.6724420129046175,565.2606913114305,0.1,1,0,0.58,1.0
260,linucb_frozen,simple,B,0.95,0.8917489713560633,568.4262406561203,0.1,1,0,0.58,1.0
261,linucb_frozen,simple,B,0.95,1.0,793.162453025991,0.1,1,0,0.58,1.0
262,linucb_frozen,hard,A,0.95,0.7028760329923515,1294.4156082120592,1.0,1,0,0.58,1.0
263,linucb_frozen,hard,E,0.9,0.764404086784,1280.2031011000336,0.6,0,0,0.56,0.0
264,linucb_frozen,simple,B,0.95,0.9814719999999999,639.9992013619357,0.1,1,0,0.56,1.0
265,linucb_frozen,simple,B,0.95,1.0,636.2447997054315,0.1,1,0,0.56,1.0
266,linucb_frozen,hard,A,0.95,0.72151149564072,1347.3128840714,1.0,1,0,0.56,1.0
267,linucb_frozen,simple,B,0.95,1.0,688.4193527261687,0.1,1,0,0.56,1.0
268,linucb_frozen,hard,E,0.9,0.7034004339282738,1131.4889975733047,0.6,0,0,0.54,0.0
269,linucb_frozen,hard,A,0.95,0.7916898819572729,1603.7030670509052,1.0,1,0,0.56,1.0
270,linucb_frozen,simple,B,0.95,0.9814719999999999,755.4857493439468,0.1,1,0,0.56,1.0
271,linucb_frozen,hard,A,0.95,0.9130846445877121,1688.5507932824967,1.0,1,0,0.56,1.0
272,linucb_frozen,hard,A,0.95,1.0,1892.141070403463,1.0,0,0,0.56,0.0
273,linucb_frozen,simple,B,0.95,0.9688456867839998,601.2529659006616,0.1,1,0,0.56,1.0
274,linucb_frozen,hard,E,0.9,0.6266620361619293,1090.946013604916,0.6,0,0,0.54,0.0
275,linucb_frozen,hard,E,0.9,0.8514625918224978,1252.9064773052353,0.6,0,0,0.52,0.0
276,linucb_frozen,hard,E,0.9,1.0,1343.6454237219866,0.6,0,0,0.5,0.0
277,linucb_frozen,hard,E,0.9,1.0,1661.815017552025,0.6,0,0,0.5,0.0
278,linucb_frozen,hard,A,0.95,0.764404086784,1432.7402731395816,1.0,1,0,0.52,1.0
279,linucb_frozen,hard,E,0.9,1.0,1626.0772875652376,0.6,0,0,0.5,0.0
280,linucb_frozen,simple,B,0.95,0.6959435888368758,514.8781861070769,0.1,1,0,0.52,1.0
281,linucb_frozen,hard,A,0.95,0.8209199818288659,1202.3447630238807,1.0,1,0,0.52,1.0
282,linucb_frozen,hard,A,0.95,1.0,1807.5680463804138,1.0,1,0,0.52,1.0
283,linucb_frozen,hard,A,0.95,1.0,1841.7815538265281,1.0,1,0,0.52,1.0
284,linucb_frozen,hard,A,0.95,1.0,1926.2484341177674,1.0,1,0,0.52,1.0
285,linucb_frozen,simple,B,0.95,0.6672716441215556,522.1909098704283,0.1,0,0,0.52,0.0
286,linucb_frozen,simple,B,0.95,0.8871990468269688,654.4050614311095,0.1,0,0,0.5,0.0
287,linucb_frozen,hard,A,0.95,0.9814719999999999,1595.4177067334876,1.0,1,0,0.52,1.0
288,linucb_frozen,hard,A,0.95,1.0,1671.8470887291337,1.0,1,0,0.54,1.0
289,linucb_frozen,hard,A,0.95,1.0,1779.9440259864496,1.0,1,0,0.56,1.0
290,linucb_frozen,hard,A,0.95,1.0,1817.2454198772214,1.0,1,0,0.58,1.0
291,linucb_frozen,simple,A,0.8,1.0,1783.066687196662,1.0,1,0,0.6,1.0
292,linucb_frozen,hard,E,0.9,0.48979061712307925,864.6252731805057,0.6,0,0,0.6,0.0
293,linucb_frozen,hard,A,0.95,1.0,1751.586420737918,1.0,1,0,0.6,1.0
294,linucb_frozen,simple,B,0.95,0.6190674076135357,476.51618402687666,0.1,1,0,0.62,1.0
295,linucb_frozen,hard,A,0.95,1.0,1978.6627075693627,1.0,1,0,0.62,1.0
296,linucb_frozen,hard,A,0.95,1.0,1989.481156518279,1.0,1,0,0.64,1.0
297,linucb_frozen,hard,A,0.95,1.0,1938.1516876944365,1.0,1,0,0.66,1.0
298,linucb_frozen,hard,A,0.95,1.0,2299.783116335586,1.0,1,0,0.68,1.0
299,linucb_frozen,simple,A,0.8,1.0,2032.3492446903535,1.0,1,0,0.68,1.0
300,linucb_frozen,simple,B,0.95,0.5874974340905024,504.062526864558,0.1,1,0,0.7,1.0
301,linucb_frozen,hard,A,0.95,1.0,2120.9334320005632,1.0,1,0,0.7,1.0
302,linucb_frozen,simple,A,0.8,1.0,1982.1287537142948,1.0,1,0,0.72,1.0
303,linucb_frozen,hard,A,0.95,1.0,1843.3380430261066,1.0,1,0,0.74,1.0
304,linucb_frozen,hard,A,0.95,1.0,1741.4789752261565,1.0,1,0,0.74,1.0
305,linucb_frozen,hard,A,0.95,1.0,1913.7848375468802,1.0,1,0,0.74,1.0
306,linucb_frozen,hard,A,0.95,1.0,2038.8381396546451,1.0,0,0,0.74,0.0
307,linucb_frozen,simple,B,0.95,0.5400958642427339,442.8752085654665,0.1,0,0,0.74,0.0
308,linucb_frozen,simple,A,0.8,1.0,1775.2570733428092,1.0,1,0,0.74,1.0
309,linucb_frozen,simple,A,0.8,1.0,1724.599764407171,1.0,1,0,0.74,1.0
310,linucb_frozen,simple,B,0.95,0.6680602087972244,503.65010423562694,0.1,1,0,0.74,1.0
311,linucb_frozen,hard,E,0.9,0.3431699188202715,811.4201309745769,0.6,0,0,0.72,0.0
312,linucb_frozen,hard,A,0.95,0.9814719999999999,1814.8059764638833,1.0,1,0,0.72,1.0
313,linucb_frozen,hard,A,0.95,1.0,1821.157447060471,1.0,1,0,0.74,1.0
314,linucb_frozen,simple,B,0.95,0.7006326074163267,560.1636413045862,0.1,1,0,0.74,1.0
315,linucb_frozen,simple,B,0.95,0.9165566945263675,663.9075084996713,0.1,1,0,0.74,1.0
316,linucb_frozen,hard,A,0.95,0.9814719999999999,1464.87410411355,1.0,1,0,0.74,1.0
317,linucb_frozen,hard,A,0.95,1.0,1790.9497665640838,1.0,1,0,0.74,1.0
318,linucb_frozen,hard,A,0.95,1.0,1633.2230461905892,1.0,1,0,0.76,1.0
319,linucb_frozen,simple,B,0.95,0.8496547968843999,624.0140286044888,0.1,1,0,0.76,1.0
320,linucb_frozen,simple,B,0.95,1.0,607.762446090505,0.1,0,0,0.74,0.0
321,linucb_frozen,simple,B,0.95,1.0,670.2980666602402,0.1,1,0,0.74,1.0
322,linucb_frozen,simple,B,0.95,1.0,787.6490328261704,0.1,1,0,0.76,1.0
323,linucb_frozen,simple,B,0.95,1.0,760.8938300680738,0.1,1,0,0.76,1.0
324,linucb_frozen,hard,A,0.95,0.764404086784,1509.176572991949,1.0,1,0,0.78,1.0
325,linucb_frozen,simple,B,0.95,1.0,688.6792832999453,0.1,0,0,0.78,0.0
326,linucb_frozen,hard,A,0.95,0.8919545248055296,1582.7293252348206,1.0,1,0,0.8,1.0
327,linucb_frozen,simple,B,0.95,1.0,713.2681565915824,0.1,0,0,0.8,0.0
328,linucb_frozen,simple,B,0.95,1.0,789.9993753140495,0.1,1,0,0.8,1.0
329,linucb_frozen,simple,B,0.95,1.0,699.6690884626607,0.1,0,0,0.8,0.0
330,linucb_frozen,simple,A,0.8,0.8349009898568809,1565.7233474924008,1.0,1,0,0.8,1.0
331,linucb_frozen,hard,E,0.9,0.326617217596291,753.8843057891994,0.6,0,0,0.78,0.0
332,linucb_frozen,simple,A,0.8,0.9465473265451685,1609.0793404983913,1.0,1,0,0.78,1.0
333,linucb_frozen,hard,A,0.95,1.0,2032.1235493087759,1.0,1,0,0.78,1.0
334,linucb_frozen,simple,A,0.8,1.0,1711.868749115931,1.0,1,0,0.78,1.0
335,linucb_frozen,simple,A,0.8,1.0,1874.1631831165214,1.0,1,0,0.8,1.0
336,linucb_frozen,hard,A,0.95,1.0,1802.137284523316,1.0,1,0,0.82,1.0
337,linucb_frozen,simple,A,0.8,1.0,1643.1360128279778,1.0,1,0,0.82,1.0
338,linucb_frozen,hard,A,0.95,1.0,2013.0286258612848,1.0,1,0,0.82,1.0
339,linucb_frozen,hard,A,0.95,1.0,1875.634854967808,1.0,1,0,0.82,1.0
340,linucb_frozen,simple,A,0.8,1.0,1874.2514906016506,1.0,0,0,0.8,0.0
341,linucb_frozen,hard,A,0.95,1.0,1686.6272621206986,1.0,1,0,0.8,1.0
342,linucb_frozen,hard,A,0.95,1.0,2049.314968195206,1.0,1,0,0.82,1.0
343,linucb_frozen,hard,A,0.95,1.0,1786.6754867721745,1.0,1,0,0.82,1.0
344,linucb_frozen,hard,A,0.95,1.0,1865.3116668868765,1.0,1,0,0.82,1.0
345,linucb_frozen,simple,B,0.95,0.4293369914320991,306.8664026705588,0.1,1,0,0.82,1.0
346,linucb_frozen,simple,A,0.8,1.0,1566.1247498132846,1.0,1,0,0.82,1.0
347,linucb_frozen,hard,A,0.95,1.0,1944.5660861712558,1.0,1,0,0.82,1.0
348,linucb_frozen,hard,A,0.95,1.0,1726.6426242827183,1.0,1,0,0.82,1.0
349,linucb_frozen,hard,A,0.95,1.0,1923.4093179074266,1.0,1,0,0.82,1.0
350,linucb_frozen,simple,A,0.8,1.0,2063.574479029147,1.0,1,0,0.82,1.0
351,linucb_frozen,hard,A,0.95,1.0,1939.3496351892688,1.0,0,0,0.8,0.0
352,linucb_frozen,simple,B,0.95,0.4754595510171803,422.8159737353209,0.1,1,0,0.8,1.0
353,linucb_frozen,hard,A,0.95,1.0,1563.4730655758026,1.0,1,0,0.8,1.0
354,linucb_frozen,simple,A,0.8,1.0,1939.2278586229943,1.0,1,0,0.8,1.0
355,linucb_frozen,hard,A,0.95,1.0,2098.6589798567074,1.0,1,0,0.8,1.0
356,linucb_frozen,simple,A,0.8,1.0,1928.4364365472795,1.0,1,0,0.82,1.0
357,linucb_frozen,hard,A,0.95,1.0,1773.6322076125218,1.0,1,0,0.84,1.0
358,linucb_frozen,hard,A,0.95,1.0,1756.6529826249036,1.0,1,0,0.84,1.0
359,linucb_frozen,hard,A,0.95,1.0,1453.3721298315268,1.0,1,0,0.84,1.0
360,linucb_frozen,simple,B,0.95,0.47099166969431405,430.37618529595466,0.1,1,0,0.84,1.0
361,linucb_frozen,hard,A,0.95,1.0,1793.6239323428697,1.0,1,0,0.86,1.0
362,linucb_frozen,hard,A,0.95,1.0,1876.9817491831923,1.0,1,0,0.86,1.0
363,linucb_frozen,hard,A,0.95,1.0,1655.9224335908561,1.0,1,0,0.86,1.0
364,linucb_frozen,hard,A,0.95,1.0,1762.9856581825952,1.0,1,0,0.86,1.0
365,linucb_frozen,hard,A,0.95,1.0,1790.3224318675977,1.0,1,0,0.86,1.0
366,linucb_frozen,hard,A,0.95,1.0,1900.7759015254296,1.0,1,0,0.86,1.0
367,linucb_frozen,simple,B,0.95,0.49248280149758816,413.8214152591088,0.1,1,0,0.86,1.0
368,linucb_frozen,hard,A,0.95,1.0,1779.4967504192468,1.0,1,0,0.86,1.0
369,linucb_frozen,simple,A,0.8,1.0,1751.6471567604958,1.0,1,0,0.86,1.0
370,linucb_frozen,hard,A,0.95,1.0,1956.4706725007093,1.0,1,0,0.88,1.0
371,linucb_frozen,simple,A,0.8,1.0,2002.5345267512648,1.0,1,0,0.88,1.0
372,linucb_frozen,simple,B,0.95,0.5598988928253561,443.52480822123374,0.1,1,0,0.88,1.0
373,linucb_frozen,hard,A,0.95,1.0,1563.3075139244197,1.0,1,0,0.88,1.0
374,linucb_frozen,hard,A,0.95,1.0,1981.5443831235145,1.0,1,0,0.88,1.0
375,linucb_frozen,hard,A,0.95,1.0,1653.0800109522513,1.0,1,0,0.9,1.0
376,linucb_frozen,hard,A,0.95,1.0,1920.9414760959785,1.0,1,0,0.9,1.0
377,linucb_frozen,hard,A,0.95,1.0,1925.7804271312089,1.0,1,0,0.92,1.0
378,linucb_frozen,hard,A,0.95,1.0,1892.927665590781,1.0,1,0,0.92,1.0
379,linucb_frozen,simple,B,0.95,0.5288170139322603,466.9958032925721,0.1,1,0,0.94,1.0
380,linucb_frozen,simple,A,0.8,1.0,1870.5392392481274,1.0,1,0,0.94,1.0
381,linucb_frozen,hard,A,0.95,1.0,1987.731991012911,1.0,1,0,0.96,1.0
382,linucb_frozen,hard,A,0.95,1.0,1813.7949458493083,1.0,1,0,0.96,1.0
383,linucb_frozen,hard,A,0.95,1.0,1678.3038739266653,1.0,1,0,0.96,1.0
384,linucb_frozen,hard,A,0.95,1.0,1825.3323114878558,1.0,1,0,0.96,1.0
385,linucb_frozen,hard,A,0.95,1.0,1877.665092164999,1.0,1,0,0.96,1.0
386,linucb_frozen,hard,A,0.95,1.0,1712.6488223496926,1.0,1,0,0.96,1.0
387,linucb_frozen,hard,A,0.95,1.0,1961.9677895023283,1.0,1,0,0.96,1.0
388,linucb_frozen,simple,B,0.95,0.4673591528528547,440.66319612025757,0.1,1,0,0.96,1.0
389,linucb_frozen,hard,A,0.95,1.0,1630.220229817118,1.0,1,0,0.96,1.0
390,linucb_frozen,simple,B,0.95,0.6619229279692507,469.1396106926477,0.1,1,0,0.98,1.0
391,linucb_frozen,hard,A,0.95,1.0,1852.2050571449388,1.0,1,0,0.98,1.0
392,linucb_frozen,hard,A,0.95,1.0,1844.677139484333,1.0,1,0,0.98,1.0
393,linucb_frozen,hard,A,0.95,1.0,1746.7713456702786,1.0,1,0,0.98,1.0
394,linucb_frozen,hard,A,0.95,1.0,1815.6040929677692,1.0,1,0,0.98,1.0
395,linucb_frozen,hard,A,0.95,1.0,1968.997529970912,1.0,0,0,0.96,0.0
396,linucb_frozen,hard,E,0.9,0.3000804290176948,757.8079236095065,0.6,0,0,0.94,0.0
397,linucb_frozen,hard,A,0.95,1.0,1851.9729958243972,1.0,1,0,0.94,1.0
398,linucb_frozen,hard,A,0.95,1.0,1867.5646925924113,1.0,1,0,0.94,1.0
399,linucb_frozen,hard,A,0.95,1.0,1975.91620935834,1.0,0,0,0.92,0.0
400,linucb_frozen,hard,A,0.95,1.0,2052.8225968224474,1.0,1,0,0.92,1.0
401,linucb_frozen,hard,A,0.95,1.0,1873.2393744501717,1.0,0,0,0.92,0.0
402,linucb_frozen,hard,A,0.95,1.0,2127.842999676302,1.0,1,0,0.92,1.0
403,linucb_frozen,simple,B,0.95,0.42562676098719965,399.015468929696,0.1,1,0,0.92,1.0
404,linucb_frozen,simple,B,0.95,0.6745515496687358,527.3072902948344,0.1,1,0,0.92,1.0
405,linucb_frozen,hard,A,0.95,0.9814719999999999,1882.433175124313,1.0,1,0,0.92,1.0
406,linucb_frozen,hard,A,0.95,1.0,1934.7108984147198,1.0,1,0,0.92,1.0
407,linucb_frozen,hard,A,0.95,1.0,1814.643359793385,1.0,1,0,0.92,1.0
408,linucb_frozen,hard,A,0.95,1.0,1880.540142324711,1.0,1,0,0.92,1.0
409,linucb_frozen,hard,A,0.95,1.0,1770.7789224287665,1.0,1,0,0.92,1.0
410,linucb_frozen,simple,B,0.95,0.6132644964126412,464.9786729523386,0.1,1,0,0.92,1.0
411,linucb_frozen,simple,B,0.95,0.8396727568431244,563.8660586155019,0.1,1,0,0.92,1.0
412,linucb_frozen,hard,A,0.95,0.9814719999999999,1419.1859883837628,1.0,1,0,0.92,1.0
413,linucb_frozen,hard,A,0.95,1.0,1751.0099707492932,1.0,1,0,0.92,1.0
414,linucb_frozen,hard,A,0.95,1.0,1779.0450734408419,1.0,1,0,0.92,1.0
415,linucb_frozen,hard,A,0.95,1.0,1842.6820123848586,1.0,1,0,0.92,1.0
416,linucb_frozen,hard,A,0.95,1.0,1994.2753055784192,1.0,1,0,0.92,1.0
417,linucb_frozen,hard,A,0.95,1.0,1796.1896752723917,1.0,1,0,0.92,1.0
418,linucb_frozen,simple,B,0.95,0.6431537646584387,538.0232102446397,0.1,1,0,0.92,1.0
419,linucb_frozen,hard,A,0.95,1.0,1985.2869232741093,1.0,1,0,0.92,1.0
420,linucb_frozen,hard,A,0.95,1.0,1755.8613897649898,1.0,1,0,0.92,1.0
421,linucb_frozen,hard,A,0.95,1.0,1750.0341705938347,1.0,0,0,0.9,0.0
422,linucb_frozen,hard,E,0.9,0.3108090405960782,744.7729977943785,0.6,0,0,0.88,0.0
423,linucb_frozen,hard,A,0.95,1.0,1816.171843315645,1.0,1,0,0.88,1.0
424,linucb_frozen,hard,A,0.95,1.0,1978.0605247179988,1.0,1,0,0.88,1.0
425,linucb_frozen,hard,A,0.95,1.0,1872.9851946808847,1.0,1,0,0.88,1.0
426,linucb_frozen,hard,A,0.95,1.0,1873.2388161415777,1.0,1,0,0.88,1.0
427,linucb_frozen,hard,A,0.95,1.0,1934.3584656166963,1.0,1,0,0.88,1.0
428,linucb_frozen,simple,B,0.95,0.47911895118149644,404.03310837937295,0.1,1,0,0.88,1.0
429,linucb_frozen,simple,B,0.95,0.7216246770397169,553.5669773684684,0.1,1,0,0.88,1.0
430,linucb_frozen,hard,A,0.95,0.9814719999999999,1575.9485866306713,1.0,1,0,0.88,1.0
431,linucb_frozen,hard,A,0.95,1.0,1727.0786090044699,1.0,1,0,0.88,1.0
432,linucb_frozen,hard,A,0.95,1.0,1891.8441525393569,1.0,1,0,0.88,1.0
433,linucb_frozen,simple,B,0.95,0.7327549704822167,521.6951412984727,0.1,1,0,0.88,1.0
434,linucb_frozen,hard,A,0.95,1.0,1636.9855616846976,1.0,1,0,0.88,1.0
435,linucb_frozen,hard,A,0.95,1.0,1892.9254534705099,1.0,1,0,0.88,1.0
436,linucb_frozen,hard,A,0.95,1.0,1772.021636015185,1.0,1,0,0.88,1.0
437,linucb_frozen,simple,B,0.95,0.7394297558151224,481.8959697216096,0.1,1,0,0.88,1.0
438,linucb_frozen,hard,A,0.95,1.0,1847.221129308251,1.0,1,0,0.88,1.0
439,linucb_frozen,simple,B,0.95,0.8726144029032308,559.0485985940978,0.1,1,0,0.88,1.0
440,linucb_frozen,hard,A,0.95,1.0,1528.9145809545662,1.0,1,0,0.88,1.0
441,linucb_frozen,simple,B,0.95,0.9757525936082618,557.166382819446,0.1,1,0,0.88,1.0
442,linucb_frozen,hard,A,0.95,1.0,1833.8779192922684,1.0,1,0,0.88,1.0
443,linucb_frozen,simple,B,0.95,1.0,607.6880520515333,0.1,1,0,0.88,1.0
444,linucb_frozen,simple,B,0.95,1.0,681.8514092325929,0.1,1,0,0.88,1.0
445,linucb_frozen,hard,A,0.95,0.9814719999999999,1680.691086684908,1.0,1,0,0.9,1.0
446,linucb_frozen,simple,B,0.95,1.0,603.4178301928697,0.1,1,0,0.92,1.0
447,linucb_frozen,hard,A,0.95,1.0,1976.4875054370877,1.0,1,0,0.92,1.0
448,linucb_frozen,simple,B,0.95,1.0,722.289142527705,0.1,1,0,0.92,1.0
449,linucb_frozen,hard,A,0.95,1.0,1817.274426364304,1.0,1,0,0.94,1.0
450,linucb_frozen,simple,B,0.95,1.0,653.5174860590892,0.1,1,0,0.94,1.0
451,linucb_frozen,simple,B,0.95,1.0,698.5647806484342,0.1,1,0,0.96,1.0
452,linucb_frozen,hard,A,0.95,0.9814719999999999,1631.474632272886,1.0,1,0,0.96,1.0
453,linucb_frozen,hard,A,0.95,1.0,1830.9371294975085,1.0,1,0,0.96,1.0
454,linucb_frozen,hard,A,0.95,1.0,1892.000241080091,1.0,1,0,0.96,1.0
455,linucb_frozen,hard,A,0.95,1.0,1946.5515450965158,1.0,1,0,0.96,1.0
456,linucb_frozen,simple,B,0.95,0.8277319167999999,580.078786872468,0.1,1,0,0.96,1.0
457,linucb_frozen,hard,A,0.95,1.0,1541.9308059945529,1.0,1,0,0.96,1.0
458,linucb_frozen,hard,A,0.95,1.0,1779.25290159753,1.0,1,0,0.96,1.0
459,linucb_frozen,hard,A,0.95,1.0,2072.370222526569,1.0,1,0,0.96,1.0
460,linucb_frozen,hard,A,0.95,1.0,1777.2522399707586,1.0,1,0,0.96,1.0
461,linucb_frozen,hard,A,0.95,1.0,1778.6460021035443,1.0,1,0,0.96,1.0
462,linucb_frozen,hard,A,0.95,1.0,1794.9267824528695,1.0,1,0,0.96,1.0
463,linucb_frozen,hard,A,0.95,1.0,1625.4412509497224,1.0,1,0,0.96,1.0
464,linucb_frozen,hard,A,0.95,1.0,2029.7777590793062,1.0,1,0,0.96,1.0
465,linucb_frozen,hard,A,0.95,1.0,1852.3117856861363,1.0,1,0,0.96,1.0
466,linucb_frozen,hard,A,0.95,1.0,1979.5049218107058,1.0,1,0,0.96,1.0
467,linucb_frozen,hard,A,0.95,1.0,1667.8261004623655,1.0,1,0,0.96,1.0
468,linucb_frozen,simple,B,0.95,0.4785178992067515,375.2209193208798,0.1,0,0,0.94,0.0
469,linucb_frozen,hard,A,0.95,1.0,1529.558178370084,1.0,1,0,0.94,1.0
470,linucb_frozen,hard,A,0.95,1.0,1614.0209040192995,1.0,1,0,0.94,1.0
471,linucb_frozen,hard,A,0.95,1.0,2079.292052723043,1.0,1,0,0.96,1.0
472,linucb_frozen,hard,A,0.95,1.0,1734.4792851318343,1.0,1,0,0.98,1.0
473,linucb_frozen,hard,A,0.95,1.0,2032.2560586419706,1.0,0,0,0.96,0.0
474,linucb_frozen,hard,A,0.95,1.0,1846.160896353852,1.0,1,0,0.96,1.0
475,linucb_frozen,simple,B,0.95,0.49555858783200046,432.7639948638021,0.1,1,0,0.96,1.0
476,linucb_frozen,hard,A,0.95,1.0,1779.5572755710157,1.0,1,0,0.96,1.0
477,linucb_frozen,hard,A,0.95,1.0,1930.1992483065512,1.0,1,0,0.96,1.0
478,linucb_frozen,simple,B,0.95,0.637709301967049,511.4007667026173,0.1,1,0,0.96,1.0
479,linucb_frozen,simple,B,0.95,0.8611841857310032,490.1510838946448,0.1,1,0,0.96,1.0
480,linucb_frozen,hard,A,0.95,0.9814719999999999,1500.076152422151,1.0,1,0,0.96,1.0
481,linucb_frozen,hard,A,0.95,1.0,1638.2193544321601,1.0,1,0,0.96,1.0
482,linucb_frozen,hard,A,0.95,1.0,1600.8462912361022,1.0,1,0,0.96,1.0
483,linucb_frozen,simple,B,0.95,0.816448160288261,616.5345083727047,0.1,1,0,0.96,1.0
484,linucb_frozen,simple,B,0.95,1.0,573.5624817519927,0.1,1,0,0.96,1.0
485,linucb_frozen,simple,B,0.95,1.0,609.7141314772566,0.1,1,0,0.96,1.0
486,linucb_frozen,hard,A,0.95,0.8996953599999999,1539.8198906650066,1.0,1,0,0.96,1.0
487,linucb_frozen,simple,B,0.95,1.0,629.9086402268983,0.1,1,0,0.96,1.0
488,linucb_frozen,hard,A,0.95,0.9967240867839999,1462.2741969747365,1.0,1,0,0.96,1.0
489,linucb_frozen,hard,A,0.95,1.0,1803.8304476080527,1.0,1,0,0.96,1.0
490,linucb_frozen,hard,A,0.95,1.0,1996.5169844989427,1.0,1,0,0.96,1.0
491,linucb_frozen,hard,A,0.95,1.0,1667.9755065486768,1.0,1,0,0.96,1.0
492,linucb_frozen,hard,A,0.95,1.0,1837.146119794976,1.0,1,0,0.96,1.0
493,linucb_frozen,hard,A,0.95,1.0,1755.5075703672828,1.0,1,0,0.96,1.0
494,linucb_frozen,hard,A,0.95,1.0,2051.7734483869017,1.0,1,0,0.96,1.0
495,linucb_frozen,hard,A,0.95,1.0,2024.751405626988,1.0,1,0,0.96,1.0
496,linucb_frozen,hard,A,0.95,1.0,1933.7874738835455,1.0,1,0,0.96,1.0
497,linucb_frozen,hard,A,0.95,1.0,1921.5414383207062,1.0,1,0,0.96,1.0
498,linucb_frozen,hard,A,0.95,1.0,1968.9381438947612,1.0,1,0,0.96,1.0
499,linucb_frozen,hard,A,0.95,1.0,1941.5205291996642,1.0,1,0,0.96,1.0
500,linucb_frozen,hard,A,0.95,1.0,1957.717829075,1.0,1,0,0.96,1.0
501,linucb_frozen,hard,A,0.95,1.0,1997.677462965516,1.0,1,0,0.96,1.0
502,linucb_frozen,hard,A,0.95,1.0,1870.0197909569383,1.0,1,0,0.96,1.0
503,linucb_frozen,hard,A,0.95,1.0,1894.9789433709175,1.0,1,0,0.96,1.0
504,linucb_frozen,hard,A,0.95,1.0,1569.856227213601,1.0,1,0,0.96,1.0
505,linucb_frozen,hard,A,0.95,1.0,1775.992118598163,1.0,1,0,0.96,1.0
506,linucb_frozen,hard,A,0.95,1.0,1940.3487883384435,1.0,1,0,0.96,1.0
507,linucb_frozen,hard,A,0.95,1.0,1632.442183852775,1.0,0,0,0.94,0.0
508,linucb_frozen,hard,A,0.95,1.0,2086.0207640459303,1.0,1,0,0.94,1.0
509,linucb_frozen,hard,A,0.95,1.0,1634.0647789885097,1.0,1,0,0.94,1.0
510,linucb_frozen,hard,A,0.95,1.0,1841.507393429052,1.0,1,0,0.94,1.0
511,linucb_frozen,hard,A,0.95,1.0,1799.9621715692326,1.0,1,0,0.94,1.0
512,linucb_frozen,simple,B,0.95,0.3409323617590446,332.80850494096245,0.1,1,0,0.94,1.0
513,linucb_frozen,hard,A,0.95,1.0,1899.5685218287695,1.0,1,0,0.94,1.0
514,linucb_frozen,simple,B,0.95,0.5640180209462041,492.92148070361645,0.1,1,0,0.94,1.0
515,linucb_frozen,simple,B,0.95,0.7963358584326596,573.0761964293882,0.1,1,0,0.94,1.0
516,linucb_frozen,hard,A,0.95,0.9814719999999999,1813.1901286887946,1.0,1,0,0.94,1.0
517,linucb_frozen,hard,A,0.95,1.0,2038.9966163750562,1.0,1,0,0.94,1.0
518,linucb_frozen,hard,A,0.95,1.0,1607.7745436937291,1.0,1,0,0.96,1.0
519,linucb_frozen,hard,A,0.95,1.0,1593.661699415729,1.0,1,0,0.96,1.0
520,linucb_frozen,simple,B,0.95,0.7202518489872408,475.93593759806475,0.1,1,0,0.96,1.0
521,linucb_frozen,hard,A,0.95,1.0,1662.6565211170632,1.0,1,0,0.96,1.0
522,linucb_frozen,hard,A,0.95,1.0,1787.2755798892892,1.0,1,0,0.96,1.0
523,linucb_frozen,simple,B,0.95,0.790831468033033,494.8495719611916,0.1,1,0,0.98,1.0
524,linucb_frozen,hard,A,0.95,1.0,1702.9586036939716,1.0,1,0,0.98,1.0
525,linucb_frozen,simple,B,0.95,0.9124198888447808,680.8718668015042,0.1,0,0,0.96,0.0
526,linucb_frozen,simple,B,0.95,1.0,696.6933271070692,0.1,1,0,0.96,1.0
527,linucb_frozen,hard,A,0.95,0.9814719999999999,1707.24445299081,1.0,1,0,0.96,1.0
528,linucb_frozen,hard,A,0.95,1.0,1755.1777243608321,1.0,1,0,0.96,1.0
529,linucb_frozen,hard,A,0.95,1.0,1743.58637835214,1.0,0,0,0.94,0.0
530,linucb_frozen,hard,A,0.95,1.0,1817.9095752754808,1.0,1,0,0.94,1.0
531,linucb_frozen,hard,A,0.95,1.0,1760.1468997727209,1.0,1,0,0.94,1.0
532,linucb_frozen,hard,A,0.95,1.0,1827.5804709062895,1.0,1,0,0.94,1.0
533,linucb_frozen,hard,A,0.95,1.0,1764.5830600502745,1.0,1,0,0.94,1.0
534,linucb_frozen,hard,A,0.95,1.0,1982.7905603467593,1.0,1,0,0.94,1.0
535,linucb_frozen,simple,B,0.95,0.6164783818288659,381.7693822457504,0.1,1,0,0.94,1.0
536,linucb_frozen,hard,A,0.95,1.0,1815.7219789239725,1.0,1,0,0.94,1.0
537,linucb_frozen,hard,A,0.95,1.0,1619.4772356508543,1.0,1,0,0.94,1.0
538,linucb_frozen,simple,B,0.95,0.7201127558216809,541.7273748306892,0.1,1,0,0.94,1.0
539,linucb_frozen,hard,A,0.95,1.0,2059.880174910628,1.0,1,0,0.94,1.0
540,linucb_frozen,simple,B,0.95,0.8576553181083097,663.9752029498922,0.1,1,0,0.94,1.0
541,linucb_frozen,simple,B,0.95,1.0,653.4303240026406,0.1,1,0,0.94,1.0
542,linucb_frozen,hard,A,0.95,0.9814719999999999,1655.9162855872478,1.0,1,0,0.94,1.0
543,linucb_frozen,hard,A,0.95,1.0,1828.8726182506002,1.0,1,0,0.94,1.0
544,linucb_frozen,hard,A,0.95,1.0,2041.4427483128059,1.0,1,0,0.94,1.0
545,linucb_frozen,hard,A,0.95,1.0,1714.1653705937945,1.0,1,0,0.94,1.0
546,linucb_frozen,simple,B,0.95,0.8277319167999999,573.4697281436518,0.1,1,0,0.94,1.0
547,linucb_frozen,hard,A,0.95,1.0,1699.6080888635279,1.0,1,0,0.94,1.0
548,linucb_frozen,simple,B,0.95,0.9409955963699199,635.1481131748545,0.1,1,0,0.94,1.0
549,linucb_frozen,hard,A,0.95,1.0,1424.827687086721,1.0,1,0,0.94,1.0
550,linucb_frozen,hard,A,0.95,1.0,1907.8004919559069,1.0,1,0,0.94,1.0
551,linucb_frozen,hard,A,0.95,1.0,1637.551242249735,1.0,1,0,0.94,1.0
552,linucb_frozen,hard,A,0.95,1.0,1857.7405257144158,1.0,1,0,0.94,1.0
553,linucb_frozen,simple,B,0.95,0.7965934097726569,540.2360739195176,0.1,1,0,0.94,1.0
554,linucb_frozen,simple,B,0.95,1.0,564.438882988549,0.1,1,0,0.94,1.0
555,linucb_frozen,hard,A,0.95,0.9814719999999999,1592.601404808241,1.0,1,0,0.94,1.0
556,linucb_frozen,hard,A,0.95,1.0,1500.8168381175756,1.0,1,0,0.94,1.0
557,linucb_frozen,simple,B,0.95,0.9814719999999999,676.7488600671298,0.1,0,0,0.94,0.0
558,linucb_frozen,simple,B,0.95,1.0,666.2084672762609,0.1,1,0,0.94,1.0
559,linucb_frozen,hard,A,0.95,0.9814719999999999,1558.4813471929879,1.0,1,0,0.94,1.0
560,linucb_frozen,hard,A,0.95,1.0,1977.290259717162,1.0,1,0,0.94,1.0
561,linucb_frozen,hard,A,0.95,1.0,1769.2795593856074,1.0,1,0,0.94,1.0
562,linucb_frozen,hard,A,0.95,1.0,1717.9338600909941,1.0,1,0,0.94,1.0
563,linucb_frozen,hard,A,0.95,1.0,2223.062895354242,1.0,1,0,0.94,1.0
564,linucb_frozen,simple,B,0.95,0.764404086784,478.6716455599921,0.1,0,0,0.92,0.0
565,linucb_frozen,simple,B,0.95,0.9726755963699198,659.533506101556,0.1,1,0,0.92,1.0
566,linucb_frozen,hard,A,0.95,0.9814719999999999,1820.0549546838774,1.0,1,0,0.92,1.0
567,linucb_frozen,simple,B,0.95,1.0,659.6973098070065,0.1,1,0,0.92,1.0
568,linucb_frozen,hard,A,0.95,1.0,1555.3267564282432,1.0,1,0,0.92,1.0
569,linucb_frozen,simple,B,0.95,1.0,685.8985873062506,0.1,0,0,0.9,0.0
570,linucb_frozen,simple,B,0.95,1.0,631.68778388304,0.1,1,0,0.9,1.0
571,linucb_frozen,hard,A,0.95,0.9814719999999999,1870.665974652456,1.0,1,0,0.9,1.0
572,linucb_frozen,simple,B,0.95,1.0,626.0636068814863,0.1,1,0,0.9,1.0
573,linucb_frozen,simple,B,0.95,1.0,665.3608272951135,0.1,1,0,0.9,1.0
574,linucb_frozen,hard,A,0.95,0.9688456867839998,1836.732719737934,1.0,1,0,0.9,1.0
575,linucb_frozen,simple,B,0.95,1.0,671.0741181656814,0.1,1,0,0.92,1.0
576,linucb_frozen,hard,A,0.95,1.0,1837.4218927652903,1.0,1,0,0.92,1.0
577,linucb_frozen,hard,A,0.95,1.0,1843.1671726193235,1.0,0,0,0.9,0.0
578,linucb_frozen,hard,A,0.95,1.0,1815.1797393826519,1.0,1,0,0.9,1.0
579,linucb_frozen,simple,A,0.8,1.0,1578.8020925263863,1.0,1,0,0.92,1.0
580,linucb_frozen,hard,A,0.95,1.0,1706.2451185310376,1.0,1,0,0.92,1.0
581,linucb_frozen,simple,A,0.8,1.0,1824.0552619940165,1.0,1,0,0.92,1.0
582,linucb_frozen,simple,B,0.95,0.70867559636992,511.3199810243819,0.1,1,0,0.92,1.0
583,linucb_frozen,hard,A,0.95,1.0,1897.6545431524046,1.0,1,0,0.92,1.0
584,linucb_frozen,simple,B,0.95,0.848798381828866,531.0082504603379,0.1,1,0,0.92,1.0
585,linucb_frozen,hard,A,0.95,1.0,1474.9615235369338,1.0,1,0,0.92,1.0
586,linucb_frozen,hard,A,0.95,1.0,1774.7402511121948,1.0,1,0,0.92,1.0
587,linucb_frozen,hard,A,0.95,1.0,1497.6712899765694,1.0,1,0,0.92,1.0
588,linucb_frozen,hard,A,0.95,1.0,1875.6669550939102,1.0,1,0,0.92,1.0
589,linucb_frozen,hard,A,0.95,1.0,1880.8232632698591,1.0,1,0,0.92,1.0
590,linucb_frozen,simple,B,0.95,0.6941854373769716,533.9003668857445,0.1,1,0,0.92,1.0
591,linucb_frozen,hard,A,0.95,1.0,1768.1311495626799,1.0,1,0,0.92,1.0
592,linucb_frozen,hard,A,0.95,1.0,1938.133972197426,1.0,1,0,0.92,1.0
593,linucb_frozen,simple,B,0.95,0.7730679383801595,619.4816578830403,0.1,1,0,0.92,1.0
594,linucb_frozen,hard,A,0.95,1.0,1674.6370775218577,1.0,1,0,0.92,1.0
595,linucb_frozen,simple,B,0.95,0.8986638114815955,674.8804166517153,0.1,0,0,0.9,0.0
596,linucb_frozen,simple,B,0.95,1.0,693.0196752221173,0.1,1,0,0.9,1.0
597,linucb_frozen,hard,A,0.95,0.9814719999999999,1907.8124979319573,1.0,1,0,0.9,1.0
598,linucb_frozen,hard,A,0.95,1.0,1717.1167714082974,1.0,1,0,0.9,1.0
599,linucb_frozen,simple,A,0.8,1.0,1867.1120530437975,1.0,1,0,0.9,1.0
600,linucb_frozen,hard,A,0.95,1.0,1962.2486039077935,1.0,1,0,0.9,1.0
601,linucb_frozen,simple,A,0.8,1.0,1751.0553368144058,1.0,1,0,0.9,1.0
602,linucb_frozen,hard,A,0.95,1.0,1701.2827904263236,1.0,1,0,0.9,1.0
603,linucb_frozen,simple,A,0.8,1.0,1949.9930815292694,1.0,1,0,0.9,1.0
604,linucb_frozen,hard,A,0.95,1.0,1867.0638684222965,1.0,1,0,0.9,1.0
605,linucb_frozen,hard,A,0.95,1.0,1687.8437643943362,1.0,1,0,0.9,1.0
606,linucb_frozen,hard,A,0.95,1.0,1964.301513648582,1.0,1,0,0.9,1.0
607,linucb_frozen,simple,B,0.95,0.5450808588882738,427.24145354195315,0.1,1,0,0.92,1.0
608,linucb_frozen,hard,A,0.95,1.0,1625.9855821199405,1.0,1,0,0.92,1.0
609,linucb_frozen,hard,A,0.95,1.0,1802.954125216423,1.0,1,0,0.92,1.0
610,linucb_frozen,hard,A,0.95,1.0,1821.8584171859661,1.0,1,0,0.92,1.0
611,linucb_frozen,hard,A,0.95,1.0,1802.8307996285994,1.0,1,0,0.92,1.0
612,linucb_frozen,hard,A,0.95,1.0,1922.1564356894492,1.0,1,0,0.92,1.0
613,linucb_frozen,hard,A,0.95,1.0,1946.2314389214914,1.0,1,0,0.92,1.0
614,linucb_frozen,hard,A,0.95,1.0,1677.8173778384055,1.0,1,0,0.94,1.0
615,linucb_frozen,hard,A,0.95,1.0,1803.703287016246,1.0,1,0,0.94,1.0
616,linucb_frozen,simple,B,0.95,0.47250630818684936,409.0545627346479,0.1,1,0,0.94,1.0
617,linucb_frozen,hard,A,0.95,1.0,1648.2798021418405,1.0,1,0,0.94,1.0
618,linucb_frozen,simple,B,0.95,0.6659088850598961,524.7072580209181,0.1,1,0,0.94,1.0
619,linucb_frozen,hard,A,0.95,1.0,1890.1107517355467,1.0,1,0,0.96,1.0
620,linucb_frozen,hard,A,0.95,1.0,1846.658492272624,1.0,1,0,0.96,1.0
621,linucb_frozen,hard,A,0.95,1.0,1813.5297730681912,1.0,1,0,0.96,1.0
622,linucb_frozen,hard,A,0.95,1.0,1906.6470794321851,1.0,1,0,0.96,1.0
623,linucb_frozen,hard,A,0.95,1.0,1816.7266075744508,1.0,1,0,0.96,1.0
624,linucb_frozen,hard,A,0.95,1.0,1973.078175988804,1.0,1,0,0.96,1.0
625,linucb_frozen,simple,B,0.95,0.5721407107298815,471.2687110553879,0.1,1,0,0.96,1.0
626,linucb_frozen,hard,A,0.95,1.0,1746.5613062656332,1.0,1,0,0.96,1.0
627,linucb_frozen,hard,A,0.95,1.0,1809.5731552937705,1.0,1,0,0.98,1.0
628,linucb_frozen,hard,A,0.95,1.0,1795.9353035257784,1.0,1,0,0.98,1.0
629,linucb_frozen,simple,B,0.95,0.6431101294918122,460.4932712729481,0.1,1,0,0.98,1.0
630,linucb_frozen,simple,B,0.95,0.8659369139527948,556.9937843233619,0.1,1,0,0.98,1.0
631,linucb_frozen,hard,A,0.95,0.9814719999999999,1501.692078069289,1.0,1,0,0.98,1.0
632,linucb_frozen,hard,A,0.95,1.0,1613.086064049325,1.0,0,0,0.96,0.0
633,linucb_frozen,hard,E,0.9,0.30000000000060023,725.1083790383436,0.6,0,0,0.94,0.0
634,linucb_frozen,hard,A,0.95,1.0,2089.503099829088,1.0,1,0,0.94,1.0
635,linucb_frozen,hard,A,0.95,1.0,1963.664553334174,1.0,1,0,0.94,1.0
636,linucb_frozen,hard,A,0.95,1.0,1819.7575398120327,1.0,1,0,0.94,1.0
637,linucb_frozen,hard,A,0.95,1.0,1642.0185034381175,1.0,1,0,0.94,1.0
638,linucb_frozen,hard,A,0.95,1.0,2106.6755507929443,1.0,1,0,0.94,1.0
639,linucb_frozen,hard,A,0.95,1.0,2139.435835627495,1.0,1,0,0.94,1.0
640,linucb_frozen,simple,B,0.95,0.5411642756984231,519.469825562235,0.1,0,0,0.92,0.0
641,linucb_frozen,hard,A,0.95,1.0,1772.0417262380813,1.0,1,0,0.92,1.0
642,linucb_frozen,hard,A,0.95,1.0,1719.627262294113,1.0,1,0,0.92,1.0
643,linucb_frozen,hard,A,0.95,1.0,2219.881904116675,1.0,1,0,0.92,1.0
644,linucb_frozen,simple,B,0.95,0.6245337051341051,533.9224387255169,0.1,1,0,0.92,1.0
645,linucb_frozen,hard,A,0.95,1.0,1969.2970938063913,1.0,1,0,0.94,1.0
646,linucb_frozen,simple,A,0.8,1.0,1769.9149469570575,1.0,1,0,0.94,1.0
647,linucb_frozen,hard,A,0.95,1.0,1955.9973408337437,1.0,1,0,0.94,1.0
648,linucb_frozen,hard,A,0.95,1.0,1964.1627017859057,1.0,1,0,0.94,1.0
649,linucb_frozen,hard,A,0.95,1.0,1950.1871160102137,1.0,1,0,0.94,1.0
650,linucb_frozen,hard,A,0.95,1.0,2023.9620116529331,1.0,1,0,0.94,1.0
651,linucb_frozen,hard,A,0.95,1.0,1825.7591354124183,1.0,0,0,0.92,0.0
652,linucb_frozen,simple,B,0.95,0.5246038822709407,410.2897231376291,0.1,1,0,0.92,1.0
653,linucb_frozen,hard,A,0.95,1.0,1801.8874002260675,1.0,1,0,0.92,1.0
654,linucb_frozen,simple,B,0.95,0.7062532464306165,552.8507156920465,0.1,1,0,0.92,1.0
655,linucb_frozen,hard,A,0.95,1.0,1924.04981901771,1.0,1,0,0.92,1.0
656,linucb_frozen,hard,A,0.95,1.0,1829.4439977107756,1.0,1,0,0.92,1.0
657,linucb_frozen,hard,A,0.95,1.0,1863.0314610221826,1.0,1,0,0.92,1.0
658,linucb_frozen,hard,A,0.95,1.0,1916.8068439498122,1.0,1,0,0.92,1.0
659,linucb_frozen,hard,A,0.95,1.0,1689.1520276196434,1.0,1,0,0.92,1.0
660,linucb_frozen,hard,A,0.95,1.0,1818.6292061657161,1.0,1,0,0.92,1.0
661,linucb_frozen,hard,A,0.95,1.0,1919.4348966995544,1.0,1,0,0.92,1.0
662,linucb_frozen,simple,B,0.95,0.5539930506724373,503.46129195728867,0.1,1,0,0.92,1.0
663,linucb_frozen,hard,A,0.95,1.0,1579.0346060475276,1.0,1,0,0.92,1.0
664,linucb_frozen,simple,B,0.95,0.7290122184407355,506.89929655988095,0.1,1,0,0.92,1.0
665,linucb_frozen,hard,A,0.95,1.0,1668.8132542166966,1.0,1,0,0.92,1.0
666,linucb_frozen,simple,B,0.95,0.8645470619605056,620.3982322597487,0.1,1,0,0.92,1.0
667,linucb_frozen,hard,A,0.95,1.0,1582.4701775051453,1.0,1,0,0.92,1.0
668,linucb_frozen,hard,A,0.95,1.0,2000.0678882322272,1.0,1,0,0.92,1.0
669,linucb_frozen,hard,A,0.95,1.0,1732.0421664341554,1.0,1,0,0.92,1.0
670,linucb_frozen,hard,A,0.95,1.0,1872.6722522300029,1.0,1,0,0.92,1.0
671,linucb_frozen,simple,B,0.95,0.756249078172226,455.25575891985136,0.1,1,0,0.92,1.0
672,linucb_frozen,simple,B,0.95,0.9654991887915589,689.696829375122,0.1,1,0,0.92,1.0
673,linucb_frozen,hard,A,0.95,0.9814719999999999,1665.2880652620604,1.0,1,0,0.92,1.0
674,linucb_frozen,hard,A,0.95,1.0,2151.3230727271457,1.0,1,0,0.92,1.0
675,linucb_frozen,hard,A,0.95,1.0,1734.5635899603994,1.0,1,0,0.92,1.0
676,linucb_frozen,simple,B,0.95,0.8790053836020619,591.4887175780584,0.1,0,0,0.9,0.0
677,linucb_frozen,simple,B,0.95,1.0,760.7559064637023,0.1,1,0,0.9,1.0
678,linucb_frozen,hard,A,0.95,0.9814719999999999,1949.8882642565745,1.0,1,0,0.9,1.0
679,linucb_frozen,hard,A,0.95,1.0,1681.4601297473048,1.0,1,0,0.9,1.0
680,linucb_frozen,hard,A,0.95,1.0,1839.7410535396616,1.0,1,0,0.9,1.0
681,linucb_frozen,hard,A,0.95,1.0,1976.003131278573,1.0,1,0,0.9,1.0
682,linucb_frozen,hard,A,0.95,1.0,1706.2140141999744,1.0,1,0,0.92,1.0
683,linucb_frozen,hard,A,0.95,1.0,1603.0929770073926,1.0,1,0,0.94,1.0
684,linucb_frozen,hard,A,0.95,1.0,1936.4266377610866,1.0,1,0,0.94,1.0
685,linucb_frozen,hard,A,0.95,1.0,1999.0318102748624,1.0,1,0,0.94,1.0
686,linucb_frozen,hard,A,0.95,1.0,1818.7272944788856,1.0,1,0,0.94,1.0
687,linucb_frozen,hard,A,0.95,1.0,1788.5249693299645,1.0,1,0,0.94,1.0
688,linucb_frozen,hard,A,0.95,1.0,1731.5419938445582,1.0,1,0,0.94,1.0
689,linucb_frozen,simple,B,0.95,0.515671155821681,400.58792342275916,0.1,1,0,0.94,1.0
690,linucb_frozen,simple,A,0.8,1.0,1550.36888699819,1.0,1,0,0.96,1.0
691,linucb_frozen,hard,A,0.95,1.0,1859.233237519716,1.0,1,0,0.96,1.0
692,linucb_frozen,hard,A,0.95,1.0,2084.1727090162226,1.0,1,0,0.96,1.0
693,linucb_frozen,simple,B,0.95,0.6092455994320991,406.905540728564,0.1,1,0,0.96,1.0
694,linucb_frozen,simple,A,0.8,1.0,1337.5795856485577,1.0,1,0,0.96,1.0
695,linucb_frozen,hard,A,0.95,1.0,1870.1935699994456,1.0,1,0,0.96,1.0
696,linucb_frozen,hard,A,0.95,1.0,1690.3968287303735,1.0,1,0,0.96,1.0
697,linucb_frozen,simple,B,0.95,0.6653617590798484,497.98787955801924,0.1,1,0,0.96,1.0
698,linucb_frozen,hard,A,0.95,1.0,1775.9618059952363,1.0,1,0,0.96,1.0
699,linucb_frozen,hard,A,0.95,1.0,1759.0521114794901,1.0,1,0,0.96,1.0
700,linucb_frozen,hard,A,0.95,1.0,1763.2747662029126,1.0,1,0,0.96,1.0
701,linucb_frozen,simple,B,0.95,0.699014359641623,530.7473467153211,0.1,1,0,0.98,1.0
702,linucb_frozen,simple,B,0.95,0.9151326364846282,557.2288453217932,0.1,1,0,0.98,1.0
703,linucb_frozen,hard,A,0.95,0.9814719999999999,1738.843673573286,1.0,1,0,0.98,1.0
704,linucb_frozen,hard,A,0.95,1.0,1627.276555111554,1.0,1,0,0.98,1.0
705,linucb_frozen,hard,A,0.95,1.0,1891.5801308834402,1.0,1,0,0.98,1.0
706,linucb_frozen,simple,B,0.95,0.8488007958843982,542.5249772569546,0.1,1,0,0.98,1.0
707,linucb_frozen,hard,A,0.95,1.0,1537.7279881754896,1.0,1,0,0.98,1.0
708,linucb_frozen,hard,A,0.95,1.0,1670.272462681763,1.0,0,0,0.96,0.0
709,linucb_frozen,hard,E,0.9,0.30001810524216815,766.7747844434612,0.6,0,0,0.94,0.0
710,linucb_frozen,hard,A,0.95,1.0,1756.770347753879,1.0,1,0,0.94,1.0
711,linucb_frozen,hard,A,0.95,1.0,1811.611014329206,1.0,1,0,0.94,1.0
712,linucb_frozen,simple,B,0.95,0.6941865584742264,493.60166658900334,0.1,1,0,0.94,1.0
713,linucb_frozen,hard,A,0.95,1.0,1824.2665893271799,1.0,1,0,0.94,1.0
714,linucb_frozen,hard,A,0.95,1.0,1730.2140098241107,1.0,1,0,0.94,1.0
715,linucb_frozen,hard,A,0.95,1.0,1831.5182818683745,1.0,1,0,0.94,1.0
716,linucb_frozen,hard,A,0.95,1.0,1861.5346976722196,1.0,1,0,0.94,1.0
717,linucb_frozen,hard,A,0.95,1.0,1683.1360750248784,1.0,1,0,0.94,1.0
718,linucb_frozen,hard,A,0.95,1.0,1962.172041427432,1.0,1,0,0.94,1.0
719,linucb_frozen,hard,A,0.95,1.0,1920.155228439285,1.0,1,0,0.94,1.0
720,linucb_frozen,hard,A,0.95,1.0,2093.9537349532566,1.0,1,0,0.94,1.0
721,linucb_frozen,simple,B,0.95,0.5196950387132727,433.9887175559624,0.1,1,0,0.94,1.0
722,linucb_frozen,simple,B,0.95,0.75733163406768,554.0403647830947,0.1,1,0,0.94,1.0
723,linucb_frozen,hard,A,0.95,0.9814719999999999,1374.985147810592,1.0,1,0,0.94,1.0
724,linucb_frozen,simple,B,0.95,0.8864776174220115,634.8220508175119,0.1,1,0,0.94,1.0
725,linucb_frozen,simple,B,0.95,1.0,704.2266969762501,0.1,0,0,0.92,0.0
726,linucb_frozen,hard,A,0.95,0.9688456867839998,1801.8962165670616,1.0,1,0,0.94,1.0
727,linucb_frozen,hard,A,0.95,1.0,1924.749283084726,1.0,1,0,0.94,1.0
728,linucb_frozen,hard,A,0.95,1.0,1815.306002866297,1.0,1,0,0.94,1.0
729,linucb_frozen,simple,A,0.8,1.0,1723.6098388060595,1.0,1,0,0.94,1.0
730,linucb_frozen,hard,A,0.95,1.0,1915.395070979948,1.0,0,0,0.92,0.0
731,linucb_frozen,hard,A,0.95,1.0,1943.2894973506757,1.0,1,0,0.92,1.0
732,linucb_frozen,simple,B,0.95,0.70867559636992,441.6819518458137,0.1,1,0,0.92,1.0
733,linucb_frozen,hard,A,0.95,1.0,1813.329226894711,1.0,1,0,0.92,1.0
734,linucb_frozen,hard,A,0.95,1.0,2092.8590781111,1.0,1,0,0.92,1.0
735,linucb_frozen,hard,A,0.95,1.0,1906.2361599453543,1.0,1,0,0.92,1.0
736,linucb_frozen,hard,A,0.95,1.0,1647.760429056069,1.0,1,0,0.92,1.0
737,linucb_frozen,hard,A,0.95,1.0,1967.0632264219496,1.0,1,0,0.92,1.0
738,linucb_frozen,hard,A,0.95,1.0,1770.444920739379,1.0,1,0,0.92,1.0
739,linucb_frozen,hard,A,0.95,1.0,2014.5432182838126,1.0,1,0,0.92,1.0
740,linucb_frozen,hard,A,0.95,1.0,1671.7162267189974,1.0,1,0,0.92,1.0
741,linucb_frozen,simple,B,0.95,0.5242805059807589,491.8930807763383,0.1,1,0,0.92,1.0
742,linucb_frozen,hard,A,0.95,1.0,1835.8268600582267,1.0,0,0,0.9,0.0
743,linucb_frozen,hard,E,0.9,0.3038864968232468,689.8099168827953,0.6,0,0,0.88,0.0
744,linucb_frozen,hard,A,0.95,1.0,1831.9330079374458,1.0,1,0,0.88,1.0
745,linucb_frozen,simple,B,0.95,0.6144085867751135,499.06601235607224,0.1,0,0,0.86,0.0
746,linucb_frozen,simple,B,0.95,0.8406795563620999,606.86246938286,0.1,1,0,0.86,1.0
747,linucb_frozen,hard,A,0.95,0.9814719999999999,1625.2154154426207,1.0,1,0,0.86,1.0
748,linucb_frozen,hard,A,0.95,1.0,1800.3016705905716,1.0,1,0,0.86,1.0
749,linucb_frozen,hard,A,0.95,1.0,1857.5497200659345,1.0,1,0,0.86,1.0
750,linucb_frozen,hard,A,0.95,1.0,3979.4643893496905,1.0,0,1,0.84,0.0
751,linucb_frozen,simple,B,0.95,0.7436534336935445,497.02251397018796,0.1,1,0,0.84,0.0
752,linucb_frozen,hard,A,0.95,1.0,3258.5777602391117,1.0,0,0,0.82,0.0
753,linucb_frozen,hard,A,0.95,1.0,3903.3490814686747,1.0,0,0,0.8,0.0
754,linucb_frozen,simple,B,0.95,0.8067789927660072,513.3302016119316,0.1,0,0,0.78,0.0
755,linucb_frozen,hard,A,0.95,1.0,3305.900151289655,1.0,0,0,0.76,0.0
756,linucb_frozen,hard,A,0.95,1.0,3556.100890575321,1.0,0,0,0.74,0.0
757,linucb_frozen,hard,A,0.95,1.0,3476.223780653493,1.0,0,0,0.72,0.0
758,linucb_frozen,hard,A,0.95,1.0,3308.724301482396,1.0,0,0,0.72,0.0
759,linucb_frozen,hard,A,0.95,1.0,3715.936696726996,1.0,0,0,0.72,0.0
760,linucb_frozen,simple,B,0.95,0.6746714613720128,520.1223690534805,0.1,1,0,0.72,0.0
761,linucb_frozen,hard,A,0.95,1.0,3212.7960883336086,1.0,0,0,0.7,0.0
762,linucb_frozen,simple,B,0.95,0.8224655796864868,625.1080801715957,0.1,0,0,0.68,0.0
763,linucb_frozen,hard,A,0.95,1.0,3828.1413036751937,1.0,0,0,0.66,0.0
764,linucb_frozen,hard,A,0.95,1.0,3696.559096635386,1.0,0,0,0.64,0.0
765,linucb_frozen,simple,D,0.85,0.3,422.44497360195015,0.22,1,0,0.64,0.0
766,linucb_frozen,hard,A,0.95,1.0,3694.5897210392927,1.0,0,0,0.62,0.0
767,linucb_frozen,hard,A,0.95,1.0,3951.8920436716658,1.0,0,0,0.6,0.0
768,linucb_frozen,hard,A,0.95,1.0,3681.8732993815925,1.0,0,0,0.58,0.0
769,linucb_frozen,simple,B,0.95,0.636121611272107,496.95838991080143,0.1,0,0,0.56,0.0
770,linucb_frozen,hard,A,0.95,1.0,3504.122331562115,1.0,0,0,0.54,0.0
771,linucb_frozen,hard,A,0.95,1.0,3323.837506564096,1.0,0,0,0.52,0.0
772,linucb_frozen,hard,A,0.95,1.0,3595.973203235734,1.0,0,0,0.5,0.0
773,linucb_frozen,hard,A,0.95,1.0,4032.4907403583543,1.0,0,0,0.48,0.0
774,linucb_frozen,hard,A,0.95,1.0,3653.78759608718,1.0,0,0,0.46,0.0
775,linucb_frozen,hard,A,0.95,1.0,3757.0882430732668,1.0,0,0,0.46,0.0
776,linucb_frozen,simple,B,0.95,0.5599673788504227,450.41858973613597,0.1,1,0,0.46,0.0
777,linucb_frozen,simple,D,0.85,0.3647013467465043,417.8764128474588,0.22,1,0,0.46,0.0
778,linucb_frozen,hard,A,0.95,0.9814719999999999,2644.2281060059336,1.0,0,0,0.44,0.0
779,linucb_frozen,hard,A,0.95,1.0,3748.476917219266,1.0,0,0,0.42,0.0
780,linucb_frozen,simple,A,0.8,1.0,3715.523113179946,1.0,0,0,0.42,0.0
781,linucb_frozen,hard,A,0.95,1.0,3537.582117035892,1.0,0,0,0.4,0.0
782,linucb_frozen,simple,B,0.95,0.5600511392038607,477.2191346867087,0.1,1,0,0.4,0.0
783,linucb_frozen,hard,A,0.95,1.0,3781.5367613769695,1.0,0,0,0.38,0.0
784,linucb_frozen,hard,A,0.95,1.0,3751.3665559347232,1.0,0,0,0.36,0.0
785,linucb_frozen,simple,A,0.8,1.0,3743.431872991755,1.0,0,0,0.34,0.0
786,linucb_frozen,simple,A,0.8,1.0,3847.1195397831116,1.0,0,0,0.32,0.0
787,linucb_frozen,hard,A,0.95,1.0,3632.3827290329955,1.0,0,0,0.3,0.0
788,linucb_frozen,hard,A,0.95,1.0,3602.315404231829,1.0,0,0,0.28,0.0
789,linucb_frozen,hard,A,0.95,1.0,3922.254176402843,1.0,0,0,0.26,0.0
790,linucb_frozen,simple,B,0.95,0.501413725314376,454.35174458042405,0.1,1,0,0.26,0.0
791,linucb_frozen,hard,A,0.95,1.0,3329.4763745394894,1.0,0,0,0.24,0.0
792,linucb_frozen,simple,A,0.8,1.0,3664.613451266633,1.0,0,0,0.24,0.0
793,linucb_frozen,simple,A,0.8,1.0,3502.6006616275,1.0,0,0,0.24,0.0
794,linucb_frozen,hard,A,0.95,1.0,4169.017187161534,1.0,0,0,0.22,0.0
795,linucb_frozen,simple,B,0.95,0.5646120263699843,384.8336832936803,0.1,1,0,0.24,0.0
796,linucb_frozen,hard,A,0.95,1.0,3246.8498285950554,1.0,0,0,0.22,0.0
797,linucb_frozen,simple,A,0.8,1.0,3757.339072939633,1.0,0,0,0.2,0.0
798,linucb_frozen,hard,A,0.95,1.0,4140.238819544428,1.0,0,0,0.18,0.0
799,linucb_frozen,simple,B,0.95,0.6385952124142772,588.8279997969321,0.1,0,0,0.16,0.0
800,linucb_frozen,hard,A,0.95,1.0,3044.369614017699,1.0,0,0,0.16,0.0
801,linucb_frozen,hard,A,0.95,1.0,3831.3617511932707,1.0,0,0,0.14,0.0
802,linucb_frozen,hard,A,0.95,1.0,3890.69062936925,1.0,0,0,0.14,0.0
803,linucb_frozen,simple,D,0.85,0.31313671696395406,466.37323952835,0.22,1,0,0.16,0.0
804,linucb_frozen,hard,A,0.95,1.0,3584.7809486210167,1.0,0,0,0.16,0.0
805,linucb_frozen,hard,A,0.95,1.0,3838.8706298971,1.0,0,0,0.16,0.0
806,linucb_frozen,hard,A,0.95,1.0,3494.4250692011383,1.0,0,0,0.16,0.0
807,linucb_frozen,hard,A,0.95,1.0,3908.581041715069,1.0,0,0,0.16,0.0
808,linucb_frozen,hard,A,0.95,1.0,3705.6468828493234,1.0,0,0,0.16,0.0
809,linucb_frozen,hard,A,0.95,1.0,3940.9441050367914,1.0,0,0,0.16,0.0
810,linucb_frozen,hard,A,0.95,1.0,3589.1812793719323,1.0,0,0,0.14,0.0
811,linucb_frozen,hard,A,0.95,1.0,3484.9239019417146,1.0,0,0,0.14,0.0
812,linucb_frozen,hard,A,0.95,1.0,3201.4934142507145,1.0,0,0,0.14,0.0
813,linucb_frozen,hard,A,0.95,1.0,3298.638255957884,1.0,0,0,0.14,0.0
814,linucb_frozen,hard,A,0.95,1.0,4195.272671635247,1.0,0,0,0.14,0.0
815,linucb_frozen,hard,A,0.95,1.0,3884.4684121276036,1.0,0,0,0.12,0.0
816,linucb_frozen,simple,B,0.95,0.37268270549461224,350.6541198378219,0.1,1,0,0.14,0.0
817,linucb_frozen,hard,A,0.95,1.0,3165.4947315429454,1.0,0,0,0.14,0.0
818,linucb_frozen,simple,A,0.8,1.0,3901.854523452032,1.0,0,0,0.14,0.0
819,linucb_frozen,simple,A,0.8,1.0,3677.6795125977974,1.0,0,0,0.14,0.0
820,linucb_frozen,simple,B,0.95,0.5234960892373655,444.9211592565351,0.1,1,0,0.16,0.0
821,linucb_frozen,hard,A,0.95,1.0,3535.6632083934132,1.0,0,0,0.16,0.0
822,linucb_frozen,hard,A,0.95,1.0,3416.3916040586637,1.0,0,0,0.16,0.0
823,linucb_frozen,simple,A,0.8,1.0,3562.8705125670285,1.0,0,0,0.16,0.0
824,linucb_frozen,simple,A,0.8,1.0,4215.609604159,1.0,0,0,0.16,0.0
825,linucb_frozen,hard,A,0.95,1.0,3368.534056722171,1.0,0,0,0.16,0.0
826,linucb_frozen,hard,A,0.95,1.0,3716.435926016368,1.0,0,0,0.14,0.0
827,linucb_frozen,hard,A,0.95,1.0,3372.251629815505,1.0,0,0,0.12,0.0
828,linucb_frozen,hard,A,0.95,1.0,3858.239827583455,1.0,0,0,0.12,0.0
829,linucb_frozen,simple,B,0.95,0.4656751952155811,382.4469057949907,0.1,0,0,0.12,0.0
830,linucb_frozen,simple,D,0.85,0.309925814213349,464.4010676768674,0.22,1,0,0.14,0.0
831,linucb_frozen,hard,A,0.95,0.9814719999999999,3380.806856705766,1.0,0,0,0.14,0.0
832,linucb_frozen,hard,A,0.95,1.0,3688.6646781847226,1.0,0,0,0.12,0.0
833,linucb_frozen,hard,A,0.95,1.0,3484.797806568995,1.0,0,0,0.12,0.0
834,linucb_frozen,simple,A,0.8,1.0,4049.566375436314,1.0,0,0,0.12,0.0
835,linucb_frozen,hard,A,0.95,1.0,3587.6878486555847,1.0,0,0,0.12,0.0
836,linucb_frozen,hard,A,0.95,1.0,2876.865274397455,1.0,0,0,0.12,0.0
837,linucb_frozen,hard,A,0.95,1.0,3538.3355322819993,1.0,0,0,0.12,0.0
838,linucb_frozen,hard,A,0.95,1.0,3836.68653818484,1.0,0,0,0.12,0.0
839,linucb_frozen,simple,B,0.95,0.4296909963709082,366.25243189618067,0.1,1,0,0.14,0.0
840,linucb_frozen,hard,A,0.95,1.0,3398.2361847795005,1.0,0,0,0.12,0.0
841,linucb_frozen,hard,A,0.95,1.0,3746.7553371816034,1.0,0,0,0.12,0.0
842,linucb_frozen,hard,A,0.95,1.0,3710.8816063546237,1.0,0,0,0.12,0.0
843,linucb_frozen,simple,A,0.8,1.0,4016.919084472941,1.0,0,0,0.12,0.0
844,linucb_frozen,simple,A,0.8,1.0,3438.0482058561065,1.0,0,0,0.12,0.0
845,linucb_frozen,simple,B,0.95,0.49955025476893866,430.7600760193916,0.1,1,0,0.12,0.0
846,linucb_frozen,hard,A,0.95,1.0,3555.3460564664038,1.0,0,0,0.12,0.0
847,linucb_frozen,hard,A,0.95,1.0,3912.8882525036142,1.0,0,0,0.12,0.0
848,linucb_frozen,simple,D,0.85,0.33104172516913466,465.83934052499404,0.22,1,0,0.14,0.0
849,linucb_frozen,simple,A,0.8,1.0,3586.0038331392216,1.0,0,0,0.14,0.0
850,linucb_frozen,simple,A,0.8,1.0,3388.932941620037,1.0,0,0,0.14,0.0
851,linucb_frozen,hard,A,0.95,1.0,3552.898663946378,1.0,0,0,0.14,0.0
852,linucb_frozen,hard,A,0.95,1.0,3706.693041567721,1.0,0,0,0.14,0.0
853,linucb_frozen,hard,A,0.95,1.0,3553.005967240103,1.0,0,0,0.12,0.0
854,linucb_frozen,simple,B,0.95,0.4580968562714715,425.8500877206525,0.1,1,0,0.14,0.0
855,linucb_frozen,simple,A,0.8,1.0,3204.12545309094,1.0,0,0,0.14,0.0
856,linucb_frozen,simple,A,0.8,1.0,3612.5467360711245,1.0,0,0,0.14,0.0
857,linucb_frozen,hard,A,0.95,1.0,3297.485207690889,1.0,0,0,0.14,0.0
858,linucb_frozen,hard,A,0.95,1.0,3576.168600702382,1.0,0,0,0.14,0.0
859,linucb_frozen,hard,A,0.95,1.0,3474.3771188186593,1.0,0,0,0.14,0.0
860,linucb_frozen,simple,B,0.95,0.512742052195374,460.16198611026346,0.1,1,0,0.16,0.0
861,linucb_frozen,hard,A,0.95,1.0,3418.6736525971564,1.0,0,0,0.16,0.0
862,linucb_frozen,hard,A,0.95,1.0,3291.1387303470324,1.0,0,0,0.16,0.0
863,linucb_frozen,simple,D,0.85,0.3486544781498496,475.20817361109533,0.22,1,0,0.18,0.0
864,linucb_frozen,hard,A,0.95,1.0,3134.419634645938,1.0,0,0,0.18,0.0
865,linucb_frozen,simple,B,0.95,0.5705903460290305,482.59781633833114,0.1,1,0,0.2,0.0
866,linucb_frozen,hard,A,0.95,1.0,3539.5930458104685,1.0,0,0,0.18,0.0
867,linucb_frozen,hard,A,0.95,1.0,4026.954944169811,1.0,0,0,0.18,0.0
868,linucb_frozen,hard,A,0.95,1.0,3754.5771119626834,1.0,0,0,0.18,0.0
869,linucb_frozen,hard,A,0.95,1.0,3245.9834614874353,1.0,0,0,0.18,0.0
870,linucb_frozen,hard,A,0.95,1.0,4059.1195036046256,1.0,0,0,0.16,0.0
871,linucb_frozen,simple,B,0.95,0.5649844885753785,393.2862934115442,0.1,1,0,0.18,0.0
872,linucb_frozen,hard,A,0.95,1.0,3061.8880613401434,1.0,0,0,0.18,0.0
873,linucb_frozen,hard,A,0.95,1.0,3613.9898713423977,1.0,0,0,0.18,0.0
874,linucb_frozen,simple,A,0.8,1.0,3921.484622330893,1.0,0,0,0.18,0.0
875,linucb_frozen,hard,A,0.95,1.0,4060.560547413545,1.0,0,0,0.18,0.0
876,linucb_frozen,hard,A,0.95,1.0,3933.789857265213,1.0,0,0,0.18,0.0
877,linucb_frozen,simple,B,0.95,0.5623811054639739,521.7611023639829,0.1,1,0,0.2,0.0
878,linucb_frozen,hard,A,0.95,1.0,3698.8470447559826,1.0,0,0,0.2,0.0
879,linucb_frozen,hard,A,0.95,1.0,3799.0347044444807,1.0,0,0,0.2,0.0
880,linucb_frozen,hard,A,0.95,1.0,4007.479195916875,1.0,0,0,0.18,0.0
881,linucb_frozen,hard,A,0.95,1.0,3557.7529483856956,1.0,0,0,0.18,0.0
882,linucb_frozen,hard,A,0.95,1.0,3833.9026605715558,1.0,0,0,0.18,0.0
883,linucb_frozen,simple,D,0.85,0.3270426153397675,410.6654248982917,0.22,1,0,0.2,0.0
884,linucb_frozen,simple,B,0.95,0.5298314336626644,481.22887295233966,0.1,1,0,0.22,0.0
885,linucb_frozen,hard,A,0.95,0.9814719999999999,3557.774769633243,1.0,0,0,0.22,0.0
886,linucb_frozen,hard,A,0.95,1.0,3563.835940001791,1.0,0,0,0.22,0.0
887,linucb_frozen,hard,A,0.95,1.0,3609.234006442267,1.0,0,0,0.22,0.0
888,linucb_frozen,hard,A,0.95,1.0,3475.3107435600878,1.0,0,0,0.22,0.0
889,linucb_frozen,hard,A,0.95,1.0,4151.4093472570885,1.0,0,0,0.2,0.0
890,linucb_frozen,hard,A,0.95,1.0,3405.6334310789525,1.0,0,0,0.2,0.0
891,linucb_frozen,hard,A,0.95,1.0,3088.4690756475743,1.0,0,0,0.2,0.0
892,linucb_frozen,hard,A,0.95,1.0,3660.7871774422283,1.0,0,0,0.2,0.0
893,linucb_frozen,simple,B,0.95,0.46768019476762823,449.95498549052814,0.1,0,0,0.2,0.0
894,linucb_frozen,hard,A,0.95,1.0,2892.566986021647,1.0,0,0,0.2,0.0
895,linucb_frozen,hard,A,0.95,1.0,3587.95978700241,1.0,0,0,0.18,0.0
896,linucb_frozen,hard,A,0.95,1.0,3494.5068717527606,1.0,0,0,0.18,0.0
897,linucb_frozen,hard,A,0.95,1.0,3549.926588430849,1.0,0,0,0.18,0.0
898,linucb_frozen,hard,A,0.95,1.0,3438.2966900969145,1.0,0,0,0.16,0.0
899,linucb_frozen,hard,A,0.95,1.0,3676.891960173077,1.0,0,0,0.16,0.0
900,linucb_frozen,simple,D,0.85,0.3372228629855551,452.97753978901966,0.22,1,0,0.18,0.0
901,linucb_frozen,hard,A,0.95,1.0,3342.4819795512367,1.0,0,0,0.18,0.0
902,linucb_frozen,simple,B,0.95,0.4480106712534679,418.8194629496919,0.1,1,0,0.2,0.0
903,linucb_frozen,hard,A,0.95,1.0,3887.174662282196,1.0,0,0,0.2,0.0
904,linucb_frozen,hard,A,0.95,1.0,3576.0053808582447,1.0,0,0,0.18,0.0
905,linucb_frozen,hard,A,0.95,1.0,4063.552883461878,1.0,0,0,0.18,0.0
906,linucb_frozen,hard,A,0.95,1.0,3986.484886919432,1.0,0,0,0.18,0.0
907,linucb_frozen,simple,B,0.95,0.5364295302874473,464.098983488949,0.1,1,0,0.2,0.0
908,linucb_frozen,hard,A,0.95,1.0,3261.0033725942367,1.0,0,0,0.2,0.0
909,linucb_frozen,hard,A,0.95,1.0,3705.5703421716307,1.0,0,0,0.2,0.0
910,linucb_frozen,hard,A,0.95,1.0,3735.0544980473187,1.0,0,0,0.18,0.0
911,linucb_frozen,simple,D,0.85,0.3826468688972625,473.1076227489669,0.22,1,0,0.2,0.0
912,linucb_frozen,hard,A,0.95,1.0,3386.6558837326565,1.0,0,0,0.2,0.0
913,linucb_frozen,simple,B,0.95,0.5491200661371121,457.0077799546412,0.1,0,0,0.18,0.0
914,linucb_frozen,hard,A,0.95,1.0,3558.33679394921,1.0,0,0,0.18,0.0
915,linucb_frozen,hard,A,0.95,1.0,3527.6951655200883,1.0,0,0,0.16,0.0
916,linucb_frozen,hard,A,0.95,1.0,3442.7421958012064,1.0,0,0,0.16,0.0
917,linucb_frozen,hard,A,0.95,1.0,3735.9516260943965,1.0,0,0,0.16,0.0
918,linucb_frozen,hard,A,0.95,1.0,3591.4418687551697,1.0,0,0,0.16,0.0
919,linucb_frozen,simple,D,0.85,0.43761302486419074,538.185370122695,0.22,0,0,0.16,0.0
920,linucb_frozen,hard,A,0.95,1.0,3251.981635595222,1.0,0,0,0.16,0.0
921,linucb_frozen,simple,B,0.95,0.49748253404640125,469.3561287964109,0.1,1,0,0.16,0.0
922,linucb_frozen,hard,A,0.95,1.0,3975.498061232879,1.0,0,0,0.16,0.0
923,linucb_frozen,simple,A,0.8,1.0,3780.1122076328047,1.0,0,0,0.16,0.0
924,linucb_frozen,hard,A,0.95,1.0,4052.5131075127447,1.0,0,0,0.16,0.0
925,linucb_frozen,hard,A,0.95,1.0,3428.5376036608095,1.0,0,0,0.16,0.0
926,linucb_frozen,hard,A,0.95,1.0,3869.7782804262242,1.0,0,0,0.16,0.0
927,linucb_frozen,hard,A,0.95,1.0,3679.4910530021652,1.0,0,0,0.14,0.0
928,linucb_frozen,simple,B,0.95,0.503308971285032,448.5752885758381,0.1,1,0,0.16,0.0
929,linucb_frozen,hard,A,0.95,1.0,3467.915993235516,1.0,0,0,0.16,0.0
930,linucb_frozen,hard,A,0.95,1.0,4389.766362581983,1.0,0,0,0.16,0.0
931,linucb_frozen,simple,D,0.85,0.394380506875082,484.3241468269056,0.22,1,0,0.18,0.0
932,linucb_frozen,hard,A,0.95,1.0,3185.7817300405286,1.0,0,0,0.18,0.0
933,linucb_frozen,hard,A,0.95,1.0,3374.499975867645,1.0,0,0,0.16,0.0
934,linucb_frozen,hard,A,0.95,1.0,3667.738076871254,1.0,0,0,0.14,0.0
935,linucb_frozen,simple,B,0.95,0.5056900939982414,510.8076499096513,0.1,1,0,0.16,0.0
936,linucb_frozen,hard,A,0.95,1.0,3451.9872316255833,1.0,0,0,0.16,0.0
937,linucb_frozen,simple,A,0.8,1.0,3066.2713295310646,1.0,0,0,0.16,0.0
938,linucb_frozen,simple,A,0.8,1.0,3819.6704217918273,1.0,0,0,0.16,0.0
939,linucb_frozen,hard,A,0.95,1.0,3397.565653406661,1.0,0,0,0.16,0.0
940,linucb_frozen,simple,B,0.95,0.5668688026124642,520.6871207753791,0.1,0,0,0.16,0.0
941,linucb_frozen,hard,A,0.95,1.0,3583.9924123863093,1.0,0,0,0.16,0.0
942,linucb_frozen,simple,D,0.85,0.39665511335373793,486.91991861383724,0.22,1,0,0.18,0.0
943,linucb_frozen,simple,A,0.8,1.0,3646.9412311815045,1.0,0,0,0.18,0.0
944,linucb_frozen,hard,A,0.95,1.0,3842.7486454112936,1.0,0,0,0.18,0.0
945,linucb_frozen,hard,A,0.95,1.0,3396.734777461757,1.0,0,0,0.18,0.0
946,linucb_frozen,simple,A,0.8,1.0,3331.7380680467118,1.0,0,0,0.18,0.0
947,linucb_frozen,hard,A,0.95,1.0,4093.1117636418694,1.0,0,0,0.18,0.0
948,linucb_frozen,simple,B,0.95,0.503865592454613,390.0887737294179,0.1,1,0,0.2,0.0
949,linucb_frozen,simple,D,0.85,0.4621032650030171,513.0651723650366,0.22,1,0,0.22,0.0
950,linucb_frozen,simple,A,0.8,0.9814719999999999,3280.683389985131,1.0,0,0,0.2,0.0
951,linucb_frozen,simple,A,0.8,1.0,3665.2339533345357,1.0,0,0,0.2,0.0
952,linucb_frozen,simple,A,0.8,1.0,3652.5219763685036,1.0,0,0,0.18,0.0
953,linucb_frozen,simple,A,0.8,1.0,3841.4904333749687,1.0,0,0,0.18,0.0
954,linucb_frozen,hard,A,0.95,1.0,4220.968761794454,1.0,0,0,0.18,0.0
955,linucb_frozen,simple,B,0.95,0.505917571486672,432.75506571959784,0.1,0,0,0.18,0.0
956,linucb_frozen,hard,A,0.95,1.0,3489.6194141075957,1.0,0,0,0.18,0.0
957,linucb_frozen,hard,A,0.95,1.0,3538.6012326562145,1.0,0,0,0.16,0.0
958,linucb_frozen,hard,A,0.95,1.0,3616.0829411180807,1.0,0,0,0.16,0.0
959,linucb_frozen,hard,A,0.95,1.0,3490.647605953333,1.0,0,0,0.16,0.0
960,linucb_frozen,hard,A,0.95,1.0,3608.603042393302,1.0,0,0,0.16,0.0
961,linucb_frozen,hard,A,0.95,1.0,3764.050284391076,1.0,0,0,0.14,0.0
962,linucb_frozen,simple,D,0.85,0.38770286383951247,440.69926954397886,0.22,1,0,0.16,0.0
963,linucb_frozen,simple,B,0.95,0.48194542541237684,490.62895478652666,0.1,1,0,0.18,0.0
964,linucb_frozen,hard,A,0.95,0.9814719999999999,2801.4376460782946,1.0,0,0,0.18,0.0
965,linucb_frozen,hard,A,0.95,1.0,3178.2778772983374,1.0,0,0,0.18,0.0
966,linucb_frozen,hard,A,0.95,1.0,3195.938423283403,1.0,0,0,0.18,0.0
967,linucb_frozen,simple,A,0.8,1.0,3996.8259156428117,1.0,0,0,0.18,0.0
968,linucb_frozen,hard,A,0.95,1.0,3763.821490014863,1.0,0,0,0.18,0.0
969,linucb_frozen,simple,D,0.85,0.45844469909393865,545.1264661274431,0.22,1,0,0.2,0.0
970,linucb_frozen,hard,A,0.95,1.0,3189.9419892063443,1.0,0,0,0.2,0.0
971,linucb_frozen,hard,A,0.95,1.0,3903.895478948031,1.0,0,0,0.18,0.0
972,linucb_frozen,simple,B,0.95,0.45252530836433347,472.9855098435469,0.1,1,0,0.2,0.0
973,linucb_frozen,simple,D,0.85,0.5749271588632312,539.1121233104774,0.22,1,0,0.22,0.0
974,linucb_frozen,hard,A,0.95,0.9814719999999999,3248.9633926279002,1.0,0,0,0.22,0.0
975,linucb_frozen,hard,A,0.95,1.0,3817.6497087461184,1.0,0,0,0.22,0.0
976,linucb_frozen,hard,A,0.95,1.0,4076.883441776533,1.0,0,0,0.22,0.0
977,linucb_frozen,simple,A,0.8,1.0,3172.251431069666,1.0,0,0,0.22,0.0
978,linucb_frozen,hard,A,0.95,1.0,3629.611098955471,1.0,0,0,0.2,0.0
979,linucb_frozen,hard,A,0.95,1.0,3489.474322322829,1.0,0,0,0.2,0.0
980,linucb_frozen,hard,A,0.95,1.0,4011.858012552375,1.0,0,0,0.2,0.0
981,linucb_frozen,simple,B,0.95,0.4432144773277529,391.2999200879761,0.1,1,0,0.2,0.0
982,linucb_frozen,hard,A,0.95,1.0,3725.1000923748934,1.0,0,0,0.2,0.0
983,linucb_frozen,hard,A,0.95,1.0,4132.8878256582075,1.0,0,0,0.2,0.0
984,linucb_frozen,hard,A,0.95,1.0,3195.203436419026,1.0,0,0,0.2,0.0
985,linucb_frozen,simple,D,0.85,0.4239952048653083,519.9504145078872,0.22,1,0,0.2,0.0
986,linucb_frozen,simple,B,0.95,0.5338984256736852,399.4851712823214,0.1,1,0,0.22,0.0
987,linucb_frozen,hard,A,0.95,0.9814719999999999,3346.441632310928,1.0,0,0,0.22,0.0
988,linucb_frozen,simple,D,0.85,0.5889408602499714,532.3911116113434,0.22,1,0,0.24,0.0
989,linucb_frozen,hard,A,0.95,1.0,3230.396337750623,1.0,0,0,0.24,0.0
990,linucb_frozen,hard,A,0.95,1.0,3825.8010225718663,1.0,0,0,0.24,0.0
991,linucb_frozen,hard,A,0.95,1.0,3872.3551796142438,1.0,0,0,0.24,0.0
992,linucb_frozen,hard,A,0.95,1.0,3599.4168761844576,1.0,0,0,0.22,0.0
993,linucb_frozen,hard,A,0.95,1.0,3363.7133628269908,1.0,0,0,0.22,0.0
994,linucb_frozen,simple,B,0.95,0.49200830661157613,439.5736440813121,0.1,1,0,0.24,0.0
995,linucb_frozen,hard,A,0.95,1.0,2811.917325358956,1.0,0,0,0.24,0.0
996,linucb_frozen,hard,A,0.95,1.0,3946.095306194815,1.0,0,0,0.24,0.0
997,linucb_frozen,hard,A,0.95,1.0,4181.676669166418,1.0,0,0,0.24,0.0
998,linucb_frozen,simple,D,0.85,0.4640206043914339,499.06816024549806,0.22,1,0,0.24,0.0
999,linucb_frozen,simple,B,0.95,0.5596484867296492,430.88628046152064,0.1,1,0,0.24,0.0
1000,linucb_frozen,hard,A,0.95,0.9814719999999999,3039.150123618546,1.0,0,0,0.24,0.0
1001,linucb_frozen,hard,A,0.95,1.0,3966.6541174817808,1.0,0,0,0.24,0.0
1002,linucb_frozen,hard,A,0.95,1.0,3667.0614384842065,1.0,0,0,0.24,0.0
1003,linucb_frozen,simple,D,0.85,0.5448784829901859,533.553858517447,0.22,1,0,0.26,0.0
1004,linucb_frozen,hard,A,0.95,1.0,3451.729142435275,1.0,0,0,0.26,0.0
1005,linucb_frozen,hard,A,0.95,1.0,3551.1771598950945,1.0,0,0,0.26,0.0
1006,linucb_frozen,hard,A,0.95,1.0,3431.7579527058583,1.0,0,0,0.26,0.0
1007,linucb_frozen,hard,A,0.95,1.0,3775.524487106482,1.0,0,0,0.26,0.0
1008,linucb_frozen,simple,B,0.95,0.47711664747317295,453.21338198437564,0.1,1,0,0.28,0.0
1009,linucb_frozen,hard,A,0.95,1.0,3411.1643585452643,1.0,0,0,0.28,0.0
1010,linucb_frozen,hard,A,0.95,1.0,3837.7650092973972,1.0,0,0,0.28,0.0
1011,linucb_frozen,hard,A,0.95,1.0,3411.971281658384,1.0,0,0,0.28,0.0
1012,linucb_frozen,hard,A,0.95,1.0,4215.880930828033,1.0,0,0,0.26,0.0
1013,linucb_frozen,hard,A,0.95,1.0,3935.1381888114906,1.0,0,0,0.24,0.0
1014,linucb_frozen,simple,D,0.85,0.43353928660097446,507.87976741598857,0.22,1,0,0.26,0.0
1015,linucb_frozen,hard,A,0.95,1.0,3136.581768441606,1.0,0,0,0.26,0.0
1016,linucb_frozen,hard,A,0.95,1.0,3622.927785828532,1.0,0,0,0.26,0.0
1017,linucb_frozen,hard,A,0.95,1.0,3779.2639979524383,1.0,0,0,0.26,0.0
1018,linucb_frozen,hard,A,0.95,1.0,4123.787520832196,1.0,0,0,0.26,0.0
1019,linucb_frozen,simple,B,0.95,0.416932157752619,386.5208773665044,0.1,1,0,0.26,0.0
1020,linucb_frozen,hard,A,0.95,1.0,3812.3032040290923,1.0,0,0,0.26,0.0
1021,linucb_frozen,hard,A,0.95,1.0,3665.508081635285,1.0,0,0,0.26,0.0
1022,linucb_frozen,simple,D,0.85,0.45591569532126974,541.7837773107586,0.22,1,0,0.26,0.0
1023,linucb_frozen,hard,A,0.95,1.0,3600.2618024817166,1.0,0,0,0.24,0.0
1024,linucb_frozen,hard,A,0.95,1.0,4110.026899415092,1.0,0,0,0.24,0.0
1025,linucb_frozen,simple,B,0.95,0.49362499797198767,398.7997558852112,0.1,1,0,0.26,0.0
1026,linucb_frozen,hard,A,0.95,1.0,3638.5412009013844,1.0,0,0,0.26,0.0
1027,linucb_frozen,simple,D,0.85,0.5406012637910985,581.8026760481723,0.22,1,0,0.28,0.0
1028,linucb_frozen,hard,A,0.95,1.0,3594.713552545322,1.0,0,0,0.28,0.0
1029,linucb_frozen,hard,A,0.95,1.0,3528.05267325979,1.0,0,0,0.28,0.0
1030,linucb_frozen,hard,A,0.95,1.0,4075.7599924693213,1.0,0,0,0.28,0.0
1031,linucb_frozen,hard,A,0.95,1.0,3564.7644129025925,1.0,0,0,0.26,0.0
1032,linucb_frozen,hard,A,0.95,1.0,4054.0869040358302,1.0,0,0,0.26,0.0
1033,linucb_frozen,hard,A,0.95,1.0,3752.218249465613,1.0,0,0,0.26,0.0
1034,linucb_frozen,hard,A,0.95,1.0,3581.398737306781,1.0,0,0,0.26,0.0
1035,linucb_frozen,simple,B,0.95,0.43747504371783774,379.2396559592447,0.1,1,0,0.26,0.0
1036,linucb_frozen,hard,A,0.95,1.0,3664.782535621521,1.0,0,0,0.24,0.0
1037,linucb_frozen,hard,A,0.95,1.0,3869.0519451386344,1.0,0,0,0.24,0.0
1038,linucb_frozen,hard,A,0.95,1.0,3402.433367775379,1.0,0,0,0.22,0.0
1039,linucb_frozen,hard,A,0.95,1.0,3448.810027417283,1.0,0,0,0.22,0.0
1040,linucb_frozen,simple,D,0.85,0.40260104747242914,379.11151766288106,0.22,1,0,0.24,0.0
1041,linucb_frozen,hard,A,0.95,1.0,3734.6331140886955,1.0,0,0,0.24,0.0
1042,linucb_frozen,simple,B,0.95,0.4787853743883442,407.6778925700594,0.1,0,0,0.24,0.0
1043,linucb_frozen,hard,A,0.95,1.0,3542.625448537404,1.0,0,0,0.24,0.0
1044,linucb_frozen,simple,D,0.85,0.5414379801003555,524.2563771826374,0.22,1,0,0.24,0.0
1045,linucb_frozen,hard,A,0.95,1.0,3116.5389499302137,1.0,0,0,0.24,0.0
1046,linucb_frozen,hard,A,0.95,1.0,3722.309713787418,1.0,0,0,0.24,0.0
1047,linucb_frozen,hard,A,0.95,1.0,3412.1090986430063,1.0,0,0,0.24,0.0
1048,linucb_frozen,simple,D,0.85,0.6246978443939555,675.6322675567491,0.22,0,0,0.22,0.0
1049,linucb_frozen,hard,A,0.95,1.0,3451.9725184170475,1.0,0,0,0.2,0.0
1050,linucb_frozen,simple,B,0.95,0.47218775060198975,360.2572053859505,0.1,0,0,0.2,0.0
1051,linucb_frozen,simple,D,0.85,0.7257140894148375,661.5202349189642,0.22,1,0,0.22,0.0
1052,linucb_frozen,hard,A,0.95,0.9814719999999999,3470.832505344051,1.0,0,0,0.22,0.0
1053,linucb_frozen,hard,A,0.95,1.0,4011.980505214273,1.0,0,0,0.2,0.0
1054,linucb_frozen,simple,A,0.8,1.0,3911.2865392379535,1.0,0,0,0.2,0.0
1055,linucb_frozen,hard,A,0.95,1.0,3720.1798370458127,1.0,0,0,0.2,0.0
1056,linucb_frozen,hard,A,0.95,1.0,4080.9975066442644,1.0,0,0,0.2,0.0
1057,linucb_frozen,hard,A,0.95,1.0,3389.0168497820796,1.0,0,0,0.2,0.0
1058,linucb_frozen,hard,A,0.95,1.0,3796.1830996359427,1.0,0,0,0.18,0.0
1059,linucb_frozen,hard,A,0.95,1.0,3364.4510001078565,1.0,0,0,0.18,0.0
1060,linucb_frozen,simple,D,0.85,0.5296728206884168,556.2387644080819,0.22,0,0,0.18,0.0
1061,linucb_frozen,hard,A,0.95,1.0,3107.731816177936,1.0,0,0,0.18,0.0
1062,linucb_frozen,hard,A,0.95,1.0,3601.662693339651,1.0,0,0,0.18,0.0
1063,linucb_frozen,hard,A,0.95,1.0,3738.1456199250006,1.0,0,0,0.18,0.0
1064,linucb_frozen,hard,A,0.95,1.0,3531.843037851134,1.0,0,0,0.16,0.0
1065,linucb_frozen,hard,A,0.95,1.0,3517.7728449472147,1.0,0,0,0.16,0.0
1066,linucb_frozen,hard,A,0.95,1.0,4057.779036829806,1.0,0,0,0.16,0.0
1067,linucb_frozen,hard,A,0.95,1.0,3770.8894603531803,1.0,0,0,0.16,0.0
1068,linucb_frozen,hard,A,0.95,1.0,3618.364010437367,1.0,0,0,0.16,0.0
1069,linucb_frozen,simple,B,0.95,0.3416184102936626,431.73171365001025,0.1,0,0,0.14,0.0
1070,linucb_frozen,hard,A,0.95,1.0,3670.8245571410384,1.0,0,0,0.14,0.0
1071,linucb_frozen,hard,A,0.95,1.0,3751.7655433738255,1.0,0,0,0.14,0.0
1072,linucb_frozen,hard,A,0.95,1.0,3753.5685844627637,1.0,0,0,0.12,0.0
1073,linucb_frozen,hard,A,0.95,1.0,3902.385668564355,1.0,0,0,0.12,0.0
1074,linucb_frozen,simple,D,0.85,0.38846369973036354,479.82754337343124,0.22,0,0,0.12,0.0
1075,linucb_frozen,simple,B,0.95,0.4586489858610302,419.63733542786696,0.1,1,0,0.12,0.0
1076,linucb_frozen,hard,A,0.95,0.9814719999999999,3542.0179347546227,1.0,0,0,0.12,0.0
1077,linucb_frozen,simple,A,0.8,1.0,3368.6784394173983,1.0,0,0,0.1,0.0
1078,linucb_frozen,simple,A,0.8,1.0,3839.2018295194553,1.0,0,0,0.1,0.0
1079,linucb_frozen,hard,A,0.95,1.0,3473.2130362160656,1.0,0,0,0.1,0.0
1080,linucb_frozen,hard,A,0.95,1.0,3818.532483460447,1.0,0,0,0.1,0.0
1081,linucb_frozen,hard,A,0.95,1.0,3555.885088813601,1.0,0,0,0.1,0.0
1082,linucb_frozen,hard,A,0.95,1.0,3466.6023525359487,1.0,0,0,0.1,0.0
1083,linucb_frozen,hard,A,0.95,1.0,4130.088954562861,1.0,0,0,0.1,0.0
1084,linucb_frozen,hard,A,0.95,1.0,3778.5584686671405,1.0,0,0,0.1,0.0
1085,linucb_frozen,hard,A,0.95,1.0,3220.0160225737236,1.0,0,0,0.08,0.0
1086,linucb_frozen,hard,A,0.95,1.0,3795.3751375194247,1.0,0,0,0.08,0.0
1087,linucb_frozen,hard,A,0.95,1.0,3563.7883800588415,1.0,0,0,0.08,0.0
1088,linucb_frozen,hard,A,0.95,1.0,3533.3913322316853,1.0,0,0,0.08,0.0
1089,linucb_frozen,hard,A,0.95,1.0,3033.2430439306736,1.0,0,0,0.08,0.0
1090,linucb_frozen,simple,D,0.85,0.35024272620370756,486.09179512120875,0.22,1,0,0.08,0.0
1091,linucb_frozen,hard,A,0.95,1.0,3246.110259405142,1.0,0,0,0.08,0.0
1092,linucb_frozen,simple,B,0.95,0.3522018463600911,368.1570656425926,0.1,0,0,0.08,0.0
1093,linucb_frozen,hard,A,0.95,1.0,3753.5442632371005,1.0,0,0,0.08,0.0
1094,linucb_frozen,hard,A,0.95,1.0,3827.4627088779307,1.0,0,0,0.06,0.0
1095,linucb_frozen,simple,D,0.85,0.48483426524474016,518.9510516667657,0.22,1,0,0.08,0.0
1096,linucb_frozen,simple,A,0.8,1.0,3526.0214952157216,1.0,0,0,0.08,0.0
1097,linucb_frozen,hard,A,0.95,1.0,3072.3851168573483,1.0,0,0,0.08,0.0
1098,linucb_frozen,hard,A,0.95,1.0,3464.413320909807,1.0,0,0,0.08,0.0
1099,linucb_frozen,hard,A,0.95,1.0,4050.4021398942023,1.0,0,0,0.08,0.0
1100,linucb_frozen,hard,A,0.95,1.0,3847.711004976172,1.0,0,0,0.08,0.0
1101,linucb_frozen,hard,A,0.95,1.0,4105.574235289778,1.0,0,0,0.06,0.0
1102,linucb_frozen,hard,A,0.95,1.0,3504.4158277262136,1.0,0,0,0.06,0.0
1103,linucb_frozen,hard,A,0.95,1.0,3367.7344015453273,1.0,0,0,0.06,0.0
1104,linucb_frozen,simple,D,0.85,0.4534395637198426,502.7187122325616,0.22,1,0,0.08,0.0
1105,linucb_frozen,simple,B,0.95,0.3668446057725696,389.7259794245323,0.1,1,0,0.1,0.0
1106,linucb_frozen,simple,D,0.85,0.6511435981446461,534.1382203022731,0.22,1,0,0.12,0.0
1107,linucb_frozen,simple,D,0.85,0.8730063663672885,625.2393372448261,0.22,1,0,0.14,0.0
1108,linucb_frozen,hard,A,0.95,0.8277319167999999,2766.046576345937,1.0,0,0,0.14,0.0
1109,linucb_frozen,hard,A,0.95,1.0,3644.0476981919105,1.0,0,0,0.14,0.0
1110,linucb_frozen,hard,A,0.95,1.0,3658.812314832025,1.0,0,0,0.14,0.0
1111,linucb_frozen,hard,A,0.95,1.0,3463.175469031467,1.0,0,0,0.14,0.0
1112,linucb_frozen,hard,A,0.95,1.0,3441.463100740502,1.0,0,0,0.14,0.0
1113,linucb_frozen,hard,A,0.95,1.0,3815.9357281050056,1.0,0,0,0.14,0.0
1114,linucb_frozen,hard,A,0.95,1.0,3470.675930474675,1.0,0,0,0.14,0.0
1115,linucb_frozen,simple,B,0.95,0.402166580751445,428.9564260127687,0.1,0,0,0.14,0.0
1116,linucb_frozen,hard,A,0.95,1.0,3631.14288007178,1.0,0,0,0.14,0.0
1117,linucb_frozen,simple,D,0.85,0.5431331250957115,553.3190950700427,0.22,1,0,0.16,0.0
1118,linucb_frozen,hard,A,0.95,1.0,3634.162514504354,1.0,0,0,0.16,0.0
1119,linucb_frozen,simple,A,0.8,1.0,4055.6478004916266,1.0,0,0,0.16,0.0
1120,linucb_frozen,simple,D,0.85,0.6701300170252247,549.3246559511036,0.22,1,0,0.18,0.0
1121,linucb_frozen,simple,D,0.85,0.8897144149821976,651.0444183054593,0.22,1,0,0.2,0.0
1122,linucb_frozen,simple,D,0.85,1.0,894.2694737447152,0.22,1,0,0.22,0.0
1123,linucb_frozen,hard,A,0.95,0.8996953599999999,2462.4918855893575,1.0,0,0,0.22,0.0
1124,linucb_frozen,hard,A,0.95,1.0,3339.8211414458383,1.0,0,0,0.22,0.0
1125,linucb_frozen,hard,A,0.95,1.0,3923.1362877976685,1.0,0,0,0.2,0.0
1126,linucb_frozen,simple,D,0.85,0.8996953599999999,716.2712749523921,0.22,1,0,0.22,0.0
1127,linucb_frozen,simple,D,0.85,1.0,906.8119940675443,0.22,1,0,0.24,0.0
1128,linucb_frozen,hard,A,0.95,0.9814719999999999,3334.4745263999976,1.0,0,0,0.24,0.0
1129,linucb_frozen,hard,A,0.95,1.0,4357.627361942153,1.0,0,0,0.24,0.0
1130,linucb_frozen,simple,B,0.95,0.3591079722828707,368.52160458097904,0.1,1,0,0.26,0.0
1131,linucb_frozen,hard,A,0.95,1.0,3439.822169936535,1.0,0,0,0.26,0.0
1132,linucb_frozen,hard,A,0.95,1.0,3828.390965121533,1.0,0,0,0.26,0.0
1133,linucb_frozen,hard,A,0.95,1.0,3967.205215601973,1.0,0,0,0.26,0.0
1134,linucb_frozen,simple,D,0.85,0.70867559636992,556.1868174550366,0.22,1,0,0.28,0.0
1135,linucb_frozen,hard,A,0.95,1.0,3779.2428798785436,1.0,0,0,0.28,0.0
1136,linucb_frozen,hard,A,0.95,1.0,3681.517357549712,1.0,0,0,0.28,0.0
1137,linucb_frozen,hard,A,0.95,1.0,3471.8047585816707,1.0,0,0,0.28,0.0
1138,linucb_frozen,hard,A,0.95,1.0,4228.487175821582,1.0,0,0,0.28,0.0
1139,linucb_frozen,hard,A,0.95,1.0,3484.4145097409946,1.0,0,0,0.28,0.0
1140,linucb_frozen,simple,D,0.85,0.6291118431582793,521.7707262402005,0.22,1,0,0.28,0.0
1141,linucb_frozen,hard,A,0.95,1.0,3820.9411432818106,1.0,0,0,0.28,0.0
1142,linucb_frozen,hard,A,0.95,1.0,4048.5199887792865,1.0,0,0,0.28,0.0
1143,linucb_frozen,hard,A,0.95,1.0,4344.664104872333,1.0,0,0,0.28,0.0
1144,linucb_frozen,hard,A,0.95,1.0,4092.2138952611895,1.0,0,0,0.28,0.0
1145,linucb_frozen,simple,D,0.85,0.6320023988714997,599.425658716131,0.22,1,0,0.28,0.0
1146,linucb_frozen,simple,B,0.95,0.34644594473434814,442.6706816288757,0.1,0,0,0.28,0.0
1147,linucb_frozen,hard,A,0.95,0.9814719999999999,3756.316615840805,1.0,0,0,0.28,0.0
1148,linucb_frozen,hard,A,0.95,1.0,3731.397837834921,1.0,0,0,0.28,0.0
1149,linucb_frozen,hard,A,0.95,1.0,3226.158273189221,1.0,0,0,0.28,0.0
1150,linucb_frozen,hard,A,0.95,1.0,4101.195339795473,1.0,0,0,0.28,0.0
1151,linucb_frozen,hard,A,0.95,1.0,4187.975368959685,1.0,0,0,0.28,0.0
1152,linucb_frozen,hard,A,0.95,1.0,3837.4280422101324,1.0,0,0,0.28,0.0
1153,linucb_frozen,hard,A,0.95,1.0,3405.383888313178,1.0,0,0,0.28,0.0
1154,linucb_frozen,hard,A,0.95,1.0,3595.350998093576,1.0,0,0,0.26,0.0
1155,linucb_frozen,hard,A,0.95,1.0,3639.964668752374,1.0,0,0,0.24,0.0
1156,linucb_frozen,hard,A,0.95,1.0,3763.914287887319,1.0,0,0,0.22,0.0
1157,linucb_frozen,hard,A,0.95,1.0,3315.2209052252833,1.0,0,0,0.2,0.0
1158,linucb_frozen,simple,D,0.85,0.4199481253050884,467.56970213373063,0.22,1,0,0.22,0.0
1159,linucb_frozen,hard,A,0.95,1.0,3360.3560589876224,1.0,0,0,0.22,0.0
1160,linucb_frozen,hard,A,0.95,1.0,3646.0169360903756,1.0,0,0,0.22,0.0
1161,linucb_frozen,hard,A,0.95,1.0,3892.8778852574446,1.0,0,0,0.22,0.0
1162,linucb_frozen,hard,A,0.95,1.0,3768.759658138118,1.0,0,0,0.22,0.0
1163,linucb_frozen,hard,A,0.95,1.0,3067.860789644484,1.0,0,0,0.22,0.0
1164,linucb_frozen,hard,A,0.95,1.0,3756.151601828974,1.0,0,0,0.22,0.0
1165,linucb_frozen,hard,A,0.95,1.0,3726.0369416849126,1.0,0,0,0.22,0.0
1166,linucb_frozen,hard,A,0.95,1.0,4120.114768517258,1.0,0,0,0.22,0.0
1167,linucb_frozen,hard,A,0.95,1.0,4044.249273556827,1.0,0,0,0.2,0.0
1168,linucb_frozen,hard,A,0.95,1.0,3359.013144081597,1.0,0,0,0.2,0.0
1169,linucb_frozen,hard,A,0.95,1.0,3620.022020160603,1.0,0,0,0.2,0.0
1170,linucb_frozen,hard,A,0.95,1.0,3539.44225086453,1.0,0,0,0.18,0.0
1171,linucb_frozen,hard,A,0.95,1.0,4084.5640490832493,1.0,0,0,0.16,0.0
1172,linucb_frozen,hard,A,0.95,1.0,4232.694406670413,1.0,0,0,0.14,0.0
1173,linucb_frozen,hard,A,0.95,1.0,3368.65168017009,1.0,0,0,0.14,0.0
1174,linucb_frozen,hard,A,0.95,1.0,3065.341509181814,1.0,0,0,0.14,0.0
1175,linucb_frozen,simple,D,0.85,0.34779704783436904,453.96405945400704,0.22,1,0,0.16,0.0
1176,linucb_frozen,hard,A,0.95,1.0,3025.6201519523656,1.0,0,0,0.14,0.0
1177,linucb_frozen,hard,A,0.95,1.0,4406.56491609688,1.0,0,0,0.12,0.0
1178,linucb_frozen,simple,D,0.85,0.5370139497817832,546.936164419767,0.22,1,0,0.14,0.0
1179,linucb_frozen,hard,A,0.95,1.0,3360.7678833901996,1.0,0,0,0.14,0.0
1180,linucb_frozen,simple,D,0.85,0.7158636027110128,633.8277284310109,0.22,1,0,0.14,0.0
1181,linucb_frozen,simple,D,0.85,0.9299599703856913,684.3812619345032,0.22,1,0,0.16,0.0
1182,linucb_frozen,hard,A,0.95,0.9814719999999999,3209.7219129493183,1.0,0,0,0.16,0.0
1183,linucb_frozen,simple,D,0.85,1.0,700.0762514534688,0.22,1,0,0.18,0.0
1184,linucb_frozen,hard,A,0.95,1.0,3437.677684214959,1.0,0,0,0.16,0.0
1185,linucb_frozen,hard,A,0.95,1.0,3687.614051251176,1.0,0,0,0.16,0.0
1186,linucb_frozen,simple,D,0.85,0.9814719999999999,733.5726191355361,0.22,1,0,0.18,0.0
1187,linucb_frozen,simple,D,0.85,1.0,875.1148155181373,0.22,1,0,0.2,0.0
1188,linucb_frozen,hard,A,0.95,0.9814719999999999,3404.77341009568,1.0,0,0,0.2,0.0
1189,linucb_frozen,hard,A,0.95,1.0,3289.0142544705686,1.0,0,0,0.2,0.0
1190,linucb_frozen,simple,D,0.85,0.9814719999999999,866.3629942569715,0.22,1,0,0.2,0.0
1191,linucb_frozen,hard,A,0.95,1.0,3268.3507589756146,1.0,0,0,0.2,0.0
1192,linucb_frozen,hard,A,0.95,1.0,3928.5936927633834,1.0,0,0,0.2,0.0
1193,linucb_frozen,hard,A,0.95,1.0,4034.62445241738,1.0,0,0,0.2,0.0
1194,linucb_frozen,hard,A,0.95,1.0,3701.3720865454925,1.0,0,0,0.2,0.0
1195,linucb_frozen,simple,D,0.85,0.8179540998455295,733.8222985291693,0.22,1,0,0.2,0.0
1196,linucb_frozen,hard,A,0.95,1.0,3765.6898088325665,1.0,0,0,0.2,0.0
1197,linucb_frozen,simple,D,0.85,0.933423654920378,816.6981060298376,0.22,1,0,0.22,0.0
1198,linucb_frozen,simple,D,0.85,1.0,835.4723290712128,0.22,1,0,0.24,0.0
1199,linucb_frozen,hard,A,0.95,0.9814719999999999,3282.44594227229,1.0,0,0,0.24,0.0
1200,linucb_frozen,simple,D,0.85,1.0,905.6368466079022,0.22,0,0,0.24,0.0
1201,linucb_frozen,hard,A,0.95,1.0,3185.580616984321,1.0,0,0,0.24,0.0
1202,linucb_frozen,hard,A,0.95,1.0,3226.3444638916662,1.0,0,0,0.24,0.0
1203,linucb_frozen,hard,A,0.95,1.0,3689.480778069454,1.0,0,0,0.24,0.0
1204,linucb_frozen,hard,A,0.95,1.0,3558.968228773622,1.0,0,0,0.24,0.0
1205,linucb_frozen,hard,A,0.95,1.0,3361.6847382018605,1.0,0,0,0.24,0.0
1206,linucb_frozen,hard,A,0.95,1.0,3941.9484850028452,1.0,0,0,0.24,0.0
1207,linucb_frozen,hard,A,0.95,1.0,3555.9857752744133,1.0,0,0,0.24,0.0
1208,linucb_frozen,hard,A,0.95,1.0,3501.631162543619,1.0,0,0,0.22,0.0
1209,linucb_frozen,hard,A,0.95,1.0,3819.9530121154526,1.0,0,0,0.22,0.0
1210,linucb_frozen,hard,A,0.95,1.0,3363.0847855918078,1.0,0,0,0.22,0.0
1211,linucb_frozen,hard,A,0.95,1.0,3691.3034850299,1.0,0,0,0.22,0.0
1212,linucb_frozen,simple,D,0.85,0.515671155821681,584.106625688932,0.22,1,0,0.24,0.0
1213,linucb_frozen,hard,A,0.95,1.0,3333.0135330773637,1.0,0,0,0.24,0.0
1214,linucb_frozen,simple,B,0.95,0.3000581376118896,343.3262856672136,0.1,0,0,0.24,0.0
1215,linucb_frozen,simple,D,0.85,0.6514154539001126,691.6196369068155,0.22,1,0,0.26,0.0
1216,linucb_frozen,simple,D,0.85,0.8732455994320991,711.3867859258901,0.22,0,0,0.26,0.0
1217,linucb_frozen,hard,A,0.95,0.8996953599999999,3292.083967867265,1.0,0,0,0.26,0.0
1218,linucb_frozen,hard,A,0.95,1.0,2882.917977270524,1.0,0,0,0.26,0.0
1219,linucb_frozen,hard,A,0.95,1.0,3735.583436677256,1.0,0,0,0.26,0.0
1220,linucb_frozen,hard,A,0.95,1.0,3273.582369288292,1.0,0,0,0.26,0.0
1221,linucb_frozen,simple,A,0.8,1.0,3874.6669413295376,1.0,0,0,0.26,0.0
1222,linucb_frozen,hard,A,0.95,1.0,3675.1173871513397,1.0,0,0,0.26,0.0
1223,linucb_frozen,hard,A,0.95,1.0,3852.7334840980498,1.0,0,0,0.26,0.0
1224,linucb_frozen,simple,D,0.85,0.6140492661902828,558.9134156116096,0.22,0,0,0.26,0.0
1225,linucb_frozen,hard,A,0.95,1.0,3227.9724112038903,1.0,0,0,0.24,0.0
1226,linucb_frozen,simple,A,0.8,1.0,3534.816882962711,1.0,0,0,0.24,0.0
1227,linucb_frozen,simple,A,0.8,1.0,3187.4903946680315,1.0,0,0,0.24,0.0
1228,linucb_frozen,hard,A,0.95,1.0,3872.0634823398727,1.0,0,0,0.22,0.0
1229,linucb_frozen,simple,A,0.8,1.0,3756.9194274562487,1.0,0,0,0.22,0.0
1230,linucb_frozen,hard,A,0.95,1.0,3312.5641128456996,1.0,0,0,0.2,0.0
1231,linucb_frozen,hard,A,0.95,1.0,3633.375815151269,1.0,0,0,0.18,0.0
1232,linucb_frozen,hard,A,0.95,1.0,3757.39214109538,1.0,0,0,0.18,0.0
1233,linucb_frozen,simple,D,0.85,0.4943333181271033,541.7274509390311,0.22,1,0,0.18,0.0
1234,linucb_frozen,hard,A,0.95,1.0,3558.5785463975244,1.0,0,0,0.18,0.0
1235,linucb_frozen,hard,A,0.95,1.0,3285.5147682734355,1.0,0,0,0.18,0.0
1236,linucb_frozen,hard,A,0.95,1.0,4168.3402502971985,1.0,0,0,0.16,0.0
1237,linucb_frozen,hard,A,0.95,1.0,3812.1761908371764,1.0,0,0,0.14,0.0
1238,linucb_frozen,hard,A,0.95,1.0,3236.4848275806803,1.0,0,0,0.14,0.0
1239,linucb_frozen,hard,A,0.95,1.0,3329.87163780432,1.0,0,0,0.14,0.0
1240,linucb_frozen,hard,A,0.95,1.0,3933.7649401656877,1.0,0,0,0.12,0.0
1241,linucb_frozen,hard,A,0.95,1.0,4091.6579351523856,1.0,0,0,0.12,0.0
1242,linucb_frozen,hard,A,0.95,1.0,3950.208094783014,1.0,0,0,0.12,0.0
1243,linucb_frozen,hard,A,0.95,1.0,3746.871586041238,1.0,0,0,0.12,0.0
1244,linucb_frozen,hard,A,0.95,1.0,3615.393190388585,1.0,0,0,0.12,0.0
1245,linucb_frozen,simple,D,0.85,0.4066134380816391,500.40207985048625,0.22,0,0,0.1,0.0
1246,linucb_frozen,hard,A,0.95,1.0,4010.588303531662,1.0,0,0,0.1,0.0
1247,linucb_frozen,simple,B,0.95,0.3044170629669039,394.6717266428712,0.1,0,0,0.08,0.0
1248,linucb_frozen,simple,D,0.85,0.5770956728763708,547.0183858942944,0.22,1,0,0.08,0.0
1249,linucb_frozen,hard,A,0.95,0.9814719999999999,2648.672143788259,1.0,0,0,0.08,0.0
1250,linucb_frozen,hard,A,0.95,1.0,3362.2318489041672,1.0,0,0,0.08,0.0
1251,linucb_frozen,hard,A,0.95,1.0,3332.7277530748565,1.0,0,0,0.08,0.0
1252,linucb_frozen,hard,A,0.95,1.0,3692.9944717467492,1.0,0,0,0.08,0.0
1253,linucb_frozen,simple,A,0.8,1.0,3188.3859001428837,1.0,0,0,0.08,0.0
1254,linucb_frozen,simple,D,0.85,0.5680055889491489,528.9970215341392,0.22,1,0,0.1,0.0
1255,linucb_frozen,hard,A,0.95,1.0,3777.853071788417,1.0,0,0,0.1,0.0
1256,linucb_frozen,simple,A,0.8,1.0,3837.2845024136664,1.0,0,0,0.1,0.0
1257,linucb_frozen,hard,A,0.95,1.0,4049.981235243116,1.0,0,0,0.1,0.0
1258,linucb_frozen,hard,A,0.95,1.0,3873.519364236759,1.0,0,0,0.1,0.0
1259,linucb_frozen,hard,A,0.95,1.0,3452.4954964170543,1.0,0,0,0.1,0.0
1260,linucb_frozen,hard,A,0.95,1.0,3801.6178442839505,1.0,0,0,0.1,0.0
1261,linucb_frozen,hard,A,0.95,1.0,3562.6976735638987,1.0,0,0,0.1,0.0
1262,linucb_frozen,hard,A,0.95,1.0,3803.321074740244,1.0,0,0,0.08,0.0
1263,linucb_frozen,simple,D,0.85,0.4797614896603786,501.5356657333808,0.22,1,0,0.1,0.0
1264,linucb_frozen,hard,A,0.95,1.0,3503.6520675096576,1.0,0,0,0.1,0.0
1265,linucb_frozen,simple,A,0.8,1.0,4080.8234447204586,1.0,0,0,0.08,0.0
1266,linucb_frozen,hard,A,0.95,1.0,4120.271389439224,1.0,0,0,0.08,0.0
1267,linucb_frozen,hard,A,0.95,1.0,3772.734646530442,1.0,0,0,0.08,0.0
1268,linucb_frozen,hard,A,0.95,1.0,3995.83920093269,1.0,0,0,0.08,0.0
1269,linucb_frozen,hard,A,0.95,1.0,3728.4624741021726,1.0,0,0,0.08,0.0
1270,linucb_frozen,hard,A,0.95,1.0,3523.435036636132,1.0,0,0,0.08,0.0
1271,linucb_frozen,hard,A,0.95,1.0,2960.430093780441,1.0,0,0,0.08,0.0
1272,linucb_frozen,hard,A,0.95,1.0,3274.7286613935094,1.0,0,0,0.08,0.0
1273,linucb_frozen,hard,A,0.95,1.0,3941.4387766246164,1.0,0,0,0.08,0.0
1274,linucb_frozen,hard,A,0.95,1.0,3539.348972184848,1.0,0,0,0.08,0.0
1275,linucb_frozen,hard,A,0.95,1.0,3938.067503035041,1.0,0,0,0.08,0.0
1276,linucb_frozen,hard,A,0.95,1.0,3493.526240011363,1.0,0,0,0.08,0.0
1277,linucb_frozen,hard,A,0.95,1.0,3577.2995582570497,1.0,0,0,0.08,0.0
1278,linucb_frozen,simple,D,0.85,0.37051239508824485,459.3257875802216,0.22,1,0,0.1,0.0
1279,linucb_frozen,hard,A,0.95,1.0,3439.5090009164223,1.0,0,0,0.1,0.0
1280,linucb_frozen,hard,A,0.95,1.0,3736.3718223392084,1.0,0,0,0.1,0.0
1281,linucb_frozen,hard,A,0.95,1.0,3984.7192658660088,1.0,0,0,0.1,0.0
1282,linucb_frozen,hard,A,0.95,1.0,3731.0253954373984,1.0,0,0,0.1,0.0
1283,linucb_frozen,hard,A,0.95,1.0,3498.2813098623014,1.0,0,0,0.08,0.0
1284,linucb_frozen,simple,D,0.85,0.47206747048310893,535.5658189223399,0.22,1,0,0.1,0.0
1285,linucb_frozen,hard,A,0.95,1.0,3664.8853646217685,1.0,0,0,0.1,0.0
1286,linucb_frozen,simple,D,0.85,0.6655690491421196,543.6418517462278,0.22,1,0,0.12,0.0
1287,linucb_frozen,simple,D,0.85,0.8857007632450653,726.1143523511416,0.22,1,0,0.14,0.0
1288,linucb_frozen,hard,A,0.95,0.9814719999999999,3579.744522433336,1.0,0,0,0.14,0.0
1289,linucb_frozen,hard,A,0.95,1.0,3225.315285935499,1.0,0,0,0.14,0.0
1290,linucb_frozen,hard,A,0.95,1.0,3526.5024179788297,1.0,0,0,0.14,0.0
1291,linucb_frozen,hard,A,0.95,1.0,3823.2936663968317,1.0,0,0,0.14,0.0
1292,linucb_frozen,simple,D,0.85,0.7674125614985412,686.9243809152368,0.22,0,0,0.14,0.0
1293,linucb_frozen,hard,A,0.95,1.0,3439.9033669457335,1.0,0,0,0.14,0.0
1294,linucb_frozen,hard,A,0.95,1.0,3793.4318727257473,1.0,0,0,0.14,0.0
1295,linucb_frozen,hard,A,0.95,1.0,3415.9755808893556,1.0,0,0,0.14,0.0
1296,linucb_frozen,simple,A,0.8,1.0,3814.611008546661,1.0,0,0,0.14,0.0
1297,linucb_frozen,hard,A,0.95,1.0,3543.721136969854,1.0,0,0,0.14,0.0
1298,linucb_frozen,hard,A,0.95,1.0,3314.009500174293,1.0,0,0,0.12,0.0
1299,linucb_frozen,simple,D,0.85,0.6136227862321844,542.7518627537152,0.22,1,0,0.14,0.0
1300,linucb_frozen,simple,B,0.95,0.30034757666792744,334.50079059982147,0.1,1,0,0.16,0.0
1301,linucb_frozen,hard,A,0.95,0.9814719999999999,3323.11706277972,1.0,0,0,0.16,0.0
1302,linucb_frozen,simple,A,0.8,1.0,4071.1840107275493,1.0,0,0,0.16,0.0
1303,linucb_frozen,simple,A,0.8,1.0,3845.4272067831967,1.0,0,0,0.16,0.0
1304,linucb_frozen,hard,A,0.95,1.0,3781.0989801311025,1.0,0,0,0.14,0.0
1305,linucb_frozen,hard,A,0.95,1.0,3914.203472699689,1.0,0,0,0.14,0.0
1306,linucb_frozen,hard,A,0.95,1.0,3834.9683379177295,1.0,0,0,0.14,0.0
1307,linucb_frozen,hard,A,0.95,1.0,3811.5969589873675,1.0,0,0,0.14,0.0
1308,linucb_frozen,hard,A,0.95,1.0,4116.568928891603,1.0,0,0,0.14,0.0
1309,linucb_frozen,hard,A,0.95,1.0,3931.572795167819,1.0,0,0,0.14,0.0
1310,linucb_frozen,hard,A,0.95,1.0,3673.229956072456,1.0,0,0,0.14,0.0
1311,linucb_frozen,hard,A,0.95,1.0,3698.354435524146,1.0,0,0,0.14,0.0
1312,linucb_frozen,simple,D,0.85,0.41645984727978963,463.6670380811636,0.22,1,0,0.16,0.0
1313,linucb_frozen,hard,A,0.95,1.0,3598.5585956563255,1.0,0,0,0.14,0.0
1314,linucb_frozen,hard,A,0.95,1.0,3206.756687075345,1.0,0,0,0.14,0.0
1315,linucb_frozen,hard,A,0.95,1.0,3670.1392626964307,1.0,0,0,0.14,0.0
1316,linucb_frozen,hard,A,0.95,1.0,4045.1433428400896,1.0,0,0,0.14,0.0
1317,linucb_frozen,simple,D,0.85,0.5197791534751987,571.9965598908384,0.22,1,0,0.16,0.0
1318,linucb_frozen,hard,A,0.95,1.0,3666.9544436233673,1.0,0,0,0.16,0.0
1319,linucb_frozen,simple,D,0.85,0.7025169764511938,654.5083043865994,0.22,1,0,0.18,0.0
1320,linucb_frozen,simple,D,0.85,0.9182149392770504,743.2927485836452,0.22,1,0,0.2,0.0
1321,linucb_frozen,simple,D,0.85,1.0,809.7692066061898,0.22,1,0,0.22,0.0
1322,linucb_frozen,hard,A,0.95,0.8996953599999999,3340.950226414703,1.0,0,0,0.22,0.0
1323,linucb_frozen,hard,A,0.95,1.0,3466.481051815894,1.0,0,0,0.22,0.0
1324,linucb_frozen,simple,D,0.85,0.9814719999999999,811.97881262907,0.22,1,0,0.24,0.0
1325,linucb_frozen,hard,A,0.95,1.0,3419.4314167608395,1.0,0,0,0.24,0.0
1326,linucb_frozen,hard,A,0.95,1.0,3213.573365159001,1.0,0,0,0.24,0.0
1327,linucb_frozen,hard,A,0.95,1.0,4009.7377223400927,1.0,0,0,0.24,0.0
1328,linucb_frozen,simple,D,0.85,0.8885842043699199,731.8796887257,0.22,1,0,0.24,0.0
1329,linucb_frozen,simple,D,0.85,1.0,871.0882988811398,0.22,0,0,0.24,0.0
1330,linucb_frozen,simple,D,0.85,1.0,871.2415732225232,0.22,1,0,0.26,0.0
1331,linucb_frozen,hard,A,0.95,0.8996953599999999,2908.882479475581,1.0,0,0,0.26,0.0
1332,linucb_frozen,hard,A,0.95,1.0,3330.067046597154,1.0,0,0,0.26,0.0
1333,linucb_frozen,hard,A,0.95,1.0,3565.370512544429,1.0,0,0,0.26,0.0
1334,linucb_frozen,hard,A,0.95,1.0,3741.8532322117962,1.0,0,0,0.24,0.0
1335,linucb_frozen,hard,A,0.95,1.0,3417.1573995052368,1.0,0,0,0.24,0.0
1336,linucb_frozen,hard,A,0.95,1.0,3485.721993022642,1.0,0,0,0.22,0.0
1337,linucb_frozen,hard,A,0.95,1.0,3729.3454112938716,1.0,0,0,0.2,0.0
1338,linucb_frozen,simple,B,0.95,0.302333273636091,353.85329666940186,0.1,1,0,0.22,0.0
1339,linucb_frozen,hard,A,0.95,1.0,3313.9752996803973,1.0,0,0,0.22,0.0
1340,linucb_frozen,hard,A,0.95,1.0,3846.254946070763,1.0,0,0,0.22,0.0
1341,linucb_frozen,hard,A,0.95,1.0,3470.271711596796,1.0,0,0,0.22,0.0
1342,linucb_frozen,simple,D,0.85,0.515671155821681,577.0511059830441,0.22,1,0,0.24,0.0
1343,linucb_frozen,hard,A,0.95,1.0,3307.057235704265,1.0,0,0,0.24,0.0
1344,linucb_frozen,simple,A,0.8,1.0,3587.12840419428,1.0,0,0,0.24,0.0
1345,linucb_frozen,hard,A,0.95,1.0,3088.165006777614,1.0,0,0,0.24,0.0
1346,linucb_frozen,simple,D,0.85,0.6092455994320991,610.8385270227241,0.22,0,0,0.24,0.0
1347,linucb_frozen,simple,A,0.8,1.0,3660.8869986586774,1.0,0,0,0.24,0.0
1348,linucb_frozen,hard,A,0.95,1.0,3783.5784251906243,1.0,0,0,0.24,0.0
1349,linucb_frozen,hard,A,0.95,1.0,4155.7998613362,1.0,0,0,0.22,0.0
1350,linucb_frozen,hard,A,0.95,1.0,3505.288641413934,1.0,0,0,0.2,0.0
1351,linucb_frozen,hard,A,0.95,1.0,3446.0352992852554,1.0,0,0,0.2,0.0
1352,linucb_frozen,simple,D,0.85,0.5829361462314346,568.9532087461075,0.22,1,0,0.22,0.0
1353,linucb_frozen,simple,B,0.95,0.3444350863885336,407.92911848080354,0.1,0,0,0.22,0.0
1354,linucb_frozen,simple,A,0.8,0.9814719999999999,3327.6056999316957,1.0,0,0,0.22,0.0
1355,linucb_frozen,hard,A,0.95,1.0,4030.5581800623777,1.0,0,0,0.22,0.0
1356,linucb_frozen,hard,A,0.95,1.0,3445.826919952432,1.0,0,0,0.22,0.0
1357,linucb_frozen,hard,A,0.95,1.0,3877.9731506492317,1.0,0,0,0.22,0.0
1358,linucb_frozen,simple,D,0.85,0.5707179286439936,572.7844122531044,0.22,1,0,0.24,0.0
1359,linucb_frozen,hard,A,0.95,1.0,3534.4187719700794,1.0,0,0,0.24,0.0
1360,linucb_frozen,hard,A,0.95,1.0,3787.230601181378,1.0,0,0,0.24,0.0
1361,linucb_frozen,simple,A,0.8,1.0,4255.442012979846,1.0,0,0,0.24,0.0
1362,linucb_frozen,simple,D,0.85,0.6422568936766141,612.2067084368886,0.22,1,0,0.24,0.0
1363,linucb_frozen,hard,A,0.95,1.0,2910.6992205719844,1.0,0,0,0.24,0.0
1364,linucb_frozen,simple,A,0.8,1.0,3307.695956736934,1.0,0,0,0.24,0.0
1365,linucb_frozen,hard,A,0.95,1.0,3727.3334576053194,1.0,0,0,0.24,0.0
1366,linucb_frozen,simple,A,0.8,1.0,3447.4491586676986,1.0,0,0,0.24,0.0
1367,linucb_frozen,hard,A,0.95,1.0,3814.4631599135773,1.0,0,0,0.22,0.0
1368,linucb_frozen,hard,A,0.95,1.0,4220.527059335671,1.0,0,0,0.22,0.0
1369,linucb_frozen,simple,D,0.85,0.5624747190459825,541.2108716675272,0.22,1,0,0.22,0.0
1370,linucb_frozen,hard,A,0.95,1.0,3604.2801465642824,1.0,0,0,0.2,0.0
1371,linucb_frozen,hard,A,0.95,1.0,3426.865478635496,1.0,0,0,0.18,0.0
1372,linucb_frozen,hard,A,0.95,1.0,3583.6659637069356,1.0,0,0,0.18,0.0
1373,linucb_frozen,hard,A,0.95,1.0,3592.9014591428718,1.0,0,0,0.18,0.0
1374,linucb_frozen,hard,A,0.95,1.0,3209.7661176804145,1.0,0,0,0.16,0.0
1375,linucb_frozen,hard,A,0.95,1.0,4057.8872150813577,1.0,0,0,0.16,0.0
1376,linucb_frozen,hard,A,0.95,1.0,3667.3481738684436,1.0,0,0,0.16,0.0
1377,linucb_frozen,simple,D,0.85,0.5022853282992257,540.5099485442953,0.22,1,0,0.18,0.0
1378,linucb_frozen,hard,A,0.95,1.0,3655.4794336547075,1.0,0,0,0.16,0.0
1379,linucb_frozen,hard,A,0.95,1.0,4235.154832238752,1.0,0,0,0.16,0.0
1380,linucb_frozen,simple,D,0.85,0.6422933872467299,572.1376962577525,0.22,0,0,0.14,0.0
1381,linucb_frozen,simple,B,0.95,0.3096077613129972,334.6860549836666,0.1,1,0,0.16,0.0
1382,linucb_frozen,hard,A,0.95,0.9814719999999999,2969.1312872896106,1.0,0,0,0.16,0.0
1383,linucb_frozen,simple,A,0.8,1.0,3717.297994476408,1.0,0,0,0.16,0.0
1384,linucb_frozen,hard,A,0.95,1.0,3886.176493720601,1.0,0,0,0.16,0.0
1385,linucb_frozen,hard,A,0.95,1.0,4009.8913077992775,1.0,0,0,0.16,0.0
1386,linucb_frozen,simple,D,0.85,0.5982836739517197,500.40114691464294,0.22,1,0,0.18,0.0
1387,linucb_frozen,hard,A,0.95,1.0,3720.7872899943136,1.0,0,0,0.18,0.0
1388,linucb_frozen,hard,A,0.95,1.0,3403.1331955529567,1.0,0,0,0.16,0.0
1389,linucb_frozen,simple,A,0.8,1.0,3389.112908551717,1.0,0,0,0.16,0.0
1390,linucb_frozen,hard,A,0.95,1.0,4350.793055110738,1.0,0,0,0.16,0.0
1391,linucb_frozen,hard,A,0.95,1.0,3826.747251698837,1.0,0,0,0.16,0.0
1392,linucb_frozen,hard,A,0.95,1.0,3235.238314419088,1.0,0,0,0.14,0.0
1393,linucb_frozen,hard,A,0.95,1.0,3172.8757220742873,1.0,0,0,0.14,0.0
1394,linucb_frozen,simple,D,0.85,0.5151634647805331,542.6597171826022,0.22,1,0,0.16,0.0
1395,linucb_frozen,hard,A,0.95,1.0,3508.3387458496654,1.0,0,0,0.16,0.0
1396,linucb_frozen,simple,D,0.85,0.6989425871260448,672.4469842614922,0.22,0,0,0.16,0.0
1397,linucb_frozen,hard,A,0.95,1.0,3120.0694494211452,1.0,0,0,0.16,0.0
1398,linucb_frozen,hard,A,0.95,1.0,4023.7011147212297,1.0,0,0,0.16,0.0
1399,linucb_frozen,hard,A,0.95,1.0,3817.193658712637,1.0,0,0,0.16,0.0
1400,linucb_frozen,hard,A,0.95,1.0,3531.9010591013157,1.0,0,0,0.16,0.0
1401,linucb_frozen,hard,A,0.95,1.0,3347.797611754582,1.0,0,0,0.16,0.0
1402,linucb_frozen,hard,A,0.95,1.0,3508.8280545787775,1.0,0,0,0.14,0.0
1403,linucb_frozen,simple,B,0.95,0.3185964748213742,424.9868526509665,0.1,0,0,0.14,0.0
1404,linucb_frozen,hard,A,0.95,1.0,3470.0192131337703,1.0,0,0,0.14,0.0
1405,linucb_frozen,hard,A,0.95,1.0,3733.122943032179,1.0,0,0,0.14,0.0
1406,linucb_frozen,simple,D,0.85,0.4946561926891401,587.3627268727803,0.22,0,0,0.14,0.0
1407,linucb_frozen,hard,A,0.95,1.0,3410.0042840166134,1.0,0,0,0.14,0.0
1408,linucb_frozen,hard,A,0.95,1.0,3336.403785919482,1.0,0,0,0.12,0.0
1409,linucb_frozen,hard,A,0.95,1.0,3816.3213684305238,1.0,0,0,0.12,0.0
1410,linucb_frozen,hard,A,0.95,1.0,3558.8982481047838,1.0,0,0,0.12,0.0
1411,linucb_frozen,hard,A,0.95,1.0,3734.143926955553,1.0,0,0,0.12,0.0
1412,linucb_frozen,hard,A,0.95,1.0,3500.7347739596894,1.0,0,0,0.1,0.0
1413,linucb_frozen,hard,A,0.95,1.0,3467.034137676494,1.0,0,0,0.1,0.0
1414,linucb_frozen,hard,A,0.95,1.0,3851.909445195539,1.0,0,0,0.1,0.0
1415,linucb_frozen,hard,A,0.95,1.0,3790.513566130576,1.0,0,0,0.1,0.0
1416,linucb_frozen,hard,A,0.95,1.0,3185.420557322273,1.0,0,0,0.1,0.0
1417,linucb_frozen,hard,A,0.95,1.0,3125.5357583536315,1.0,0,0,0.1,0.0
1418,linucb_frozen,simple,D,0.85,0.406683072811619,530.3089671127599,0.22,1,0,0.12,0.0
1419,linucb_frozen,hard,A,0.95,1.0,3489.1149934238983,1.0,0,0,0.1,0.0
1420,linucb_frozen,hard,A,0.95,1.0,3538.574979554197,1.0,0,0,0.1,0.0
1421,linucb_frozen,hard,A,0.95,1.0,3763.0697973174338,1.0,0,0,0.1,0.0
1422,linucb_frozen,simple,A,0.8,1.0,4145.2288869626955,1.0,0,0,0.1,0.0
1423,linucb_frozen,hard,A,0.95,1.0,3310.9518839414077,1.0,0,0,0.1,0.0
1424,linucb_frozen,hard,A,0.95,1.0,4094.678849536075,1.0,0,0,0.1,0.0
1425,linucb_frozen,hard,A,0.95,1.0,3722.3785053053552,1.0,0,0,0.1,0.0
1426,linucb_frozen,hard,A,0.95,1.0,3742.7604617011125,1.0,0,0,0.1,0.0
1427,linucb_frozen,simple,D,0.85,0.42870640080061206,479.12137608383256,0.22,1,0,0.1,0.0
1428,linucb_frozen,hard,A,0.95,1.0,3738.2027665487362,1.0,0,0,0.1,0.0
1429,linucb_frozen,hard,A,0.95,1.0,4121.99582844966,1.0,0,0,0.1,0.0
1430,linucb_frozen,simple,A,0.8,1.0,3859.375105337087,1.0,0,0,0.1,0.0
1431,linucb_frozen,hard,A,0.95,1.0,3494.3404412183036,1.0,0,0,0.08,0.0
1432,linucb_frozen,simple,D,0.85,0.526242050638936,530.3983267384303,0.22,1,0,0.1,0.0
1433,linucb_frozen,hard,A,0.95,1.0,3161.1691283527894,1.0,0,0,0.1,0.0
1434,linucb_frozen,simple,A,0.8,1.0,3797.9431781505305,1.0,0,0,0.1,0.0
1435,linucb_frozen,simple,A,0.8,1.0,3485.5807536441043,1.0,0,0,0.1,0.0
1436,linucb_frozen,hard,A,0.95,1.0,3764.9906941246477,1.0,0,0,0.08,0.0
1437,linucb_frozen,hard,A,0.95,1.0,3787.799881018818,1.0,0,0,0.08,0.0
1438,linucb_frozen,hard,A,0.95,1.0,3544.92203206577,1.0,0,0,0.08,0.0
1439,linucb_frozen,simple,D,0.85,0.5150622838797969,606.3997989176937,0.22,1,0,0.1,0.0
1440,linucb_frozen,hard,A,0.95,1.0,3496.5941289896787,1.0,0,0,0.1,0.0
1441,linucb_frozen,simple,A,0.8,1.0,3153.9694081624402,1.0,0,0,0.1,0.0
1442,linucb_frozen,hard,A,0.95,1.0,3942.1699371035634,1.0,0,0,0.1,0.0
1443,linucb_frozen,hard,A,0.95,1.0,3485.051477995759,1.0,0,0,0.1,0.0
1444,linucb_frozen,hard,A,0.95,1.0,3840.3750897656864,1.0,0,0,0.08,0.0
1445,linucb_frozen,simple,D,0.85,0.5391970295820784,532.0652662277226,0.22,1,0,0.1,0.0
1446,linucb_frozen,hard,A,0.95,1.0,3330.6626071910227,1.0,0,0,0.1,0.0
1447,linucb_frozen,simple,A,0.8,1.0,3543.0677347218257,1.0,0,0,0.1,0.0
1448,linucb_frozen,hard,A,0.95,1.0,3746.9456779386137,1.0,0,0,0.1,0.0
1449,linucb_frozen,hard,A,0.95,1.0,3698.376773536244,1.0,0,0,0.1,0.0
1450,linucb_frozen,hard,A,0.95,1.0,3722.118013049863,1.0,0,0,0.1,0.0
1451,linucb_frozen,hard,A,0.95,1.0,3477.3563619452784,1.0,0,0,0.1,0.0
1452,linucb_frozen,hard,A,0.95,1.0,4069.561603111849,1.0,0,0,0.1,0.0
1453,linucb_frozen,simple,D,0.85,0.49391386751030386,480.2119290292617,0.22,1,0,0.12,0.0
1454,linucb_frozen,hard,A,0.95,1.0,3666.4434655088407,1.0,0,0,0.12,0.0
1455,linucb_frozen,simple,D,0.85,0.6824868989999793,615.4032537328969,0.22,1,0,0.14,0.0
1456,linucb_frozen,hard,A,0.95,1.0,3583.3830412521074,1.0,0,0,0.14,0.0
1457,linucb_frozen,hard,A,0.95,1.0,4046.274706971792,1.0,0,0,0.14,0.0
1458,linucb_frozen,simple,D,0.85,0.7650957120353139,668.0335163801009,0.22,1,0,0.16,0.0
1459,linucb_frozen,hard,A,0.95,1.0,3264.1294540922536,1.0,0,0,0.16,0.0
1460,linucb_frozen,hard,A,0.95,1.0,3638.7565918496975,1.0,0,0,0.16,0.0
1461,linucb_frozen,simple,D,0.85,0.8213913050721293,569.1995150456621,0.22,1,0,0.18,0.0
1462,linucb_frozen,simple,D,0.85,1.0,795.0860613557228,0.22,1,0,0.2,0.0
1463,linucb_frozen,hard,A,0.95,0.9814719999999999,3631.5875378644396,1.0,0,0,0.2,0.0
1464,linucb_frozen,hard,A,0.95,1.0,3803.859981516697,1.0,0,0,0.2,0.0
1465,linucb_frozen,hard,A,0.95,1.0,3450.134499896546,1.0,0,0,0.2,0.0
1466,linucb_frozen,simple,D,0.85,0.8996953599999999,718.6389970668436,0.22,1,0,0.22,0.0
1467,linucb_frozen,simple,D,0.85,1.0,869.4975307137635,0.22,1,0,0.24,0.0
1468,linucb_frozen,simple,D,0.85,1.0,733.2948620923129,0.22,0,0,0.22,0.0
1469,linucb_frozen,hard,A,0.95,0.8996953599999999,2984.0267488707505,1.0,0,0,0.22,0.0
1470,linucb_frozen,simple,D,0.85,1.0,831.3755680667949,0.22,0,0,0.22,0.0
1471,linucb_frozen,hard,A,0.95,0.9967240867839999,3844.8162566240717,1.0,0,0,0.22,0.0
1472,linucb_frozen,hard,A,0.95,1.0,3112.9758939213316,1.0,0,0,0.22,0.0
1473,linucb_frozen,simple,A,0.8,1.0,3164.813318537612,1.0,0,0,0.22,0.0
1474,linucb_frozen,hard,A,0.95,1.0,3545.825364095703,1.0,0,0,0.22,0.0
1475,linucb_frozen,simple,A,0.8,1.0,3319.8855980248827,1.0,0,0,0.22,0.0
1476,linucb_frozen,simple,A,0.8,1.0,3812.4902421939687,1.0,0,0,0.22,0.0
1477,linucb_frozen,hard,A,0.95,1.0,3164.9071241114325,1.0,0,0,0.2,0.0
1478,linucb_frozen,hard,A,0.95,1.0,3963.184050552284,1.0,0,0,0.2,0.0
1479,linucb_frozen,simple,A,0.8,1.0,4334.930082782203,1.0,0,0,0.2,0.0
1480,linucb_frozen,hard,A,0.95,1.0,3733.0424677459914,1.0,0,0,0.2,0.0
1481,linucb_frozen,hard,A,0.95,1.0,3706.0698179636256,1.0,0,0,0.2,0.0
1482,linucb_frozen,hard,A,0.95,1.0,3672.3337505469913,1.0,0,0,0.18,0.0
1483,linucb_frozen,hard,A,0.95,1.0,3445.213732077696,1.0,0,0,0.18,0.0
1484,linucb_frozen,hard,A,0.95,1.0,3709.553153450953,1.0,0,0,0.18,0.0
1485,linucb_frozen,hard,A,0.95,1.0,3815.0733633038194,1.0,0,0,0.18,0.0
1486,linucb_frozen,hard,A,0.95,1.0,3538.40420735672,1.0,0,0,0.18,0.0
1487,linucb_frozen,hard,A,0.95,1.0,3030.631728625635,1.0,0,0,0.18,0.0
1488,linucb_frozen,hard,A,0.95,1.0,4281.911742321822,1.0,0,0,0.18,0.0
1489,linucb_frozen,hard,A,0.95,1.0,3283.111426489622,1.0,0,0,0.16,0.0
1490,linucb_frozen,simple,D,0.85,0.37756279363818956,458.7730011400983,0.22,1,0,0.18,0.0
1491,linucb_frozen,hard,A,0.95,1.0,3086.173538294319,1.0,0,0,0.18,0.0
1492,linucb_frozen,simple,A,0.8,1.0,3196.74439165195,1.0,0,0,0.18,0.0
1493,linucb_frozen,hard,A,0.95,1.0,3750.2879387644093,1.0,0,0,0.18,0.0
1494,linucb_frozen,simple,D,0.85,0.5264226554534598,540.4143238926182,0.22,1,0,0.2,0.0
1495,linucb_frozen,simple,B,0.95,0.30000248683404324,322.8667171832903,0.1,1,0,0.2,0.0
1496,linucb_frozen,hard,A,0.95,0.9814719999999999,3470.8601376044303,1.0,0,0,0.2,0.0
1497,linucb_frozen,hard,A,0.95,1.0,3720.250016127118,1.0,0,0,0.2,0.0
1498,linucb_frozen,hard,A,0.95,1.0,3504.156652660947,1.0,0,0,0.2,0.0
1499,linucb_frozen,simple,D,0.85,0.5778100370094004,600.9071955829347,0.22,1,0,0.22,0.0
