t,policy,task_difficulty,chosen_agent,match_score,load,latency_ms,call_cost,success,is_shock,rolling_success,reward_used_for_update
0,static_rule,hard,A,0.95,0.3,900.2073294450854,1.0,1,0,1.0,0.0
1,static_rule,hard,A,0.95,0.5640000000000001,1273.9329851968605,1.0,1,0,1.0,0.0
2,static_rule,hard,A,0.95,0.79632,1044.5948235701167,1.0,1,0,1.0,0.0
3,static_rule,hard,A,0.95,1.0,1687.236379558315,1.0,1,0,1.0,0.0
4,static_rule,simple,B,0.95,0.3,368.6205835184106,0.1,1,0,1.0,0.0
5,static_rule,hard,A,0.95,1.0,1907.9385060071504,1.0,1,0,1.0,0.0
6,static_rule,simple,B,0.95,0.53232,433.6396488815186,0.1,1,0,1.0,0.0
7,static_rule,hard,A,0.95,1.0,2013.6980925723506,1.0,1,0,1.0,0.0
8,static_rule,hard,A,0.95,1.0,1986.8880262495768,1.0,1,0,1.0,0.0
9,static_rule,hard,A,0.95,1.0,1659.8837391619845,1.0,1,0,1.0,0.0
10,static_rule,hard,A,0.95,1.0,1858.3683098755223,1.0,1,0,1.0,0.0
11,static_rule,hard,A,0.95,1.0,1750.9420169207099,1.0,1,0,1.0,0.0
12,static_rule,hard,A,0.95,1.0,2033.2569843225192,1.0,1,0,1.0,0.0
13,static_rule,hard,A,0.95,1.0,1820.7252293334518,1.0,1,0,1.0,0.0
14,static_rule,hard,A,0.95,1.0,2180.92145752464,1.0,1,0,1.0,0.0
15,static_rule,hard,A,0.95,1.0,1788.8889509793482,1.0,1,0,1.0,0.0
16,static_rule,hard,A,0.95,1.0,2067.931396333112,1.0,1,0,1.0,0.0
17,static_rule,hard,A,0.95,1.0,1916.0995977689295,1.0,1,0,1.0,0.0
18,static_rule,simple,B,0.95,0.4148060696669972,385.6558451058435,0.1,1,0,1.0,0.0
19,static_rule,hard,A,0.95,1.0,1690.173625009682,1.0,1,0,1.0,0.0
20,static_rule,simple,B,0.95,0.6212258203501226,481.5773965540178,0.1,1,0,1.0,0.0
21,static_rule,hard,A,0.95,1.0,1694.2168421559763,1.0,1,0,1.0,0.0
22,static_rule,hard,A,0.95,1.0,1778.2279070504094,1.0,1,0,1.0,0.0
23,static_rule,hard,A,0.95,1.0,1680.5599668835227,1.0,1,0,1.0,0.0
24,static_rule,simple,B,0.95,0.6725462419761622,509.169316334904,0.1,1,0,1.0,0.0
25,static_rule,hard,A,0.95,1.0,1583.6972058635574,1.0,1,0,1.0,0.0
26,static_rule,hard,A,0.95,1.0,2175.366052211765,1.0,1,0,1.0,0.0
27,static_rule,hard,A,0.95,1.0,1945.7606554555202,1.0,1,0,1.0,0.0
28,static_rule,simple,B,0.95,0.7033228606985418,474.9071325982822,0.1,0,0,0.9655172413793104,0.0
29,static_rule,hard,A,0.95,1.0,1697.1516866612026,1.0,1,0,0.9666666666666667,0.0
30,static_rule,simple,B,0.95,0.8446532233249506,567.9160930228616,0.1,0,0,0.9354838709677419,0.0
31,static_rule,simple,B,0.95,1.0,711.84089060218,0.1,1,0,0.9375,0.0
32,static_rule,hard,A,0.95,0.9814719999999999,1540.1586282563287,1.0,1,0,0.9393939393939394,0.0
33,static_rule,simple,B,0.95,1.0,705.7485041844224,0.1,1,0,0.9411764705882353,0.0
34,static_rule,hard,A,0.95,1.0,2051.501790132902,1.0,1,0,0.9428571428571428,0.0
35,static_rule,hard,A,0.95,1.0,1842.7119238124928,1.0,1,0,0.9444444444444444,0.0
36,static_rule,simple,B,0.95,0.9814719999999999,618.9613386019807,0.1,1,0,0.9459459459459459,0.0
37,static_rule,hard,A,0.95,1.0,1813.8028385522537,1.0,1,0,0.9473684210526315,0.0
38,static_rule,simple,B,0.95,1.0,709.9169117077951,0.1,1,0,0.9487179487179487,0.0
39,static_rule,hard,A,0.95,1.0,1668.8700078719007,1.0,1,0,0.95,0.0
40,static_rule,simple,B,0.95,1.0,636.9643076650734,0.1,1,0,0.9512195121951219,0.0
41,static_rule,hard,A,0.95,1.0,1861.2684319388673,1.0,1,0,0.9523809523809523,0.0
42,static_rule,hard,A,0.95,1.0,2026.3636071662768,1.0,1,0,0.9534883720930233,0.0
43,static_rule,hard,A,0.95,1.0,1851.4971639120865,1.0,1,0,0.9545454545454546,0.0
44,static_rule,hard,A,0.95,1.0,1839.353892360845,1.0,1,0,0.9555555555555556,0.0
45,static_rule,hard,A,0.95,1.0,1746.4457975567045,1.0,1,0,0.9565217391304348,0.0
46,static_rule,hard,A,0.95,1.0,1695.6058189462237,1.0,1,0,0.9574468085106383,0.0
47,static_rule,hard,A,0.95,1.0,1812.197846867103,1.0,1,0,0.9583333333333334,0.0
48,static_rule,hard,A,0.95,1.0,1835.2681663824042,1.0,1,0,0.9591836734693877,0.0
49,static_rule,hard,A,0.95,1.0,2177.8819258168146,1.0,1,0,0.96,0.0
50,static_rule,hard,A,0.95,1.0,1814.545262117395,1.0,1,0,0.96,0.0
51,static_rule,hard,A,0.95,1.0,1834.745408622719,1.0,1,0,0.96,0.0
52,static_rule,hard,A,0.95,1.0,1996.611371774753,1.0,1,0,0.96,0.0
53,static_rule,simple,B,0.95,0.48979061712307925,496.788179865558,0.1,1,0,0.96,0.0
54,static_rule,hard,A,0.95,1.0,1706.1487916982512,1.0,1,0,0.96,0.0
55,static_rule,hard,A,0.95,1.0,1970.9503422752405,1.0,1,0,0.96,0.0
56,static_rule,hard,A,0.95,1.0,1874.349340763978,1.0,1,0,0.96,0.0
57,static_rule,simple,B,0.95,0.5937251604602471,526.9536640710874,0.1,1,0,0.96,0.0
58,static_rule,hard,A,0.95,1.0,1823.369960789155,1.0,1,0,0.96,0.0
59,static_rule,hard,A,0.95,1.0,1767.9164030992856,1.0,1,0,0.96,0.0
60,static_rule,simple,B,0.95,0.7046070725491655,491.71420544860047,0.1,1,0,0.96,0.0
61,static_rule,hard,A,0.95,1.0,1678.7629217413842,1.0,1,0,0.96,0.0
62,static_rule,hard,A,0.95,1.0,1749.497416765471,1.0,1,0,0.96,0.0
63,static_rule,hard,A,0.95,1.0,2048.590254488358,1.0,1,0,0.96,0.0
64,static_rule,simple,B,0.95,0.722549592030918,501.58990092355526,0.1,0,0,0.94,0.0
65,static_rule,simple,B,0.95,0.9358436409872077,562.8427983460601,0.1,1,0,0.94,0.0
66,static_rule,hard,A,0.95,0.9814719999999999,1571.832820261364,1.0,1,0,0.94,0.0
67,static_rule,hard,A,0.95,1.0,1920.7978531158662,1.0,1,0,0.94,0.0
68,static_rule,hard,A,0.95,1.0,2081.4446001874517,1.0,1,0,0.94,0.0
69,static_rule,hard,A,0.95,1.0,1819.8225460284084,1.0,1,0,0.94,0.0
70,static_rule,hard,A,0.95,1.0,2167.5036542400194,1.0,1,0,0.94,0.0
71,static_rule,simple,B,0.95,0.7346096114652778,476.03673897001215,0.1,1,0,0.94,0.0
72,static_rule,simple,B,0.95,0.9464564580894446,599.1145943024837,0.1,1,0,0.94,0.0
73,static_rule,hard,A,0.95,0.9814719999999999,1661.674528303618,1.0,1,0,0.94,0.0
74,static_rule,hard,A,0.95,1.0,1819.8593681536995,1.0,1,0,0.94,0.0
75,static_rule,hard,A,0.95,1.0,1867.5936760943493,1.0,1,0,0.94,0.0
76,static_rule,simple,B,0.95,0.8675855463582745,567.0549541864605,0.1,1,0,0.94,0.0
77,static_rule,hard,A,0.95,1.0,1587.0914444914365,1.0,1,0,0.94,0.0
78,static_rule,hard,A,0.95,1.0,1866.467821467529,1.0,0,0,0.94,0.0
79,static_rule,hard,A,0.95,1.0,1788.8897371615858,1.0,1,0,0.94,0.0
80,static_rule,hard,A,0.95,1.0,1784.517053404948,1.0,1,0,0.96,0.0
81,static_rule,hard,A,0.95,1.0,1691.453714038428,1.0,1,0,0.96,0.0
82,static_rule,hard,A,0.95,1.0,2001.8625518428926,1.0,1,0,0.96,0.0
83,static_rule,simple,B,0.95,0.6545610405598906,496.5596963797052,0.1,1,0,0.96,0.0
84,static_rule,hard,A,0.95,1.0,1751.9695874304189,1.0,1,0,0.96,0.0
85,static_rule,hard,A,0.95,1.0,1834.863637936603,1.0,1,0,0.96,0.0
86,static_rule,simple,B,0.95,0.7460650214324298,599.4347919530612,0.1,1,0,0.96,0.0
87,static_rule,hard,A,0.95,1.0,1590.0902910555205,1.0,1,0,0.96,0.0
88,static_rule,hard,A,0.95,1.0,1871.2936173476985,1.0,1,0,0.96,0.0
89,static_rule,hard,A,0.95,1.0,1499.9603057513684,1.0,1,0,0.96,0.0
90,static_rule,hard,A,0.95,1.0,2005.7017892240383,1.0,1,0,0.96,0.0
91,static_rule,hard,A,0.95,1.0,1743.202805507353,1.0,1,0,0.96,0.0
92,static_rule,simple,B,0.95,0.646475644959813,477.59043957865526,0.1,0,0,0.94,0.0
93,static_rule,hard,A,0.95,1.0,1826.1730632586755,1.0,0,0,0.92,0.0
94,static_rule,hard,A,0.95,1.0,1924.1664444842752,1.0,1,0,0.92,0.0
95,static_rule,hard,A,0.95,1.0,2008.2194838577757,1.0,1,0,0.92,0.0
96,static_rule,simple,B,0.95,0.6876884446354072,582.9985401714637,0.1,1,0,0.92,0.0
97,static_rule,hard,A,0.95,1.0,1785.712277152627,1.0,1,0,0.92,0.0
98,static_rule,simple,B,0.95,0.8325459315256594,556.4904818665462,0.1,1,0,0.92,0.0
99,static_rule,simple,B,0.95,1.0,587.8404876559019,0.1,1,0,0.92,0.0
100,static_rule,hard,A,0.95,0.9814719999999999,1682.5095550252736,1.0,1,0,0.92,0.0
101,static_rule,simple,B,0.95,1.0,613.1519740739111,0.1,1,0,0.92,0.0
102,static_rule,hard,A,0.95,1.0,1748.2387046723484,1.0,1,0,0.92,0.0
103,static_rule,hard,A,0.95,1.0,1793.9762927111103,1.0,1,0,0.92,0.0
104,static_rule,hard,A,0.95,1.0,1845.8043026630985,1.0,1,0,0.92,0.0
105,static_rule,hard,A,0.95,1.0,1855.8274530263318,1.0,1,0,0.92,0.0
106,static_rule,hard,A,0.95,1.0,1633.029495987257,1.0,1,0,0.92,0.0
107,static_rule,hard,A,0.95,1.0,2103.6589110411915,1.0,1,0,0.92,0.0
108,static_rule,hard,A,0.95,1.0,1834.0696558111476,1.0,1,0,0.92,0.0
109,static_rule,simple,B,0.95,0.6596345248055295,491.3933221473164,0.1,0,0,0.9,0.0
110,static_rule,simple,B,0.95,0.880478381828866,537.8469180606153,0.1,1,0,0.9,0.0
111,static_rule,hard,A,0.95,0.9814719999999999,1423.90533411547,1.0,1,0,0.9,0.0
112,static_rule,hard,A,0.95,1.0,1867.040464443108,1.0,1,0,0.9,0.0
113,static_rule,hard,A,0.95,1.0,1760.9333299923192,1.0,1,0,0.9,0.0
114,static_rule,simple,B,0.95,0.8280188001630793,538.487407546435,0.1,1,0,0.92,0.0
115,static_rule,simple,B,0.95,1.0,702.99054027517,0.1,1,0,0.92,0.0
116,static_rule,hard,A,0.95,0.9814719999999999,1606.974538754715,1.0,1,0,0.92,0.0
117,static_rule,hard,A,0.95,1.0,2135.507852104569,1.0,1,0,0.92,0.0
118,static_rule,hard,A,0.95,1.0,1678.6224183389081,1.0,1,0,0.92,0.0
119,static_rule,hard,A,0.95,1.0,1945.1852198963195,1.0,1,0,0.92,0.0
120,static_rule,simple,B,0.95,0.8277319167999999,552.256787325934,0.1,1,0,0.92,0.0
121,static_rule,hard,A,0.95,1.0,1545.1602238565226,1.0,1,0,0.92,0.0
122,static_rule,simple,B,0.95,0.9409955963699199,701.3780969849814,0.1,1,0,0.92,0.0
123,static_rule,hard,A,0.95,1.0,1920.8067443602,1.0,1,0,0.92,0.0
124,static_rule,hard,A,0.95,1.0,2078.3074959943124,1.0,1,0,0.92,0.0
125,static_rule,hard,A,0.95,1.0,1636.6184871380544,1.0,1,0,0.92,0.0
126,static_rule,hard,A,0.95,1.0,1615.8084646100328,1.0,1,0,0.92,0.0
127,static_rule,simple,B,0.95,0.7965934097726569,510.621866850572,0.1,0,0,0.9,0.0
128,static_rule,simple,B,0.95,1.0,565.765487675157,0.1,1,0,0.92,0.0
129,static_rule,simple,B,0.95,1.0,728.0709113707941,0.1,0,0,0.9,0.0
130,static_rule,hard,A,0.95,0.8996953599999999,1553.9747613726672,1.0,0,0,0.88,0.0
131,static_rule,hard,A,0.95,1.0,1634.8515264959055,1.0,1,0,0.88,0.0
132,static_rule,simple,B,0.95,0.9814719999999999,612.8313819145728,0.1,1,0,0.88,0.0
133,static_rule,simple,B,0.95,1.0,749.940098043695,0.1,1,0,0.88,0.0
134,static_rule,hard,A,0.95,0.9814719999999999,1416.5013269919689,1.0,1,0,0.88,0.0
135,static_rule,hard,A,0.95,1.0,1845.918719778366,1.0,1,0,0.88,0.0
136,static_rule,hard,A,0.95,1.0,1912.3337269511162,1.0,1,0,0.88,0.0
137,static_rule,simple,B,0.95,0.8996953599999999,625.7167854370127,0.1,0,0,0.86,0.0
138,static_rule,simple,B,0.95,1.0,775.0859273921751,0.1,0,0,0.84,0.0
139,static_rule,hard,A,0.95,0.9814719999999999,1423.1355237688058,1.0,1,0,0.84,0.0
140,static_rule,hard,A,0.95,1.0,1622.2413751292288,1.0,1,0,0.84,0.0
141,static_rule,hard,A,0.95,1.0,1946.9161863567624,1.0,1,0,0.84,0.0
142,static_rule,hard,A,0.95,1.0,1680.1882943973146,1.0,1,0,0.86,0.0
143,static_rule,simple,B,0.95,0.8277319167999999,557.7356284470615,0.1,0,0,0.86,0.0
144,static_rule,hard,A,0.95,1.0,2017.0803180367202,1.0,1,0,0.86,0.0
145,static_rule,hard,A,0.95,1.0,1657.660471903332,1.0,1,0,0.86,0.0
146,static_rule,hard,A,0.95,1.0,1609.1636906446263,1.0,1,0,0.86,0.0
147,static_rule,simple,B,0.95,0.796386989828866,590.2075147134813,0.1,1,0,0.86,0.0
148,static_rule,hard,A,0.95,1.0,1758.3018903786676,1.0,1,0,0.86,0.0
149,static_rule,hard,A,0.95,1.0,1864.3477238050282,1.0,1,0,0.86,0.0
150,static_rule,simple,B,0.95,0.8427154347326571,554.9810180951768,0.1,0,0,0.84,0.0
151,static_rule,hard,A,0.95,1.0,1692.5992973998434,1.0,1,0,0.84,0.0
152,static_rule,hard,A,0.95,1.0,1886.182680200057,1.0,0,0,0.82,0.0
153,static_rule,hard,A,0.95,1.0,1847.0797129780437,1.0,1,0,0.82,0.0
154,static_rule,hard,A,0.95,1.0,1785.1908957616013,1.0,1,0,0.82,0.0
155,static_rule,hard,A,0.95,1.0,1858.9855000243736,1.0,1,0,0.82,0.0
156,static_rule,hard,A,0.95,1.0,1912.0129458259469,1.0,1,0,0.82,0.0
157,static_rule,hard,A,0.95,1.0,1568.3969439103432,1.0,1,0,0.82,0.0
158,static_rule,hard,A,0.95,1.0,1939.4932515734024,1.0,1,0,0.82,0.0
159,static_rule,hard,A,0.95,1.0,1775.5550314515433,1.0,1,0,0.84,0.0
160,static_rule,hard,A,0.95,1.0,1751.0450566034299,1.0,1,0,0.84,0.0
161,static_rule,hard,A,0.95,1.0,1697.2225770127914,1.0,1,0,0.84,0.0
162,static_rule,hard,A,0.95,1.0,1882.3689891779313,1.0,1,0,0.84,0.0
163,static_rule,simple,B,0.95,0.45993948241705507,461.65229582947876,0.1,1,0,0.84,0.0
164,static_rule,simple,B,0.95,0.7047467445270085,479.0357371842027,0.1,0,0,0.82,0.0
165,static_rule,hard,A,0.95,0.9814719999999999,1770.6700117137052,1.0,1,0,0.82,0.0
166,static_rule,hard,A,0.95,1.0,1862.7458509449564,1.0,1,0,0.82,0.0
167,static_rule,hard,A,0.95,1.0,2089.364357215288,1.0,1,0,0.82,0.0
168,static_rule,hard,A,0.95,1.0,1809.0736260510232,1.0,1,0,0.82,0.0
169,static_rule,hard,A,0.95,1.0,1724.7565454093053,1.0,1,0,0.82,0.0
170,static_rule,simple,B,0.95,0.6272872683060623,459.6582684981056,0.1,1,0,0.82,0.0
171,static_rule,hard,A,0.95,1.0,1802.4860530078074,1.0,1,0,0.82,0.0
172,static_rule,hard,A,0.95,1.0,1944.3453420004842,1.0,1,0,0.82,0.0
173,static_rule,simple,B,0.95,0.7274787093070689,588.7773613850001,0.1,1,0,0.82,0.0
174,static_rule,simple,B,0.95,0.9401812641902207,682.1141398904546,0.1,1,0,0.82,0.0
175,static_rule,hard,A,0.95,0.9814719999999999,1664.316364026354,1.0,1,0,0.82,0.0
176,static_rule,hard,A,0.95,1.0,1949.5446846284754,1.0,1,0,0.82,0.0
177,static_rule,hard,A,0.95,1.0,1774.8849686383717,1.0,1,0,0.84,0.0
178,static_rule,hard,A,0.95,1.0,1948.5524869683816,1.0,1,0,0.84,0.0
179,static_rule,hard,A,0.95,1.0,1938.2774705664044,1.0,1,0,0.86,0.0
180,static_rule,simple,B,0.95,0.7366240214076861,528.5576468794998,0.1,1,0,0.88,0.0
181,static_rule,hard,A,0.95,1.0,1428.1922976977587,1.0,1,0,0.88,0.0
182,static_rule,simple,B,0.95,0.870441642178112,550.5843619505874,0.1,1,0,0.88,0.0
183,static_rule,hard,A,0.95,1.0,1626.2147645289783,1.0,1,0,0.88,0.0
184,static_rule,hard,A,0.95,1.0,1845.5269635539696,1.0,1,0,0.88,0.0
185,static_rule,hard,A,0.95,1.0,1828.0883934995875,1.0,1,0,0.88,0.0
186,static_rule,simple,B,0.95,0.821999813964994,535.6480092459828,0.1,1,0,0.88,0.0
187,static_rule,hard,A,0.95,1.0,1717.2399030676045,1.0,1,0,0.9,0.0
188,static_rule,hard,A,0.95,1.0,1716.2745609890799,1.0,1,0,0.92,0.0
189,static_rule,hard,A,0.95,1.0,1968.3679546759681,1.0,1,0,0.92,0.0
190,static_rule,hard,A,0.95,1.0,1605.8685414772865,1.0,1,0,0.92,0.0
191,static_rule,hard,A,0.95,1.0,2080.253895876515,1.0,1,0,0.92,0.0
192,static_rule,hard,A,0.95,1.0,1866.3799373057693,1.0,1,0,0.92,0.0
193,static_rule,simple,B,0.95,0.6359312641881073,453.56914291694693,0.1,1,0,0.94,0.0
194,static_rule,hard,A,0.95,1.0,1819.118760384242,1.0,1,0,0.94,0.0
195,static_rule,simple,B,0.95,0.7924651709872703,548.8105987184638,0.1,1,0,0.94,0.0
196,static_rule,hard,A,0.95,1.0,1644.4428460799043,1.0,1,0,0.94,0.0
197,static_rule,hard,A,0.95,1.0,1932.4221670427723,1.0,1,0,0.94,0.0
198,static_rule,simple,B,0.95,0.8400428250030372,682.1567990005334,0.1,1,0,0.94,0.0
199,static_rule,simple,B,0.95,1.0,731.5758297119893,0.1,1,0,0.94,0.0
200,static_rule,simple,B,0.95,1.0,734.692904044358,0.1,1,0,0.96,0.0
201,static_rule,simple,B,0.95,1.0,830.8485952861801,0.1,1,0,0.96,0.0
202,static_rule,simple,B,0.95,1.0,815.2145352181615,0.1,1,0,0.98,0.0
203,static_rule,hard,A,0.95,0.764404086784,1409.3493683474635,1.0,0,0,0.96,0.0
204,static_rule,hard,A,0.95,0.9726755963699198,1455.506690904471,1.0,1,0,0.96,0.0
205,static_rule,hard,A,0.95,1.0,2064.3380362553758,1.0,1,0,0.96,0.0
206,static_rule,hard,A,0.95,1.0,1806.967600315371,1.0,1,0,0.96,0.0
207,static_rule,hard,A,0.95,1.0,1923.8047001746984,1.0,1,0,0.96,0.0
208,static_rule,hard,A,0.95,1.0,2046.1572978650006,1.0,1,0,0.96,0.0
209,static_rule,simple,B,0.95,0.70867559636992,540.6391791939733,0.1,1,0,0.96,0.0
210,static_rule,hard,A,0.95,1.0,1641.16195764083,1.0,1,0,0.96,0.0
211,static_rule,simple,B,0.95,0.848798381828866,523.1879793998451,0.1,1,0,0.96,0.0
212,static_rule,hard,A,0.95,1.0,1839.4703518652616,1.0,1,0,0.96,0.0
213,static_rule,hard,A,0.95,1.0,1981.9202957387324,1.0,1,0,0.96,0.0
214,static_rule,simple,B,0.95,0.878432330861681,657.2156668751485,0.1,0,0,0.96,0.0
215,static_rule,simple,B,0.95,1.0,650.3158310378396,0.1,1,0,0.96,0.0
216,static_rule,hard,A,0.95,0.9814719999999999,1791.7230249622407,1.0,1,0,0.96,0.0
217,static_rule,simple,B,0.95,1.0,669.7857741583903,0.1,1,0,0.96,0.0
218,static_rule,hard,A,0.95,1.0,1744.3591385359623,1.0,1,0,0.96,0.0
219,static_rule,hard,A,0.95,1.0,1933.7123374538994,1.0,1,0,0.96,0.0
220,static_rule,simple,B,0.95,0.9814719999999999,676.6143241438833,0.1,1,0,0.96,0.0
221,static_rule,hard,A,0.95,1.0,1908.473291405371,1.0,1,0,0.96,0.0
222,static_rule,hard,A,0.95,1.0,1861.5179970154336,1.0,1,0,0.96,0.0
223,static_rule,simple,B,0.95,0.9688456867839998,613.6328519573889,0.1,0,0,0.94,0.0
224,static_rule,hard,A,0.95,1.0,1739.0243702749417,1.0,1,0,0.94,0.0
225,static_rule,hard,A,0.95,1.0,1864.4145450592787,1.0,1,0,0.94,0.0
226,static_rule,hard,A,0.95,1.0,2069.276813990825,1.0,1,0,0.94,0.0
227,static_rule,simple,B,0.95,0.881012262920378,602.9206357321889,0.1,0,0,0.92,0.0
228,static_rule,hard,A,0.95,1.0,1830.7750547355472,1.0,1,0,0.92,0.0
229,static_rule,simple,B,0.95,0.9822558964055408,641.132731677009,0.1,1,0,0.92,0.0
230,static_rule,hard,A,0.95,1.0,1584.9583021398994,1.0,1,0,0.92,0.0
231,static_rule,hard,A,0.95,1.0,1757.975021094973,1.0,1,0,0.92,0.0
232,static_rule,hard,A,0.95,1.0,1632.4592482410633,1.0,1,0,0.92,0.0
233,static_rule,hard,A,0.95,1.0,1700.813215211501,1.0,1,0,0.92,0.0
234,static_rule,hard,A,0.95,1.0,1875.0493510764406,1.0,0,0,0.9,0.0
235,static_rule,hard,A,0.95,1.0,1973.3089179094839,1.0,1,0,0.9,0.0
236,static_rule,simple,B,0.95,0.7014240142514048,529.136793484447,0.1,1,0,0.9,0.0
237,static_rule,hard,A,0.95,1.0,1964.820511820077,1.0,1,0,0.9,0.0
238,static_rule,hard,A,0.95,1.0,1920.9315643994792,1.0,1,0,0.9,0.0
239,static_rule,hard,A,0.95,1.0,1629.5136071861439,1.0,1,0,0.9,0.0
240,static_rule,hard,A,0.95,1.0,1985.0529388342318,1.0,1,0,0.9,0.0
241,static_rule,hard,A,0.95,1.0,1849.4639193072367,1.0,1,0,0.9,0.0
242,static_rule,hard,A,0.95,1.0,1701.333962857333,1.0,1,0,0.9,0.0
243,static_rule,simple,B,0.95,0.5866548773323761,452.4901844544388,0.1,1,0,0.9,0.0
244,static_rule,hard,A,0.95,1.0,1865.8678778021363,1.0,1,0,0.9,0.0
245,static_rule,simple,B,0.95,0.7543055370061921,488.13770055278223,0.1,1,0,0.9,0.0
246,static_rule,hard,A,0.95,1.0,1624.352101140821,1.0,1,0,0.9,0.0
247,static_rule,hard,A,0.95,1.0,1822.6951269206827,1.0,1,0,0.9,0.0
248,static_rule,hard,A,0.95,1.0,1861.5484010162886,1.0,1,0,0.9,0.0
249,static_rule,hard,A,0.95,1.0,1924.872234776168,1.0,1,0,0.9,0.0
250,static_rule,hard,A,0.95,1.0,1744.8318622594484,1.0,0,0,0.88,0.0
251,static_rule,simple,B,0.95,0.6503025740694753,535.1403058791624,0.1,1,0,0.88,0.0
252,static_rule,hard,A,0.95,1.0,1630.7799705645093,1.0,1,0,0.88,0.0
253,static_rule,hard,A,0.95,1.0,1677.4747693619433,1.0,1,0,0.9,0.0
254,static_rule,simple,B,0.95,0.7431629957562735,574.873036621508,0.1,1,0,0.9,0.0
255,static_rule,simple,B,0.95,0.9539834362655206,650.6408188682835,0.1,1,0,0.9,0.0
256,static_rule,hard,A,0.95,0.9814719999999999,1648.8415674850753,1.0,0,0,0.88,0.0
257,static_rule,hard,A,0.95,1.0,1808.0638378330189,1.0,1,0,0.88,0.0
258,static_rule,hard,A,0.95,1.0,1909.8612224672931,1.0,1,0,0.88,0.0
259,static_rule,simple,B,0.95,0.8720994402452884,669.615925207837,0.1,1,0,0.88,0.0
260,static_rule,simple,B,0.95,1.0,670.7686016012016,0.1,1,0,0.88,0.0
261,static_rule,simple,B,0.95,1.0,658.2981975290256,0.1,1,0,0.88,0.0
262,static_rule,hard,A,0.95,0.8996953599999999,1403.2217227547308,1.0,1,0,0.88,0.0
263,static_rule,hard,A,0.95,1.0,1696.6648097473226,1.0,1,0,0.88,0.0
264,static_rule,simple,B,0.95,0.9814719999999999,719.8882287332762,0.1,1,0,0.9,0.0
265,static_rule,simple,B,0.95,1.0,687.5950286174688,0.1,1,0,0.9,0.0
266,static_rule,hard,A,0.95,0.9814719999999999,1407.429173387353,1.0,1,0,0.9,0.0
267,static_rule,simple,B,0.95,1.0,686.7470821666507,0.1,0,0,0.88,0.0
268,static_rule,hard,A,0.95,1.0,1753.5371562562393,1.0,1,0,0.88,0.0
269,static_rule,hard,A,0.95,1.0,1612.08049463879,1.0,1,0,0.88,0.0
270,static_rule,simple,B,0.95,0.9814719999999999,640.8052568696103,0.1,1,0,0.88,0.0
271,static_rule,hard,A,0.95,1.0,1982.8284198681863,1.0,1,0,0.88,0.0
272,static_rule,hard,A,0.95,1.0,1999.5896859892553,1.0,1,0,0.88,0.0
273,static_rule,simple,B,0.95,0.9688456867839998,714.4527750669595,0.1,1,0,0.9,0.0
274,static_rule,hard,A,0.95,1.0,1586.232202872282,1.0,1,0,0.9,0.0
275,static_rule,hard,A,0.95,1.0,1702.366047423466,1.0,1,0,0.9,0.0
276,static_rule,hard,A,0.95,1.0,2062.7450256376123,1.0,1,0,0.9,0.0
277,static_rule,hard,A,0.95,1.0,1882.5795690829316,1.0,1,0,0.92,0.0
278,static_rule,hard,A,0.95,1.0,1630.6833866015895,1.0,1,0,0.92,0.0
279,static_rule,hard,A,0.95,1.0,1889.0940085375962,1.0,1,0,0.92,0.0
280,static_rule,simple,B,0.95,0.6959435888368758,621.4607091422721,0.1,1,0,0.92,0.0
281,static_rule,hard,A,0.95,1.0,1551.6541649173987,1.0,1,0,0.92,0.0
282,static_rule,hard,A,0.95,1.0,2308.970481386314,1.0,1,0,0.92,0.0
283,static_rule,hard,A,0.95,1.0,1925.46249086091,1.0,1,0,0.92,0.0
284,static_rule,hard,A,0.95,1.0,1778.8870512180615,1.0,1,0,0.94,0.0
285,static_rule,simple,B,0.95,0.6672716441215556,505.4065058397037,0.1,1,0,0.94,0.0
286,static_rule,simple,B,0.95,0.8871990468269688,573.8793562992994,0.1,1,0,0.94,0.0
287,static_rule,hard,A,0.95,0.9814719999999999,1467.6229605732472,1.0,1,0,0.94,0.0
288,static_rule,hard,A,0.95,1.0,1811.4695450978836,1.0,1,0,0.94,0.0
289,static_rule,hard,A,0.95,1.0,1777.2442843640065,1.0,1,0,0.94,0.0
290,static_rule,hard,A,0.95,1.0,1833.7210927689143,1.0,1,0,0.94,0.0
291,static_rule,simple,B,0.95,0.7682032535651292,573.9954447197694,0.1,1,0,0.94,0.0
292,static_rule,hard,A,0.95,1.0,1461.9838678169897,1.0,1,0,0.94,0.0
293,static_rule,hard,A,0.95,1.0,1697.6300125973098,1.0,1,0,0.94,0.0
294,static_rule,simple,B,0.95,0.8235090076135356,535.7788638490584,0.1,1,0,0.94,0.0
295,static_rule,hard,A,0.95,1.0,1323.7094323320193,1.0,1,0,0.94,0.0
296,static_rule,hard,A,0.95,1.0,1657.2483712978162,1.0,1,0,0.94,0.0
297,static_rule,hard,A,0.95,1.0,1592.919173570917,1.0,1,0,0.94,0.0
298,static_rule,hard,A,0.95,1.0,1876.1002571898848,1.0,1,0,0.94,0.0
299,static_rule,simple,B,0.95,0.7345919870899569,623.3962870769504,0.1,1,0,0.94,0.0
300,static_rule,simple,B,0.95,0.9464409486391621,625.5332505315331,0.1,1,0,0.96,0.0
301,static_rule,hard,A,0.95,0.9814719999999999,1683.88919505885,1.0,1,0,0.96,0.0
302,static_rule,simple,B,0.95,1.0,582.1131424377033,0.1,1,0,0.96,0.0
303,static_rule,hard,A,0.95,1.0,1850.9909589762199,1.0,1,0,0.96,0.0
304,static_rule,hard,A,0.95,1.0,2059.4952020880746,1.0,1,0,0.96,0.0
305,static_rule,hard,A,0.95,1.0,1985.9969854858948,1.0,1,0,0.96,0.0
306,static_rule,hard,A,0.95,1.0,1792.9871994026428,1.0,1,0,0.98,0.0
307,static_rule,simple,B,0.95,0.8277319167999999,580.0066095861388,0.1,1,0,0.98,0.0
308,static_rule,simple,B,0.95,1.0,588.3709448378694,0.1,1,0,0.98,0.0
309,static_rule,simple,B,0.95,1.0,728.7714365222851,0.1,0,0,0.96,0.0
310,static_rule,simple,B,0.95,1.0,810.0350520418,0.1,1,0,0.96,0.0
311,static_rule,hard,A,0.95,0.8277319167999999,1596.491099845735,1.0,1,0,0.96,0.0
312,static_rule,hard,A,0.95,1.0,1573.3643591568696,1.0,1,0,0.96,0.0
313,static_rule,hard,A,0.95,1.0,1936.247472793789,1.0,1,0,0.96,0.0
314,static_rule,simple,B,0.95,0.8996953599999999,635.2824440276981,0.1,1,0,0.96,0.0
315,static_rule,simple,B,0.95,1.0,675.2995023769028,0.1,1,0,0.96,0.0
316,static_rule,hard,A,0.95,0.9814719999999999,1701.4687180749115,1.0,1,0,0.96,0.0
317,static_rule,hard,A,0.95,1.0,1790.9399727937264,1.0,1,0,0.98,0.0
318,static_rule,hard,A,0.95,1.0,1858.5761928681336,1.0,1,0,0.98,0.0
319,static_rule,simple,B,0.95,0.8996953599999999,569.8535792525638,0.1,1,0,0.98,0.0
320,static_rule,simple,B,0.95,1.0,560.9326230201434,0.1,1,0,0.98,0.0
321,static_rule,simple,B,0.95,1.0,689.0946325602386,0.1,1,0,0.98,0.0
322,static_rule,simple,B,0.95,1.0,769.6393568835684,0.1,1,0,0.98,0.0
323,static_rule,simple,B,0.95,1.0,699.012462861536,0.1,1,0,0.98,0.0
324,static_rule,hard,A,0.95,0.764404086784,1500.1208889665793,1.0,1,0,0.98,0.0
325,static_rule,simple,B,0.95,1.0,664.114055202797,0.1,0,0,0.96,0.0
326,static_rule,hard,A,0.95,0.8919545248055296,1631.0542867402974,1.0,1,0,0.96,0.0
327,static_rule,simple,B,0.95,1.0,717.5792387589213,0.1,1,0,0.96,0.0
328,static_rule,simple,B,0.95,1.0,693.169236705793,0.1,0,0,0.94,0.0
329,static_rule,simple,B,0.95,1.0,751.6045468772243,0.1,1,0,0.94,0.0
330,static_rule,simple,B,0.95,1.0,659.6843858603979,0.1,0,0,0.92,0.0
331,static_rule,hard,A,0.95,0.7707128710740552,1284.364068065927,1.0,1,0,0.92,0.0
332,static_rule,simple,B,0.95,1.0,663.2773328416082,0.1,1,0,0.92,0.0
333,static_rule,hard,A,0.95,0.8968400473597484,1466.8353298328502,1.0,0,0,0.9,0.0
334,static_rule,simple,B,0.95,1.0,676.8882638616201,0.1,1,0,0.9,0.0
335,static_rule,simple,B,0.95,1.0,742.544953362937,0.1,0,0,0.88,0.0
336,static_rule,hard,A,0.95,0.9111713807543425,1552.6363664069702,1.0,1,0,0.88,0.0
337,static_rule,simple,B,0.95,1.0,651.5809111721281,0.1,1,0,0.88,0.0
338,static_rule,hard,A,0.95,1.0,1597.7157964220833,1.0,1,0,0.88,0.0
339,static_rule,hard,A,0.95,1.0,1669.5093591238176,1.0,1,0,0.88,0.0
340,static_rule,simple,B,0.95,0.9814719999999999,621.3108598063455,0.1,1,0,0.88,0.0
341,static_rule,hard,A,0.95,1.0,1850.422960759337,1.0,1,0,0.88,0.0
342,static_rule,hard,A,0.95,1.0,1869.4969587899047,1.0,1,0,0.88,0.0
343,static_rule,hard,A,0.95,1.0,1692.0080642485414,1.0,1,0,0.88,0.0
344,static_rule,hard,A,0.95,1.0,1869.421400242553,1.0,1,0,0.88,0.0
345,static_rule,simple,B,0.95,0.8179540998455295,568.1247843955657,0.1,1,0,0.88,0.0
346,static_rule,simple,B,0.95,1.0,607.6036973517408,0.1,1,0,0.88,0.0
347,static_rule,hard,A,0.95,0.9814719999999999,1621.7411662546472,1.0,1,0,0.88,0.0
348,static_rule,hard,A,0.95,1.0,1528.1411168543939,1.0,1,0,0.88,0.0
349,static_rule,hard,A,0.95,1.0,1877.8865678661878,1.0,1,0,0.88,0.0
350,static_rule,simple,B,0.95,0.8996953599999999,622.9602177572152,0.1,1,0,0.88,0.0
351,static_rule,hard,A,0.95,1.0,1751.2379405474887,1.0,1,0,0.88,0.0
352,static_rule,simple,B,0.95,0.9967240867839999,634.4729450538856,0.1,0,0,0.86,0.0
353,static_rule,hard,A,0.95,1.0,1523.1674626001884,1.0,1,0,0.86,0.0
354,static_rule,simple,B,0.95,1.0,631.8208154418438,0.1,1,0,0.86,0.0
355,static_rule,hard,A,0.95,1.0,1780.4818033361073,1.0,1,0,0.86,0.0
356,static_rule,simple,B,0.95,1.0,638.5527563003026,0.1,1,0,0.86,0.0
357,static_rule,hard,A,0.95,1.0,1750.7869665443789,1.0,1,0,0.86,0.0
358,static_rule,hard,A,0.95,1.0,2014.3696918362255,1.0,1,0,0.86,0.0
359,static_rule,hard,A,0.95,1.0,1855.0577821102675,1.0,1,0,0.88,0.0
360,static_rule,simple,B,0.95,0.8996953599999999,599.709249174522,0.1,1,0,0.88,0.0
361,static_rule,hard,A,0.95,1.0,1805.1207116317948,1.0,1,0,0.88,0.0
362,static_rule,hard,A,0.95,1.0,1799.2144751559085,1.0,0,0,0.86,0.0
363,static_rule,hard,A,0.95,1.0,1802.2883616080624,1.0,1,0,0.86,0.0
364,static_rule,hard,A,0.95,1.0,1664.5959392653326,1.0,1,0,0.86,0.0
365,static_rule,hard,A,0.95,1.0,1857.2035945972448,1.0,1,0,0.86,0.0
366,static_rule,hard,A,0.95,1.0,1872.4940718426037,1.0,1,0,0.86,0.0
367,static_rule,simple,B,0.95,0.6676835377992498,485.4319638311923,0.1,1,0,0.86,0.0
368,static_rule,hard,A,0.95,1.0,1996.0393680728093,1.0,1,0,0.86,0.0
369,static_rule,simple,B,0.95,0.817054131671739,484.08185329115594,0.1,1,0,0.86,0.0
370,static_rule,hard,A,0.95,1.0,1546.5492373957698,1.0,1,0,0.86,0.0
371,static_rule,simple,B,0.95,0.9327267195665947,671.834239159214,0.1,1,0,0.86,0.0
372,static_rule,simple,B,0.95,1.0,653.4736801406883,0.1,1,0,0.86,0.0
373,static_rule,hard,A,0.95,0.9814719999999999,1438.6010511935071,1.0,1,0,0.86,0.0
374,static_rule,hard,A,0.95,1.0,1803.165802871107,1.0,1,0,0.86,0.0
375,static_rule,hard,A,0.95,1.0,1785.4640051919412,1.0,1,0,0.88,0.0
376,static_rule,hard,A,0.95,1.0,1713.7955649323562,1.0,1,0,0.88,0.0
377,static_rule,hard,A,0.95,1.0,1828.3217962873307,1.0,1,0,0.88,0.0
378,static_rule,hard,A,0.95,1.0,1902.3216990703024,1.0,1,0,0.9,0.0
379,static_rule,simple,B,0.95,0.70867559636992,575.7293767887874,0.1,1,0,0.9,0.0
380,static_rule,simple,B,0.95,0.9236345248055295,616.7239746897393,0.1,1,0,0.92,0.0
381,static_rule,hard,A,0.95,0.9814719999999999,1587.9080590102426,1.0,0,0,0.9,0.0
382,static_rule,hard,A,0.95,1.0,1961.1540651656035,1.0,1,0,0.9,0.0
383,static_rule,hard,A,0.95,1.0,1616.6504297271517,1.0,1,0,0.92,0.0
384,static_rule,hard,A,0.95,1.0,1772.4587324874012,1.0,1,0,0.92,0.0
385,static_rule,hard,A,0.95,1.0,2134.0986071358975,1.0,1,0,0.94,0.0
386,static_rule,hard,A,0.95,1.0,1933.0745729572845,1.0,1,0,0.94,0.0
387,static_rule,hard,A,0.95,1.0,1732.6327345749414,1.0,1,0,0.94,0.0
388,static_rule,simple,B,0.95,0.6321708634224178,511.30056041708326,0.1,1,0,0.94,0.0
389,static_rule,hard,A,0.95,1.0,1781.093410999859,1.0,1,0,0.94,0.0
390,static_rule,simple,B,0.95,0.7895531166343204,509.73888296840244,0.1,1,0,0.94,0.0
391,static_rule,hard,A,0.95,1.0,1718.0388973234237,1.0,1,0,0.94,0.0
392,static_rule,hard,A,0.95,1.0,2044.9877445435432,1.0,1,0,0.94,0.0
393,static_rule,hard,A,0.95,1.0,1904.2159101427053,1.0,1,0,0.94,0.0
394,static_rule,hard,A,0.95,1.0,1696.9881558866641,1.0,1,0,0.94,0.0
395,static_rule,hard,A,0.95,1.0,2055.8552423200995,1.0,1,0,0.94,0.0
396,static_rule,hard,A,0.95,1.0,1657.831621330197,1.0,1,0,0.94,0.0
397,static_rule,hard,A,0.95,1.0,1627.4675874793552,1.0,0,0,0.92,0.0
398,static_rule,hard,A,0.95,1.0,2032.8405019976874,1.0,1,0,0.92,0.0
399,static_rule,hard,A,0.95,1.0,2047.6182178763588,1.0,1,0,0.92,0.0
400,static_rule,hard,A,0.95,1.0,1764.5548850091286,1.0,0,0,0.9,0.0
401,static_rule,hard,A,0.95,1.0,1922.3477492702873,1.0,1,0,0.9,0.0
402,static_rule,hard,A,0.95,1.0,1707.9963393730109,1.0,1,0,0.92,0.0
403,static_rule,simple,B,0.95,0.4498497732574783,431.71824321240314,0.1,1,0,0.92,0.0
404,static_rule,simple,B,0.95,0.6958678004665809,514.7036918767783,0.1,1,0,0.92,0.0
405,static_rule,hard,A,0.95,0.9814719999999999,1654.4226600457262,1.0,1,0,0.92,0.0
406,static_rule,hard,A,0.95,1.0,1669.5272858918268,1.0,1,0,0.92,0.0
407,static_rule,hard,A,0.95,1.0,1924.2995625749681,1.0,1,0,0.92,0.0
408,static_rule,hard,A,0.95,1.0,1754.0296603196366,1.0,1,0,0.92,0.0
409,static_rule,hard,A,0.95,1.0,1675.0069949091867,1.0,1,0,0.92,0.0
410,static_rule,simple,B,0.95,0.6231638503980732,491.11424574200936,0.1,1,0,0.92,0.0
411,static_rule,simple,B,0.95,0.8483841883503045,626.4184834546413,0.1,1,0,0.92,0.0
412,static_rule,hard,A,0.95,0.9814719999999999,1415.2505227869678,1.0,1,0,0.94,0.0
413,static_rule,hard,A,0.95,1.0,1687.0891409946355,1.0,1,0,0.94,0.0
414,static_rule,hard,A,0.95,1.0,1829.0234707179702,1.0,1,0,0.94,0.0
415,static_rule,hard,A,0.95,1.0,1761.7008402293204,1.0,1,0,0.94,0.0
416,static_rule,hard,A,0.95,1.0,1860.6813445138853,1.0,1,0,0.94,0.0
417,static_rule,hard,A,0.95,1.0,1990.1988575415212,1.0,1,0,0.94,0.0
418,static_rule,simple,B,0.95,0.6467139141248712,476.2709251597213,0.1,1,0,0.94,0.0
419,static_rule,hard,A,0.95,1.0,1661.460979731603,1.0,1,0,0.94,0.0
420,static_rule,hard,A,0.95,1.0,2025.4791841069148,1.0,1,0,0.94,0.0
421,static_rule,hard,A,0.95,1.0,1967.685436161698,1.0,1,0,0.94,0.0
422,static_rule,hard,A,0.95,1.0,1828.1378535698905,1.0,1,0,0.94,0.0
423,static_rule,hard,A,0.95,1.0,1727.0624034450302,1.0,1,0,0.94,0.0
424,static_rule,hard,A,0.95,1.0,1624.562581735118,1.0,1,0,0.94,0.0
425,static_rule,hard,A,0.95,1.0,1850.722505015333,1.0,1,0,0.94,0.0
426,static_rule,hard,A,0.95,1.0,1853.5671700314058,1.0,1,0,0.94,0.0
427,static_rule,hard,A,0.95,1.0,1819.1626521802466,1.0,1,0,0.94,0.0
428,static_rule,simple,B,0.95,0.48011045628263727,469.72009234491,0.1,1,0,0.94,0.0
429,static_rule,simple,B,0.95,0.7224972015287208,496.696072989482,0.1,1,0,0.94,0.0
430,static_rule,hard,A,0.95,0.9814719999999999,1580.5758562459685,1.0,1,0,0.94,0.0
431,static_rule,hard,A,0.95,1.0,1607.6541692861056,1.0,1,0,0.96,0.0
432,static_rule,hard,A,0.95,1.0,1924.321053051178,1.0,1,0,0.96,0.0
433,static_rule,simple,B,0.95,0.7332782193697587,537.066503895482,0.1,1,0,0.96,0.0
434,static_rule,hard,A,0.95,1.0,1791.6728869689484,1.0,1,0,0.96,0.0
435,static_rule,hard,A,0.95,1.0,1967.039447309703,1.0,1,0,0.96,0.0
436,static_rule,hard,A,0.95,1.0,1814.2175070482538,1.0,1,0,0.96,0.0
437,static_rule,simple,B,0.95,0.7397435457451064,614.4636387499775,0.1,1,0,0.96,0.0
438,static_rule,hard,A,0.95,1.0,1542.0504719094286,1.0,1,0,0.96,0.0
439,static_rule,simple,B,0.95,0.8728574018250104,598.3096466090853,0.1,0,0,0.94,0.0
440,static_rule,hard,A,0.95,1.0,1757.9187187546072,1.0,1,0,0.94,0.0
441,static_rule,simple,B,0.95,0.975940771973288,570.2448787254209,0.1,1,0,0.94,0.0
442,static_rule,hard,A,0.95,1.0,1770.1535359976774,1.0,1,0,0.94,0.0
443,static_rule,simple,B,0.95,1.0,667.7056349460372,0.1,1,0,0.94,0.0
444,static_rule,simple,B,0.95,1.0,678.6688504395879,0.1,1,0,0.94,0.0
445,static_rule,hard,A,0.95,0.9814719999999999,1644.7072416411324,1.0,1,0,0.94,0.0
446,static_rule,simple,B,0.95,1.0,706.6646743592983,0.1,1,0,0.94,0.0
447,static_rule,hard,A,0.95,1.0,1640.023285376038,1.0,1,0,0.96,0.0
448,static_rule,simple,B,0.95,1.0,694.7576324606041,0.1,0,0,0.94,0.0
449,static_rule,hard,A,0.95,1.0,1801.8096779252041,1.0,1,0,0.94,0.0
450,static_rule,simple,B,0.95,1.0,712.1134381539721,0.1,1,0,0.96,0.0
451,static_rule,simple,B,0.95,1.0,667.1360922025196,0.1,1,0,0.96,0.0
452,static_rule,hard,A,0.95,0.9814719999999999,1791.4225564123344,1.0,1,0,0.96,0.0
453,static_rule,hard,A,0.95,1.0,1748.8860180310248,1.0,1,0,0.96,0.0
454,static_rule,hard,A,0.95,1.0,1885.6257874643352,1.0,1,0,0.96,0.0
455,static_rule,hard,A,0.95,1.0,2178.179044426743,1.0,1,0,0.96,0.0
456,static_rule,simple,B,0.95,0.8277319167999999,536.237242475487,0.1,1,0,0.96,0.0
457,static_rule,hard,A,0.95,1.0,1793.8022264104654,1.0,1,0,0.96,0.0
458,static_rule,hard,A,0.95,1.0,1895.5035737431685,1.0,1,0,0.96,0.0
459,static_rule,hard,A,0.95,1.0,1925.9658463417213,1.0,1,0,0.96,0.0
460,static_rule,hard,A,0.95,1.0,1765.4383917652608,1.0,1,0,0.96,0.0
461,static_rule,hard,A,0.95,1.0,1875.7694658033683,1.0,1,0,0.96,0.0
462,static_rule,hard,A,0.95,1.0,1842.5539453505203,1.0,1,0,0.96,0.0
463,static_rule,hard,A,0.95,1.0,1770.8771494985854,1.0,1,0,0.96,0.0
464,static_rule,hard,A,0.95,1.0,1865.8504162227355,1.0,1,0,0.96,0.0
465,static_rule,hard,A,0.95,1.0,2155.5255435545855,1.0,1,0,0.96,0.0
466,static_rule,hard,A,0.95,1.0,1814.35570034994,1.0,1,0,0.96,0.0
467,static_rule,hard,A,0.95,1.0,1709.668311946929,1.0,0,0,0.94,0.0
468,static_rule,simple,B,0.95,0.4785178992067515,442.12658174850577,0.1,1,0,0.94,0.0
469,static_rule,hard,A,0.95,1.0,1940.2017147781805,1.0,1,0,0.94,0.0
470,static_rule,hard,A,0.95,1.0,1859.1017728132615,1.0,1,0,0.94,0.0
471,static_rule,hard,A,0.95,1.0,1591.3595575929935,1.0,1,0,0.94,0.0
472,static_rule,hard,A,0.95,1.0,1613.7748136298105,1.0,1,0,0.94,0.0
473,static_rule,hard,A,0.95,1.0,1931.8369214495142,1.0,1,0,0.94,0.0
474,static_rule,hard,A,0.95,1.0,1708.4964747436138,1.0,1,0,0.94,0.0
475,static_rule,simple,B,0.95,0.49555858783200046,444.7043727515744,0.1,1,0,0.94,0.0
476,static_rule,hard,A,0.95,1.0,1626.8130668968324,1.0,1,0,0.94,0.0
477,static_rule,hard,A,0.95,1.0,1762.7160342228328,1.0,1,0,0.94,0.0
478,static_rule,simple,B,0.95,0.637709301967049,474.27213186498443,0.1,1,0,0.94,0.0
479,static_rule,simple,B,0.95,0.8611841857310032,731.673354720257,0.1,1,0,0.94,0.0
480,static_rule,hard,A,0.95,0.9814719999999999,1885.1768210842204,1.0,1,0,0.94,0.0
481,static_rule,hard,A,0.95,1.0,1911.1196581276567,1.0,1,0,0.94,0.0
482,static_rule,hard,A,0.95,1.0,1928.3392311386112,1.0,1,0,0.94,0.0
483,static_rule,simple,B,0.95,0.816448160288261,596.2019607320191,0.1,1,0,0.94,0.0
484,static_rule,simple,B,0.95,1.0,728.6465768117199,0.1,1,0,0.94,0.0
485,static_rule,simple,B,0.95,1.0,648.5566622487103,0.1,1,0,0.94,0.0
486,static_rule,hard,A,0.95,0.8996953599999999,1460.871067805648,1.0,1,0,0.94,0.0
487,static_rule,simple,B,0.95,1.0,650.2399283494155,0.1,0,0,0.92,0.0
488,static_rule,hard,A,0.95,0.9967240867839999,1637.270632331826,1.0,1,0,0.92,0.0
489,static_rule,hard,A,0.95,1.0,2078.7384991201548,1.0,1,0,0.94,0.0
490,static_rule,hard,A,0.95,1.0,1772.6616082270104,1.0,1,0,0.94,0.0
491,static_rule,hard,A,0.95,1.0,2225.41980546543,1.0,1,0,0.94,0.0
492,static_rule,hard,A,0.95,1.0,1913.0884887439806,1.0,1,0,0.94,0.0
493,static_rule,hard,A,0.95,1.0,1404.0776994382982,1.0,1,0,0.94,0.0
494,static_rule,hard,A,0.95,1.0,2124.159147861672,1.0,1,0,0.94,0.0
495,static_rule,hard,A,0.95,1.0,1732.644758576696,1.0,1,0,0.94,0.0
496,static_rule,hard,A,0.95,1.0,1977.7567224277445,1.0,1,0,0.94,0.0
497,static_rule,hard,A,0.95,1.0,1911.2320575767078,1.0,1,0,0.94,0.0
498,static_rule,hard,A,0.95,1.0,1725.6811646110978,1.0,1,0,0.96,0.0
499,static_rule,hard,A,0.95,1.0,1825.0878137304653,1.0,1,0,0.96,0.0
500,static_rule,hard,A,0.95,1.0,1926.1749305581607,1.0,1,0,0.96,0.0
501,static_rule,hard,A,0.95,1.0,1989.600043216983,1.0,1,0,0.96,0.0
502,static_rule,hard,A,0.95,1.0,1742.6787639967215,1.0,1,0,0.96,0.0
503,static_rule,hard,A,0.95,1.0,1941.5986567447733,1.0,0,0,0.94,0.0
504,static_rule,hard,A,0.95,1.0,1817.0747132588729,1.0,1,0,0.94,0.0
505,static_rule,hard,A,0.95,1.0,1872.9743202846612,1.0,1,0,0.94,0.0
506,static_rule,hard,A,0.95,1.0,2033.5315782842006,1.0,1,0,0.94,0.0
507,static_rule,hard,A,0.95,1.0,1910.4542701976393,1.0,1,0,0.94,0.0
508,static_rule,hard,A,0.95,1.0,1758.3020029176387,1.0,0,0,0.92,0.0
509,static_rule,hard,A,0.95,1.0,1790.355418624483,1.0,1,0,0.92,0.0
510,static_rule,hard,A,0.95,1.0,1943.8974309218875,1.0,1,0,0.92,0.0
511,static_rule,hard,A,0.95,1.0,1880.919436978175,1.0,1,0,0.92,0.0
512,static_rule,simple,B,0.95,0.3409323617590446,390.9847556272599,0.1,1,0,0.92,0.0
513,static_rule,hard,A,0.95,1.0,1886.6426092329416,1.0,1,0,0.92,0.0
514,static_rule,simple,B,0.95,0.5640180209462041,423.7136662977924,0.1,1,0,0.92,0.0
515,static_rule,simple,B,0.95,0.7963358584326596,556.2676740419831,0.1,1,0,0.92,0.0
516,static_rule,hard,A,0.95,0.9814719999999999,1766.9400154917032,1.0,1,0,0.92,0.0
517,static_rule,hard,A,0.95,1.0,1777.0623535609961,1.0,1,0,0.94,0.0
518,static_rule,hard,A,0.95,1.0,1938.515687268997,1.0,1,0,0.94,0.0
519,static_rule,hard,A,0.95,1.0,2071.370342663091,1.0,1,0,0.94,0.0
520,static_rule,simple,B,0.95,0.7202518489872408,565.8023138388302,0.1,1,0,0.94,0.0
521,static_rule,hard,A,0.95,1.0,1635.926138068078,1.0,1,0,0.94,0.0
522,static_rule,hard,A,0.95,1.0,1813.3491741677844,1.0,1,0,0.94,0.0
523,static_rule,simple,B,0.95,0.790831468033033,573.7783832971704,0.1,0,0,0.92,0.0
524,static_rule,hard,A,0.95,1.0,1893.494311862053,1.0,1,0,0.92,0.0
525,static_rule,simple,B,0.95,0.9124198888447808,655.7467573965026,0.1,1,0,0.92,0.0
526,static_rule,simple,B,0.95,1.0,766.8085046754472,0.1,1,0,0.92,0.0
527,static_rule,hard,A,0.95,0.9814719999999999,1372.9825444151486,1.0,0,0,0.9,0.0
528,static_rule,hard,A,0.95,1.0,1749.645680114022,1.0,1,0,0.9,0.0
529,static_rule,hard,A,0.95,1.0,1748.393966678844,1.0,1,0,0.9,0.0
530,static_rule,hard,A,0.95,1.0,1756.797496447706,1.0,1,0,0.9,0.0
531,static_rule,hard,A,0.95,1.0,1776.8451963499099,1.0,1,0,0.9,0.0
532,static_rule,hard,A,0.95,1.0,1834.177785073288,1.0,1,0,0.9,0.0
533,static_rule,hard,A,0.95,1.0,1914.7940156531001,1.0,1,0,0.9,0.0
534,static_rule,hard,A,0.95,1.0,1759.5446143323768,1.0,1,0,0.9,0.0
535,static_rule,simple,B,0.95,0.6164783818288659,515.2023715354878,0.1,1,0,0.9,0.0
536,static_rule,hard,A,0.95,1.0,1838.4862830931968,1.0,1,0,0.9,0.0
537,static_rule,hard,A,0.95,1.0,1901.5291302900134,1.0,1,0,0.92,0.0
538,static_rule,simple,B,0.95,0.7201127558216809,548.1804171690026,0.1,1,0,0.92,0.0
539,static_rule,hard,A,0.95,1.0,1807.1684137006664,1.0,1,0,0.92,0.0
540,static_rule,simple,B,0.95,0.8576553181083097,562.3262449481173,0.1,0,0,0.9,0.0
541,static_rule,simple,B,0.95,1.0,665.205219222925,0.1,1,0,0.9,0.0
542,static_rule,hard,A,0.95,0.9814719999999999,1601.3514827519305,1.0,1,0,0.9,0.0
543,static_rule,hard,A,0.95,1.0,1841.5395986223702,1.0,1,0,0.9,0.0
544,static_rule,hard,A,0.95,1.0,1959.4020834085106,1.0,1,0,0.9,0.0
545,static_rule,hard,A,0.95,1.0,1886.1350964296118,1.0,1,0,0.9,0.0
546,static_rule,simple,B,0.95,0.8277319167999999,656.2828505271722,0.1,1,0,0.9,0.0
547,static_rule,hard,A,0.95,1.0,1844.0959766648366,1.0,1,0,0.9,0.0
548,static_rule,simple,B,0.95,0.9409955963699199,592.9082666278923,0.1,1,0,0.9,0.0
549,static_rule,hard,A,0.95,1.0,1708.6461042429007,1.0,1,0,0.9,0.0
550,static_rule,hard,A,0.95,1.0,1573.737835787581,1.0,1,0,0.9,0.0
551,static_rule,hard,A,0.95,1.0,1940.4450462821962,1.0,1,0,0.9,0.0
552,static_rule,hard,A,0.95,1.0,2135.9784917775282,1.0,1,0,0.9,0.0
553,static_rule,simple,B,0.95,0.7965934097726569,487.4987686822617,0.1,0,0,0.9,0.0
554,static_rule,simple,B,0.95,1.0,557.5711755155842,0.1,1,0,0.9,0.0
555,static_rule,hard,A,0.95,0.9814719999999999,1792.5375346914002,1.0,1,0,0.9,0.0
556,static_rule,hard,A,0.95,1.0,2020.1452472805756,1.0,1,0,0.9,0.0
557,static_rule,simple,B,0.95,0.9814719999999999,643.8572900056527,0.1,0,0,0.88,0.0
558,static_rule,simple,B,0.95,1.0,676.9940958621139,0.1,1,0,0.9,0.0
559,static_rule,hard,A,0.95,0.9814719999999999,1649.549168794504,1.0,1,0,0.9,0.0
560,static_rule,hard,A,0.95,1.0,2156.3314888846085,1.0,1,0,0.9,0.0
561,static_rule,hard,A,0.95,1.0,1798.1534930691428,1.0,1,0,0.9,0.0
562,static_rule,hard,A,0.95,1.0,2132.2129231591234,1.0,1,0,0.9,0.0
563,static_rule,hard,A,0.95,1.0,1907.903983929658,1.0,1,0,0.9,0.0
564,static_rule,simple,B,0.95,0.764404086784,544.6369312320769,0.1,1,0,0.9,0.0
565,static_rule,simple,B,0.95,0.9726755963699198,607.9949109064833,0.1,1,0,0.9,0.0
566,static_rule,hard,A,0.95,0.9814719999999999,1524.6241071162324,1.0,1,0,0.9,0.0
567,static_rule,simple,B,0.95,1.0,701.1868764992842,0.1,0,0,0.88,0.0
568,static_rule,hard,A,0.95,1.0,1600.969371933043,1.0,1,0,0.88,0.0
569,static_rule,simple,B,0.95,1.0,662.5283378262478,0.1,1,0,0.88,0.0
570,static_rule,simple,B,0.95,1.0,722.5273277565909,0.1,0,0,0.86,0.0
571,static_rule,hard,A,0.95,0.9814719999999999,1713.842652701088,1.0,1,0,0.86,0.0
572,static_rule,simple,B,0.95,1.0,568.8458673371925,0.1,1,0,0.86,0.0
573,static_rule,simple,B,0.95,1.0,671.5439901013307,0.1,1,0,0.88,0.0
574,static_rule,hard,A,0.95,0.9688456867839998,1662.39932675649,1.0,1,0,0.88,0.0
575,static_rule,simple,B,0.95,1.0,719.1719660049433,0.1,1,0,0.88,0.0
576,static_rule,hard,A,0.95,1.0,1775.5403479133165,1.0,1,0,0.88,0.0
577,static_rule,hard,A,0.95,1.0,1728.406218937537,1.0,1,0,0.9,0.0
578,static_rule,hard,A,0.95,1.0,1831.9679002805115,1.0,1,0,0.9,0.0
579,static_rule,simple,B,0.95,0.8996953599999999,543.7533034621084,0.1,1,0,0.9,0.0
580,static_rule,hard,A,0.95,1.0,1886.187740099315,1.0,1,0,0.9,0.0
581,static_rule,simple,B,0.95,0.9967240867839999,619.369821186672,0.1,1,0,0.9,0.0
582,static_rule,simple,B,0.95,1.0,772.631900034434,0.1,1,0,0.9,0.0
583,static_rule,hard,A,0.95,0.9814719999999999,1477.9273795381769,1.0,1,0,0.9,0.0
584,static_rule,simple,B,0.95,1.0,703.356929610094,0.1,0,0,0.88,0.0
585,static_rule,hard,A,0.95,1.0,1562.0233517550896,1.0,1,0,0.88,0.0
586,static_rule,hard,A,0.95,1.0,2064.0243984393496,1.0,1,0,0.88,0.0
587,static_rule,hard,A,0.95,1.0,2028.271713329218,1.0,0,0,0.86,0.0
588,static_rule,hard,A,0.95,1.0,1641.254906375097,1.0,1,0,0.86,0.0
589,static_rule,hard,A,0.95,1.0,2305.598915964937,1.0,1,0,0.86,0.0
590,static_rule,simple,B,0.95,0.764404086784,582.152083615863,0.1,1,0,0.88,0.0
591,static_rule,hard,A,0.95,1.0,1773.2496709631093,1.0,1,0,0.88,0.0
592,static_rule,hard,A,0.95,1.0,2024.7098361380404,1.0,1,0,0.88,0.0
593,static_rule,simple,B,0.95,0.8209199818288659,546.9288242297374,0.1,1,0,0.88,0.0
594,static_rule,hard,A,0.95,1.0,1833.3695994299374,1.0,1,0,0.88,0.0
595,static_rule,simple,B,0.95,0.9357204339282739,538.8080819123878,0.1,1,0,0.88,0.0
596,static_rule,simple,B,0.95,1.0,656.4560303030858,0.1,1,0,0.88,0.0
597,static_rule,hard,A,0.95,0.9814719999999999,1751.8251890124918,1.0,1,0,0.88,0.0
598,static_rule,hard,A,0.95,1.0,1618.9115739608671,1.0,1,0,0.88,0.0
599,static_rule,simple,B,0.95,0.9814719999999999,511.9635445766796,0.1,1,0,0.88,0.0
600,static_rule,hard,A,0.95,1.0,1580.2568211215832,1.0,1,0,0.88,0.0
601,static_rule,simple,B,0.95,1.0,719.8153483516553,0.1,1,0,0.88,0.0
602,static_rule,hard,A,0.95,1.0,1700.5981120364631,1.0,1,0,0.88,0.0
603,static_rule,simple,B,0.95,1.0,695.6442871359617,0.1,0,0,0.88,0.0
604,static_rule,hard,A,0.95,1.0,1622.8303910221248,1.0,1,0,0.88,0.0
605,static_rule,hard,A,0.95,1.0,1783.780340859127,1.0,1,0,0.88,0.0
606,static_rule,hard,A,0.95,1.0,1892.6971700858815,1.0,1,0,0.88,0.0
607,static_rule,simple,B,0.95,0.8996953599999999,580.6349420951605,0.1,0,0,0.88,0.0
608,static_rule,hard,A,0.95,1.0,1870.7457971353008,1.0,1,0,0.88,0.0
609,static_rule,hard,A,0.95,1.0,1643.7004595499368,1.0,1,0,0.88,0.0
610,static_rule,hard,A,0.95,1.0,1905.1633466473213,1.0,1,0,0.88,0.0
611,static_rule,hard,A,0.95,1.0,1800.7816713455547,1.0,1,0,0.88,0.0
612,static_rule,hard,A,0.95,1.0,1530.1944770724206,1.0,1,0,0.88,0.0
613,static_rule,hard,A,0.95,1.0,1574.212006766807,1.0,1,0,0.88,0.0
614,static_rule,hard,A,0.95,1.0,1974.1559397078552,1.0,1,0,0.88,0.0
615,static_rule,hard,A,0.95,1.0,1603.733368344511,1.0,0,0,0.86,0.0
616,static_rule,simple,B,0.95,0.5847341316717392,457.3334518065688,0.1,1,0,0.86,0.0
617,static_rule,hard,A,0.95,1.0,1672.6131469059878,1.0,1,0,0.88,0.0
618,static_rule,simple,B,0.95,0.7528181115665948,527.8717771026073,0.1,1,0,0.88,0.0
619,static_rule,hard,A,0.95,1.0,1738.5172559986029,1.0,0,0,0.86,0.0
620,static_rule,hard,A,0.95,1.0,1967.990128281146,1.0,1,0,0.88,0.0
621,static_rule,hard,A,0.95,1.0,1774.7423297401638,1.0,1,0,0.88,0.0
622,static_rule,hard,A,0.95,1.0,1671.706846115411,1.0,1,0,0.88,0.0
623,static_rule,hard,A,0.95,1.0,2042.1155848187082,1.0,1,0,0.88,0.0
624,static_rule,hard,A,0.95,1.0,1761.8465669826408,1.0,1,0,0.88,0.0
625,static_rule,simple,B,0.95,0.6076583907025552,551.67158080872,0.1,1,0,0.88,0.0
626,static_rule,hard,A,0.95,1.0,1495.5383500305652,1.0,1,0,0.88,0.0
627,static_rule,hard,A,0.95,1.0,1790.6173436129254,1.0,1,0,0.88,0.0
628,static_rule,hard,A,0.95,1.0,1828.9713558285366,1.0,1,0,0.88,0.0
629,static_rule,simple,B,0.95,0.6644099173693895,458.2718200422569,0.1,1,0,0.88,0.0
630,static_rule,simple,B,0.95,0.8846807272850628,592.0968976899228,0.1,0,0,0.86,0.0
631,static_rule,hard,A,0.95,0.9814719999999999,1855.7382328154315,1.0,1,0,0.86,0.0
632,static_rule,hard,A,0.95,1.0,1735.3980387232652,1.0,1,0,0.86,0.0
633,static_rule,hard,A,0.95,1.0,1943.5122617727718,1.0,1,0,0.86,0.0
634,static_rule,hard,A,0.95,1.0,1769.0417193742271,1.0,1,0,0.88,0.0
635,static_rule,hard,A,0.95,1.0,1876.4101678807074,1.0,1,0,0.88,0.0
636,static_rule,hard,A,0.95,1.0,1998.8214508484364,1.0,1,0,0.88,0.0
637,static_rule,hard,A,0.95,1.0,1816.5449382008044,1.0,1,0,0.9,0.0
638,static_rule,hard,A,0.95,1.0,1683.9871568340602,1.0,0,0,0.88,0.0
639,static_rule,hard,A,0.95,1.0,1839.0683131439682,1.0,1,0,0.88,0.0
640,static_rule,simple,B,0.95,0.5463844460055978,457.19186988673573,0.1,0,0,0.86,0.0
641,static_rule,hard,A,0.95,1.0,1596.6003366732975,1.0,1,0,0.86,0.0
642,static_rule,hard,A,0.95,1.0,1644.190187558212,1.0,1,0,0.86,0.0
643,static_rule,hard,A,0.95,1.0,1671.9099991658427,1.0,1,0,0.86,0.0
644,static_rule,simple,B,0.95,0.6276642170457275,445.7499658341112,0.1,1,0,0.86,0.0
645,static_rule,hard,A,0.95,1.0,1815.6371810335315,1.0,1,0,0.86,0.0
646,static_rule,simple,B,0.95,0.7860631696802114,453.15246513864554,0.1,1,0,0.86,0.0
647,static_rule,hard,A,0.95,1.0,1698.5502225944633,1.0,1,0,0.86,0.0
648,static_rule,hard,A,0.95,1.0,1838.080800236605,1.0,1,0,0.86,0.0
649,static_rule,hard,A,0.95,1.0,1962.7868949309513,1.0,1,0,0.86,0.0
650,static_rule,hard,A,0.95,1.0,1689.2650055393456,1.0,1,0,0.86,0.0
651,static_rule,hard,A,0.95,1.0,1880.7862866578776,1.0,1,0,0.86,0.0
652,static_rule,simple,B,0.95,0.665050948469875,466.4138941206115,0.1,1,0,0.86,0.0
653,static_rule,hard,A,0.95,1.0,1914.8833075350008,1.0,1,0,0.88,0.0
654,static_rule,simple,B,0.95,0.8150154544950712,583.016089103759,0.1,1,0,0.88,0.0
655,static_rule,hard,A,0.95,1.0,1740.4394918909277,1.0,1,0,0.88,0.0
656,static_rule,hard,A,0.95,1.0,2041.1059424031776,1.0,1,0,0.88,0.0
657,static_rule,hard,A,0.95,1.0,1974.0719047460905,1.0,1,0,0.9,0.0
658,static_rule,hard,A,0.95,1.0,1734.5048134363637,1.0,1,0,0.9,0.0
659,static_rule,hard,A,0.95,1.0,1745.0106825749326,1.0,1,0,0.9,0.0
660,static_rule,hard,A,0.95,1.0,1781.0142883665467,1.0,1,0,0.9,0.0
661,static_rule,hard,A,0.95,1.0,1856.9239836007437,1.0,1,0,0.9,0.0
662,static_rule,simple,B,0.95,0.5931076956864976,542.2235959714146,0.1,1,0,0.9,0.0
663,static_rule,hard,A,0.95,1.0,1607.5033712685163,1.0,1,0,0.9,0.0
664,static_rule,simple,B,0.95,0.7593025995396236,487.4326549489389,0.1,1,0,0.9,0.0
665,static_rule,hard,A,0.95,1.0,1581.8734396776977,1.0,1,0,0.92,0.0
666,static_rule,simple,B,0.95,0.8880039330834846,542.1714505579008,0.1,1,0,0.92,0.0
667,static_rule,hard,A,0.95,1.0,1796.0602298690194,1.0,1,0,0.92,0.0
668,static_rule,hard,A,0.95,1.0,2047.0931737735461,1.0,1,0,0.92,0.0
669,static_rule,hard,A,0.95,1.0,1968.4284720367536,1.0,1,0,0.94,0.0
670,static_rule,hard,A,0.95,1.0,1762.0394024095046,1.0,1,0,0.94,0.0
671,static_rule,simple,B,0.95,0.7686280177320862,561.038852380911,0.1,1,0,0.94,0.0
672,static_rule,simple,B,0.95,0.9763926556042359,652.7073246268349,0.1,1,0,0.94,0.0
673,static_rule,hard,A,0.95,0.9814719999999999,1794.6467671665423,1.0,1,0,0.94,0.0
674,static_rule,hard,A,0.95,1.0,1622.0339833240857,1.0,1,0,0.94,0.0
675,static_rule,hard,A,0.95,1.0,1688.1659027629357,1.0,1,0,0.94,0.0
676,static_rule,simple,B,0.95,0.8855381451039384,642.5558523483925,0.1,1,0,0.94,0.0
677,static_rule,simple,B,0.95,1.0,580.5326357674941,0.1,1,0,0.94,0.0
678,static_rule,hard,A,0.95,0.9814719999999999,1454.7261258782517,1.0,1,0,0.94,0.0
679,static_rule,hard,A,0.95,1.0,1399.03103954215,1.0,1,0,0.94,0.0
680,static_rule,hard,A,0.95,1.0,1808.9442454425857,1.0,1,0,0.96,0.0
681,static_rule,hard,A,0.95,1.0,1840.6610571370175,1.0,1,0,0.96,0.0
682,static_rule,hard,A,0.95,1.0,1743.709584492153,1.0,1,0,0.96,0.0
683,static_rule,hard,A,0.95,1.0,2053.711997331419,1.0,1,0,0.96,0.0
684,static_rule,hard,A,0.95,1.0,1850.195268706029,1.0,1,0,0.96,0.0
685,static_rule,hard,A,0.95,1.0,1917.384845136192,1.0,1,0,0.96,0.0
686,static_rule,hard,A,0.95,1.0,1749.375921552377,1.0,1,0,0.96,0.0
687,static_rule,hard,A,0.95,1.0,1990.4669493495308,1.0,1,0,0.96,0.0
688,static_rule,hard,A,0.95,1.0,1421.7258882895403,1.0,1,0,0.98,0.0
689,static_rule,simple,B,0.95,0.515671155821681,483.9472738642612,0.1,1,0,0.98,0.0
690,static_rule,simple,B,0.95,0.7537906171230793,504.78797648093285,0.1,1,0,1.0,0.0
691,static_rule,hard,A,0.95,0.9814719999999999,1514.4903001506393,1.0,1,0,1.0,0.0
692,static_rule,hard,A,0.95,1.0,1667.7428655157273,1.0,1,0,1.0,0.0
693,static_rule,simple,B,0.95,0.8136871994320991,624.2610804054945,0.1,1,0,1.0,0.0
694,static_rule,simple,B,0.95,1.0,749.3712218305603,0.1,0,0,0.98,0.0
695,static_rule,hard,A,0.95,0.9814719999999999,1784.0662893832227,1.0,1,0,0.98,0.0
696,static_rule,hard,A,0.95,1.0,2092.9898555583795,1.0,1,0,0.98,0.0
697,static_rule,simple,B,0.95,0.9814719999999999,571.5215760546378,0.1,1,0,0.98,0.0
698,static_rule,hard,A,0.95,1.0,1591.1176215618696,1.0,1,0,0.98,0.0
699,static_rule,hard,A,0.95,1.0,2180.8702797623896,1.0,1,0,0.98,0.0
700,static_rule,hard,A,0.95,1.0,1912.2058302701337,1.0,1,0,0.98,0.0
701,static_rule,simple,B,0.95,0.8885842043699199,484.59009263058584,0.1,0,0,0.96,0.0
702,static_rule,simple,B,0.95,1.0,749.1528330133826,0.1,1,0,0.96,0.0
703,static_rule,hard,A,0.95,0.9814719999999999,1892.635176011709,1.0,1,0,0.96,0.0
704,static_rule,hard,A,0.95,1.0,1737.9651581948494,1.0,1,0,0.96,0.0
705,static_rule,hard,A,0.95,1.0,1912.0199973736158,1.0,1,0,0.96,0.0
706,static_rule,simple,B,0.95,0.8996953599999999,685.1854572719427,0.1,1,0,0.96,0.0
707,static_rule,hard,A,0.95,1.0,1814.8630415357618,1.0,1,0,0.96,0.0
708,static_rule,hard,A,0.95,1.0,1988.1310356096408,1.0,1,0,0.96,0.0
709,static_rule,hard,A,0.95,1.0,2046.30268413674,1.0,1,0,0.96,0.0
710,static_rule,hard,A,0.95,1.0,1771.8285911896107,1.0,1,0,0.96,0.0
711,static_rule,hard,A,0.95,1.0,1838.4994289651415,1.0,1,0,0.96,0.0
712,static_rule,simple,B,0.95,0.7178222020446021,543.8337138143806,0.1,1,0,0.96,0.0
713,static_rule,hard,A,0.95,1.0,1670.9869402198635,1.0,1,0,0.96,0.0
714,static_rule,hard,A,0.95,1.0,1946.937563089128,1.0,1,0,0.96,0.0
715,static_rule,hard,A,0.95,1.0,1942.1386054078073,1.0,1,0,0.96,0.0
716,static_rule,hard,A,0.95,1.0,1646.0791953697199,1.0,1,0,0.96,0.0
717,static_rule,hard,A,0.95,1.0,1559.1154280727396,1.0,1,0,0.96,0.0
718,static_rule,hard,A,0.95,1.0,2016.4626051813905,1.0,1,0,0.96,0.0
719,static_rule,hard,A,0.95,1.0,1839.05473366545,1.0,1,0,0.96,0.0
720,static_rule,hard,A,0.95,1.0,1900.273435548093,1.0,1,0,0.96,0.0
721,static_rule,simple,B,0.95,0.527175208943909,430.59965612264216,0.1,0,0,0.94,0.0
722,static_rule,simple,B,0.95,0.7639141838706399,536.1234305711669,0.1,1,0,0.94,0.0
723,static_rule,hard,A,0.95,0.9814719999999999,1433.4987745854216,1.0,1,0,0.94,0.0
724,static_rule,simple,B,0.95,0.8915751439894235,611.5470322392114,0.1,1,0,0.94,0.0
725,static_rule,simple,B,0.95,1.0,602.9226608018,0.1,1,0,0.94,0.0
726,static_rule,hard,A,0.95,0.9688456867839998,1792.9140992421133,1.0,1,0,0.94,0.0
727,static_rule,hard,A,0.95,1.0,1748.9773416290393,1.0,1,0,0.94,0.0
728,static_rule,hard,A,0.95,1.0,1968.6303154904508,1.0,1,0,0.94,0.0
729,static_rule,simple,B,0.95,0.8996953599999999,579.619448856017,0.1,1,0,0.94,0.0
730,static_rule,hard,A,0.95,1.0,1705.9261660029147,1.0,1,0,0.94,0.0
731,static_rule,hard,A,0.95,1.0,1927.3673248764626,1.0,1,0,0.94,0.0
732,static_rule,simple,B,0.95,0.9131171963699201,603.7998854562957,0.1,0,0,0.92,0.0
733,static_rule,hard,A,0.95,1.0,1738.7026032132137,1.0,1,0,0.92,0.0
734,static_rule,hard,A,0.95,1.0,2086.0748729459942,1.0,1,0,0.92,0.0
735,static_rule,hard,A,0.95,1.0,1713.0768834810685,1.0,1,0,0.92,0.0
736,static_rule,hard,A,0.95,1.0,1806.5698763236824,1.0,1,0,0.92,0.0
737,static_rule,hard,A,0.95,1.0,2074.4915124249883,1.0,1,0,0.92,0.0
738,static_rule,hard,A,0.95,1.0,1778.0135239647554,1.0,1,0,0.92,0.0
739,static_rule,hard,A,0.95,1.0,1788.5276558671626,1.0,1,0,0.92,0.0
740,static_rule,hard,A,0.95,1.0,1787.281428354714,1.0,1,0,0.92,0.0
741,static_rule,simple,B,0.95,0.5889818527272632,498.10423685879005,0.1,1,0,0.92,0.0
742,static_rule,hard,A,0.95,1.0,1890.8071140745392,1.0,1,0,0.92,0.0
743,static_rule,hard,A,0.95,1.0,1682.2699879668244,1.0,1,0,0.92,0.0
744,static_rule,hard,A,0.95,1.0,1786.7458015708173,1.0,1,0,0.94,0.0
745,static_rule,simple,B,0.95,0.653209684204743,484.01827673413345,0.1,1,0,0.94,0.0
746,static_rule,simple,B,0.95,0.8748245221001738,656.458922397833,0.1,1,0,0.94,0.0
747,static_rule,hard,A,0.95,0.9814719999999999,1805.8786298507214,1.0,1,0,0.94,0.0
748,static_rule,hard,A,0.95,1.0,2013.6112258952821,1.0,1,0,0.94,0.0
749,static_rule,hard,A,0.95,1.0,1729.7854066292252,1.0,1,0,0.94,0.0
750,static_rule,hard,A,0.95,1.0,3635.7776889862303,1.0,0,1,0.92,0.0
751,static_rule,simple,B,0.95,0.7616728219115686,544.7633166162666,0.1,0,0,0.92,0.0
752,static_rule,hard,A,0.95,1.0,3533.6700892931217,1.0,0,0,0.9,0.0
753,static_rule,hard,A,0.95,1.0,3224.3177758554043,1.0,0,0,0.88,0.0
754,static_rule,simple,B,0.95,0.8190587012937205,565.7930083793891,0.1,1,0,0.88,0.0
755,static_rule,hard,A,0.95,1.0,3822.453749250525,1.0,0,0,0.86,0.0
756,static_rule,hard,A,0.95,1.0,3781.0094967210143,1.0,0,0,0.84,0.0
757,static_rule,hard,A,0.95,1.0,3580.428961806914,1.0,0,0,0.82,0.0
758,static_rule,hard,A,0.95,1.0,3970.5533752535434,1.0,0,0,0.8,0.0
759,static_rule,hard,A,0.95,1.0,3228.32713527317,1.0,0,0,0.78,0.0
760,static_rule,simple,B,0.95,0.6803742081967994,513.0673425831378,0.1,1,0,0.78,0.0
761,static_rule,hard,A,0.95,1.0,3243.823325296971,1.0,0,0,0.76,0.0
762,static_rule,simple,B,0.95,0.8268817868276015,569.0862183517107,0.1,1,0,0.76,0.0
763,static_rule,hard,A,0.95,1.0,2995.244404395841,1.0,0,0,0.74,0.0
764,static_rule,hard,A,0.95,1.0,3294.650123147204,1.0,0,0,0.72,0.0
765,static_rule,simple,B,0.95,0.8634967850329791,618.203229493172,0.1,1,0,0.72,0.0
766,static_rule,hard,A,0.95,1.0,3194.948367299748,1.0,0,0,0.7,0.0
767,static_rule,hard,A,0.95,1.0,3106.921322923196,1.0,0,0,0.68,0.0
768,static_rule,hard,A,0.95,1.0,3549.4590947671018,1.0,0,0,0.66,0.0
769,static_rule,simple,B,0.95,0.8178350153591951,496.8120333224825,0.1,1,0,0.66,0.0
770,static_rule,hard,A,0.95,1.0,3708.5042725231438,1.0,0,0,0.64,0.0
771,static_rule,hard,A,0.95,1.0,3547.1393237083907,1.0,0,0,0.64,0.0
772,static_rule,hard,A,0.95,1.0,3669.9174621729294,1.0,0,0,0.62,0.0
773,static_rule,hard,A,0.95,1.0,3789.1178650548622,1.0,0,0,0.6,0.0
774,static_rule,hard,A,0.95,1.0,3712.0192080591137,1.0,0,0,0.58,0.0
775,static_rule,hard,A,0.95,1.0,4162.667606673115,1.0,0,0,0.56,0.0
776,static_rule,simple,B,0.95,0.6342292126341218,479.09717253483194,0.1,1,0,0.56,0.0
777,static_rule,simple,B,0.95,0.8581217071180272,492.1180604294279,0.1,1,0,0.56,0.0
778,static_rule,hard,A,0.95,0.9814719999999999,3088.7409376649616,1.0,0,0,0.54,0.0
779,static_rule,hard,A,0.95,1.0,4327.85727696091,1.0,0,0,0.52,0.0
780,static_rule,simple,B,0.95,0.8847859159931362,573.477314708779,0.1,1,0,0.52,0.0
781,static_rule,hard,A,0.95,1.0,3493.5770133391306,1.0,0,0,0.5,0.0
782,static_rule,simple,B,0.95,0.9851782133450846,687.3635951093696,0.1,1,0,0.52,0.0
783,static_rule,hard,A,0.95,1.0,3016.864250223847,1.0,0,0,0.5,0.0
784,static_rule,hard,A,0.95,1.0,3546.9033493863344,1.0,0,0,0.48,0.0
785,static_rule,simple,B,0.95,0.9713713674047015,585.6431199594782,0.1,1,0,0.48,0.0
786,static_rule,simple,B,0.95,1.0,674.424463676025,0.1,1,0,0.48,0.0
787,static_rule,hard,A,0.95,0.9814719999999999,3679.8426659768397,1.0,0,0,0.46,0.0
788,static_rule,hard,A,0.95,1.0,3760.2228560693825,1.0,0,0,0.44,0.0
789,static_rule,hard,A,0.95,1.0,3623.647918288072,1.0,0,0,0.42,0.0
790,static_rule,simple,B,0.95,0.8996953599999999,590.3207476123357,0.1,1,0,0.42,0.0
791,static_rule,hard,A,0.95,1.0,3754.0950904126175,1.0,0,0,0.4,0.0
792,static_rule,simple,B,0.95,0.9967240867839999,624.3246441442063,0.1,1,0,0.4,0.0
793,static_rule,simple,B,0.95,1.0,641.2228779693099,0.1,1,0,0.4,0.0
794,static_rule,hard,A,0.95,0.9814719999999999,3371.7737377449403,1.0,0,0,0.38,0.0
795,static_rule,simple,B,0.95,1.0,585.1577335687912,0.1,1,0,0.38,0.0
796,static_rule,hard,A,0.95,1.0,3477.9354665316037,1.0,0,0,0.36,0.0
797,static_rule,simple,B,0.95,1.0,688.9224166028528,0.1,1,0,0.36,0.0
798,static_rule,hard,A,0.95,1.0,3665.7273905165994,1.0,0,0,0.34,0.0
799,static_rule,simple,B,0.95,1.0,696.6083537067105,0.1,1,0,0.34,0.0
800,static_rule,hard,A,0.95,1.0,3781.53606294884,1.0,0,0,0.34,0.0
801,static_rule,hard,A,0.95,1.0,3970.5814402859714,1.0,0,0,0.34,0.0
802,static_rule,hard,A,0.95,1.0,3590.570776061464,1.0,0,0,0.34,0.0
803,static_rule,simple,B,0.95,0.8996953599999999,586.3374752935975,0.1,1,0,0.36,0.0
804,static_rule,hard,A,0.95,1.0,3831.4375238281586,1.0,0,0,0.34,0.0
805,static_rule,hard,A,0.95,1.0,4420.5029786076775,1.0,0,0,0.34,0.0
806,static_rule,hard,A,0.95,1.0,3389.791482446123,1.0,0,0,0.34,0.0
807,static_rule,hard,A,0.95,1.0,3707.1061027510686,1.0,0,0,0.34,0.0
808,static_rule,hard,A,0.95,1.0,4118.64716353107,1.0,0,0,0.34,0.0
809,static_rule,hard,A,0.95,1.0,3709.38310574212,1.0,0,0,0.34,0.0
810,static_rule,hard,A,0.95,1.0,3816.7259451660016,1.0,0,0,0.32,0.0
811,static_rule,hard,A,0.95,1.0,3758.0413672688373,1.0,0,0,0.32,0.0
812,static_rule,hard,A,0.95,1.0,3861.5340802762958,1.0,0,0,0.3,0.0
813,static_rule,hard,A,0.95,1.0,3978.0754825673835,1.0,0,0,0.3,0.0
814,static_rule,hard,A,0.95,1.0,3033.526453355083,1.0,0,0,0.3,0.0
815,static_rule,hard,A,0.95,1.0,3879.4010352484593,1.0,0,0,0.28,0.0
816,static_rule,simple,B,0.95,0.470753737597171,395.6128307145094,0.1,1,0,0.3,0.0
817,static_rule,hard,A,0.95,1.0,3879.497834530203,1.0,0,0,0.3,0.0
818,static_rule,simple,B,0.95,0.6645516943952492,499.2416899178992,0.1,1,0,0.32,0.0
819,static_rule,simple,B,0.95,0.8848054910678194,647.0319300322737,0.1,0,0,0.3,0.0
820,static_rule,simple,B,0.95,1.0,673.2227747258819,0.1,1,0,0.32,0.0
821,static_rule,hard,A,0.95,0.8996953599999999,2980.477063596176,1.0,0,0,0.32,0.0
822,static_rule,hard,A,0.95,1.0,3419.0546792770165,1.0,0,0,0.32,0.0
823,static_rule,simple,B,0.95,0.9814719999999999,611.6983665737541,0.1,1,0,0.34,0.0
824,static_rule,simple,B,0.95,1.0,654.17002968189,0.1,1,0,0.36,0.0
825,static_rule,hard,A,0.95,0.9814719999999999,2985.0147910685346,1.0,0,0,0.36,0.0
826,static_rule,hard,A,0.95,1.0,3573.2858263741523,1.0,0,0,0.34,0.0
827,static_rule,hard,A,0.95,1.0,3805.067102585409,1.0,0,0,0.32,0.0
828,static_rule,hard,A,0.95,1.0,3620.9239028531492,1.0,0,0,0.32,0.0
829,static_rule,simple,B,0.95,0.8277319167999999,519.062579683678,0.1,1,0,0.34,0.0
830,static_rule,simple,B,0.95,1.0,665.3817955679458,0.1,1,0,0.34,0.0
831,static_rule,hard,A,0.95,0.9814719999999999,3357.045915045395,1.0,0,0,0.34,0.0
832,static_rule,hard,A,0.95,1.0,4044.640051140396,1.0,0,0,0.32,0.0
833,static_rule,hard,A,0.95,1.0,3411.0332109985143,1.0,0,0,0.32,0.0
834,static_rule,simple,B,0.95,0.8996953599999999,609.344873390516,0.1,1,0,0.34,0.0
835,static_rule,hard,A,0.95,1.0,3681.343406181879,1.0,0,0,0.32,0.0
836,static_rule,hard,A,0.95,1.0,3227.987933164844,1.0,0,0,0.3,0.0
837,static_rule,hard,A,0.95,1.0,3887.9614407792365,1.0,0,0,0.3,0.0
838,static_rule,hard,A,0.95,1.0,3769.64732652286,1.0,0,0,0.3,0.0
839,static_rule,simple,B,0.95,0.774797956868866,619.1326352357092,0.1,1,0,0.32,0.0
840,static_rule,hard,A,0.95,1.0,3591.461776741651,1.0,0,0,0.3,0.0
841,static_rule,hard,A,0.95,1.0,3706.6286146832026,1.0,0,0,0.3,0.0
842,static_rule,hard,A,0.95,1.0,3731.919667594806,1.0,0,0,0.28,0.0
843,static_rule,simple,B,0.95,0.7646427396717391,531.8728955923979,0.1,1,0,0.28,0.0
844,static_rule,simple,B,0.95,0.9728856109111303,639.7205342118485,0.1,1,0,0.3,0.0
845,static_rule,simple,B,0.95,1.0,801.9871125028997,0.1,1,0,0.3,0.0
846,static_rule,hard,A,0.95,0.8996953599999999,2951.797524133184,1.0,0,0,0.3,0.0
847,static_rule,hard,A,0.95,1.0,3612.0327739789736,1.0,0,0,0.28,0.0
848,static_rule,simple,B,0.95,0.9814719999999999,672.5250678113894,0.1,1,0,0.3,0.0
849,static_rule,simple,B,0.95,1.0,789.120716089793,0.1,1,0,0.3,0.0
850,static_rule,simple,B,0.95,1.0,743.931414830151,0.1,1,0,0.32,0.0
851,static_rule,hard,A,0.95,0.8996953599999999,3145.890753927205,1.0,0,0,0.32,0.0
852,static_rule,hard,A,0.95,1.0,3273.2735255493008,1.0,0,0,0.32,0.0
853,static_rule,hard,A,0.95,1.0,3808.664626523376,1.0,0,0,0.3,0.0
854,static_rule,simple,B,0.95,0.8996953599999999,633.7929155932136,0.1,1,0,0.32,0.0
855,static_rule,simple,B,0.95,1.0,618.6490259525274,0.1,0,0,0.32,0.0
856,static_rule,simple,B,0.95,1.0,747.7984978566108,0.1,1,0,0.34,0.0
857,static_rule,hard,A,0.95,0.8996953599999999,3435.4687140023607,1.0,0,0,0.34,0.0
858,static_rule,hard,A,0.95,1.0,3507.4769071960645,1.0,0,0,0.34,0.0
859,static_rule,hard,A,0.95,1.0,3118.1941942417952,1.0,0,0,0.34,0.0
860,static_rule,simple,B,0.95,0.8996953599999999,633.9318905902126,0.1,1,0,0.36,0.0
861,static_rule,hard,A,0.95,1.0,3634.280975130541,1.0,0,0,0.36,0.0
862,static_rule,hard,A,0.95,1.0,3843.2513738656494,1.0,0,0,0.36,0.0
863,static_rule,simple,B,0.95,0.9131171963699201,555.2179050341257,0.1,1,0,0.38,0.0
864,static_rule,hard,A,0.95,1.0,3442.640643519634,1.0,0,0,0.38,0.0
865,static_rule,simple,B,0.95,1.0,625.5113980089361,0.1,0,0,0.38,0.0
866,static_rule,hard,A,0.95,1.0,3467.7502288400906,1.0,0,0,0.36,0.0
867,static_rule,hard,A,0.95,1.0,3432.0161365124186,1.0,0,0,0.36,0.0
868,static_rule,hard,A,0.95,1.0,3980.0421683830846,1.0,0,0,0.34,0.0
869,static_rule,hard,A,0.95,1.0,4003.8013018327842,1.0,0,0,0.34,0.0
870,static_rule,hard,A,0.95,1.0,4049.1021642368637,1.0,0,0,0.32,0.0
871,static_rule,simple,B,0.95,0.764404086784,616.6053404183386,0.1,1,0,0.34,0.0
872,static_rule,hard,A,0.95,1.0,3371.025017936467,1.0,0,0,0.34,0.0
873,static_rule,hard,A,0.95,1.0,4464.000566339056,1.0,0,0,0.32,0.0
874,static_rule,simple,B,0.95,0.8209199818288659,546.3643925822448,0.1,1,0,0.32,0.0
875,static_rule,hard,A,0.95,1.0,3796.025918827906,1.0,0,0,0.32,0.0
876,static_rule,hard,A,0.95,1.0,3992.590422524469,1.0,0,0,0.32,0.0
877,static_rule,simple,B,0.95,0.859433981856881,561.2684466039523,0.1,0,0,0.32,0.0
878,static_rule,hard,A,0.95,1.0,3314.932022682904,1.0,0,0,0.32,0.0
879,static_rule,hard,A,0.95,1.0,3554.809835626287,1.0,0,0,0.3,0.0
880,static_rule,hard,A,0.95,1.0,4027.641697861677,1.0,0,0,0.28,0.0
881,static_rule,hard,A,0.95,1.0,3934.565362450481,1.0,0,0,0.28,0.0
882,static_rule,hard,A,0.95,1.0,3909.4534888083663,1.0,0,0,0.28,0.0
883,static_rule,simple,B,0.95,0.6991246534953817,515.4374001695348,0.1,1,0,0.3,0.0
884,static_rule,simple,B,0.95,0.9152296950759358,518.7158597078807,0.1,1,0,0.3,0.0
885,static_rule,hard,A,0.95,0.9814719999999999,3501.1427535086345,1.0,0,0,0.3,0.0
886,static_rule,hard,A,0.95,1.0,3830.845221149224,1.0,0,0,0.3,0.0
887,static_rule,hard,A,0.95,1.0,4139.3105114784385,1.0,0,0,0.3,0.0
888,static_rule,hard,A,0.95,1.0,3493.7532765714873,1.0,0,0,0.3,0.0
889,static_rule,hard,A,0.95,1.0,4024.4171564844964,1.0,0,0,0.28,0.0
890,static_rule,hard,A,0.95,1.0,3980.0143648924454,1.0,0,0,0.28,0.0
891,static_rule,hard,A,0.95,1.0,3063.00803970966,1.0,0,0,0.28,0.0
892,static_rule,hard,A,0.95,1.0,3398.8804289989316,1.0,0,0,0.28,0.0
893,static_rule,simple,B,0.95,0.5896504128993587,400.43746887482575,0.1,1,0,0.28,0.0
894,static_rule,hard,A,0.95,1.0,3592.442815183541,1.0,0,0,0.26,0.0
895,static_rule,hard,A,0.95,1.0,3267.0415951294417,1.0,0,0,0.24,0.0
896,static_rule,hard,A,0.95,1.0,4109.844846663207,1.0,0,0,0.24,0.0
897,static_rule,hard,A,0.95,1.0,3934.5891402030525,1.0,0,0,0.24,0.0
898,static_rule,hard,A,0.95,1.0,3438.8116433824157,1.0,0,0,0.22,0.0
899,static_rule,hard,A,0.95,1.0,3732.9647687281495,1.0,0,0,0.2,0.0
900,static_rule,simple,B,0.95,0.540975734141415,501.1294853864325,0.1,1,0,0.2,0.0
901,static_rule,hard,A,0.95,1.0,3215.580015181384,1.0,0,0,0.2,0.0
902,static_rule,simple,B,0.95,0.7189316085191118,519.6582477122065,0.1,1,0,0.22,0.0
903,static_rule,hard,A,0.95,1.0,3880.0595851198423,1.0,0,0,0.22,0.0
904,static_rule,hard,A,0.95,1.0,3798.443890245748,1.0,0,0,0.2,0.0
905,static_rule,hard,A,0.95,1.0,3580.9152819545907,1.0,0,0,0.2,0.0
906,static_rule,hard,A,0.95,1.0,3071.097359279345,1.0,0,0,0.18,0.0
907,static_rule,simple,B,0.95,0.679403155811898,428.2207820546052,0.1,1,0,0.2,0.0
908,static_rule,hard,A,0.95,1.0,3748.3878850990614,1.0,0,0,0.2,0.0
909,static_rule,hard,A,0.95,1.0,3759.1744727604023,1.0,0,0,0.2,0.0
910,static_rule,hard,A,0.95,1.0,3561.826188707244,1.0,0,0,0.18,0.0
911,static_rule,simple,B,0.95,0.7074349201097523,534.598556767531,0.1,1,0,0.2,0.0
912,static_rule,hard,A,0.95,1.0,3347.080029055193,1.0,0,0,0.2,0.0
913,static_rule,simple,B,0.95,0.8478376021329921,604.6547917473695,0.1,1,0,0.2,0.0
914,static_rule,hard,A,0.95,1.0,3264.2474618841443,1.0,0,0,0.2,0.0
915,static_rule,hard,A,0.95,1.0,3226.886421914831,1.0,0,0,0.2,0.0
916,static_rule,hard,A,0.95,1.0,3773.9771552044695,1.0,0,0,0.2,0.0
917,static_rule,hard,A,0.95,1.0,3570.154786766631,1.0,0,0,0.2,0.0
918,static_rule,hard,A,0.95,1.0,3727.9829613848783,1.0,0,0,0.2,0.0
919,static_rule,simple,B,0.95,0.6937392473597086,534.8539909585538,0.1,1,0,0.22,0.0
920,static_rule,hard,A,0.95,1.0,3986.1393227257126,1.0,0,0,0.22,0.0
921,static_rule,simple,B,0.95,0.8372316731553584,639.77197555069,0.1,1,0,0.22,0.0
922,static_rule,hard,A,0.95,1.0,3429.962333208728,1.0,0,0,0.22,0.0
923,static_rule,simple,B,0.95,0.9483522076915094,659.0681761236932,0.1,1,0,0.24,0.0
924,static_rule,hard,A,0.95,1.0,3127.963850924787,1.0,0,0,0.22,0.0
925,static_rule,hard,A,0.95,1.0,3957.2929620635746,1.0,0,0,0.22,0.0
926,static_rule,hard,A,0.95,1.0,3916.295108941592,1.0,0,0,0.22,0.0
927,static_rule,hard,A,0.95,1.0,3649.918663585856,1.0,0,0,0.22,0.0
928,static_rule,simple,B,0.95,0.800475728366552,604.6882804386336,0.1,1,0,0.24,0.0
929,static_rule,hard,A,0.95,1.0,3339.143609199498,1.0,0,0,0.24,0.0
930,static_rule,hard,A,0.95,1.0,3903.045471638921,1.0,0,0,0.24,0.0
931,static_rule,simple,B,0.95,0.845501795561411,609.6717146666398,0.1,1,0,0.26,0.0
932,static_rule,hard,A,0.95,1.0,3445.2735344938073,1.0,0,0,0.26,0.0
933,static_rule,hard,A,0.95,1.0,3697.294019438043,1.0,0,0,0.24,0.0
934,static_rule,hard,A,0.95,1.0,3645.903969760496,1.0,0,0,0.22,0.0
935,static_rule,simple,B,0.95,0.8070435036698467,569.4343599329598,0.1,1,0,0.24,0.0
936,static_rule,hard,A,0.95,1.0,3385.177147274458,1.0,0,0,0.24,0.0
937,static_rule,simple,B,0.95,0.9249744892419294,665.6426932038299,0.1,1,0,0.26,0.0
938,static_rule,simple,B,0.95,1.0,657.5735360818545,0.1,1,0,0.28,0.0
939,static_rule,hard,A,0.95,0.9814719999999999,3321.3270906205585,1.0,0,0,0.28,0.0
940,static_rule,simple,B,0.95,1.0,702.0421880516253,0.1,1,0,0.3,0.0
941,static_rule,hard,A,0.95,1.0,3714.72213188359,1.0,0,0,0.3,0.0
942,static_rule,simple,B,0.95,1.0,682.5749384204662,0.1,1,0,0.32,0.0
943,static_rule,simple,B,0.95,1.0,670.0197968942537,0.1,1,0,0.32,0.0
944,static_rule,hard,A,0.95,0.9814719999999999,3373.468761087486,1.0,0,0,0.32,0.0
945,static_rule,hard,A,0.95,1.0,4117.051567677689,1.0,0,0,0.32,0.0
946,static_rule,simple,B,0.95,0.9814719999999999,650.1497783960544,0.1,0,0,0.32,0.0
947,static_rule,hard,A,0.95,1.0,3804.0534308217466,1.0,0,0,0.32,0.0
948,static_rule,simple,B,0.95,1.0,742.7563122976269,0.1,1,0,0.34,0.0
949,static_rule,simple,B,0.95,1.0,645.4781686186998,0.1,0,0,0.34,0.0
950,static_rule,simple,B,0.95,1.0,738.2702668756406,0.1,1,0,0.34,0.0
951,static_rule,simple,B,0.95,1.0,772.8585155219911,0.1,1,0,0.36,0.0
952,static_rule,simple,B,0.95,1.0,657.8635419397684,0.1,1,0,0.36,0.0
953,static_rule,simple,B,0.95,1.0,767.607431351186,0.1,1,0,0.38,0.0
954,static_rule,hard,A,0.95,0.70867559636992,2290.6303024612253,1.0,0,0,0.38,0.0
955,static_rule,simple,B,0.95,1.0,671.2416601989266,0.1,1,0,0.4,0.0
956,static_rule,hard,A,0.95,0.848798381828866,2705.6059586270603,1.0,0,0,0.4,0.0
957,static_rule,hard,A,0.95,1.0,3174.071520829535,1.0,0,0,0.38,0.0
958,static_rule,hard,A,0.95,1.0,3558.078392853824,1.0,0,0,0.38,0.0
959,static_rule,hard,A,0.95,1.0,3912.968247997887,1.0,0,0,0.38,0.0
960,static_rule,hard,A,0.95,1.0,3637.341316271659,1.0,0,0,0.38,0.0
961,static_rule,hard,A,0.95,1.0,3897.525830354598,1.0,0,0,0.36,0.0
962,static_rule,simple,B,0.95,0.70867559636992,579.1160133312786,0.1,0,0,0.36,0.0
963,static_rule,simple,B,0.95,0.9236345248055295,606.823493116154,0.1,1,0,0.36,0.0
964,static_rule,hard,A,0.95,0.9814719999999999,3393.287426003659,1.0,0,0,0.36,0.0
965,static_rule,hard,A,0.95,1.0,3737.059564745054,1.0,0,0,0.36,0.0
966,static_rule,hard,A,0.95,1.0,4388.609371075278,1.0,0,0,0.36,0.0
967,static_rule,simple,B,0.95,0.8538993388616809,577.7839169017238,0.1,1,0,0.38,0.0
968,static_rule,hard,A,0.95,1.0,3352.292769656577,1.0,0,0,0.38,0.0
969,static_rule,simple,B,0.95,0.9612596480144857,641.9436851232351,0.1,1,0,0.38,0.0
970,static_rule,hard,A,0.95,1.0,3295.2581048505454,1.0,0,0,0.38,0.0
971,static_rule,hard,A,0.95,1.0,3209.830774066651,1.0,0,0,0.36,0.0
972,static_rule,simple,B,0.95,0.9550715348517276,643.4804926717075,0.1,1,0,0.38,0.0
973,static_rule,simple,B,0.95,1.0,675.4354330986192,0.1,1,0,0.38,0.0
974,static_rule,hard,A,0.95,0.9814719999999999,3274.803697034262,1.0,0,0,0.38,0.0
975,static_rule,hard,A,0.95,1.0,4217.4330086618775,1.0,0,0,0.38,0.0
976,static_rule,hard,A,0.95,1.0,3493.1049843822793,1.0,0,0,0.38,0.0
977,static_rule,simple,B,0.95,0.8996953599999999,570.5267835781311,0.1,1,0,0.4,0.0
978,static_rule,hard,A,0.95,1.0,3109.431183410019,1.0,0,0,0.38,0.0
979,static_rule,hard,A,0.95,1.0,3528.340240704543,1.0,0,0,0.38,0.0
980,static_rule,hard,A,0.95,1.0,3911.8102122363807,1.0,0,0,0.38,0.0
981,static_rule,simple,B,0.95,0.8395431328055296,602.6840637112198,0.1,1,0,0.38,0.0
982,static_rule,hard,A,0.95,1.0,3532.8379288011397,1.0,0,0,0.38,0.0
983,static_rule,hard,A,0.95,1.0,3255.419702136338,1.0,0,0,0.38,0.0
984,static_rule,hard,A,0.95,1.0,3755.974661801191,1.0,0,0,0.38,0.0
985,static_rule,simple,B,0.95,0.8034701212633399,585.2390863345856,0.1,1,0,0.38,0.0
986,static_rule,simple,B,0.95,1.0,648.6697685852325,0.1,1,0,0.4,0.0
987,static_rule,hard,A,0.95,0.9814719999999999,3049.1015846285777,1.0,0,0,0.38,0.0
988,static_rule,simple,B,0.95,1.0,711.6507943323876,0.1,1,0,0.38,0.0
989,static_rule,hard,A,0.95,1.0,3108.073150227945,1.0,0,0,0.38,0.0
990,static_rule,hard,A,0.95,1.0,4092.7933930566273,1.0,0,0,0.36,0.0
991,static_rule,hard,A,0.95,1.0,3572.5254238252037,1.0,0,0,0.36,0.0
992,static_rule,hard,A,0.95,1.0,3785.8981160673957,1.0,0,0,0.34,0.0
993,static_rule,hard,A,0.95,1.0,3449.384861311348,1.0,0,0,0.32,0.0
994,static_rule,simple,B,0.95,0.764404086784,566.8329584296984,0.1,1,0,0.34,0.0
995,static_rule,hard,A,0.95,1.0,3072.906314502676,1.0,0,0,0.34,0.0
996,static_rule,hard,A,0.95,1.0,3672.5568676138723,1.0,0,0,0.34,0.0
997,static_rule,hard,A,0.95,1.0,3870.2725941674043,1.0,0,0,0.34,0.0
998,static_rule,simple,B,0.95,0.7584095840094021,570.228939228432,0.1,1,0,0.34,0.0
999,static_rule,simple,B,0.95,0.9674004339282738,711.8574121878834,0.1,1,0,0.36,0.0
1000,static_rule,hard,A,0.95,0.9814719999999999,3805.140852815291,1.0,0,0,0.34,0.0
1001,static_rule,hard,A,0.95,1.0,3406.354215465721,1.0,0,0,0.32,0.0
1002,static_rule,hard,A,0.95,1.0,3863.189475288976,1.0,0,0,0.3,0.0
1003,static_rule,simple,B,0.95,0.8801455514887724,609.8918912726515,0.1,1,0,0.3,0.0
1004,static_rule,hard,A,0.95,1.0,3428.3086454845616,1.0,0,0,0.3,0.0
1005,static_rule,hard,A,0.95,1.0,3605.7270135818335,1.0,0,0,0.28,0.0
1006,static_rule,hard,A,0.95,1.0,4035.417348079389,1.0,0,0,0.28,0.0
1007,static_rule,hard,A,0.95,1.0,3774.970355280077,1.0,0,0,0.28,0.0
1008,static_rule,simple,B,0.95,0.764480898950163,569.7547876056602,0.1,1,0,0.3,0.0
1009,static_rule,hard,A,0.95,1.0,3383.1210913227305,1.0,0,0,0.3,0.0
1010,static_rule,hard,A,0.95,1.0,3703.5805688151218,1.0,0,0,0.3,0.0
1011,static_rule,hard,A,0.95,1.0,3309.998367056113,1.0,0,0,0.3,0.0
1012,static_rule,hard,A,0.95,1.0,3949.609400698975,1.0,0,0,0.3,0.0
1013,static_rule,hard,A,0.95,1.0,3692.9154297952764,1.0,0,0,0.28,0.0
1014,static_rule,simple,B,0.95,0.6550280537407618,453.94027807214314,0.1,1,0,0.3,0.0
1015,static_rule,hard,A,0.95,1.0,3400.4076280430213,1.0,0,0,0.3,0.0
1016,static_rule,hard,A,0.95,1.0,4103.867848964801,1.0,0,0,0.3,0.0
1017,static_rule,hard,A,0.95,1.0,3614.290155745436,1.0,0,0,0.28,0.0
1018,static_rule,hard,A,0.95,1.0,3678.805399595194,1.0,0,0,0.28,0.0
1019,static_rule,simple,B,0.95,0.6456792103583856,405.3290433650815,0.1,0,0,0.26,0.0
1020,static_rule,hard,A,0.95,1.0,3438.8273231822777,1.0,0,0,0.26,0.0
1021,static_rule,hard,A,0.95,1.0,3821.981814631056,1.0,0,0,0.26,0.0
1022,static_rule,simple,B,0.95,0.7400123028413499,523.9728473407478,0.1,1,0,0.26,0.0
1023,static_rule,hard,A,0.95,1.0,3139.577371223997,1.0,0,0,0.24,0.0
1024,static_rule,hard,A,0.95,1.0,3644.93176886256,1.0,0,0,0.24,0.0
1025,static_rule,simple,B,0.95,0.8042976640419004,516.9596125164209,0.1,1,0,0.26,0.0
1026,static_rule,hard,A,0.95,1.0,3734.6629733550776,1.0,0,0,0.26,0.0
1027,static_rule,simple,B,0.95,0.9228481110340476,584.1026390621747,0.1,1,0,0.26,0.0
1028,static_rule,hard,A,0.95,1.0,3953.3248705313263,1.0,0,0,0.26,0.0
1029,static_rule,hard,A,0.95,1.0,4006.7244272812413,1.0,0,0,0.26,0.0
1030,static_rule,hard,A,0.95,1.0,3079.4585498203933,1.0,0,0,0.26,0.0
1031,static_rule,hard,A,0.95,1.0,3650.6909440469844,1.0,0,0,0.24,0.0
1032,static_rule,hard,A,0.95,1.0,3409.458567537082,1.0,0,0,0.24,0.0
1033,static_rule,hard,A,0.95,1.0,3953.621372873521,1.0,0,0,0.24,0.0
1034,static_rule,hard,A,0.95,1.0,4055.4350412641593,1.0,0,0,0.24,0.0
1035,static_rule,simple,B,0.95,0.6318880418794104,569.6514492334558,0.1,1,0,0.24,0.0
1036,static_rule,hard,A,0.95,1.0,3606.1564318472147,1.0,0,0,0.22,0.0
1037,static_rule,hard,A,0.95,1.0,3696.551693452442,1.0,0,0,0.22,0.0
1038,static_rule,hard,A,0.95,1.0,2876.938672256069,1.0,0,0,0.2,0.0
1039,static_rule,hard,A,0.95,1.0,4091.733789161414,1.0,0,0,0.2,0.0
1040,static_rule,simple,B,0.95,0.6334674875440199,543.4192266258618,0.1,1,0,0.22,0.0
1041,static_rule,hard,A,0.95,1.0,3166.8232405855897,1.0,0,0,0.22,0.0
1042,static_rule,simple,B,0.95,0.7905572223540891,614.6682457362117,0.1,1,0,0.24,0.0
1043,static_rule,hard,A,0.95,1.0,3452.4897450494636,1.0,0,0,0.24,0.0
1044,static_rule,simple,B,0.95,0.9122075129910066,674.7981741788678,0.1,1,0,0.24,0.0
1045,static_rule,hard,A,0.95,1.0,3769.228851433443,1.0,0,0,0.24,0.0
1046,static_rule,hard,A,0.95,1.0,3883.8772027057134,1.0,0,0,0.24,0.0
1047,static_rule,hard,A,0.95,1.0,3736.8184583989423,1.0,0,0,0.24,0.0
1048,static_rule,simple,B,0.95,0.8470466128978464,503.51832660168776,0.1,0,0,0.22,0.0
1049,static_rule,hard,A,0.95,1.0,3359.6240930440745,1.0,0,0,0.2,0.0
1050,static_rule,simple,B,0.95,0.9559528970280922,587.002481255968,0.1,1,0,0.22,0.0
1051,static_rule,simple,B,0.95,1.0,646.4322915618204,0.1,1,0,0.24,0.0
1052,static_rule,hard,A,0.95,0.9814719999999999,3061.7093782519933,1.0,0,0,0.24,0.0
1053,static_rule,hard,A,0.95,1.0,4144.431915822949,1.0,0,0,0.22,0.0
1054,static_rule,simple,B,0.95,0.9814719999999999,715.3027069462446,0.1,0,0,0.22,0.0
1055,static_rule,hard,A,0.95,1.0,3704.116328218723,1.0,0,0,0.22,0.0
1056,static_rule,hard,A,0.95,1.0,3887.802335232871,1.0,0,0,0.22,0.0
1057,static_rule,hard,A,0.95,1.0,3886.2930312585063,1.0,0,0,0.22,0.0
1058,static_rule,hard,A,0.95,1.0,3350.670671425227,1.0,0,0,0.2,0.0
1059,static_rule,hard,A,0.95,1.0,3603.6308933628125,1.0,0,0,0.2,0.0
1060,static_rule,simple,B,0.95,0.755799607864066,497.00253412737857,0.1,1,0,0.22,0.0
1061,static_rule,hard,A,0.95,1.0,3709.7185469151427,1.0,0,0,0.22,0.0
1062,static_rule,hard,A,0.95,1.0,4277.80016470138,1.0,0,0,0.22,0.0
1063,static_rule,hard,A,0.95,1.0,4029.3187538824304,1.0,0,0,0.22,0.0
1064,static_rule,hard,A,0.95,1.0,3720.824636750503,1.0,0,0,0.2,0.0
1065,static_rule,hard,A,0.95,1.0,3620.771341131586,1.0,0,0,0.2,0.0
1066,static_rule,hard,A,0.95,1.0,3852.242632793982,1.0,0,0,0.2,0.0
1067,static_rule,hard,A,0.95,1.0,4013.6475443377017,1.0,0,0,0.2,0.0
1068,static_rule,hard,A,0.95,1.0,3970.625145511872,1.0,0,0,0.2,0.0
1069,static_rule,simple,B,0.95,0.539194236883711,450.55067865882046,0.1,1,0,0.22,0.0
1070,static_rule,hard,A,0.95,1.0,3701.093656195635,1.0,0,0,0.22,0.0
1071,static_rule,hard,A,0.95,1.0,3794.1202112418896,1.0,0,0,0.22,0.0
1072,static_rule,hard,A,0.95,1.0,3587.622866426793,1.0,0,0,0.2,0.0
1073,static_rule,hard,A,0.95,1.0,4034.4317907671507,1.0,0,0,0.2,0.0
1074,static_rule,simple,B,0.95,0.584550008158154,404.1030643268829,0.1,1,0,0.22,0.0
1075,static_rule,simple,B,0.95,0.8144040071791756,584.9485550360762,0.1,1,0,0.22,0.0
1076,static_rule,hard,A,0.95,0.9814719999999999,3740.5789812176367,1.0,0,0,0.22,0.0
1077,static_rule,simple,B,0.95,0.9306744631595536,622.6534032214782,0.1,0,0,0.2,0.0
1078,static_rule,simple,B,0.95,1.0,786.0080761611239,0.1,0,0,0.2,0.0
1079,static_rule,hard,A,0.95,0.9688456867839998,3254.750067326013,1.0,0,0,0.2,0.0
1080,static_rule,hard,A,0.95,1.0,3638.687668926216,1.0,0,0,0.2,0.0
1081,static_rule,hard,A,0.95,1.0,4060.27824161454,1.0,0,0,0.2,0.0
1082,static_rule,hard,A,0.95,1.0,3558.997189486177,1.0,0,0,0.2,0.0
1083,static_rule,hard,A,0.95,1.0,3739.3368648039805,1.0,0,0,0.2,0.0
1084,static_rule,hard,A,0.95,1.0,2798.5072687913485,1.0,0,0,0.2,0.0
1085,static_rule,hard,A,0.95,1.0,3627.493247657256,1.0,0,0,0.18,0.0
1086,static_rule,hard,A,0.95,1.0,3628.567288307223,1.0,0,0,0.18,0.0
1087,static_rule,hard,A,0.95,1.0,3516.4267010308517,1.0,0,0,0.18,0.0
1088,static_rule,hard,A,0.95,1.0,3681.418732178988,1.0,0,0,0.18,0.0
1089,static_rule,hard,A,0.95,1.0,3833.967310807637,1.0,0,0,0.18,0.0
1090,static_rule,simple,B,0.95,0.515671155821681,403.9572291132118,0.1,1,0,0.18,0.0
1091,static_rule,hard,A,0.95,1.0,2896.6356969039343,1.0,0,0,0.18,0.0
1092,static_rule,simple,B,0.95,0.6993357430683098,455.61632222125,0.1,1,0,0.18,0.0
1093,static_rule,hard,A,0.95,1.0,3634.4119759961545,1.0,0,0,0.18,0.0
1094,static_rule,hard,A,0.95,1.0,3662.3630265974766,1.0,0,0,0.16,0.0
1095,static_rule,simple,B,0.95,0.7765777275002472,475.1776735452116,0.1,1,0,0.18,0.0
1096,static_rule,simple,B,0.95,0.9833884002002176,669.9421470717899,0.1,1,0,0.2,0.0
1097,static_rule,hard,A,0.95,0.9814719999999999,2901.2093580097326,1.0,0,0,0.2,0.0
1098,static_rule,hard,A,0.95,1.0,3907.9685430767568,1.0,0,0,0.2,0.0
1099,static_rule,hard,A,0.95,1.0,3792.0346034128893,1.0,0,0,0.2,0.0
1100,static_rule,hard,A,0.95,1.0,3655.48157810168,1.0,0,0,0.18,0.0
1101,static_rule,hard,A,0.95,1.0,3422.2415743103456,1.0,0,0,0.16,0.0
1102,static_rule,hard,A,0.95,1.0,4186.254108472156,1.0,0,0,0.16,0.0
1103,static_rule,hard,A,0.95,1.0,3807.3092674727222,1.0,0,0,0.16,0.0
1104,static_rule,simple,B,0.95,0.6536604200052751,600.9679514904625,0.1,1,0,0.18,0.0
1105,static_rule,simple,B,0.95,0.8752211696046421,569.1924152935082,0.1,1,0,0.2,0.0
1106,static_rule,simple,B,0.95,1.0,679.9467610026594,0.1,1,0,0.22,0.0
1107,static_rule,simple,B,0.95,1.0,839.1802307019043,0.1,1,0,0.24,0.0
1108,static_rule,hard,A,0.95,0.8277319167999999,2874.903315939448,1.0,0,0,0.24,0.0
1109,static_rule,hard,A,0.95,1.0,3162.481211228596,1.0,0,0,0.24,0.0
1110,static_rule,hard,A,0.95,1.0,3324.7211357046444,1.0,0,0,0.22,0.0
1111,static_rule,hard,A,0.95,1.0,3565.066714660018,1.0,0,0,0.22,0.0
1112,static_rule,hard,A,0.95,1.0,3863.221976962328,1.0,0,0,0.22,0.0
1113,static_rule,hard,A,0.95,1.0,3492.113816861457,1.0,0,0,0.22,0.0
1114,static_rule,hard,A,0.95,1.0,3558.8009591412615,1.0,0,0,0.22,0.0
1115,static_rule,simple,B,0.95,0.6596345248055295,466.0201591225293,0.1,1,0,0.24,0.0
1116,static_rule,hard,A,0.95,1.0,3932.751564246076,1.0,0,0,0.24,0.0
1117,static_rule,simple,B,0.95,0.8108209760094021,602.1150249080788,0.1,1,0,0.26,0.0
1118,static_rule,hard,A,0.95,1.0,3948.123442077229,1.0,0,0,0.26,0.0
1119,static_rule,simple,B,0.95,0.927899763821681,611.9867549457324,0.1,1,0,0.26,0.0
1120,static_rule,simple,B,0.95,1.0,750.5692158871519,0.1,1,0,0.28,0.0
1121,static_rule,simple,B,0.95,1.0,858.6389867007034,0.1,1,0,0.3,0.0
1122,static_rule,simple,B,0.95,1.0,628.3020736037831,0.1,1,0,0.32,0.0
1123,static_rule,hard,A,0.95,0.8277319167999999,2691.936751820272,1.0,0,0,0.32,0.0
1124,static_rule,hard,A,0.95,1.0,3472.0869499381,1.0,0,0,0.3,0.0
1125,static_rule,hard,A,0.95,1.0,3683.8429652909,1.0,0,0,0.28,0.0
1126,static_rule,simple,B,0.95,0.8996953599999999,517.7328018658882,0.1,1,0,0.3,0.0
1127,static_rule,simple,B,0.95,1.0,755.8807559647536,0.1,1,0,0.32,0.0
1128,static_rule,hard,A,0.95,0.9814719999999999,2952.673139753053,1.0,0,0,0.32,0.0
1129,static_rule,hard,A,0.95,1.0,4061.8118081922935,1.0,0,0,0.32,0.0
1130,static_rule,simple,B,0.95,0.9814719999999999,627.506049877751,0.1,1,0,0.34,0.0
1131,static_rule,hard,A,0.95,1.0,3267.828948429334,1.0,0,0,0.34,0.0
1132,static_rule,hard,A,0.95,1.0,3855.068035467554,1.0,0,0,0.34,0.0
1133,static_rule,hard,A,0.95,1.0,4088.168291526421,1.0,0,0,0.34,0.0
1134,static_rule,simple,B,0.95,0.8885842043699199,590.8974263673366,0.1,1,0,0.36,0.0
1135,static_rule,hard,A,0.95,1.0,3840.42357224557,1.0,0,0,0.36,0.0
1136,static_rule,hard,A,0.95,1.0,3241.5340786734737,1.0,0,0,0.36,0.0
1137,static_rule,hard,A,0.95,1.0,3466.4735171357693,1.0,0,0,0.36,0.0
1138,static_rule,hard,A,0.95,1.0,3724.6636677722204,1.0,0,0,0.36,0.0
1139,static_rule,hard,A,0.95,1.0,3670.3695709624735,1.0,0,0,0.36,0.0
1140,static_rule,simple,B,0.95,0.7126621359611,591.190861527788,0.1,1,0,0.36,0.0
1141,static_rule,hard,A,0.95,1.0,3592.776902806028,1.0,0,0,0.36,0.0
1142,static_rule,hard,A,0.95,1.0,3971.702973230833,1.0,0,0,0.34,0.0
1143,static_rule,hard,A,0.95,1.0,3803.660390573461,1.0,0,0,0.34,0.0
1144,static_rule,hard,A,0.95,1.0,4289.401445132077,1.0,0,0,0.34,0.0
1145,static_rule,simple,B,0.95,0.6760945550415335,505.09197994552954,0.1,1,0,0.34,0.0
1146,static_rule,simple,B,0.95,0.8949632084365495,546.6863859524273,0.1,1,0,0.34,0.0
1147,static_rule,hard,A,0.95,0.9814719999999999,3072.2915686074048,1.0,0,0,0.34,0.0
1148,static_rule,hard,A,0.95,1.0,3294.238862689838,1.0,0,0,0.34,0.0
1149,static_rule,hard,A,0.95,1.0,3500.6101837865717,1.0,0,0,0.34,0.0
1150,static_rule,hard,A,0.95,1.0,3985.9541645962167,1.0,0,0,0.34,0.0
1151,static_rule,hard,A,0.95,1.0,3715.081980097494,1.0,0,0,0.34,0.0
1152,static_rule,hard,A,0.95,1.0,3371.0387671197877,1.0,0,0,0.34,0.0
1153,static_rule,hard,A,0.95,1.0,4037.4400648700853,1.0,0,0,0.34,0.0
1154,static_rule,hard,A,0.95,1.0,3758.315980675949,1.0,0,0,0.32,0.0
1155,static_rule,hard,A,0.95,1.0,3464.566150083326,1.0,0,0,0.3,0.0
1156,static_rule,hard,A,0.95,1.0,3468.203274298715,1.0,0,0,0.28,0.0
1157,static_rule,hard,A,0.95,1.0,3855.8901479633814,1.0,0,0,0.26,0.0
1158,static_rule,simple,B,0.95,0.49301774958139066,420.74809385687155,0.1,1,0,0.28,0.0
1159,static_rule,hard,A,0.95,1.0,3562.22795439346,1.0,0,0,0.28,0.0
1160,static_rule,hard,A,0.95,1.0,3867.0717194901326,1.0,0,0,0.28,0.0
1161,static_rule,hard,A,0.95,1.0,3861.350446645624,1.0,0,0,0.28,0.0
1162,static_rule,hard,A,0.95,1.0,3949.933288486943,1.0,0,0,0.28,0.0
1163,static_rule,hard,A,0.95,1.0,4071.965918170094,1.0,0,0,0.28,0.0
1164,static_rule,hard,A,0.95,1.0,3385.981751432949,1.0,0,0,0.28,0.0
1165,static_rule,hard,A,0.95,1.0,4099.727168615301,1.0,0,0,0.26,0.0
1166,static_rule,hard,A,0.95,1.0,3747.694216051954,1.0,0,0,0.26,0.0
1167,static_rule,hard,A,0.95,1.0,3562.5628288436264,1.0,0,0,0.24,0.0
1168,static_rule,hard,A,0.95,1.0,3900.1690023648207,1.0,0,0,0.24,0.0
1169,static_rule,hard,A,0.95,1.0,3784.0624444349532,1.0,0,0,0.22,0.0
1170,static_rule,hard,A,0.95,1.0,3743.58227283281,1.0,0,0,0.2,0.0
1171,static_rule,hard,A,0.95,1.0,3612.640322562266,1.0,0,0,0.18,0.0
1172,static_rule,hard,A,0.95,1.0,4158.783242856949,1.0,0,0,0.16,0.0
1173,static_rule,hard,A,0.95,1.0,3551.303768581941,1.0,0,0,0.16,0.0
1174,static_rule,hard,A,0.95,1.0,3758.8848899170725,1.0,0,0,0.16,0.0
1175,static_rule,simple,B,0.95,0.3561135805590634,335.46609232445815,0.1,1,0,0.18,0.0
1176,static_rule,hard,A,0.95,1.0,3582.1411885005587,1.0,0,0,0.16,0.0
1177,static_rule,hard,A,0.95,1.0,3743.071961630762,1.0,0,0,0.14,0.0
1178,static_rule,simple,B,0.95,0.5426814339707461,431.31074873421557,0.1,1,0,0.16,0.0
1179,static_rule,hard,A,0.95,1.0,3452.0386795351287,1.0,0,0,0.16,0.0
1180,static_rule,simple,B,0.95,0.7202525024669457,522.272729801537,0.1,1,0,0.16,0.0
1181,static_rule,simple,B,0.95,0.9338222021709122,598.5939899519336,0.1,0,0,0.16,0.0
1182,static_rule,hard,A,0.95,0.9814719999999999,3626.465863865772,1.0,0,0,0.16,0.0
1183,static_rule,simple,B,0.95,1.0,657.2891629650842,0.1,0,0,0.16,0.0
1184,static_rule,hard,A,0.95,1.0,3584.176060514477,1.0,0,0,0.14,0.0
1185,static_rule,hard,A,0.95,1.0,3880.044241967582,1.0,0,0,0.14,0.0
1186,static_rule,simple,B,0.95,0.9814719999999999,676.9701125244651,0.1,1,0,0.16,0.0
1187,static_rule,simple,B,0.95,1.0,858.9083845785691,0.1,1,0,0.18,0.0
1188,static_rule,hard,A,0.95,0.9814719999999999,3502.7950696643497,1.0,0,0,0.18,0.0
1189,static_rule,hard,A,0.95,1.0,3678.5511443416967,1.0,0,0,0.18,0.0
1190,static_rule,simple,B,0.95,0.9814719999999999,658.6402542970665,0.1,1,0,0.18,0.0
1191,static_rule,hard,A,0.95,1.0,3492.340357378716,1.0,0,0,0.18,0.0
1192,static_rule,hard,A,0.95,1.0,3837.255347141266,1.0,0,0,0.18,0.0
1193,static_rule,hard,A,0.95,1.0,3928.177780407233,1.0,0,0,0.18,0.0
1194,static_rule,hard,A,0.95,1.0,3169.979643535328,1.0,0,0,0.18,0.0
1195,static_rule,simple,B,0.95,0.8179540998455295,575.9751886996198,0.1,0,0,0.16,0.0
1196,static_rule,hard,A,0.95,1.0,3299.121169911494,1.0,0,0,0.14,0.0
1197,static_rule,simple,B,0.95,0.933423654920378,586.6408220648437,0.1,1,0,0.16,0.0
1198,static_rule,simple,B,0.95,1.0,703.695667514659,0.1,1,0,0.18,0.0
1199,static_rule,hard,A,0.95,0.9814719999999999,3098.193932912243,1.0,0,0,0.18,0.0
1200,static_rule,simple,B,0.95,1.0,647.3167202016218,0.1,1,0,0.2,0.0
1201,static_rule,hard,A,0.95,1.0,3362.0576988494163,1.0,0,0,0.2,0.0
1202,static_rule,hard,A,0.95,1.0,3494.4252223562753,1.0,0,0,0.2,0.0
1203,static_rule,hard,A,0.95,1.0,3285.554648205496,1.0,0,0,0.2,0.0
1204,static_rule,hard,A,0.95,1.0,3741.7024972103145,1.0,0,0,0.2,0.0
1205,static_rule,hard,A,0.95,1.0,4474.9100077984485,1.0,0,0,0.2,0.0
1206,static_rule,hard,A,0.95,1.0,3659.078159250674,1.0,0,0,0.2,0.0
1207,static_rule,hard,A,0.95,1.0,3579.388259735883,1.0,0,0,0.2,0.0
1208,static_rule,hard,A,0.95,1.0,4048.4567992190327,1.0,0,0,0.18,0.0
1209,static_rule,hard,A,0.95,1.0,3797.23953699208,1.0,0,0,0.18,0.0
1210,static_rule,hard,A,0.95,1.0,3824.2225562786334,1.0,0,0,0.18,0.0
1211,static_rule,hard,A,0.95,1.0,3802.0878519204743,1.0,0,0,0.18,0.0
1212,static_rule,simple,B,0.95,0.515671155821681,420.7947514798792,0.1,1,0,0.2,0.0
1213,static_rule,hard,A,0.95,1.0,3324.920430204613,1.0,0,0,0.2,0.0
1214,static_rule,simple,B,0.95,0.6993357430683098,565.415440713574,0.1,1,0,0.22,0.0
1215,static_rule,simple,B,0.95,0.9154154539001127,539.6354924342355,0.1,0,0,0.22,0.0
1216,static_rule,simple,B,0.95,1.0,659.5514711758451,0.1,1,0,0.24,0.0
1217,static_rule,hard,A,0.95,0.8996953599999999,2994.9111121665487,1.0,0,0,0.24,0.0
1218,static_rule,hard,A,0.95,1.0,3150.150963045475,1.0,0,0,0.24,0.0
1219,static_rule,hard,A,0.95,1.0,3643.8158021873182,1.0,0,0,0.24,0.0
1220,static_rule,hard,A,0.95,1.0,3455.1932591152913,1.0,0,0,0.24,0.0
1221,static_rule,simple,B,0.95,0.8277319167999999,658.2426568380372,0.1,1,0,0.26,0.0
1222,static_rule,hard,A,0.95,1.0,3422.942661452217,1.0,0,0,0.26,0.0
1223,static_rule,hard,A,0.95,1.0,3608.813968924499,1.0,0,0,0.26,0.0
1224,static_rule,simple,B,0.95,0.8640761248055295,549.6248031290933,0.1,1,0,0.28,0.0
1225,static_rule,hard,A,0.95,1.0,3101.180759311154,1.0,0,0,0.26,0.0
1226,static_rule,simple,B,0.95,0.969140551049402,507.9837696621012,0.1,0,0,0.26,0.0
1227,static_rule,simple,B,0.95,1.0,669.8239206138362,0.1,1,0,0.28,0.0
1228,static_rule,hard,A,0.95,0.9814719999999999,2930.2967412680396,1.0,0,0,0.26,0.0
1229,static_rule,simple,B,0.95,1.0,625.8713442651201,0.1,1,0,0.28,0.0
1230,static_rule,hard,A,0.95,1.0,3790.131141691497,1.0,0,0,0.26,0.0
1231,static_rule,hard,A,0.95,1.0,3458.4693684166214,1.0,0,0,0.26,0.0
1232,static_rule,hard,A,0.95,1.0,3519.0514846238366,1.0,0,0,0.26,0.0
1233,static_rule,simple,B,0.95,0.8996953599999999,570.911498493543,0.1,1,0,0.28,0.0
1234,static_rule,hard,A,0.95,1.0,3428.5000458284103,1.0,0,0,0.28,0.0
1235,static_rule,hard,A,0.95,1.0,3829.11932869982,1.0,0,0,0.28,0.0
1236,static_rule,hard,A,0.95,1.0,4209.493004264308,1.0,0,0,0.26,0.0
1237,static_rule,hard,A,0.95,1.0,4020.3135794977525,1.0,0,0,0.24,0.0
1238,static_rule,hard,A,0.95,1.0,3674.6960926113634,1.0,0,0,0.24,0.0
1239,static_rule,hard,A,0.95,1.0,3442.4952437963298,1.0,0,0,0.24,0.0
1240,static_rule,hard,A,0.95,1.0,3717.2640828838835,1.0,0,0,0.22,0.0
1241,static_rule,hard,A,0.95,1.0,4110.13828880378,1.0,0,0,0.22,0.0
1242,static_rule,hard,A,0.95,1.0,3580.868661964153,1.0,0,0,0.22,0.0
1243,static_rule,hard,A,0.95,1.0,4095.6174839259465,1.0,0,0,0.22,0.0
1244,static_rule,hard,A,0.95,1.0,3504.0786216409183,1.0,0,0,0.22,0.0
1245,static_rule,simple,B,0.95,0.4940383381786034,417.521289498214,0.1,0,0,0.22,0.0
1246,static_rule,hard,A,0.95,1.0,3303.0166766985067,1.0,0,0,0.22,0.0
1247,static_rule,simple,B,0.95,0.6825832890855104,541.8122679401295,0.1,1,0,0.22,0.0
1248,static_rule,simple,B,0.95,0.9006732943952491,584.3821330552763,0.1,1,0,0.22,0.0
1249,static_rule,hard,A,0.95,0.9814719999999999,2874.849598707836,1.0,0,0,0.22,0.0
1250,static_rule,hard,A,0.95,1.0,3222.767340839568,1.0,0,0,0.2,0.0
1251,static_rule,hard,A,0.95,1.0,3937.238726519406,1.0,0,0,0.2,0.0
1252,static_rule,hard,A,0.95,1.0,4146.732877876484,1.0,0,0,0.2,0.0
1253,static_rule,simple,B,0.95,0.7753140440617756,617.936577529954,0.1,1,0,0.22,0.0
1254,static_rule,simple,B,0.95,0.9822763587743626,592.791801543353,0.1,1,0,0.24,0.0
1255,static_rule,hard,A,0.95,0.9814719999999999,3410.363568276322,1.0,0,0,0.24,0.0
1256,static_rule,simple,B,0.95,1.0,635.065263634843,0.1,1,0,0.26,0.0
1257,static_rule,hard,A,0.95,1.0,3123.5367627389355,1.0,0,0,0.26,0.0
1258,static_rule,hard,A,0.95,1.0,3581.7667324993718,1.0,0,0,0.26,0.0
1259,static_rule,hard,A,0.95,1.0,3893.573760686967,1.0,0,0,0.26,0.0
1260,static_rule,hard,A,0.95,1.0,3621.693033472385,1.0,0,0,0.26,0.0
1261,static_rule,hard,A,0.95,1.0,3068.782519392011,1.0,0,0,0.26,0.0
1262,static_rule,hard,A,0.95,1.0,3849.359709783526,1.0,0,0,0.24,0.0
1263,static_rule,simple,B,0.95,0.70867559636992,475.41393742090565,0.1,1,0,0.26,0.0
1264,static_rule,hard,A,0.95,1.0,3417.1862394833847,1.0,0,0,0.24,0.0
1265,static_rule,simple,B,0.95,0.848798381828866,569.1662788569312,0.1,0,0,0.24,0.0
1266,static_rule,hard,A,0.95,1.0,3429.8472428999776,1.0,0,0,0.22,0.0
1267,static_rule,hard,A,0.95,1.0,3433.1311333881213,1.0,0,0,0.22,0.0
1268,static_rule,hard,A,0.95,1.0,3741.9881589014285,1.0,0,0,0.22,0.0
1269,static_rule,hard,A,0.95,1.0,4005.849214729359,1.0,0,0,0.22,0.0
1270,static_rule,hard,A,0.95,1.0,3665.851027779556,1.0,0,0,0.22,0.0
1271,static_rule,hard,A,0.95,1.0,3520.4959695181965,1.0,0,0,0.2,0.0
1272,static_rule,hard,A,0.95,1.0,3866.995845069186,1.0,0,0,0.2,0.0
1273,static_rule,hard,A,0.95,1.0,3320.5045131184343,1.0,0,0,0.2,0.0
1274,static_rule,hard,A,0.95,1.0,3682.8951822447843,1.0,0,0,0.18,0.0
1275,static_rule,hard,A,0.95,1.0,3582.6198923458533,1.0,0,0,0.18,0.0
1276,static_rule,hard,A,0.95,1.0,4095.1616871380825,1.0,0,0,0.18,0.0
1277,static_rule,hard,A,0.95,1.0,3304.1296003726734,1.0,0,0,0.16,0.0
1278,static_rule,simple,B,0.95,0.4610939687003716,390.27108429542534,0.1,1,0,0.18,0.0
1279,static_rule,hard,A,0.95,1.0,3487.5551066126027,1.0,0,0,0.16,0.0
1280,static_rule,hard,A,0.95,1.0,3226.8298953249027,1.0,0,0,0.16,0.0
1281,static_rule,hard,A,0.95,1.0,3510.6349369467603,1.0,0,0,0.16,0.0
1282,static_rule,hard,A,0.95,1.0,3684.8864936472623,1.0,0,0,0.16,0.0
1283,static_rule,hard,A,0.95,1.0,3689.148683011999,1.0,0,0,0.14,0.0
1284,static_rule,simple,B,0.95,0.5141339234559064,460.55591229325955,0.1,1,0,0.16,0.0
1285,static_rule,hard,A,0.95,1.0,3470.9640553623035,1.0,0,0,0.16,0.0
1286,static_rule,simple,B,0.95,0.6981453103242539,556.7551369903563,0.1,1,0,0.18,0.0
1287,static_rule,simple,B,0.95,0.9143678730853433,567.0484215400884,0.1,1,0,0.2,0.0
1288,static_rule,hard,A,0.95,0.9814719999999999,3031.673565238606,1.0,0,0,0.2,0.0
1289,static_rule,hard,A,0.95,1.0,4001.292747201631,1.0,0,0,0.2,0.0
1290,static_rule,hard,A,0.95,1.0,3693.136911281835,1.0,0,0,0.2,0.0
1291,static_rule,hard,A,0.95,1.0,3256.8562207510304,1.0,0,0,0.2,0.0
1292,static_rule,simple,B,0.95,0.7825411103236674,552.2603190516795,0.1,1,0,0.22,0.0
1293,static_rule,hard,A,0.95,1.0,3508.699780951304,1.0,0,0,0.22,0.0
1294,static_rule,hard,A,0.95,1.0,3665.4373130097065,1.0,0,0,0.22,0.0
1295,static_rule,hard,A,0.95,1.0,4231.482839287399,1.0,0,0,0.22,0.0
1296,static_rule,simple,B,0.95,0.7692862728703513,594.1769187613129,0.1,1,0,0.24,0.0
1297,static_rule,hard,A,0.95,1.0,3341.5156843747477,1.0,0,0,0.22,0.0
1298,static_rule,hard,A,0.95,1.0,3636.910480205907,1.0,0,0,0.2,0.0
1299,static_rule,simple,B,0.95,0.8242470549455041,586.5850049507421,0.1,0,0,0.2,0.0
1300,static_rule,simple,B,0.95,1.0,720.6245597378618,0.1,1,0,0.22,0.0
1301,static_rule,hard,A,0.95,0.9814719999999999,3399.4605007600053,1.0,0,0,0.22,0.0
1302,static_rule,simple,B,0.95,1.0,686.0019370316519,0.1,1,0,0.24,0.0
1303,static_rule,simple,B,0.95,1.0,699.0565259438519,0.1,1,0,0.24,0.0
1304,static_rule,hard,A,0.95,0.9688456867839998,2954.952323033027,1.0,0,0,0.22,0.0
1305,static_rule,hard,A,0.95,1.0,3577.529488571954,1.0,0,0,0.22,0.0
1306,static_rule,hard,A,0.95,1.0,3582.836431183487,1.0,0,0,0.2,0.0
1307,static_rule,hard,A,0.95,1.0,4418.481981522237,1.0,0,0,0.2,0.0
1308,static_rule,hard,A,0.95,1.0,3309.07505300754,1.0,0,0,0.2,0.0
1309,static_rule,hard,A,0.95,1.0,3698.6892763280666,1.0,0,0,0.2,0.0
1310,static_rule,hard,A,0.95,1.0,3912.2356356639293,1.0,0,0,0.2,0.0
1311,static_rule,hard,A,0.95,1.0,3950.955169605535,1.0,0,0,0.2,0.0
1312,static_rule,simple,B,0.95,0.6164783818288659,498.7276888949627,0.1,1,0,0.22,0.0
1313,static_rule,hard,A,0.95,1.0,3709.549523189745,1.0,0,0,0.2,0.0
1314,static_rule,hard,A,0.95,1.0,3038.1436256727156,1.0,0,0,0.2,0.0
1315,static_rule,hard,A,0.95,1.0,4003.4170195977763,1.0,0,0,0.2,0.0
1316,static_rule,hard,A,0.95,1.0,3657.5418310126324,1.0,0,0,0.2,0.0
1317,static_rule,simple,B,0.95,0.6253353181083097,479.92025860996614,0.1,1,0,0.22,0.0
1318,static_rule,hard,A,0.95,1.0,3636.108538813665,1.0,0,0,0.22,0.0
1319,static_rule,simple,B,0.95,0.784259670343075,513.6450719057419,0.1,1,0,0.24,0.0
1320,static_rule,simple,B,0.95,0.9901485099019061,671.7858555992342,0.1,1,0,0.26,0.0
1321,static_rule,simple,B,0.95,1.0,739.3830508250702,0.1,0,0,0.26,0.0
1322,static_rule,hard,A,0.95,0.8996953599999999,2979.914379545954,1.0,0,0,0.26,0.0
1323,static_rule,hard,A,0.95,1.0,3339.7848031163244,1.0,0,0,0.26,0.0
1324,static_rule,simple,B,0.95,0.9814719999999999,611.3440200838049,0.1,0,0,0.26,0.0
1325,static_rule,hard,A,0.95,1.0,3263.34429642778,1.0,0,0,0.26,0.0
1326,static_rule,hard,A,0.95,1.0,3633.3878490671223,1.0,0,0,0.26,0.0
1327,static_rule,hard,A,0.95,1.0,3474.2759159782463,1.0,0,0,0.26,0.0
1328,static_rule,simple,B,0.95,0.8885842043699199,618.051563261297,0.1,1,0,0.26,0.0
1329,static_rule,simple,B,0.95,1.0,742.3258685350323,0.1,1,0,0.28,0.0
1330,static_rule,simple,B,0.95,1.0,664.4531794989532,0.1,1,0,0.3,0.0
1331,static_rule,hard,A,0.95,0.8996953599999999,3086.35460563994,1.0,0,0,0.3,0.0
1332,static_rule,hard,A,0.95,1.0,3614.904992178511,1.0,0,0,0.3,0.0
1333,static_rule,hard,A,0.95,1.0,3089.0387763952303,1.0,0,0,0.3,0.0
1334,static_rule,hard,A,0.95,1.0,3691.1156681072425,1.0,0,0,0.28,0.0
1335,static_rule,hard,A,0.95,1.0,3942.638399493182,1.0,0,0,0.28,0.0
1336,static_rule,hard,A,0.95,1.0,3657.173805214824,1.0,0,0,0.26,0.0
1337,static_rule,hard,A,0.95,1.0,3404.907943363341,1.0,0,0,0.24,0.0
1338,static_rule,simple,B,0.95,0.6596345248055295,557.6500706778263,0.1,0,0,0.24,0.0
1339,static_rule,hard,A,0.95,1.0,3606.34771154951,1.0,0,0,0.24,0.0
1340,static_rule,hard,A,0.95,1.0,3536.7752388508484,1.0,0,0,0.24,0.0
1341,static_rule,hard,A,0.95,1.0,4031.418192409703,1.0,0,0,0.24,0.0
1342,static_rule,simple,B,0.95,0.695579763821681,435.3683462890064,0.1,1,0,0.24,0.0
1343,static_rule,hard,A,0.95,1.0,3292.3817862553697,1.0,0,0,0.24,0.0
1344,static_rule,simple,B,0.95,0.8386569691035097,572.8249923546863,0.1,1,0,0.26,0.0
1345,static_rule,hard,A,0.95,1.0,3593.2703024623247,1.0,0,0,0.26,0.0
1346,static_rule,simple,B,0.95,0.949455956873758,660.0534317565565,0.1,1,0,0.26,0.0
1347,static_rule,simple,B,0.95,1.0,693.7253143203185,0.1,1,0,0.28,0.0
1348,static_rule,hard,A,0.95,0.9814719999999999,3028.6888243746516,1.0,0,0,0.28,0.0
1349,static_rule,hard,A,0.95,1.0,3636.757001228684,1.0,0,0,0.28,0.0
1350,static_rule,hard,A,0.95,1.0,3345.508615274126,1.0,0,0,0.26,0.0
1351,static_rule,hard,A,0.95,1.0,4229.2468605011145,1.0,0,0,0.26,0.0
1352,static_rule,simple,B,0.95,0.8277319167999999,549.2026398009092,0.1,1,0,0.26,0.0
1353,static_rule,simple,B,0.95,1.0,596.652514600617,0.1,1,0,0.26,0.0
1354,static_rule,simple,B,0.95,1.0,683.7676187208679,0.1,1,0,0.28,0.0
1355,static_rule,hard,A,0.95,0.8996953599999999,2717.291920126942,1.0,0,0,0.28,0.0
1356,static_rule,hard,A,0.95,1.0,3547.7454841191757,1.0,0,0,0.28,0.0
1357,static_rule,hard,A,0.95,1.0,4078.022244460896,1.0,0,0,0.28,0.0
1358,static_rule,simple,B,0.95,0.8996953599999999,656.3508256597603,0.1,1,0,0.3,0.0
1359,static_rule,hard,A,0.95,1.0,3337.1130482110066,1.0,0,0,0.3,0.0
1360,static_rule,hard,A,0.95,1.0,3218.3826975904353,1.0,0,0,0.3,0.0
1361,static_rule,simple,B,0.95,0.9131171963699201,494.6790144874167,0.1,0,0,0.3,0.0
1362,static_rule,simple,B,0.95,1.0,666.8602958465887,0.1,1,0,0.3,0.0
1363,static_rule,hard,A,0.95,0.9814719999999999,3561.0002716146505,1.0,0,0,0.3,0.0
1364,static_rule,simple,B,0.95,1.0,677.5143563254595,0.1,1,0,0.32,0.0
1365,static_rule,hard,A,0.95,1.0,3530.652666471522,1.0,0,0,0.32,0.0
1366,static_rule,simple,B,0.95,1.0,606.5681367090439,0.1,1,0,0.34,0.0
1367,static_rule,hard,A,0.95,1.0,3047.867200429546,1.0,0,0,0.32,0.0
1368,static_rule,hard,A,0.95,1.0,3652.905864273738,1.0,0,0,0.32,0.0
1369,static_rule,simple,B,0.95,0.9814719999999999,695.1036659112569,0.1,1,0,0.32,0.0
1370,static_rule,hard,A,0.95,1.0,3771.590341327601,1.0,0,0,0.3,0.0
1371,static_rule,hard,A,0.95,1.0,3690.1289238394897,1.0,0,0,0.3,0.0
1372,static_rule,hard,A,0.95,1.0,3647.4238443713148,1.0,0,0,0.3,0.0
1373,static_rule,hard,A,0.95,1.0,3679.7431657394577,1.0,0,0,0.3,0.0
1374,static_rule,hard,A,0.95,1.0,3819.141578503001,1.0,0,0,0.3,0.0
1375,static_rule,hard,A,0.95,1.0,3722.7704909247627,1.0,0,0,0.3,0.0
1376,static_rule,hard,A,0.95,1.0,3647.7257698353565,1.0,0,0,0.3,0.0
1377,static_rule,simple,B,0.95,0.6529712163299327,599.6233738085218,0.1,1,0,0.32,0.0
1378,static_rule,hard,A,0.95,1.0,3536.3622447427333,1.0,0,0,0.3,0.0
1379,static_rule,hard,A,0.95,1.0,3285.9027181573233,1.0,0,0,0.28,0.0
1380,static_rule,simple,B,0.95,0.7449816007347918,476.08176185271395,0.1,1,0,0.28,0.0
1381,static_rule,simple,B,0.95,0.9555838086466169,605.4176578994824,0.1,1,0,0.3,0.0
1382,static_rule,hard,A,0.95,0.9814719999999999,2898.099347020572,1.0,0,0,0.3,0.0
1383,static_rule,simple,B,0.95,1.0,599.7563296524951,0.1,1,0,0.32,0.0
1384,static_rule,hard,A,0.95,1.0,3415.7688023163355,1.0,0,0,0.32,0.0
1385,static_rule,hard,A,0.95,1.0,3731.670817552284,1.0,0,0,0.32,0.0
1386,static_rule,simple,B,0.95,0.9814719999999999,542.1725041552295,0.1,1,0,0.34,0.0
1387,static_rule,hard,A,0.95,1.0,3012.3887532194276,1.0,0,0,0.34,0.0
1388,static_rule,hard,A,0.95,1.0,3355.7882017636416,1.0,0,0,0.34,0.0
1389,static_rule,simple,B,0.95,0.9688456867839998,677.2695984097227,0.1,1,0,0.36,0.0
1390,static_rule,hard,A,0.95,1.0,3513.741065841433,1.0,0,0,0.36,0.0
1391,static_rule,hard,A,0.95,1.0,3762.1684021749134,1.0,0,0,0.36,0.0
1392,static_rule,hard,A,0.95,1.0,3501.673652101051,1.0,0,0,0.34,0.0
1393,static_rule,hard,A,0.95,1.0,3299.6405952017903,1.0,0,0,0.34,0.0
1394,static_rule,simple,B,0.95,0.8112907913699325,545.2418817403785,0.1,0,0,0.32,0.0
1395,static_rule,hard,A,0.95,1.0,4111.039602808692,1.0,0,0,0.32,0.0
1396,static_rule,simple,B,0.95,0.9282635888368758,643.0802970777893,0.1,1,0,0.32,0.0
1397,static_rule,hard,A,0.95,1.0,2858.180508088566,1.0,0,0,0.3,0.0
1398,static_rule,hard,A,0.95,1.0,3613.400015319216,1.0,0,0,0.3,0.0
1399,static_rule,hard,A,0.95,1.0,3873.112246257861,1.0,0,0,0.3,0.0
1400,static_rule,hard,A,0.95,1.0,3883.7124185710154,1.0,0,0,0.3,0.0
1401,static_rule,hard,A,0.95,1.0,3563.212867864409,1.0,0,0,0.3,0.0
1402,static_rule,hard,A,0.95,1.0,3729.7806768735336,1.0,0,0,0.28,0.0
1403,static_rule,simple,B,0.95,0.6793586757563923,499.1472450209513,0.1,1,0,0.28,0.0
1404,static_rule,hard,A,0.95,1.0,3470.1944196922136,1.0,0,0,0.26,0.0
1405,static_rule,hard,A,0.95,1.0,4035.582265262526,1.0,0,0,0.26,0.0
1406,static_rule,simple,B,0.95,0.7629639154850603,577.2928679708897,0.1,1,0,0.28,0.0
1407,static_rule,hard,A,0.95,1.0,3247.840289105036,1.0,0,0,0.28,0.0
1408,static_rule,hard,A,0.95,1.0,3294.3475532981265,1.0,0,0,0.26,0.0
1409,static_rule,hard,A,0.95,1.0,3779.9235338897583,1.0,0,0,0.26,0.0
1410,static_rule,hard,A,0.95,1.0,3533.6653689153313,1.0,0,0,0.26,0.0
1411,static_rule,hard,A,0.95,1.0,3830.3712991553257,1.0,0,0,0.26,0.0
1412,static_rule,hard,A,0.95,1.0,3421.2478362203296,1.0,0,0,0.24,0.0
1413,static_rule,hard,A,0.95,1.0,3482.134529307334,1.0,0,0,0.24,0.0
1414,static_rule,hard,A,0.95,1.0,3862.1123775623164,1.0,0,0,0.22,0.0
1415,static_rule,hard,A,0.95,1.0,3295.57827549474,1.0,0,0,0.22,0.0
1416,static_rule,hard,A,0.95,1.0,3948.442427384958,1.0,0,0,0.2,0.0
1417,static_rule,hard,A,0.95,1.0,3396.4722103539716,1.0,0,0,0.2,0.0
1418,static_rule,simple,B,0.95,0.4645493095028983,418.7470855892703,0.1,1,0,0.22,0.0
1419,static_rule,hard,A,0.95,1.0,3915.1198517415023,1.0,0,0,0.2,0.0
1420,static_rule,hard,A,0.95,1.0,3596.3833260193232,1.0,0,0,0.2,0.0
1421,static_rule,hard,A,0.95,1.0,3887.40299311036,1.0,0,0,0.2,0.0
1422,static_rule,simple,B,0.95,0.578588065400092,585.8947906043537,0.1,1,0,0.22,0.0
1423,static_rule,hard,A,0.95,1.0,3017.276317706209,1.0,0,0,0.22,0.0
1424,static_rule,hard,A,0.95,1.0,3430.5969601096535,1.0,0,0,0.22,0.0
1425,static_rule,hard,A,0.95,1.0,3699.1927255165897,1.0,0,0,0.22,0.0
1426,static_rule,hard,A,0.95,1.0,4202.472790207006,1.0,0,0,0.22,0.0
1427,static_rule,simple,B,0.95,0.6053393887911943,500.404179277962,0.1,0,0,0.2,0.0
1428,static_rule,hard,A,0.95,1.0,3474.6368193718504,1.0,0,0,0.2,0.0
1429,static_rule,hard,A,0.95,1.0,3588.6646171100574,1.0,0,0,0.2,0.0
1430,static_rule,simple,B,0.95,0.7125218439583128,527.7111516150704,0.1,1,0,0.2,0.0
1431,static_rule,hard,A,0.95,1.0,3289.2724429036657,1.0,0,0,0.18,0.0
1432,static_rule,simple,B,0.95,0.8517769159613173,549.4442503449939,0.1,1,0,0.2,0.0
1433,static_rule,hard,A,0.95,1.0,3609.0848041551008,1.0,0,0,0.18,0.0
1434,static_rule,simple,B,0.95,0.9596160437204442,627.0856592996249,0.1,1,0,0.2,0.0
1435,static_rule,simple,B,0.95,1.0,786.0657384219885,0.1,1,0,0.22,0.0
1436,static_rule,hard,A,0.95,0.9814719999999999,3081.8971454751686,1.0,0,0,0.2,0.0
1437,static_rule,hard,A,0.95,1.0,3898.3857414913186,1.0,0,0,0.2,0.0
1438,static_rule,hard,A,0.95,1.0,3863.1625482657623,1.0,0,0,0.2,0.0
1439,static_rule,simple,B,0.95,0.8996953599999999,627.543497590513,0.1,1,0,0.2,0.0
1440,static_rule,hard,A,0.95,1.0,3181.2383240312365,1.0,0,0,0.2,0.0
1441,static_rule,simple,B,0.95,0.9967240867839999,609.1505378592135,0.1,1,0,0.22,0.0
1442,static_rule,hard,A,0.95,1.0,3601.677209184804,1.0,0,0,0.22,0.0
1443,static_rule,hard,A,0.95,1.0,3126.824094753378,1.0,0,0,0.22,0.0
1444,static_rule,hard,A,0.95,1.0,3417.9054196664115,1.0,0,0,0.22,0.0
1445,static_rule,simple,B,0.95,0.897730810044602,472.6647318992186,0.1,1,0,0.24,0.0
1446,static_rule,hard,A,0.95,1.0,3779.3497686253168,1.0,0,0,0.22,0.0
1447,static_rule,simple,B,0.95,0.9952027392985399,680.046527654048,0.1,1,0,0.24,0.0
1448,static_rule,hard,A,0.95,1.0,3435.893052091805,1.0,0,0,0.24,0.0
1449,static_rule,hard,A,0.95,1.0,3947.902848586381,1.0,0,0,0.24,0.0
1450,static_rule,hard,A,0.95,1.0,3389.2030115776142,1.0,0,0,0.24,0.0
1451,static_rule,hard,A,0.95,1.0,4092.260792386386,1.0,0,0,0.24,0.0
1452,static_rule,hard,A,0.95,1.0,3529.5014655194077,1.0,0,0,0.24,0.0
1453,static_rule,simple,B,0.95,0.7621762193088737,585.9209707424455,0.1,0,0,0.22,0.0
1454,static_rule,hard,A,0.95,1.0,3320.289931507949,1.0,0,0,0.22,0.0
1455,static_rule,simple,B,0.95,0.8902292642327918,639.1493402097676,0.1,1,0,0.24,0.0
1456,static_rule,hard,A,0.95,1.0,4066.264828173255,1.0,0,0,0.22,0.0
1457,static_rule,hard,A,0.95,1.0,3521.7734839374093,1.0,0,0,0.22,0.0
1458,static_rule,simple,B,0.95,0.9066663171552491,598.1876801713048,0.1,1,0,0.24,0.0
1459,static_rule,hard,A,0.95,1.0,3376.345122736041,1.0,0,0,0.24,0.0
1460,static_rule,hard,A,0.95,1.0,3959.4572646847937,1.0,0,0,0.24,0.0
1461,static_rule,simple,B,0.95,0.917867708484422,654.360611075142,0.1,1,0,0.26,0.0
1462,static_rule,simple,B,0.95,1.0,625.909647789253,0.1,1,0,0.28,0.0
1463,static_rule,hard,A,0.95,0.9814719999999999,3601.1360800329226,1.0,0,0,0.28,0.0
1464,static_rule,hard,A,0.95,1.0,4024.824899343303,1.0,0,0,0.28,0.0
1465,static_rule,hard,A,0.95,1.0,3301.922838920586,1.0,0,0,0.28,0.0
1466,static_rule,simple,B,0.95,0.8996953599999999,649.5244180878512,0.1,1,0,0.3,0.0
1467,static_rule,simple,B,0.95,1.0,592.265439375571,0.1,1,0,0.32,0.0
1468,static_rule,simple,B,0.95,1.0,865.3743005075512,0.1,1,0,0.32,0.0
1469,static_rule,hard,A,0.95,0.8996953599999999,3091.959362184252,1.0,0,0,0.32,0.0
1470,static_rule,simple,B,0.95,1.0,664.9071411100989,0.1,1,0,0.34,0.0
1471,static_rule,hard,A,0.95,0.9967240867839999,3123.5976411262614,1.0,0,0,0.34,0.0
1472,static_rule,hard,A,0.95,1.0,3581.5929213216973,1.0,0,0,0.32,0.0
1473,static_rule,simple,B,0.95,0.9814719999999999,641.9088780067906,0.1,1,0,0.34,0.0
1474,static_rule,hard,A,0.95,1.0,3308.381625788414,1.0,0,0,0.34,0.0
1475,static_rule,simple,B,0.95,1.0,643.2385039705742,0.1,0,0,0.34,0.0
1476,static_rule,simple,B,0.95,1.0,717.5808090856226,0.1,1,0,0.36,0.0
1477,static_rule,hard,A,0.95,0.9814719999999999,3307.3378006829225,1.0,0,0,0.36,0.0
1478,static_rule,hard,A,0.95,1.0,3678.500201907199,1.0,0,0,0.36,0.0
1479,static_rule,simple,B,0.95,0.9814719999999999,562.0074342313043,0.1,1,0,0.38,0.0
1480,static_rule,hard,A,0.95,1.0,3271.6462490138033,1.0,0,0,0.36,0.0
1481,static_rule,hard,A,0.95,1.0,3723.501744068764,1.0,0,0,0.36,0.0
1482,static_rule,hard,A,0.95,1.0,3985.7550378085084,1.0,0,0,0.34,0.0
1483,static_rule,hard,A,0.95,1.0,3269.963798842404,1.0,0,0,0.34,0.0
1484,static_rule,hard,A,0.95,1.0,3886.7001790606205,1.0,0,0,0.32,0.0
1485,static_rule,hard,A,0.95,1.0,3997.4225022847777,1.0,0,0,0.3,0.0
1486,static_rule,hard,A,0.95,1.0,3731.7576815608454,1.0,0,0,0.3,0.0
1487,static_rule,hard,A,0.95,1.0,3772.3667408412675,1.0,0,0,0.3,0.0
1488,static_rule,hard,A,0.95,1.0,3884.520027040909,1.0,0,0,0.3,0.0
1489,static_rule,hard,A,0.95,1.0,3420.822361784655,1.0,0,0,0.28,0.0
1490,static_rule,simple,B,0.95,0.5405400007347919,565.6660833982904,0.1,1,0,0.3,0.0
1491,static_rule,hard,A,0.95,1.0,3376.7152284137746,1.0,0,0,0.28,0.0
1492,static_rule,simple,B,0.95,0.7185941765690229,523.1079108159778,0.1,1,0,0.3,0.0
1493,static_rule,hard,A,0.95,1.0,3074.9892850368196,1.0,0,0,0.3,0.0
1494,static_rule,simple,B,0.95,0.8564793303350513,585.4376210375287,0.1,1,0,0.32,0.0
1495,static_rule,simple,B,0.95,1.0,651.9901847174494,0.1,1,0,0.32,0.0
1496,static_rule,hard,A,0.95,0.9814719999999999,3738.1201829243128,1.0,0,0,0.32,0.0
1497,static_rule,hard,A,0.95,1.0,3538.4303081292405,1.0,0,0,0.3,0.0
1498,static_rule,hard,A,0.95,1.0,3820.740152610507,1.0,0,0,0.3,0.0
1499,static_rule,simple,B,0.95,0.8996953599999999,611.4278931660339,0.1,1,0,0.32,0.0
