phase,task_id,node_id,subtask_count,acc,ok,cum_acc
cold_start,bbh_1920,agent-openrouter-deepseek-v3-006,0,0,1,0.0
cold_start,bbh_1696,agent-openrouter-deepseek-v3-007,0,0,1,0.0
cold_start,bbh_1821,agent-openrouter-deepseek-v3-008,0,0,1,0.0
cold_start,bbh_1878,agent-openrouter-deepseek-v3-009,0,0,1,0.0
cold_start,bbh_1692,agent-openrouter-deepseek-v3-010,0,0,1,0.0
cold_start,bbh_1748,agent-openrouter-deepseek-v3-006,0,0,1,0.0
cold_start,bbh_1927,agent-openrouter-deepseek-v3-007,0,0,1,0.0
cold_start,bbh_1876,agent-openrouter-deepseek-v3-008,0,1,1,0.125
cold_start,bbh_1732,agent-openrouter-deepseek-v3-009,0,1,1,0.2222222222222222
cold_start,bbh_1739,agent-openrouter-deepseek-v3-010,0,1,1,0.3
cold_start,bbh_1744,agent-openrouter-deepseek-v3-006,0,0,1,0.2727272727272727
cold_start,bbh_1690,agent-openrouter-deepseek-v3-007,0,0,1,0.25
cold_start,bbh_1809,agent-openrouter-deepseek-v3-008,0,0,1,0.23076923076923078
cold_start,bbh_1716,agent-openrouter-deepseek-v3-009,0,1,1,0.2857142857142857
cold_start,bbh_1925,agent-openrouter-deepseek-v3-010,0,0,1,0.26666666666666666
cold_start,bbh_1910,agent-openrouter-deepseek-v3-006,0,0,1,0.25
cold_start,bbh_1811,agent-openrouter-deepseek-v3-007,0,0,1,0.23529411764705882
cold_start,bbh_1861,agent-openrouter-deepseek-v3-008,0,0,1,0.2222222222222222
cold_start,bbh_1918,agent-openrouter-deepseek-v3-009,0,0,1,0.21052631578947367
cold_start,bbh_1898,agent-openrouter-deepseek-v3-010,0,0,1,0.2
cold_start,bbh_1901,agent-openrouter-deepseek-v3-006,0,1,1,0.23809523809523808
cold_start,bbh_1888,agent-openrouter-deepseek-v3-007,0,1,1,0.2727272727272727
cold_start,bbh_1766,agent-openrouter-deepseek-v3-008,0,0,1,0.2608695652173913
cold_start,bbh_1862,agent-openrouter-deepseek-v3-009,0,0,1,0.25
cold_start,bbh_1760,agent-openrouter-deepseek-v3-010,0,1,1,0.28
cold_start,bbh_1831,agent-openrouter-deepseek-v3-006,0,0,1,0.2692307692307692
cold_start,bbh_1786,agent-openrouter-deepseek-v3-007,0,0,1,0.25925925925925924
cold_start,bbh_1790,agent-openrouter-deepseek-v3-008,0,0,1,0.25
cold_start,bbh_1926,agent-openrouter-deepseek-v3-009,0,0,1,0.2413793103448276
cold_start,bbh_1877,agent-openrouter-deepseek-v3-010,0,0,1,0.23333333333333334
cold_start,bbh_1857,agent-openrouter-deepseek-v3-006,0,0,1,0.22580645161290322
cold_start,bbh_1798,agent-openrouter-deepseek-v3-007,0,1,1,0.25
cold_start,bbh_1708,agent-openrouter-deepseek-v3-008,0,0,1,0.24242424242424243
cold_start,bbh_1691,agent-openrouter-deepseek-v3-009,0,1,1,0.2647058823529412
cold_start,bbh_1759,agent-openrouter-deepseek-v3-010,0,1,1,0.2857142857142857
cold_start,bbh_1702,agent-openrouter-deepseek-v3-006,0,0,1,0.2777777777777778
cold_start,bbh_1793,agent-openrouter-deepseek-v3-007,0,0,1,0.2702702702702703
cold_start,bbh_1800,agent-openrouter-deepseek-v3-008,0,0,1,0.2631578947368421
cold_start,bbh_1738,agent-openrouter-deepseek-v3-009,0,1,1,0.28205128205128205
cold_start,bbh_1815,agent-openrouter-deepseek-v3-010,0,0,1,0.275
cold_start,bbh_1819,agent-openrouter-deepseek-v3-006,0,0,1,0.2682926829268293
cold_start,bbh_1884,agent-openrouter-deepseek-v3-007,0,0,1,0.2619047619047619
cold_start,bbh_1923,agent-openrouter-deepseek-v3-008,0,0,1,0.2558139534883721
cold_start,bbh_1772,agent-openrouter-deepseek-v3-009,0,0,1,0.25
cold_start,bbh_1929,agent-openrouter-deepseek-v3-010,0,1,1,0.26666666666666666
cold_start,bbh_1731,agent-openrouter-deepseek-v3-006,0,0,1,0.2608695652173913
cold_start,bbh_1868,agent-openrouter-deepseek-v3-007,0,1,1,0.2765957446808511
cold_start,bbh_1747,agent-openrouter-deepseek-v3-008,0,1,1,0.2916666666666667
cold_start,bbh_1896,agent-openrouter-deepseek-v3-009,0,0,1,0.2857142857142857
cold_start,bbh_1714,agent-openrouter-deepseek-v3-010,0,1,1,0.3
cold_start,bbh_1902,agent-openrouter-deepseek-v3-006,0,1,1,0.3137254901960784
cold_start,bbh_1914,agent-openrouter-deepseek-v3-007,0,0,1,0.3076923076923077
cold_start,bbh_1936,agent-openrouter-deepseek-v3-008,0,1,1,0.32075471698113206
cold_start,bbh_1752,agent-openrouter-deepseek-v3-009,0,0,1,0.3148148148148148
cold_start,bbh_1820,agent-openrouter-deepseek-v3-010,0,0,1,0.3090909090909091
cold_start,bbh_1903,agent-openrouter-deepseek-v3-006,0,0,1,0.30357142857142855
cold_start,bbh_1729,agent-openrouter-deepseek-v3-007,0,1,1,0.3157894736842105
cold_start,bbh_1792,agent-openrouter-deepseek-v3-008,0,0,1,0.3103448275862069
cold_start,bbh_1827,agent-openrouter-deepseek-v3-009,0,0,1,0.3050847457627119
cold_start,bbh_1806,agent-openrouter-deepseek-v3-010,0,0,1,0.3
cold_start,bbh_935,agent-openrouter-deepseek-v3-006,0,0,1,0.29508196721311475
cold_start,bbh_897,agent-openrouter-deepseek-v3-007,0,1,1,0.3064516129032258
cold_start,bbh_761,agent-openrouter-deepseek-v3-008,0,0,1,0.30158730158730157
cold_start,bbh_857,agent-openrouter-deepseek-v3-009,0,0,1,0.296875
cold_start,bbh_716,agent-openrouter-deepseek-v3-010,0,1,1,0.3076923076923077
cold_start,bbh_846,agent-openrouter-deepseek-v3-006,0,1,1,0.3181818181818182
cold_start,bbh_785,agent-openrouter-deepseek-v3-007,0,1,1,0.3283582089552239
cold_start,bbh_858,agent-openrouter-deepseek-v3-008,0,0,1,0.3235294117647059
cold_start,bbh_775,agent-openrouter-deepseek-v3-009,0,1,1,0.3333333333333333
cold_start,bbh_819,agent-openrouter-deepseek-v3-010,0,1,1,0.34285714285714286
cold_start,bbh_807,agent-openrouter-deepseek-v3-006,0,1,1,0.352112676056338
cold_start,bbh_871,agent-openrouter-deepseek-v3-007,0,1,1,0.3611111111111111
cold_start,bbh_845,agent-openrouter-deepseek-v3-008,0,1,1,0.3698630136986301
cold_start,bbh_755,agent-openrouter-deepseek-v3-009,0,1,1,0.3783783783783784
cold_start,bbh_844,agent-openrouter-deepseek-v3-010,0,1,1,0.38666666666666666
cold_start,bbh_718,agent-openrouter-deepseek-v3-006,0,1,1,0.39473684210526316
cold_start,bbh_695,agent-openrouter-deepseek-v3-007,0,1,1,0.4025974025974026
cold_start,bbh_787,agent-openrouter-deepseek-v3-008,0,1,1,0.41025641025641024
cold_start,bbh_862,agent-openrouter-deepseek-v3-009,0,1,1,0.4177215189873418
cold_start,bbh_847,agent-openrouter-deepseek-v3-010,0,0,1,0.4125
cold_start,bbh_904,agent-openrouter-deepseek-v3-006,0,1,1,0.41975308641975306
cold_start,bbh_915,agent-openrouter-deepseek-v3-007,0,1,1,0.4268292682926829
cold_start,bbh_715,agent-openrouter-deepseek-v3-008,0,0,1,0.42168674698795183
cold_start,bbh_732,agent-openrouter-deepseek-v3-009,0,0,1,0.4166666666666667
cold_start,bbh_909,agent-openrouter-deepseek-v3-010,0,0,1,0.4117647058823529
cold_start,bbh_880,agent-openrouter-deepseek-v3-006,0,1,1,0.4186046511627907
cold_start,bbh_724,agent-openrouter-deepseek-v3-007,0,0,1,0.41379310344827586
cold_start,bbh_918,agent-openrouter-deepseek-v3-008,0,1,1,0.42045454545454547
cold_start,bbh_694,agent-openrouter-deepseek-v3-009,0,1,1,0.42696629213483145
cold_start,bbh_883,agent-openrouter-deepseek-v3-010,0,0,1,0.4222222222222222
cold_start,bbh_917,agent-openrouter-deepseek-v3-006,0,1,1,0.42857142857142855
cold_start,bbh_828,agent-openrouter-deepseek-v3-007,0,1,1,0.43478260869565216
cold_start,bbh_711,agent-openrouter-deepseek-v3-008,0,1,1,0.44086021505376344
cold_start,bbh_745,agent-openrouter-deepseek-v3-009,0,1,1,0.44680851063829785
cold_start,bbh_740,agent-openrouter-deepseek-v3-010,0,0,1,0.4421052631578947
cold_start,bbh_840,agent-openrouter-deepseek-v3-006,0,0,1,0.4375
cold_start,bbh_731,agent-openrouter-deepseek-v3-007,0,1,1,0.44329896907216493
cold_start,bbh_728,agent-openrouter-deepseek-v3-008,0,1,1,0.4489795918367347
cold_start,bbh_708,agent-openrouter-deepseek-v3-009,0,0,1,0.4444444444444444
cold_start,bbh_738,agent-openrouter-deepseek-v3-010,0,1,1,0.45
cold_start,bbh_759,agent-openrouter-deepseek-v3-006,0,1,1,0.45544554455445546
cold_start,bbh_802,agent-openrouter-deepseek-v3-007,0,0,1,0.45098039215686275
cold_start,bbh_920,agent-openrouter-deepseek-v3-008,0,0,1,0.44660194174757284
cold_start,bbh_842,agent-openrouter-deepseek-v3-009,0,1,1,0.4519230769230769
cold_start,bbh_834,agent-openrouter-deepseek-v3-010,0,1,1,0.45714285714285713
cold_start,bbh_877,agent-openrouter-deepseek-v3-006,0,0,1,0.4528301886792453
cold_start,bbh_872,agent-openrouter-deepseek-v3-007,0,0,1,0.4485981308411215
cold_start,bbh_781,agent-openrouter-deepseek-v3-008,0,1,1,0.4537037037037037
cold_start,bbh_881,agent-openrouter-deepseek-v3-009,0,1,1,0.45871559633027525
cold_start,bbh_849,agent-openrouter-deepseek-v3-010,0,0,1,0.45454545454545453
cold_start,bbh_780,agent-openrouter-deepseek-v3-006,0,1,1,0.4594594594594595
cold_start,bbh_826,agent-openrouter-deepseek-v3-007,0,0,1,0.45535714285714285
cold_start,bbh_878,agent-openrouter-deepseek-v3-008,0,1,1,0.46017699115044247
cold_start,bbh_823,agent-openrouter-deepseek-v3-009,0,0,1,0.45614035087719296
cold_start,bbh_799,agent-openrouter-deepseek-v3-010,0,0,1,0.45217391304347826
cold_start,bbh_709,agent-openrouter-deepseek-v3-006,0,1,1,0.45689655172413796
cold_start,bbh_913,agent-openrouter-deepseek-v3-007,0,1,1,0.46153846153846156
cold_start,bbh_752,agent-openrouter-deepseek-v3-008,0,1,1,0.4661016949152542
cold_start,bbh_737,agent-openrouter-deepseek-v3-009,0,0,1,0.46218487394957986
cold_start,bbh_746,agent-openrouter-deepseek-v3-010,0,0,1,0.4583333333333333
cold_start,bbh_636,agent-openrouter-deepseek-v3-006,0,1,1,0.4628099173553719
cold_start,bbh_554,agent-openrouter-deepseek-v3-007,0,0,1,0.45901639344262296
cold_start,bbh_552,agent-openrouter-deepseek-v3-008,0,0,1,0.45528455284552843
cold_start,bbh_602,agent-openrouter-deepseek-v3-009,0,0,1,0.45161290322580644
cold_start,bbh_441,agent-openrouter-deepseek-v3-010,0,1,1,0.456
cold_start,bbh_627,agent-openrouter-deepseek-v3-006,0,1,1,0.4603174603174603
cold_start,bbh_593,agent-openrouter-deepseek-v3-007,0,0,1,0.4566929133858268
cold_start,bbh_459,agent-openrouter-deepseek-v3-008,0,0,1,0.453125
cold_start,bbh_642,agent-openrouter-deepseek-v3-009,0,1,1,0.4573643410852713
cold_start,bbh_484,agent-openrouter-deepseek-v3-010,0,0,1,0.45384615384615384
cold_start,bbh_526,agent-openrouter-deepseek-v3-006,0,0,1,0.45038167938931295
cold_start,bbh_564,agent-openrouter-deepseek-v3-007,0,1,1,0.45454545454545453
cold_start,bbh_515,agent-openrouter-deepseek-v3-008,0,0,1,0.45112781954887216
cold_start,bbh_684,agent-openrouter-deepseek-v3-009,0,0,1,0.44776119402985076
cold_start,bbh_571,agent-openrouter-deepseek-v3-010,0,0,1,0.4444444444444444
cold_start,bbh_597,agent-openrouter-deepseek-v3-006,0,0,1,0.4411764705882353
cold_start,bbh_492,agent-openrouter-deepseek-v3-007,0,1,1,0.44525547445255476
cold_start,bbh_478,agent-openrouter-deepseek-v3-008,0,0,1,0.4420289855072464
cold_start,bbh_501,agent-openrouter-deepseek-v3-009,0,0,1,0.43884892086330934
cold_start,bbh_561,agent-openrouter-deepseek-v3-010,0,0,1,0.4357142857142857
cold_start,bbh_452,agent-openrouter-deepseek-v3-006,0,0,1,0.4326241134751773
cold_start,bbh_680,agent-openrouter-deepseek-v3-007,0,0,1,0.4295774647887324
cold_start,bbh_639,agent-openrouter-deepseek-v3-008,0,0,1,0.42657342657342656
cold_start,bbh_611,agent-openrouter-deepseek-v3-009,0,0,1,0.4236111111111111
cold_start,bbh_616,agent-openrouter-deepseek-v3-010,0,0,1,0.4206896551724138
cold_start,bbh_505,agent-openrouter-deepseek-v3-006,0,0,1,0.4178082191780822
cold_start,bbh_572,agent-openrouter-deepseek-v3-007,0,1,1,0.4217687074829932
cold_start,bbh_562,agent-openrouter-deepseek-v3-008,0,0,1,0.4189189189189189
cold_start,bbh_629,agent-openrouter-deepseek-v3-009,0,0,1,0.4161073825503356
cold_start,bbh_631,agent-openrouter-deepseek-v3-010,0,0,1,0.41333333333333333
cold_start,bbh_451,agent-openrouter-deepseek-v3-006,0,1,1,0.41721854304635764
cold_start,bbh_450,agent-openrouter-deepseek-v3-007,0,0,1,0.4144736842105263
cold_start,bbh_590,agent-openrouter-deepseek-v3-008,0,0,1,0.4117647058823529
cold_start,bbh_495,agent-openrouter-deepseek-v3-009,0,0,1,0.4090909090909091
cold_start,bbh_453,agent-openrouter-deepseek-v3-010,0,0,1,0.4064516129032258
cold_start,bbh_440,agent-openrouter-deepseek-v3-006,0,1,1,0.41025641025641024
cold_start,bbh_617,agent-openrouter-deepseek-v3-007,0,0,1,0.40764331210191085
cold_start,bbh_601,agent-openrouter-deepseek-v3-008,0,0,1,0.4050632911392405
cold_start,bbh_504,agent-openrouter-deepseek-v3-009,0,1,1,0.4088050314465409
cold_start,bbh_508,agent-openrouter-deepseek-v3-010,0,0,1,0.40625
cold_start,bbh_442,agent-openrouter-deepseek-v3-006,0,0,1,0.40372670807453415
cold_start,bbh_652,agent-openrouter-deepseek-v3-007,0,0,1,0.4012345679012346
cold_start,bbh_659,agent-openrouter-deepseek-v3-008,0,1,1,0.4049079754601227
cold_start,bbh_537,agent-openrouter-deepseek-v3-009,0,1,1,0.40853658536585363
cold_start,bbh_580,agent-openrouter-deepseek-v3-010,0,0,1,0.40606060606060607
cold_start,bbh_624,agent-openrouter-deepseek-v3-006,0,1,1,0.40963855421686746
cold_start,bbh_549,agent-openrouter-deepseek-v3-007,0,1,1,0.41317365269461076
cold_start,bbh_614,agent-openrouter-deepseek-v3-008,0,0,1,0.4107142857142857
cold_start,bbh_476,agent-openrouter-deepseek-v3-009,0,0,1,0.40828402366863903
cold_start,bbh_523,agent-openrouter-deepseek-v3-010,0,1,1,0.4117647058823529
cold_start,bbh_538,agent-openrouter-deepseek-v3-006,0,1,1,0.4152046783625731
cold_start,bbh_531,agent-openrouter-deepseek-v3-007,0,0,1,0.4127906976744186
cold_start,bbh_483,agent-openrouter-deepseek-v3-008,0,1,1,0.4161849710982659
cold_start,bbh_462,agent-openrouter-deepseek-v3-009,0,1,1,0.41954022988505746
cold_start,bbh_488,agent-openrouter-deepseek-v3-010,0,0,1,0.41714285714285715
cold_start,bbh_633,agent-openrouter-deepseek-v3-006,0,0,1,0.4147727272727273
cold_start,bbh_641,agent-openrouter-deepseek-v3-007,0,0,1,0.4124293785310734
cold_start,bbh_649,agent-openrouter-deepseek-v3-008,0,0,1,0.4101123595505618
cold_start,bbh_461,agent-openrouter-deepseek-v3-009,0,0,1,0.40782122905027934
cold_start,bbh_579,agent-openrouter-deepseek-v3-010,0,0,1,0.40555555555555556
cold_start,bbh_2011,agent-openrouter-deepseek-v3-006,0,1,1,0.4088397790055249
cold_start,bbh_1984,agent-openrouter-deepseek-v3-007,0,1,1,0.41208791208791207
cold_start,bbh_2091,agent-openrouter-deepseek-v3-008,0,0,1,0.4098360655737705
cold_start,bbh_2042,agent-openrouter-deepseek-v3-009,0,0,1,0.4076086956521739
cold_start,bbh_2086,agent-openrouter-deepseek-v3-010,0,1,1,0.41081081081081083
cold_start,bbh_1955,agent-openrouter-deepseek-v3-006,0,0,1,0.40860215053763443
cold_start,bbh_2167,agent-openrouter-deepseek-v3-007,0,0,1,0.40641711229946526
cold_start,bbh_2138,agent-openrouter-deepseek-v3-008,0,1,1,0.4095744680851064
cold_start,bbh_2178,agent-openrouter-deepseek-v3-009,0,0,1,0.4074074074074074
cold_start,bbh_2168,agent-openrouter-deepseek-v3-010,0,0,1,0.4052631578947368
cold_start,bbh_2121,agent-openrouter-deepseek-v3-006,0,0,1,0.4031413612565445
cold_start,bbh_2114,agent-openrouter-deepseek-v3-007,0,0,1,0.4010416666666667
cold_start,bbh_2037,agent-openrouter-deepseek-v3-008,0,0,1,0.39896373056994816
cold_start,bbh_1948,agent-openrouter-deepseek-v3-009,0,0,1,0.39690721649484534
cold_start,bbh_2100,agent-openrouter-deepseek-v3-010,0,0,1,0.39487179487179486
cold_start,bbh_2159,agent-openrouter-deepseek-v3-006,0,0,1,0.39285714285714285
cold_start,bbh_1937,agent-openrouter-deepseek-v3-007,0,0,1,0.39086294416243655
cold_start,bbh_2053,agent-openrouter-deepseek-v3-008,0,0,1,0.3888888888888889
cold_start,bbh_2127,agent-openrouter-deepseek-v3-009,0,0,1,0.3869346733668342
cold_start,bbh_2132,agent-openrouter-deepseek-v3-010,0,1,1,0.39
pretrain,bbh_2087,"agent-openrouter-deepseek-v3-008,agent-openrouter-deepseek-v3-006,agent-openrouter-deepseek-v3-007,agent-openrouter-deepseek-v3-008,agent-openrouter-deepseek-v3-006,agent-openrouter-deepseek-v3-006,agent-openrouter-deepseek-v3-008",7,0,1,0.0
pretrain,bbh_2078,"agent-openrouter-deepseek-v3-007,agent-openrouter-deepseek-v3-008,agent-openrouter-deepseek-v3-006,agent-openrouter-deepseek-v3-007,agent-openrouter-deepseek-v3-008,agent-openrouter-deepseek-v3-007",6,0,1,0.0
pretrain,bbh_2141,"agent-openrouter-deepseek-v3-006,agent-openrouter-deepseek-v3-007,agent-openrouter-deepseek-v3-008,agent-openrouter-deepseek-v3-009,agent-openrouter-deepseek-v3-006,agent-openrouter-deepseek-v3-006",6,0,1,0.0
pretrain,bbh_2083,"agent-openrouter-deepseek-v3-006,agent-openrouter-deepseek-v3-007,agent-openrouter-deepseek-v3-008,agent-openrouter-deepseek-v3-006,agent-openrouter-deepseek-v3-006,agent-openrouter-deepseek-v3-006",6,0,1,0.0
pretrain,bbh_2080,"agent-openrouter-deepseek-v3-008,agent-openrouter-deepseek-v3-007,agent-openrouter-deepseek-v3-006,agent-openrouter-deepseek-v3-008,agent-openrouter-deepseek-v3-008,agent-openrouter-deepseek-v3-008",6,0,1,0.0
pretrain,bbh_1945,"agent-openrouter-deepseek-v3-008,agent-openrouter-deepseek-v3-007,agent-openrouter-deepseek-v3-009,agent-openrouter-deepseek-v3-008,agent-openrouter-deepseek-v3-008,agent-openrouter-deepseek-v3-008,agent-openrouter-deepseek-v3-008",7,0,1,0.0
pretrain,bbh_2156,"agent-openrouter-deepseek-v3-008,agent-openrouter-deepseek-v3-007,agent-openrouter-deepseek-v3-006",3,0,1,0.0
pretrain,bbh_1957,"agent-openrouter-deepseek-v3-006,agent-openrouter-deepseek-v3-007,agent-openrouter-deepseek-v3-008,agent-openrouter-deepseek-v3-007,agent-openrouter-deepseek-v3-006,agent-openrouter-deepseek-v3-007",6,1,1,0.125
pretrain,bbh_1996,"agent-openrouter-deepseek-v3-008,agent-openrouter-deepseek-v3-007,agent-openrouter-deepseek-v3-006,agent-openrouter-deepseek-v3-008,agent-openrouter-deepseek-v3-008,agent-openrouter-deepseek-v3-008,agent-openrouter-deepseek-v3-008",7,1,1,0.2222222222222222
pretrain,bbh_2057,"agent-openrouter-deepseek-v3-009,agent-openrouter-deepseek-v3-008,agent-openrouter-deepseek-v3-007,agent-openrouter-deepseek-v3-009,agent-openrouter-deepseek-v3-009,agent-openrouter-deepseek-v3-009",6,0,1,0.2
pretrain,bbh_2142,"agent-openrouter-deepseek-v3-006,agent-openrouter-deepseek-v3-008,agent-openrouter-deepseek-v3-007,agent-openrouter-deepseek-v3-008,agent-openrouter-deepseek-v3-006,agent-openrouter-deepseek-v3-006,agent-openrouter-deepseek-v3-006",7,1,1,0.2727272727272727
pretrain,bbh_2185,"agent-openrouter-deepseek-v3-008,agent-openrouter-deepseek-v3-007,agent-openrouter-deepseek-v3-006,agent-openrouter-deepseek-v3-008,agent-openrouter-deepseek-v3-008,agent-openrouter-deepseek-v3-007",6,0,1,0.25
pretrain,bbh_2111,"agent-openrouter-deepseek-v3-008,agent-openrouter-deepseek-v3-007,agent-openrouter-deepseek-v3-006,agent-openrouter-deepseek-v3-008,agent-openrouter-deepseek-v3-008,agent-openrouter-deepseek-v3-008,agent-openrouter-deepseek-v3-008",7,0,1,0.23076923076923078
pretrain,bbh_2160,"agent-openrouter-deepseek-v3-006,agent-openrouter-deepseek-v3-007,agent-openrouter-deepseek-v3-008,agent-openrouter-deepseek-v3-009,agent-openrouter-deepseek-v3-009,agent-openrouter-deepseek-v3-009,agent-openrouter-deepseek-v3-006",7,0,1,0.21428571428571427
pretrain,bbh_2158,"agent-openrouter-deepseek-v3-006,agent-openrouter-deepseek-v3-008,agent-openrouter-deepseek-v3-007,agent-openrouter-deepseek-v3-006,agent-openrouter-deepseek-v3-009,agent-openrouter-deepseek-v3-009,agent-openrouter-deepseek-v3-009",7,0,1,0.2
pretrain,bbh_1986,"agent-openrouter-deepseek-v3-006,agent-openrouter-deepseek-v3-008,agent-openrouter-deepseek-v3-007,agent-openrouter-deepseek-v3-006,agent-openrouter-deepseek-v3-006,agent-openrouter-deepseek-v3-006",6,0,1,0.1875
pretrain,bbh_2131,"agent-openrouter-deepseek-v3-006,agent-openrouter-deepseek-v3-007,agent-openrouter-deepseek-v3-008,agent-openrouter-deepseek-v3-006,agent-openrouter-deepseek-v3-006,agent-openrouter-deepseek-v3-006,agent-openrouter-deepseek-v3-006",7,1,1,0.23529411764705882
pretrain,bbh_1965,"agent-openrouter-deepseek-v3-010,agent-openrouter-deepseek-v3-007,agent-openrouter-deepseek-v3-008,agent-openrouter-deepseek-v3-010",4,0,1,0.2222222222222222
pretrain,bbh_2028,"agent-openrouter-deepseek-v3-007,agent-openrouter-deepseek-v3-008,agent-openrouter-deepseek-v3-006,agent-openrouter-deepseek-v3-007,agent-openrouter-deepseek-v3-008,agent-openrouter-deepseek-v3-007",6,1,1,0.2631578947368421
pretrain,bbh_1970,"agent-openrouter-deepseek-v3-006,agent-openrouter-deepseek-v3-007,agent-openrouter-deepseek-v3-008,agent-openrouter-deepseek-v3-006,agent-openrouter-deepseek-v3-006,agent-openrouter-deepseek-v3-006,agent-openrouter-deepseek-v3-006",7,1,1,0.3
pretrain,bbh_2000,"agent-openrouter-deepseek-v3-008,agent-openrouter-deepseek-v3-007,agent-openrouter-deepseek-v3-006,agent-openrouter-deepseek-v3-007,agent-openrouter-deepseek-v3-008,agent-openrouter-deepseek-v3-008,agent-openrouter-deepseek-v3-007",7,0,1,0.2857142857142857
pretrain,bbh_2130,"agent-openrouter-deepseek-v3-010,agent-openrouter-deepseek-v3-007,agent-openrouter-deepseek-v3-008,agent-openrouter-deepseek-v3-010,agent-openrouter-deepseek-v3-010,agent-openrouter-deepseek-v3-010,agent-openrouter-deepseek-v3-010",7,0,1,0.2727272727272727
pretrain,bbh_2181,"agent-openrouter-deepseek-v3-009,agent-openrouter-deepseek-v3-007,agent-openrouter-deepseek-v3-008,agent-openrouter-deepseek-v3-009,agent-openrouter-deepseek-v3-010",5,1,1,0.30434782608695654
pretrain,bbh_2096,"agent-openrouter-deepseek-v3-006,agent-openrouter-deepseek-v3-009,agent-openrouter-deepseek-v3-008,agent-openrouter-deepseek-v3-008,agent-openrouter-deepseek-v3-009,agent-openrouter-deepseek-v3-008,agent-openrouter-deepseek-v3-009",7,1,1,0.3333333333333333
pretrain,bbh_2152,"agent-openrouter-deepseek-v3-006,agent-openrouter-deepseek-v3-007,agent-openrouter-deepseek-v3-008,agent-openrouter-deepseek-v3-008,agent-openrouter-deepseek-v3-009,agent-openrouter-deepseek-v3-009,agent-openrouter-deepseek-v3-006",7,1,1,0.36
pretrain,bbh_2147,"agent-openrouter-deepseek-v3-007,agent-openrouter-deepseek-v3-008,agent-openrouter-deepseek-v3-006,agent-openrouter-deepseek-v3-008,agent-openrouter-deepseek-v3-007,agent-openrouter-deepseek-v3-007,agent-openrouter-deepseek-v3-007",7,1,1,0.38461538461538464
pretrain,bbh_2095,"agent-openrouter-deepseek-v3-009,agent-openrouter-deepseek-v3-008,agent-openrouter-deepseek-v3-007,agent-openrouter-deepseek-v3-009,agent-openrouter-deepseek-v3-009,agent-openrouter-deepseek-v3-008",6,0,1,0.37037037037037035
pretrain,bbh_2045,"agent-openrouter-deepseek-v3-006,agent-openrouter-deepseek-v3-009,agent-openrouter-deepseek-v3-008,agent-openrouter-deepseek-v3-009,agent-openrouter-deepseek-v3-009,agent-openrouter-deepseek-v3-009,agent-openrouter-deepseek-v3-009",7,1,1,0.39285714285714285
pretrain,bbh_2018,"agent-openrouter-deepseek-v3-008,agent-openrouter-deepseek-v3-007,agent-openrouter-deepseek-v3-006,agent-openrouter-deepseek-v3-008,agent-openrouter-deepseek-v3-008,agent-openrouter-deepseek-v3-008,agent-openrouter-deepseek-v3-008",7,0,1,0.3793103448275862
pretrain,bbh_2155,"agent-openrouter-deepseek-v3-006,agent-openrouter-deepseek-v3-009,agent-openrouter-deepseek-v3-008,agent-openrouter-deepseek-v3-009,agent-openrouter-deepseek-v3-009,agent-openrouter-deepseek-v3-010",6,0,1,0.36666666666666664
pretrain,bbh_1994,"agent-openrouter-deepseek-v3-006,agent-openrouter-deepseek-v3-009,agent-openrouter-deepseek-v3-008,agent-openrouter-deepseek-v3-009,agent-openrouter-deepseek-v3-009,agent-openrouter-deepseek-v3-009,agent-openrouter-deepseek-v3-006",7,1,1,0.3870967741935484
pretrain,bbh_1988,"agent-openrouter-deepseek-v3-006,agent-openrouter-deepseek-v3-008,agent-openrouter-deepseek-v3-007,agent-openrouter-deepseek-v3-009,agent-openrouter-deepseek-v3-006",5,0,1,0.375
pretrain,bbh_1990,"agent-openrouter-deepseek-v3-010,agent-openrouter-deepseek-v3-007,agent-openrouter-deepseek-v3-008,agent-openrouter-deepseek-v3-010,agent-openrouter-deepseek-v3-010,agent-openrouter-deepseek-v3-008",6,0,1,0.36363636363636365
pretrain,bbh_1946,"agent-openrouter-deepseek-v3-006,agent-openrouter-deepseek-v3-009,agent-openrouter-deepseek-v3-008,agent-openrouter-deepseek-v3-008,agent-openrouter-deepseek-v3-009,agent-openrouter-deepseek-v3-009",6,0,1,0.35294117647058826
pretrain,bbh_2172,"agent-openrouter-deepseek-v3-010,agent-openrouter-deepseek-v3-007,agent-openrouter-deepseek-v3-008,agent-openrouter-deepseek-v3-010,agent-openrouter-deepseek-v3-010,agent-openrouter-deepseek-v3-008",6,0,1,0.34285714285714286
pretrain,bbh_2021,"agent-openrouter-deepseek-v3-008,agent-openrouter-deepseek-v3-007,agent-openrouter-deepseek-v3-006",3,1,1,0.3611111111111111
pretrain,bbh_2135,"agent-openrouter-deepseek-v3-006,agent-openrouter-deepseek-v3-010,agent-openrouter-deepseek-v3-008,agent-openrouter-deepseek-v3-010,agent-openrouter-deepseek-v3-009,agent-openrouter-deepseek-v3-010",6,1,1,0.3783783783783784
pretrain,bbh_2009,"agent-openrouter-deepseek-v3-006,agent-openrouter-deepseek-v3-009,agent-openrouter-deepseek-v3-008,agent-openrouter-deepseek-v3-009,agent-openrouter-deepseek-v3-009,agent-openrouter-deepseek-v3-009",6,0,1,0.3684210526315789
pretrain,bbh_2001,"agent-openrouter-deepseek-v3-008,agent-openrouter-deepseek-v3-007,agent-openrouter-deepseek-v3-006,agent-openrouter-deepseek-v3-008,agent-openrouter-deepseek-v3-008,agent-openrouter-deepseek-v3-008,agent-openrouter-deepseek-v3-007",7,1,1,0.38461538461538464
pretrain,bbh_1968,"agent-openrouter-deepseek-v3-007,agent-openrouter-deepseek-v3-008,agent-openrouter-deepseek-v3-006,agent-openrouter-deepseek-v3-008,agent-openrouter-deepseek-v3-008,agent-openrouter-deepseek-v3-007",6,0,1,0.375
pretrain,bbh_1310,"agent-openrouter-deepseek-v3-009,agent-openrouter-deepseek-v3-008,agent-openrouter-deepseek-v3-007,agent-openrouter-deepseek-v3-008,agent-openrouter-deepseek-v3-008",5,0,1,0.36585365853658536
pretrain,bbh_1198,"agent-openrouter-deepseek-v3-007,agent-openrouter-deepseek-v3-009,agent-openrouter-deepseek-v3-008,agent-openrouter-deepseek-v3-007,agent-openrouter-deepseek-v3-009",5,1,1,0.38095238095238093
pretrain,bbh_1432,"agent-openrouter-deepseek-v3-008,agent-openrouter-deepseek-v3-009,agent-openrouter-deepseek-v3-007,agent-openrouter-deepseek-v3-008",4,1,1,0.3953488372093023
pretrain,bbh_1434,"agent-openrouter-deepseek-v3-008,agent-openrouter-deepseek-v3-007,agent-openrouter-deepseek-v3-009",3,0,1,0.38636363636363635
pretrain,bbh_1376,"agent-openrouter-deepseek-v3-009,agent-openrouter-deepseek-v3-008,agent-openrouter-deepseek-v3-007,agent-openrouter-deepseek-v3-009,agent-openrouter-deepseek-v3-008,agent-openrouter-deepseek-v3-008,agent-openrouter-deepseek-v3-008",7,0,1,0.37777777777777777
pretrain,bbh_1283,"agent-openrouter-deepseek-v3-008,agent-openrouter-deepseek-v3-007,agent-openrouter-deepseek-v3-009,agent-openrouter-deepseek-v3-008,agent-openrouter-deepseek-v3-008",5,1,1,0.391304347826087
pretrain,bbh_1188,"agent-openrouter-deepseek-v3-009,agent-openrouter-deepseek-v3-007,agent-openrouter-deepseek-v3-008,agent-openrouter-deepseek-v3-009,agent-openrouter-deepseek-v3-008",5,1,1,0.40425531914893614
pretrain,bbh_1402,"agent-openrouter-deepseek-v3-006,agent-openrouter-deepseek-v3-007,agent-openrouter-deepseek-v3-008,agent-openrouter-deepseek-v3-006,agent-openrouter-deepseek-v3-008",5,0,1,0.3958333333333333
pretrain,bbh_1232,"agent-openrouter-deepseek-v3-008,agent-openrouter-deepseek-v3-007,agent-openrouter-deepseek-v3-009",3,1,1,0.40816326530612246
pretrain,bbh_1287,"agent-openrouter-deepseek-v3-009,agent-openrouter-deepseek-v3-008,agent-openrouter-deepseek-v3-007,agent-openrouter-deepseek-v3-008,agent-openrouter-deepseek-v3-008",5,1,1,0.42
pretrain,bbh_1281,"agent-openrouter-deepseek-v3-008,agent-openrouter-deepseek-v3-007,agent-openrouter-deepseek-v3-006",3,1,1,0.43137254901960786
pretrain,bbh_1316,"agent-openrouter-deepseek-v3-008,agent-openrouter-deepseek-v3-007,agent-openrouter-deepseek-v3-009",3,1,1,0.4423076923076923
pretrain,bbh_1199,"agent-openrouter-deepseek-v3-008,agent-openrouter-deepseek-v3-009,agent-openrouter-deepseek-v3-007",3,1,1,0.4528301886792453
pretrain,bbh_1285,"agent-openrouter-deepseek-v3-008,agent-openrouter-deepseek-v3-007,agent-openrouter-deepseek-v3-009",3,1,1,0.46296296296296297
pretrain,bbh_1309,"agent-openrouter-deepseek-v3-008,agent-openrouter-deepseek-v3-009,agent-openrouter-deepseek-v3-007",3,1,1,0.4727272727272727
pretrain,bbh_1280,"agent-openrouter-deepseek-v3-007,agent-openrouter-deepseek-v3-009,agent-openrouter-deepseek-v3-008,agent-openrouter-deepseek-v3-008",4,1,1,0.48214285714285715
pretrain,bbh_1362,"agent-openrouter-deepseek-v3-008,agent-openrouter-deepseek-v3-009,agent-openrouter-deepseek-v3-007",3,1,1,0.49122807017543857
pretrain,bbh_1270,"agent-openrouter-deepseek-v3-008,agent-openrouter-deepseek-v3-007,agent-openrouter-deepseek-v3-009",3,1,1,0.5
pretrain,bbh_1323,"agent-openrouter-deepseek-v3-008,agent-openrouter-deepseek-v3-007,agent-openrouter-deepseek-v3-009",3,0,1,0.4915254237288136
pretrain,bbh_1214,"agent-openrouter-deepseek-v3-007,agent-openrouter-deepseek-v3-008,agent-openrouter-deepseek-v3-009,agent-openrouter-deepseek-v3-008",4,1,1,0.5
pretrain,bbh_1317,"agent-openrouter-deepseek-v3-008,agent-openrouter-deepseek-v3-009,agent-openrouter-deepseek-v3-007,agent-openrouter-deepseek-v3-008,agent-openrouter-deepseek-v3-008",5,1,1,0.5081967213114754
pretrain,bbh_1330,"agent-openrouter-deepseek-v3-009,agent-openrouter-deepseek-v3-006,agent-openrouter-deepseek-v3-008",3,1,1,0.5161290322580645
pretrain,bbh_1427,"agent-openrouter-deepseek-v3-007,agent-openrouter-deepseek-v3-009,agent-openrouter-deepseek-v3-008,agent-openrouter-deepseek-v3-007,agent-openrouter-deepseek-v3-008",5,1,1,0.5238095238095238
pretrain,bbh_1409,"agent-openrouter-deepseek-v3-008,agent-openrouter-deepseek-v3-007,agent-openrouter-deepseek-v3-009,agent-openrouter-deepseek-v3-007,agent-openrouter-deepseek-v3-008",5,0,1,0.515625
pretrain,bbh_1286,"agent-openrouter-deepseek-v3-009,agent-openrouter-deepseek-v3-008,agent-openrouter-deepseek-v3-007,agent-openrouter-deepseek-v3-008,agent-openrouter-deepseek-v3-008",5,0,1,0.5076923076923077
pretrain,bbh_1346,"agent-openrouter-deepseek-v3-007,agent-openrouter-deepseek-v3-009,agent-openrouter-deepseek-v3-008,agent-openrouter-deepseek-v3-007,agent-openrouter-deepseek-v3-007,agent-openrouter-deepseek-v3-007,agent-openrouter-deepseek-v3-008",7,1,1,0.5151515151515151
pretrain,bbh_1331,"agent-openrouter-deepseek-v3-009,agent-openrouter-deepseek-v3-008,agent-openrouter-deepseek-v3-007,agent-openrouter-deepseek-v3-008,agent-openrouter-deepseek-v3-009,agent-openrouter-deepseek-v3-008,agent-openrouter-deepseek-v3-008",7,0,1,0.5074626865671642
pretrain,bbh_1238,"agent-openrouter-deepseek-v3-007,agent-openrouter-deepseek-v3-009,agent-openrouter-deepseek-v3-008,agent-openrouter-deepseek-v3-006",4,1,1,0.5147058823529411
pretrain,bbh_1321,"agent-openrouter-deepseek-v3-007,agent-openrouter-deepseek-v3-010,agent-openrouter-deepseek-v3-009,agent-openrouter-deepseek-v3-010,agent-openrouter-deepseek-v3-010",5,1,1,0.5217391304347826
pretrain,bbh_1275,"agent-openrouter-deepseek-v3-008,agent-openrouter-deepseek-v3-009,agent-openrouter-deepseek-v3-007",3,0,1,0.5142857142857142
pretrain,bbh_1304,"agent-openrouter-deepseek-v3-009,agent-openrouter-deepseek-v3-007,agent-openrouter-deepseek-v3-008,agent-openrouter-deepseek-v3-009,agent-openrouter-deepseek-v3-008",5,1,1,0.5211267605633803
pretrain,bbh_1253,"agent-openrouter-deepseek-v3-006,agent-openrouter-deepseek-v3-009,agent-openrouter-deepseek-v3-008,agent-openrouter-deepseek-v3-006,agent-openrouter-deepseek-v3-008",5,1,1,0.5277777777777778
pretrain,bbh_1360,"agent-openrouter-deepseek-v3-008,agent-openrouter-deepseek-v3-007,agent-openrouter-deepseek-v3-009,agent-openrouter-deepseek-v3-008,agent-openrouter-deepseek-v3-008",5,1,1,0.5342465753424658
pretrain,bbh_1394,"agent-openrouter-deepseek-v3-007,agent-openrouter-deepseek-v3-009,agent-openrouter-deepseek-v3-008,agent-openrouter-deepseek-v3-007,agent-openrouter-deepseek-v3-008",5,1,1,0.5405405405405406
pretrain,bbh_1411,"agent-openrouter-deepseek-v3-006,agent-openrouter-deepseek-v3-009,agent-openrouter-deepseek-v3-008,agent-openrouter-deepseek-v3-006,agent-openrouter-deepseek-v3-009",5,1,1,0.5466666666666666
pretrain,bbh_1333,"agent-openrouter-deepseek-v3-006,agent-openrouter-deepseek-v3-008,agent-openrouter-deepseek-v3-007,agent-openrouter-deepseek-v3-007,agent-openrouter-deepseek-v3-008",5,1,1,0.5526315789473685
pretrain,bbh_1435,"agent-openrouter-deepseek-v3-007,agent-openrouter-deepseek-v3-006,agent-openrouter-deepseek-v3-008,agent-openrouter-deepseek-v3-007,agent-openrouter-deepseek-v3-008",5,1,1,0.5584415584415584
pretrain,bbh_1403,"agent-openrouter-deepseek-v3-009,agent-openrouter-deepseek-v3-006,agent-openrouter-deepseek-v3-008,agent-openrouter-deepseek-v3-008,agent-openrouter-deepseek-v3-008",5,1,1,0.5641025641025641
pretrain,bbh_1212,"agent-openrouter-deepseek-v3-007,agent-openrouter-deepseek-v3-009,agent-openrouter-deepseek-v3-008,agent-openrouter-deepseek-v3-007,agent-openrouter-deepseek-v3-008",5,0,1,0.5569620253164557
pretrain,bbh_1226,"agent-openrouter-deepseek-v3-008,agent-openrouter-deepseek-v3-007,agent-openrouter-deepseek-v3-009,agent-openrouter-deepseek-v3-008",4,0,1,0.55
pretrain,bbh_1243,"agent-openrouter-deepseek-v3-009,agent-openrouter-deepseek-v3-007,agent-openrouter-deepseek-v3-008,agent-openrouter-deepseek-v3-008",4,1,1,0.5555555555555556
pretrain,bbh_1203,"agent-openrouter-deepseek-v3-008,agent-openrouter-deepseek-v3-009,agent-openrouter-deepseek-v3-007",3,1,1,0.5609756097560976
pretrain,bbh_1259,"agent-openrouter-deepseek-v3-007,agent-openrouter-deepseek-v3-009,agent-openrouter-deepseek-v3-008,agent-openrouter-deepseek-v3-007,agent-openrouter-deepseek-v3-008",5,0,1,0.5542168674698795
pretrain,bbh_1191,"agent-openrouter-deepseek-v3-008,agent-openrouter-deepseek-v3-009,agent-openrouter-deepseek-v3-007",3,0,1,0.5476190476190477
pretrain,bbh_1234,"agent-openrouter-deepseek-v3-008,agent-openrouter-deepseek-v3-007,agent-openrouter-deepseek-v3-009,agent-openrouter-deepseek-v3-008,agent-openrouter-deepseek-v3-008",5,1,1,0.5529411764705883
pretrain,bbh_1274,"agent-openrouter-deepseek-v3-007,agent-openrouter-deepseek-v3-009,agent-openrouter-deepseek-v3-008,agent-openrouter-deepseek-v3-007,agent-openrouter-deepseek-v3-007,agent-openrouter-deepseek-v3-008",6,0,1,0.5465116279069767
pretrain,bbh_1357,"agent-openrouter-deepseek-v3-008,agent-openrouter-deepseek-v3-007,agent-openrouter-deepseek-v3-009",3,1,1,0.5517241379310345
pretrain,bbh_1401,"agent-openrouter-deepseek-v3-007,agent-openrouter-deepseek-v3-009,agent-openrouter-deepseek-v3-008,agent-openrouter-deepseek-v3-007,agent-openrouter-deepseek-v3-008",5,1,1,0.5568181818181818
pretrain,bbh_1369,"agent-openrouter-deepseek-v3-008,agent-openrouter-deepseek-v3-007,agent-openrouter-deepseek-v3-006",3,1,1,0.5617977528089888
pretrain,bbh_1365,"agent-openrouter-deepseek-v3-007,agent-openrouter-deepseek-v3-008,agent-openrouter-deepseek-v3-009,agent-openrouter-deepseek-v3-008,agent-openrouter-deepseek-v3-008",5,1,1,0.5666666666666667
pretrain,bbh_1412,"agent-openrouter-deepseek-v3-008,agent-openrouter-deepseek-v3-009,agent-openrouter-deepseek-v3-006,agent-openrouter-deepseek-v3-008,agent-openrouter-deepseek-v3-008",5,1,1,0.5714285714285714
pretrain,bbh_1424,"agent-openrouter-deepseek-v3-009,agent-openrouter-deepseek-v3-008,agent-openrouter-deepseek-v3-007,agent-openrouter-deepseek-v3-008",4,1,1,0.5760869565217391
pretrain,bbh_1241,"agent-openrouter-deepseek-v3-007,agent-openrouter-deepseek-v3-008,agent-openrouter-deepseek-v3-009,agent-openrouter-deepseek-v3-008,agent-openrouter-deepseek-v3-008",5,1,1,0.5806451612903226
pretrain,bbh_1215,"agent-openrouter-deepseek-v3-008,agent-openrouter-deepseek-v3-007,agent-openrouter-deepseek-v3-006,agent-openrouter-deepseek-v3-008,agent-openrouter-deepseek-v3-008",5,1,1,0.5851063829787234
pretrain,bbh_1386,"agent-openrouter-deepseek-v3-008,agent-openrouter-deepseek-v3-009,agent-openrouter-deepseek-v3-007",3,1,1,0.5894736842105263
pretrain,bbh_1242,"agent-openrouter-deepseek-v3-008,agent-openrouter-deepseek-v3-007,agent-openrouter-deepseek-v3-006",3,1,1,0.59375
pretrain,bbh_1208,"agent-openrouter-deepseek-v3-006,agent-openrouter-deepseek-v3-009,agent-openrouter-deepseek-v3-008,agent-openrouter-deepseek-v3-006,agent-openrouter-deepseek-v3-008",5,1,1,0.5979381443298969
pretrain,bbh_1302,"agent-openrouter-deepseek-v3-008,agent-openrouter-deepseek-v3-009,agent-openrouter-deepseek-v3-007,agent-openrouter-deepseek-v3-009,agent-openrouter-deepseek-v3-006",5,0,1,0.5918367346938775
pretrain,bbh_1219,"agent-openrouter-deepseek-v3-009,agent-openrouter-deepseek-v3-008,agent-openrouter-deepseek-v3-007,agent-openrouter-deepseek-v3-007,agent-openrouter-deepseek-v3-008",5,1,1,0.5959595959595959
pretrain,bbh_1284,"agent-openrouter-deepseek-v3-008,agent-openrouter-deepseek-v3-007,agent-openrouter-deepseek-v3-009",3,1,1,0.6
pretrain,bbh_1655,"agent-openrouter-deepseek-v3-008,agent-openrouter-deepseek-v3-007,agent-openrouter-deepseek-v3-006,agent-openrouter-deepseek-v3-008,agent-openrouter-deepseek-v3-008,agent-openrouter-deepseek-v3-008,agent-openrouter-deepseek-v3-008,agent-openrouter-deepseek-v3-008",8,1,1,0.6039603960396039
pretrain,bbh_1622,"agent-openrouter-deepseek-v3-008,agent-openrouter-deepseek-v3-006,agent-openrouter-deepseek-v3-007,agent-openrouter-deepseek-v3-008,agent-openrouter-deepseek-v3-008,agent-openrouter-deepseek-v3-008,agent-openrouter-deepseek-v3-008",7,0,1,0.5980392156862745
pretrain,bbh_1462,"agent-openrouter-deepseek-v3-008,agent-openrouter-deepseek-v3-006,agent-openrouter-deepseek-v3-007,agent-openrouter-deepseek-v3-008,agent-openrouter-deepseek-v3-008,agent-openrouter-deepseek-v3-008,agent-openrouter-deepseek-v3-008,agent-openrouter-deepseek-v3-008",8,1,1,0.6019417475728155
pretrain,bbh_1641,"agent-openrouter-deepseek-v3-008,agent-openrouter-deepseek-v3-006,agent-openrouter-deepseek-v3-007,agent-openrouter-deepseek-v3-008,agent-openrouter-deepseek-v3-008,agent-openrouter-deepseek-v3-008,agent-openrouter-deepseek-v3-008,agent-openrouter-deepseek-v3-008",8,0,1,0.5961538461538461
pretrain,bbh_1626,"agent-openrouter-deepseek-v3-008,agent-openrouter-deepseek-v3-007,agent-openrouter-deepseek-v3-006,agent-openrouter-deepseek-v3-008,agent-openrouter-deepseek-v3-008,agent-openrouter-deepseek-v3-008,agent-openrouter-deepseek-v3-008,agent-openrouter-deepseek-v3-008",8,1,1,0.6
pretrain,bbh_1640,"agent-openrouter-deepseek-v3-008,agent-openrouter-deepseek-v3-006,agent-openrouter-deepseek-v3-007,agent-openrouter-deepseek-v3-008,agent-openrouter-deepseek-v3-008,agent-openrouter-deepseek-v3-008,agent-openrouter-deepseek-v3-008",7,1,1,0.6037735849056604
pretrain,bbh_1617,"agent-openrouter-deepseek-v3-008,agent-openrouter-deepseek-v3-007,agent-openrouter-deepseek-v3-006",3,1,1,0.6074766355140186
pretrain,bbh_1589,"agent-openrouter-deepseek-v3-008,agent-openrouter-deepseek-v3-006,agent-openrouter-deepseek-v3-007,agent-openrouter-deepseek-v3-008,agent-openrouter-deepseek-v3-008",5,1,1,0.6111111111111112
pretrain,bbh_1537,"agent-openrouter-deepseek-v3-008,agent-openrouter-deepseek-v3-006,agent-openrouter-deepseek-v3-007,agent-openrouter-deepseek-v3-008,agent-openrouter-deepseek-v3-008,agent-openrouter-deepseek-v3-008,agent-openrouter-deepseek-v3-008,agent-openrouter-deepseek-v3-008",8,1,1,0.6146788990825688
pretrain,bbh_1469,"agent-openrouter-deepseek-v3-008,agent-openrouter-deepseek-v3-007,agent-openrouter-deepseek-v3-006",3,1,1,0.6181818181818182
pretrain,bbh_1665,"agent-openrouter-deepseek-v3-008,agent-openrouter-deepseek-v3-007,agent-openrouter-deepseek-v3-006",3,0,1,0.6126126126126126
pretrain,bbh_1559,"agent-openrouter-deepseek-v3-008,agent-openrouter-deepseek-v3-007,agent-openrouter-deepseek-v3-006,agent-openrouter-deepseek-v3-008,agent-openrouter-deepseek-v3-008",5,0,1,0.6071428571428571
pretrain,bbh_1649,"agent-openrouter-deepseek-v3-008,agent-openrouter-deepseek-v3-007,agent-openrouter-deepseek-v3-006,agent-openrouter-deepseek-v3-008,agent-openrouter-deepseek-v3-008",5,1,1,0.6106194690265486
pretrain,bbh_1463,"agent-openrouter-deepseek-v3-008,agent-openrouter-deepseek-v3-006,agent-openrouter-deepseek-v3-007,agent-openrouter-deepseek-v3-008,agent-openrouter-deepseek-v3-008,agent-openrouter-deepseek-v3-008,agent-openrouter-deepseek-v3-008,agent-openrouter-deepseek-v3-008",8,1,1,0.6140350877192983
pretrain,bbh_1568,"agent-openrouter-deepseek-v3-008,agent-openrouter-deepseek-v3-007,agent-openrouter-deepseek-v3-006,agent-openrouter-deepseek-v3-008,agent-openrouter-deepseek-v3-008,agent-openrouter-deepseek-v3-008,agent-openrouter-deepseek-v3-008",7,1,1,0.6173913043478261
pretrain,bbh_1684,"agent-openrouter-deepseek-v3-008,agent-openrouter-deepseek-v3-006,agent-openrouter-deepseek-v3-007,agent-openrouter-deepseek-v3-008,agent-openrouter-deepseek-v3-008,agent-openrouter-deepseek-v3-008,agent-openrouter-deepseek-v3-008",7,1,1,0.6206896551724138
pretrain,bbh_1647,"agent-openrouter-deepseek-v3-008,agent-openrouter-deepseek-v3-007,agent-openrouter-deepseek-v3-006,agent-openrouter-deepseek-v3-008,agent-openrouter-deepseek-v3-008,agent-openrouter-deepseek-v3-008,agent-openrouter-deepseek-v3-008",7,0,1,0.6153846153846154
pretrain,bbh_1511,"agent-openrouter-deepseek-v3-008,agent-openrouter-deepseek-v3-006,agent-openrouter-deepseek-v3-007,agent-openrouter-deepseek-v3-008,agent-openrouter-deepseek-v3-008",5,1,1,0.6186440677966102
pretrain,bbh_1573,"agent-openrouter-deepseek-v3-008,agent-openrouter-deepseek-v3-007,agent-openrouter-deepseek-v3-006,agent-openrouter-deepseek-v3-008,agent-openrouter-deepseek-v3-008,agent-openrouter-deepseek-v3-008,agent-openrouter-deepseek-v3-008,agent-openrouter-deepseek-v3-008",8,1,1,0.6218487394957983
pretrain,bbh_1541,"agent-openrouter-deepseek-v3-008,agent-openrouter-deepseek-v3-006,agent-openrouter-deepseek-v3-007,agent-openrouter-deepseek-v3-008,agent-openrouter-deepseek-v3-008,agent-openrouter-deepseek-v3-008,agent-openrouter-deepseek-v3-008",7,1,1,0.625
pretrain,bbh_1604,"agent-openrouter-deepseek-v3-008,agent-openrouter-deepseek-v3-006,agent-openrouter-deepseek-v3-007,agent-openrouter-deepseek-v3-008,agent-openrouter-deepseek-v3-008",5,1,1,0.628099173553719
pretrain,bbh_1638,"agent-openrouter-deepseek-v3-008,agent-openrouter-deepseek-v3-006,agent-openrouter-deepseek-v3-007,agent-openrouter-deepseek-v3-008,agent-openrouter-deepseek-v3-008,agent-openrouter-deepseek-v3-008,agent-openrouter-deepseek-v3-008",7,0,1,0.6229508196721312
pretrain,bbh_1521,"agent-openrouter-deepseek-v3-008,agent-openrouter-deepseek-v3-006,agent-openrouter-deepseek-v3-007,agent-openrouter-deepseek-v3-008,agent-openrouter-deepseek-v3-008",5,1,1,0.6260162601626016
pretrain,bbh_1577,"agent-openrouter-deepseek-v3-008,agent-openrouter-deepseek-v3-006,agent-openrouter-deepseek-v3-007,agent-openrouter-deepseek-v3-008,agent-openrouter-deepseek-v3-008,agent-openrouter-deepseek-v3-008",6,1,1,0.6290322580645161
pretrain,bbh_1491,"agent-openrouter-deepseek-v3-008,agent-openrouter-deepseek-v3-007,agent-openrouter-deepseek-v3-006,agent-openrouter-deepseek-v3-008,agent-openrouter-deepseek-v3-008,agent-openrouter-deepseek-v3-008,agent-openrouter-deepseek-v3-008,agent-openrouter-deepseek-v3-008",8,0,1,0.624
pretrain,bbh_1596,"agent-openrouter-deepseek-v3-008,agent-openrouter-deepseek-v3-006,agent-openrouter-deepseek-v3-007,agent-openrouter-deepseek-v3-008,agent-openrouter-deepseek-v3-008,agent-openrouter-deepseek-v3-008,agent-openrouter-deepseek-v3-008,agent-openrouter-deepseek-v3-008",8,0,1,0.6190476190476191
pretrain,bbh_1476,"agent-openrouter-deepseek-v3-008,agent-openrouter-deepseek-v3-007,agent-openrouter-deepseek-v3-006,agent-openrouter-deepseek-v3-008,agent-openrouter-deepseek-v3-008,agent-openrouter-deepseek-v3-008",6,1,1,0.6220472440944882
pretrain,bbh_1544,"agent-openrouter-deepseek-v3-008,agent-openrouter-deepseek-v3-006,agent-openrouter-deepseek-v3-007,agent-openrouter-deepseek-v3-008,agent-openrouter-deepseek-v3-008,agent-openrouter-deepseek-v3-008,agent-openrouter-deepseek-v3-008",7,0,1,0.6171875
pretrain,bbh_1618,"agent-openrouter-deepseek-v3-008,agent-openrouter-deepseek-v3-006,agent-openrouter-deepseek-v3-007,agent-openrouter-deepseek-v3-008",4,1,1,0.6201550387596899
pretrain,bbh_1608,"agent-openrouter-deepseek-v3-008,agent-openrouter-deepseek-v3-006,agent-openrouter-deepseek-v3-007,agent-openrouter-deepseek-v3-008,agent-openrouter-deepseek-v3-008",5,1,1,0.6230769230769231
pretrain,bbh_1682,"agent-openrouter-deepseek-v3-008,agent-openrouter-deepseek-v3-007,agent-openrouter-deepseek-v3-006,agent-openrouter-deepseek-v3-008,agent-openrouter-deepseek-v3-008,agent-openrouter-deepseek-v3-008,agent-openrouter-deepseek-v3-008,agent-openrouter-deepseek-v3-008",8,1,1,0.6259541984732825
pretrain,bbh_1551,"agent-openrouter-deepseek-v3-008,agent-openrouter-deepseek-v3-006,agent-openrouter-deepseek-v3-007,agent-openrouter-deepseek-v3-008,agent-openrouter-deepseek-v3-008,agent-openrouter-deepseek-v3-008,agent-openrouter-deepseek-v3-008",7,0,1,0.6212121212121212
pretrain,bbh_1459,"agent-openrouter-deepseek-v3-008,agent-openrouter-deepseek-v3-007,agent-openrouter-deepseek-v3-006,agent-openrouter-deepseek-v3-008,agent-openrouter-deepseek-v3-008,agent-openrouter-deepseek-v3-008,agent-openrouter-deepseek-v3-008",7,1,1,0.6240601503759399
pretrain,bbh_1686,"agent-openrouter-deepseek-v3-008,agent-openrouter-deepseek-v3-006,agent-openrouter-deepseek-v3-007,agent-openrouter-deepseek-v3-006,agent-openrouter-deepseek-v3-008,agent-openrouter-deepseek-v3-008,agent-openrouter-deepseek-v3-008",7,1,1,0.6268656716417911
pretrain,bbh_1660,"agent-openrouter-deepseek-v3-008,agent-openrouter-deepseek-v3-006,agent-openrouter-deepseek-v3-007,agent-openrouter-deepseek-v3-008,agent-openrouter-deepseek-v3-008,agent-openrouter-deepseek-v3-008,agent-openrouter-deepseek-v3-008,agent-openrouter-deepseek-v3-008",8,1,1,0.6296296296296297
pretrain,bbh_1438,"agent-openrouter-deepseek-v3-008,agent-openrouter-deepseek-v3-006,agent-openrouter-deepseek-v3-007,agent-openrouter-deepseek-v3-008,agent-openrouter-deepseek-v3-008",5,1,1,0.6323529411764706
pretrain,bbh_1656,"agent-openrouter-deepseek-v3-008,agent-openrouter-deepseek-v3-007,agent-openrouter-deepseek-v3-006,agent-openrouter-deepseek-v3-008,agent-openrouter-deepseek-v3-008,agent-openrouter-deepseek-v3-008,agent-openrouter-deepseek-v3-008,agent-openrouter-deepseek-v3-008",8,1,1,0.635036496350365
pretrain,bbh_1588,"agent-openrouter-deepseek-v3-008,agent-openrouter-deepseek-v3-006,agent-openrouter-deepseek-v3-007,agent-openrouter-deepseek-v3-008,agent-openrouter-deepseek-v3-008,agent-openrouter-deepseek-v3-008,agent-openrouter-deepseek-v3-008",7,1,1,0.6376811594202898
pretrain,bbh_1453,"agent-openrouter-deepseek-v3-008,agent-openrouter-deepseek-v3-006,agent-openrouter-deepseek-v3-007,agent-openrouter-deepseek-v3-008,agent-openrouter-deepseek-v3-008",5,0,1,0.6330935251798561
pretrain,bbh_1471,"agent-openrouter-deepseek-v3-008,agent-openrouter-deepseek-v3-006,agent-openrouter-deepseek-v3-007,agent-openrouter-deepseek-v3-008,agent-openrouter-deepseek-v3-008,agent-openrouter-deepseek-v3-008,agent-openrouter-deepseek-v3-008,agent-openrouter-deepseek-v3-008",8,0,1,0.6285714285714286
pretrain,bbh_1503,"agent-openrouter-deepseek-v3-008,agent-openrouter-deepseek-v3-006,agent-openrouter-deepseek-v3-007,agent-openrouter-deepseek-v3-008,agent-openrouter-deepseek-v3-008,agent-openrouter-deepseek-v3-008,agent-openrouter-deepseek-v3-008,agent-openrouter-deepseek-v3-008",8,1,1,0.6312056737588653
pretrain,bbh_1509,"agent-openrouter-deepseek-v3-008,agent-openrouter-deepseek-v3-007,agent-openrouter-deepseek-v3-006",3,0,1,0.6267605633802817
pretrain,bbh_1536,"agent-openrouter-deepseek-v3-008,agent-openrouter-deepseek-v3-007,agent-openrouter-deepseek-v3-006",3,1,1,0.6293706293706294
pretrain,bbh_1437,"agent-openrouter-deepseek-v3-008,agent-openrouter-deepseek-v3-007,agent-openrouter-deepseek-v3-006,agent-openrouter-deepseek-v3-008,agent-openrouter-deepseek-v3-008,agent-openrouter-deepseek-v3-008,agent-openrouter-deepseek-v3-008,agent-openrouter-deepseek-v3-008",8,1,1,0.6319444444444444
pretrain,bbh_1552,"agent-openrouter-deepseek-v3-008,agent-openrouter-deepseek-v3-006,agent-openrouter-deepseek-v3-007",3,0,1,0.6275862068965518
pretrain,bbh_1446,"agent-openrouter-deepseek-v3-008,agent-openrouter-deepseek-v3-006,agent-openrouter-deepseek-v3-007,agent-openrouter-deepseek-v3-008",4,1,1,0.6301369863013698
pretrain,bbh_1644,"agent-openrouter-deepseek-v3-008,agent-openrouter-deepseek-v3-006,agent-openrouter-deepseek-v3-007,agent-openrouter-deepseek-v3-008,agent-openrouter-deepseek-v3-008,agent-openrouter-deepseek-v3-008,agent-openrouter-deepseek-v3-008",7,1,1,0.6326530612244898
pretrain,bbh_1540,"agent-openrouter-deepseek-v3-008,agent-openrouter-deepseek-v3-006,agent-openrouter-deepseek-v3-007,agent-openrouter-deepseek-v3-008,agent-openrouter-deepseek-v3-008",5,0,1,0.6283783783783784
pretrain,bbh_1580,"agent-openrouter-deepseek-v3-008,agent-openrouter-deepseek-v3-006,agent-openrouter-deepseek-v3-007,agent-openrouter-deepseek-v3-008,agent-openrouter-deepseek-v3-008,agent-openrouter-deepseek-v3-008,agent-openrouter-deepseek-v3-008,agent-openrouter-deepseek-v3-008",8,1,1,0.6308724832214765
pretrain,bbh_1474,"agent-openrouter-deepseek-v3-008,agent-openrouter-deepseek-v3-006,agent-openrouter-deepseek-v3-007,agent-openrouter-deepseek-v3-008,agent-openrouter-deepseek-v3-008",5,0,1,0.6266666666666667
pretrain,bbh_1492,"agent-openrouter-deepseek-v3-008,agent-openrouter-deepseek-v3-006,agent-openrouter-deepseek-v3-007,agent-openrouter-deepseek-v3-008,agent-openrouter-deepseek-v3-008,agent-openrouter-deepseek-v3-008",6,1,1,0.6291390728476821
pretrain,bbh_1625,"agent-openrouter-deepseek-v3-008,agent-openrouter-deepseek-v3-006,agent-openrouter-deepseek-v3-007,agent-openrouter-deepseek-v3-008,agent-openrouter-deepseek-v3-008,agent-openrouter-deepseek-v3-008,agent-openrouter-deepseek-v3-008,agent-openrouter-deepseek-v3-008",8,0,1,0.625
pretrain,bbh_1619,"agent-openrouter-deepseek-v3-008,agent-openrouter-deepseek-v3-006,agent-openrouter-deepseek-v3-007,agent-openrouter-deepseek-v3-008,agent-openrouter-deepseek-v3-008",5,1,1,0.6274509803921569
pretrain,bbh_1571,"agent-openrouter-deepseek-v3-007,agent-openrouter-deepseek-v3-006,agent-openrouter-deepseek-v3-008,agent-openrouter-deepseek-v3-008,agent-openrouter-deepseek-v3-008",5,1,1,0.6298701298701299
pretrain,bbh_1672,"agent-openrouter-deepseek-v3-008,agent-openrouter-deepseek-v3-006,agent-openrouter-deepseek-v3-007,agent-openrouter-deepseek-v3-008,agent-openrouter-deepseek-v3-008",5,1,1,0.632258064516129
pretrain,bbh_1450,"agent-openrouter-deepseek-v3-008,agent-openrouter-deepseek-v3-007,agent-openrouter-deepseek-v3-006",3,0,1,0.6282051282051282
pretrain,bbh_1631,"agent-openrouter-deepseek-v3-008,agent-openrouter-deepseek-v3-006,agent-openrouter-deepseek-v3-007,agent-openrouter-deepseek-v3-008",4,1,1,0.6305732484076433
pretrain,bbh_1678,"agent-openrouter-deepseek-v3-008,agent-openrouter-deepseek-v3-006,agent-openrouter-deepseek-v3-007,agent-openrouter-deepseek-v3-008,agent-openrouter-deepseek-v3-008,agent-openrouter-deepseek-v3-008,agent-openrouter-deepseek-v3-008",7,1,1,0.6329113924050633
pretrain,bbh_1558,"agent-openrouter-deepseek-v3-008,agent-openrouter-deepseek-v3-006,agent-openrouter-deepseek-v3-007,agent-openrouter-deepseek-v3-008,agent-openrouter-deepseek-v3-008",5,1,1,0.6352201257861635
pretrain,bbh_1570,"agent-openrouter-deepseek-v3-008,agent-openrouter-deepseek-v3-006,agent-openrouter-deepseek-v3-007,agent-openrouter-deepseek-v3-008,agent-openrouter-deepseek-v3-008,agent-openrouter-deepseek-v3-008,agent-openrouter-deepseek-v3-008,agent-openrouter-deepseek-v3-008",8,0,1,0.63125
pretrain,bbh_2195,"agent-openrouter-deepseek-v3-007,agent-openrouter-deepseek-v3-008,agent-openrouter-deepseek-v3-009,agent-openrouter-deepseek-v3-007,agent-openrouter-deepseek-v3-008,agent-openrouter-deepseek-v3-008",6,0,1,0.6273291925465838
pretrain,bbh_2422,"agent-openrouter-deepseek-v3-007,agent-openrouter-deepseek-v3-008,agent-openrouter-deepseek-v3-009,agent-openrouter-deepseek-v3-007,agent-openrouter-deepseek-v3-007,agent-openrouter-deepseek-v3-008",6,1,1,0.6296296296296297
pretrain,bbh_2198,"agent-openrouter-deepseek-v3-007,agent-openrouter-deepseek-v3-008,agent-openrouter-deepseek-v3-009,agent-openrouter-deepseek-v3-007,agent-openrouter-deepseek-v3-008,agent-openrouter-deepseek-v3-008",6,1,1,0.6319018404907976
pretrain,bbh_2380,"agent-openrouter-deepseek-v3-007,agent-openrouter-deepseek-v3-008,agent-openrouter-deepseek-v3-009,agent-openrouter-deepseek-v3-007,agent-openrouter-deepseek-v3-007,agent-openrouter-deepseek-v3-008",6,1,1,0.6341463414634146
pretrain,bbh_2399,"agent-openrouter-deepseek-v3-007,agent-openrouter-deepseek-v3-009,agent-openrouter-deepseek-v3-008,agent-openrouter-deepseek-v3-007,agent-openrouter-deepseek-v3-007,agent-openrouter-deepseek-v3-008",6,0,1,0.6303030303030303
pretrain,bbh_2326,"agent-openrouter-deepseek-v3-007,agent-openrouter-deepseek-v3-008,agent-openrouter-deepseek-v3-009,agent-openrouter-deepseek-v3-007,agent-openrouter-deepseek-v3-007,agent-openrouter-deepseek-v3-008",6,0,1,0.6265060240963856
pretrain,bbh_2363,"agent-openrouter-deepseek-v3-007,agent-openrouter-deepseek-v3-008,agent-openrouter-deepseek-v3-009,agent-openrouter-deepseek-v3-007,agent-openrouter-deepseek-v3-007,agent-openrouter-deepseek-v3-008",6,0,1,0.6227544910179641
pretrain,bbh_2229,"agent-openrouter-deepseek-v3-007,agent-openrouter-deepseek-v3-008,agent-openrouter-deepseek-v3-009,agent-openrouter-deepseek-v3-007,agent-openrouter-deepseek-v3-007,agent-openrouter-deepseek-v3-008",6,0,1,0.6190476190476191
pretrain,bbh_2415,"agent-openrouter-deepseek-v3-007,agent-openrouter-deepseek-v3-010,agent-openrouter-deepseek-v3-008,agent-openrouter-deepseek-v3-008,agent-openrouter-deepseek-v3-007,agent-openrouter-deepseek-v3-008",6,0,1,0.6153846153846154
pretrain,bbh_2379,"agent-openrouter-deepseek-v3-007,agent-openrouter-deepseek-v3-008,agent-openrouter-deepseek-v3-009,agent-openrouter-deepseek-v3-007,agent-openrouter-deepseek-v3-007,agent-openrouter-deepseek-v3-008",6,1,1,0.6176470588235294
pretrain,bbh_2315,"agent-openrouter-deepseek-v3-007,agent-openrouter-deepseek-v3-009,agent-openrouter-deepseek-v3-008,agent-openrouter-deepseek-v3-007,agent-openrouter-deepseek-v3-007,agent-openrouter-deepseek-v3-008",6,1,1,0.6198830409356725
pretrain,bbh_2364,"agent-openrouter-deepseek-v3-008,agent-openrouter-deepseek-v3-007,agent-openrouter-deepseek-v3-009,agent-openrouter-deepseek-v3-008,agent-openrouter-deepseek-v3-008,agent-openrouter-deepseek-v3-008",6,1,1,0.622093023255814
pretrain,bbh_2376,"agent-openrouter-deepseek-v3-007,agent-openrouter-deepseek-v3-009,agent-openrouter-deepseek-v3-008,agent-openrouter-deepseek-v3-007,agent-openrouter-deepseek-v3-007,agent-openrouter-deepseek-v3-008",6,1,1,0.6242774566473989
pretrain,bbh_2416,"agent-openrouter-deepseek-v3-008,agent-openrouter-deepseek-v3-007,agent-openrouter-deepseek-v3-009,agent-openrouter-deepseek-v3-007,agent-openrouter-deepseek-v3-007,agent-openrouter-deepseek-v3-008",6,0,1,0.6206896551724138
pretrain,bbh_2280,"agent-openrouter-deepseek-v3-007,agent-openrouter-deepseek-v3-008,agent-openrouter-deepseek-v3-009,agent-openrouter-deepseek-v3-007,agent-openrouter-deepseek-v3-007,agent-openrouter-deepseek-v3-008",6,1,1,0.6228571428571429
pretrain,bbh_2287,"agent-openrouter-deepseek-v3-007,agent-openrouter-deepseek-v3-008,agent-openrouter-deepseek-v3-009,agent-openrouter-deepseek-v3-007,agent-openrouter-deepseek-v3-007,agent-openrouter-deepseek-v3-008",6,1,1,0.625
pretrain,bbh_2400,"agent-openrouter-deepseek-v3-007,agent-openrouter-deepseek-v3-008,agent-openrouter-deepseek-v3-009,agent-openrouter-deepseek-v3-007,agent-openrouter-deepseek-v3-007,agent-openrouter-deepseek-v3-008",6,1,1,0.6271186440677966
pretrain,bbh_2396,"agent-openrouter-deepseek-v3-007,agent-openrouter-deepseek-v3-008,agent-openrouter-deepseek-v3-009,agent-openrouter-deepseek-v3-007,agent-openrouter-deepseek-v3-007,agent-openrouter-deepseek-v3-008",6,1,1,0.6292134831460674
pretrain,bbh_2190,"agent-openrouter-deepseek-v3-008,agent-openrouter-deepseek-v3-007,agent-openrouter-deepseek-v3-009,agent-openrouter-deepseek-v3-007,agent-openrouter-deepseek-v3-007,agent-openrouter-deepseek-v3-008",6,0,1,0.6256983240223464
pretrain,bbh_2217,"agent-openrouter-deepseek-v3-007,agent-openrouter-deepseek-v3-009,agent-openrouter-deepseek-v3-008,agent-openrouter-deepseek-v3-007,agent-openrouter-deepseek-v3-007,agent-openrouter-deepseek-v3-007,agent-openrouter-deepseek-v3-008",7,1,1,0.6277777777777778
pretrain,bbh_2290,"agent-openrouter-deepseek-v3-008,agent-openrouter-deepseek-v3-007,agent-openrouter-deepseek-v3-009,agent-openrouter-deepseek-v3-008,agent-openrouter-deepseek-v3-008,agent-openrouter-deepseek-v3-008",6,0,1,0.6243093922651933
pretrain,bbh_2427,"agent-openrouter-deepseek-v3-007,agent-openrouter-deepseek-v3-008,agent-openrouter-deepseek-v3-009,agent-openrouter-deepseek-v3-007,agent-openrouter-deepseek-v3-007,agent-openrouter-deepseek-v3-008",6,0,1,0.6208791208791209
pretrain,bbh_2389,"agent-openrouter-deepseek-v3-007,agent-openrouter-deepseek-v3-008,agent-openrouter-deepseek-v3-009,agent-openrouter-deepseek-v3-007,agent-openrouter-deepseek-v3-007,agent-openrouter-deepseek-v3-008",6,1,1,0.6229508196721312
pretrain,bbh_2372,"agent-openrouter-deepseek-v3-007,agent-openrouter-deepseek-v3-008,agent-openrouter-deepseek-v3-009,agent-openrouter-deepseek-v3-008,agent-openrouter-deepseek-v3-008,agent-openrouter-deepseek-v3-008",6,0,1,0.6195652173913043
pretrain,bbh_2246,"agent-openrouter-deepseek-v3-008,agent-openrouter-deepseek-v3-009,agent-openrouter-deepseek-v3-007,agent-openrouter-deepseek-v3-008,agent-openrouter-deepseek-v3-008,agent-openrouter-deepseek-v3-008",6,1,1,0.6216216216216216
pretrain,bbh_2360,"agent-openrouter-deepseek-v3-007,agent-openrouter-deepseek-v3-008,agent-openrouter-deepseek-v3-009,agent-openrouter-deepseek-v3-007,agent-openrouter-deepseek-v3-007,agent-openrouter-deepseek-v3-008",6,1,1,0.6236559139784946
pretrain,bbh_2196,"agent-openrouter-deepseek-v3-007,agent-openrouter-deepseek-v3-008,agent-openrouter-deepseek-v3-009,agent-openrouter-deepseek-v3-007,agent-openrouter-deepseek-v3-007,agent-openrouter-deepseek-v3-008",6,0,1,0.6203208556149733
pretrain,bbh_2261,"agent-openrouter-deepseek-v3-007,agent-openrouter-deepseek-v3-009,agent-openrouter-deepseek-v3-008,agent-openrouter-deepseek-v3-007,agent-openrouter-deepseek-v3-007,agent-openrouter-deepseek-v3-008",6,0,1,0.6170212765957447
pretrain,bbh_2199,"agent-openrouter-deepseek-v3-008,agent-openrouter-deepseek-v3-007,agent-openrouter-deepseek-v3-009,agent-openrouter-deepseek-v3-008,agent-openrouter-deepseek-v3-008,agent-openrouter-deepseek-v3-008",6,0,1,0.6137566137566137
pretrain,bbh_2395,"agent-openrouter-deepseek-v3-007,agent-openrouter-deepseek-v3-008,agent-openrouter-deepseek-v3-009,agent-openrouter-deepseek-v3-007,agent-openrouter-deepseek-v3-007,agent-openrouter-deepseek-v3-008",6,1,1,0.6157894736842106
pretrain,bbh_2253,"agent-openrouter-deepseek-v3-008,agent-openrouter-deepseek-v3-007,agent-openrouter-deepseek-v3-009,agent-openrouter-deepseek-v3-007,agent-openrouter-deepseek-v3-007,agent-openrouter-deepseek-v3-008",6,1,1,0.6178010471204188
pretrain,bbh_2230,"agent-openrouter-deepseek-v3-007,agent-openrouter-deepseek-v3-008,agent-openrouter-deepseek-v3-009,agent-openrouter-deepseek-v3-007,agent-openrouter-deepseek-v3-007,agent-openrouter-deepseek-v3-008,agent-openrouter-deepseek-v3-008",7,0,1,0.6145833333333334
pretrain,bbh_2222,"agent-openrouter-deepseek-v3-008,agent-openrouter-deepseek-v3-007,agent-openrouter-deepseek-v3-009,agent-openrouter-deepseek-v3-007,agent-openrouter-deepseek-v3-007,agent-openrouter-deepseek-v3-008",6,1,1,0.616580310880829
pretrain,bbh_2409,"agent-openrouter-deepseek-v3-007,agent-openrouter-deepseek-v3-008,agent-openrouter-deepseek-v3-009,agent-openrouter-deepseek-v3-007,agent-openrouter-deepseek-v3-007,agent-openrouter-deepseek-v3-008",6,1,1,0.6185567010309279
pretrain,bbh_2298,"agent-openrouter-deepseek-v3-007,agent-openrouter-deepseek-v3-008,agent-openrouter-deepseek-v3-009,agent-openrouter-deepseek-v3-007,agent-openrouter-deepseek-v3-007,agent-openrouter-deepseek-v3-008",6,0,1,0.6153846153846154
pretrain,bbh_2238,"agent-openrouter-deepseek-v3-007,agent-openrouter-deepseek-v3-008,agent-openrouter-deepseek-v3-009,agent-openrouter-deepseek-v3-007,agent-openrouter-deepseek-v3-007,agent-openrouter-deepseek-v3-008",6,1,1,0.6173469387755102
pretrain,bbh_2406,"agent-openrouter-deepseek-v3-007,agent-openrouter-deepseek-v3-008,agent-openrouter-deepseek-v3-009,agent-openrouter-deepseek-v3-007,agent-openrouter-deepseek-v3-007,agent-openrouter-deepseek-v3-008",6,0,1,0.6142131979695431
pretrain,bbh_2320,"agent-openrouter-deepseek-v3-007,agent-openrouter-deepseek-v3-008,agent-openrouter-deepseek-v3-009,agent-openrouter-deepseek-v3-007,agent-openrouter-deepseek-v3-007,agent-openrouter-deepseek-v3-008",6,1,1,0.6161616161616161
pretrain,bbh_2247,"agent-openrouter-deepseek-v3-007,agent-openrouter-deepseek-v3-008,agent-openrouter-deepseek-v3-009,agent-openrouter-deepseek-v3-007,agent-openrouter-deepseek-v3-007,agent-openrouter-deepseek-v3-008",6,1,1,0.6180904522613065
pretrain,bbh_2403,"agent-openrouter-deepseek-v3-007,agent-openrouter-deepseek-v3-009,agent-openrouter-deepseek-v3-008,agent-openrouter-deepseek-v3-007,agent-openrouter-deepseek-v3-007,agent-openrouter-deepseek-v3-008",6,1,1,0.62
pretrain,bbh_2338,"agent-openrouter-deepseek-v3-007,agent-openrouter-deepseek-v3-009,agent-openrouter-deepseek-v3-008,agent-openrouter-deepseek-v3-007,agent-openrouter-deepseek-v3-007,agent-openrouter-deepseek-v3-008",6,1,1,0.6218905472636815
pretrain,bbh_2288,"agent-openrouter-deepseek-v3-007,agent-openrouter-deepseek-v3-008,agent-openrouter-deepseek-v3-009,agent-openrouter-deepseek-v3-007,agent-openrouter-deepseek-v3-007,agent-openrouter-deepseek-v3-008",6,0,1,0.6188118811881188
pretrain,bbh_2324,"agent-openrouter-deepseek-v3-007,agent-openrouter-deepseek-v3-008,agent-openrouter-deepseek-v3-009,agent-openrouter-deepseek-v3-007,agent-openrouter-deepseek-v3-007,agent-openrouter-deepseek-v3-008",6,0,1,0.6157635467980296
pretrain,bbh_2236,"agent-openrouter-deepseek-v3-008,agent-openrouter-deepseek-v3-007,agent-openrouter-deepseek-v3-009,agent-openrouter-deepseek-v3-008,agent-openrouter-deepseek-v3-008,agent-openrouter-deepseek-v3-008,agent-openrouter-deepseek-v3-008",7,1,1,0.6176470588235294
pretrain,bbh_2385,"agent-openrouter-deepseek-v3-008,agent-openrouter-deepseek-v3-007,agent-openrouter-deepseek-v3-009,agent-openrouter-deepseek-v3-008,agent-openrouter-deepseek-v3-008,agent-openrouter-deepseek-v3-008",6,0,1,0.6146341463414634
pretrain,bbh_2430,"agent-openrouter-deepseek-v3-007,agent-openrouter-deepseek-v3-009,agent-openrouter-deepseek-v3-008,agent-openrouter-deepseek-v3-007,agent-openrouter-deepseek-v3-007,agent-openrouter-deepseek-v3-008",6,1,1,0.616504854368932
pretrain,bbh_2265,"agent-openrouter-deepseek-v3-007,agent-openrouter-deepseek-v3-009,agent-openrouter-deepseek-v3-008,agent-openrouter-deepseek-v3-010,agent-openrouter-deepseek-v3-007,agent-openrouter-deepseek-v3-008",6,0,1,0.6135265700483091
pretrain,bbh_2314,"agent-openrouter-deepseek-v3-007,agent-openrouter-deepseek-v3-009,agent-openrouter-deepseek-v3-008,agent-openrouter-deepseek-v3-007,agent-openrouter-deepseek-v3-007,agent-openrouter-deepseek-v3-008",6,0,1,0.6105769230769231
pretrain,bbh_2331,"agent-openrouter-deepseek-v3-007,agent-openrouter-deepseek-v3-008,agent-openrouter-deepseek-v3-009,agent-openrouter-deepseek-v3-007,agent-openrouter-deepseek-v3-007,agent-openrouter-deepseek-v3-008",6,1,1,0.6124401913875598
pretrain,bbh_2248,"agent-openrouter-deepseek-v3-007,agent-openrouter-deepseek-v3-008,agent-openrouter-deepseek-v3-009,agent-openrouter-deepseek-v3-007,agent-openrouter-deepseek-v3-007,agent-openrouter-deepseek-v3-008",6,0,1,0.6095238095238096
pretrain,bbh_2239,"agent-openrouter-deepseek-v3-007,agent-openrouter-deepseek-v3-008,agent-openrouter-deepseek-v3-009,agent-openrouter-deepseek-v3-007,agent-openrouter-deepseek-v3-007,agent-openrouter-deepseek-v3-008",6,0,1,0.6066350710900474
pretrain,bbh_2414,"agent-openrouter-deepseek-v3-007,agent-openrouter-deepseek-v3-009,agent-openrouter-deepseek-v3-008,agent-openrouter-deepseek-v3-007,agent-openrouter-deepseek-v3-007,agent-openrouter-deepseek-v3-007,agent-openrouter-deepseek-v3-008",7,1,1,0.6084905660377359
pretrain,bbh_2311,"agent-openrouter-deepseek-v3-007,agent-openrouter-deepseek-v3-008,agent-openrouter-deepseek-v3-009,agent-openrouter-deepseek-v3-007,agent-openrouter-deepseek-v3-007,agent-openrouter-deepseek-v3-008",6,1,1,0.6103286384976526
pretrain,bbh_2301,"agent-openrouter-deepseek-v3-007,agent-openrouter-deepseek-v3-009,agent-openrouter-deepseek-v3-008,agent-openrouter-deepseek-v3-008,agent-openrouter-deepseek-v3-008,agent-openrouter-deepseek-v3-008,agent-openrouter-deepseek-v3-008",7,1,1,0.6121495327102804
pretrain,bbh_2275,"agent-openrouter-deepseek-v3-007,agent-openrouter-deepseek-v3-008,agent-openrouter-deepseek-v3-009,agent-openrouter-deepseek-v3-008,agent-openrouter-deepseek-v3-008,agent-openrouter-deepseek-v3-008",6,0,1,0.6093023255813953
pretrain,bbh_2251,"agent-openrouter-deepseek-v3-007,agent-openrouter-deepseek-v3-008,agent-openrouter-deepseek-v3-009,agent-openrouter-deepseek-v3-007,agent-openrouter-deepseek-v3-007,agent-openrouter-deepseek-v3-008,agent-openrouter-deepseek-v3-008",7,1,1,0.6111111111111112
pretrain,bbh_2418,"agent-openrouter-deepseek-v3-007,agent-openrouter-deepseek-v3-009,agent-openrouter-deepseek-v3-008,agent-openrouter-deepseek-v3-007,agent-openrouter-deepseek-v3-007,agent-openrouter-deepseek-v3-008",6,1,1,0.6129032258064516
pretrain,bbh_2268,"agent-openrouter-deepseek-v3-007,agent-openrouter-deepseek-v3-008,agent-openrouter-deepseek-v3-009,agent-openrouter-deepseek-v3-007,agent-openrouter-deepseek-v3-007,agent-openrouter-deepseek-v3-008,agent-openrouter-deepseek-v3-008",7,0,1,0.6100917431192661
pretrain,bbh_2189,"agent-openrouter-deepseek-v3-007,agent-openrouter-deepseek-v3-009,agent-openrouter-deepseek-v3-008,agent-openrouter-deepseek-v3-007,agent-openrouter-deepseek-v3-007,agent-openrouter-deepseek-v3-008",6,0,1,0.6073059360730594
pretrain,bbh_2313,"agent-openrouter-deepseek-v3-007,agent-openrouter-deepseek-v3-009,agent-openrouter-deepseek-v3-008,agent-openrouter-deepseek-v3-007,agent-openrouter-deepseek-v3-008,agent-openrouter-deepseek-v3-008,agent-openrouter-deepseek-v3-008",7,1,1,0.6090909090909091
pretrain,bbh_971,"agent-openrouter-deepseek-v3-009,agent-openrouter-deepseek-v3-006,agent-openrouter-deepseek-v3-008,agent-openrouter-deepseek-v3-007",4,0,1,0.6063348416289592
pretrain,bbh_1040,"agent-openrouter-deepseek-v3-009,agent-openrouter-deepseek-v3-006,agent-openrouter-deepseek-v3-008,agent-openrouter-deepseek-v3-009,agent-openrouter-deepseek-v3-008",5,1,1,0.6081081081081081
pretrain,bbh_1020,"agent-openrouter-deepseek-v3-006,agent-openrouter-deepseek-v3-009,agent-openrouter-deepseek-v3-008,agent-openrouter-deepseek-v3-006,agent-openrouter-deepseek-v3-006",5,1,1,0.6098654708520179
pretrain,bbh_968,"agent-openrouter-deepseek-v3-008,agent-openrouter-deepseek-v3-007,agent-openrouter-deepseek-v3-006,agent-openrouter-deepseek-v3-008",4,1,1,0.6116071428571429
pretrain,bbh_1118,"agent-openrouter-deepseek-v3-009,agent-openrouter-deepseek-v3-006,agent-openrouter-deepseek-v3-008,agent-openrouter-deepseek-v3-008,agent-openrouter-deepseek-v3-008",5,0,1,0.6088888888888889
pretrain,bbh_945,"agent-openrouter-deepseek-v3-008,agent-openrouter-deepseek-v3-006,agent-openrouter-deepseek-v3-007,agent-openrouter-deepseek-v3-008",4,1,1,0.6106194690265486
pretrain,bbh_1018,"agent-openrouter-deepseek-v3-008,agent-openrouter-deepseek-v3-007,agent-openrouter-deepseek-v3-006,agent-openrouter-deepseek-v3-008",4,1,1,0.6123348017621145
pretrain,bbh_995,"agent-openrouter-deepseek-v3-009,agent-openrouter-deepseek-v3-006,agent-openrouter-deepseek-v3-007,agent-openrouter-deepseek-v3-006",4,1,1,0.6140350877192983
pretrain,bbh_939,"agent-openrouter-deepseek-v3-008,agent-openrouter-deepseek-v3-006,agent-openrouter-deepseek-v3-009,agent-openrouter-deepseek-v3-008,agent-openrouter-deepseek-v3-008",5,1,1,0.6157205240174672
pretrain,bbh_1087,"agent-openrouter-deepseek-v3-009,agent-openrouter-deepseek-v3-006,agent-openrouter-deepseek-v3-008,agent-openrouter-deepseek-v3-006,agent-openrouter-deepseek-v3-006",5,1,1,0.6173913043478261
pretrain,bbh_987,"agent-openrouter-deepseek-v3-008,agent-openrouter-deepseek-v3-009,agent-openrouter-deepseek-v3-006,agent-openrouter-deepseek-v3-008",4,1,1,0.6190476190476191
pretrain,bbh_1166,"agent-openrouter-deepseek-v3-008,agent-openrouter-deepseek-v3-006,agent-openrouter-deepseek-v3-007,agent-openrouter-deepseek-v3-008",4,1,1,0.6206896551724138
pretrain,bbh_1077,"agent-openrouter-deepseek-v3-009,agent-openrouter-deepseek-v3-006,agent-openrouter-deepseek-v3-008,agent-openrouter-deepseek-v3-007",4,1,1,0.6223175965665236
pretrain,bbh_978,"agent-openrouter-deepseek-v3-009,agent-openrouter-deepseek-v3-007,agent-openrouter-deepseek-v3-006,agent-openrouter-deepseek-v3-007,agent-openrouter-deepseek-v3-006",5,1,1,0.6239316239316239
pretrain,bbh_1053,"agent-openrouter-deepseek-v3-006,agent-openrouter-deepseek-v3-009,agent-openrouter-deepseek-v3-008,agent-openrouter-deepseek-v3-006",4,0,1,0.6212765957446809
pretrain,bbh_979,"agent-openrouter-deepseek-v3-009,agent-openrouter-deepseek-v3-006,agent-openrouter-deepseek-v3-008,agent-openrouter-deepseek-v3-006",4,1,1,0.6228813559322034
pretrain,bbh_1028,"agent-openrouter-deepseek-v3-007,agent-openrouter-deepseek-v3-008,agent-openrouter-deepseek-v3-006",3,1,1,0.6244725738396625
pretrain,bbh_1113,"agent-openrouter-deepseek-v3-009,agent-openrouter-deepseek-v3-006,agent-openrouter-deepseek-v3-008,agent-openrouter-deepseek-v3-009,agent-openrouter-deepseek-v3-006",5,1,1,0.6260504201680672
pretrain,bbh_1061,"agent-openrouter-deepseek-v3-006,agent-openrouter-deepseek-v3-009,agent-openrouter-deepseek-v3-007,agent-openrouter-deepseek-v3-006",4,1,1,0.6276150627615062
pretrain,bbh_1044,"agent-openrouter-deepseek-v3-008,agent-openrouter-deepseek-v3-006,agent-openrouter-deepseek-v3-007,agent-openrouter-deepseek-v3-008",4,1,1,0.6291666666666667
pretrain,bbh_1170,"agent-openrouter-deepseek-v3-006,agent-openrouter-deepseek-v3-008,agent-openrouter-deepseek-v3-007",3,1,1,0.6307053941908713
pretrain,bbh_1039,"agent-openrouter-deepseek-v3-008,agent-openrouter-deepseek-v3-006,agent-openrouter-deepseek-v3-007",3,1,1,0.6322314049586777
pretrain,bbh_1054,"agent-openrouter-deepseek-v3-008,agent-openrouter-deepseek-v3-007,agent-openrouter-deepseek-v3-009,agent-openrouter-deepseek-v3-008",4,1,1,0.6337448559670782
pretrain,bbh_1112,"agent-openrouter-deepseek-v3-008,agent-openrouter-deepseek-v3-006,agent-openrouter-deepseek-v3-007,agent-openrouter-deepseek-v3-008",4,1,1,0.6352459016393442
pretrain,bbh_1124,"agent-openrouter-deepseek-v3-008,agent-openrouter-deepseek-v3-006,agent-openrouter-deepseek-v3-009,agent-openrouter-deepseek-v3-008",4,1,1,0.636734693877551
pretrain,bbh_1184,"agent-openrouter-deepseek-v3-009,agent-openrouter-deepseek-v3-006,agent-openrouter-deepseek-v3-008,agent-openrouter-deepseek-v3-007",4,1,1,0.6382113821138211
pretrain,bbh_1133,"agent-openrouter-deepseek-v3-009,agent-openrouter-deepseek-v3-006,agent-openrouter-deepseek-v3-008,agent-openrouter-deepseek-v3-009",4,1,1,0.6396761133603239
pretrain,bbh_986,"agent-openrouter-deepseek-v3-008,agent-openrouter-deepseek-v3-009,agent-openrouter-deepseek-v3-006,agent-openrouter-deepseek-v3-008,agent-openrouter-deepseek-v3-008",5,1,1,0.6411290322580645
pretrain,bbh_937,"agent-openrouter-deepseek-v3-008,agent-openrouter-deepseek-v3-007,agent-openrouter-deepseek-v3-006,agent-openrouter-deepseek-v3-008,agent-openrouter-deepseek-v3-008",5,0,1,0.6385542168674698
pretrain,bbh_1108,"agent-openrouter-deepseek-v3-008,agent-openrouter-deepseek-v3-006,agent-openrouter-deepseek-v3-009,agent-openrouter-deepseek-v3-008",4,1,1,0.64
pretrain,bbh_948,"agent-openrouter-deepseek-v3-009,agent-openrouter-deepseek-v3-006,agent-openrouter-deepseek-v3-008,agent-openrouter-deepseek-v3-006",4,1,1,0.6414342629482072
pretrain,bbh_1048,"agent-openrouter-deepseek-v3-008,agent-openrouter-deepseek-v3-006,agent-openrouter-deepseek-v3-007,agent-openrouter-deepseek-v3-008",4,0,1,0.6388888888888888
pretrain,bbh_1127,"agent-openrouter-deepseek-v3-008,agent-openrouter-deepseek-v3-006,agent-openrouter-deepseek-v3-009,agent-openrouter-deepseek-v3-008",4,1,1,0.6403162055335968
pretrain,bbh_1119,"agent-openrouter-deepseek-v3-007,agent-openrouter-deepseek-v3-008,agent-openrouter-deepseek-v3-006,agent-openrouter-deepseek-v3-008",4,1,1,0.6417322834645669
pretrain,bbh_1110,"agent-openrouter-deepseek-v3-008,agent-openrouter-deepseek-v3-009,agent-openrouter-deepseek-v3-007,agent-openrouter-deepseek-v3-008,agent-openrouter-deepseek-v3-008",5,1,1,0.6431372549019608
pretrain,bbh_1150,"agent-openrouter-deepseek-v3-009,agent-openrouter-deepseek-v3-008,agent-openrouter-deepseek-v3-006",3,1,1,0.64453125
pretrain,bbh_1153,"agent-openrouter-deepseek-v3-009,agent-openrouter-deepseek-v3-008,agent-openrouter-deepseek-v3-007",3,1,1,0.6459143968871596
pretrain,bbh_940,"agent-openrouter-deepseek-v3-008,agent-openrouter-deepseek-v3-007,agent-openrouter-deepseek-v3-006",3,1,1,0.6472868217054264
pretrain,bbh_1117,"agent-openrouter-deepseek-v3-009,agent-openrouter-deepseek-v3-006,agent-openrouter-deepseek-v3-008,agent-openrouter-deepseek-v3-007",4,1,1,0.6486486486486487
pretrain,bbh_938,"agent-openrouter-deepseek-v3-006,agent-openrouter-deepseek-v3-009,agent-openrouter-deepseek-v3-008,agent-openrouter-deepseek-v3-009",4,1,1,0.65
pretrain,bbh_959,"agent-openrouter-deepseek-v3-009,agent-openrouter-deepseek-v3-006,agent-openrouter-deepseek-v3-008,agent-openrouter-deepseek-v3-009,agent-openrouter-deepseek-v3-006",5,1,1,0.6513409961685823
pretrain,bbh_1155,"agent-openrouter-deepseek-v3-006,agent-openrouter-deepseek-v3-009,agent-openrouter-deepseek-v3-008,agent-openrouter-deepseek-v3-007",4,1,1,0.6526717557251909
pretrain,bbh_1143,"agent-openrouter-deepseek-v3-008,agent-openrouter-deepseek-v3-007,agent-openrouter-deepseek-v3-009,agent-openrouter-deepseek-v3-008",4,1,1,0.6539923954372624
pretrain,bbh_988,"agent-openrouter-deepseek-v3-009,agent-openrouter-deepseek-v3-006,agent-openrouter-deepseek-v3-008,agent-openrouter-deepseek-v3-006",4,1,1,0.6553030303030303
pretrain,bbh_964,"agent-openrouter-deepseek-v3-006,agent-openrouter-deepseek-v3-009,agent-openrouter-deepseek-v3-008,agent-openrouter-deepseek-v3-007",4,1,1,0.6566037735849056
pretrain,bbh_1056,"agent-openrouter-deepseek-v3-009,agent-openrouter-deepseek-v3-006,agent-openrouter-deepseek-v3-007,agent-openrouter-deepseek-v3-006",4,1,1,0.6578947368421053
pretrain,bbh_1002,"agent-openrouter-deepseek-v3-008,agent-openrouter-deepseek-v3-009,agent-openrouter-deepseek-v3-007",3,1,1,0.6591760299625468
pretrain,bbh_1059,"agent-openrouter-deepseek-v3-008,agent-openrouter-deepseek-v3-006,agent-openrouter-deepseek-v3-007,agent-openrouter-deepseek-v3-008,agent-openrouter-deepseek-v3-008",5,1,1,0.6604477611940298
pretrain,bbh_1003,"agent-openrouter-deepseek-v3-006,agent-openrouter-deepseek-v3-009,agent-openrouter-deepseek-v3-008,agent-openrouter-deepseek-v3-009,agent-openrouter-deepseek-v3-007",5,1,1,0.6617100371747212
pretrain,bbh_1171,"agent-openrouter-deepseek-v3-008,agent-openrouter-deepseek-v3-007,agent-openrouter-deepseek-v3-009,agent-openrouter-deepseek-v3-008",4,1,1,0.662962962962963
pretrain,bbh_1136,"agent-openrouter-deepseek-v3-008,agent-openrouter-deepseek-v3-009,agent-openrouter-deepseek-v3-007,agent-openrouter-deepseek-v3-008",4,1,1,0.6642066420664207
pretrain,bbh_1047,"agent-openrouter-deepseek-v3-006,agent-openrouter-deepseek-v3-008,agent-openrouter-deepseek-v3-009,agent-openrouter-deepseek-v3-008",4,1,1,0.6654411764705882
pretrain,bbh_1148,"agent-openrouter-deepseek-v3-008,agent-openrouter-deepseek-v3-006,agent-openrouter-deepseek-v3-009,agent-openrouter-deepseek-v3-008",4,1,1,0.6666666666666666
pretrain,bbh_944,"agent-openrouter-deepseek-v3-008,agent-openrouter-deepseek-v3-007,agent-openrouter-deepseek-v3-006,agent-openrouter-deepseek-v3-008",4,1,1,0.6678832116788321
pretrain,bbh_1012,"agent-openrouter-deepseek-v3-008,agent-openrouter-deepseek-v3-009,agent-openrouter-deepseek-v3-006,agent-openrouter-deepseek-v3-008",4,1,1,0.6690909090909091
pretrain,bbh_1080,"agent-openrouter-deepseek-v3-008,agent-openrouter-deepseek-v3-006,agent-openrouter-deepseek-v3-007,agent-openrouter-deepseek-v3-008",4,1,1,0.6702898550724637
pretrain,bbh_1121,"agent-openrouter-deepseek-v3-007,agent-openrouter-deepseek-v3-008,agent-openrouter-deepseek-v3-006,agent-openrouter-deepseek-v3-008",4,1,1,0.6714801444043321
pretrain,bbh_1182,"agent-openrouter-deepseek-v3-008,agent-openrouter-deepseek-v3-007,agent-openrouter-deepseek-v3-009,agent-openrouter-deepseek-v3-008,agent-openrouter-deepseek-v3-008,agent-openrouter-deepseek-v3-008",6,1,1,0.6726618705035972
pretrain,bbh_1008,"agent-openrouter-deepseek-v3-008,agent-openrouter-deepseek-v3-007,agent-openrouter-deepseek-v3-006",3,1,1,0.6738351254480287
pretrain,bbh_1011,"agent-openrouter-deepseek-v3-009,agent-openrouter-deepseek-v3-006,agent-openrouter-deepseek-v3-008,agent-openrouter-deepseek-v3-007",4,1,1,0.675
pretrain,bbh_24,"agent-openrouter-deepseek-v3-008,agent-openrouter-deepseek-v3-007,agent-openrouter-deepseek-v3-009,agent-openrouter-deepseek-v3-008,agent-openrouter-deepseek-v3-008",5,1,1,0.6761565836298933
pretrain,bbh_123,"agent-openrouter-deepseek-v3-008,agent-openrouter-deepseek-v3-007,agent-openrouter-deepseek-v3-009,agent-openrouter-deepseek-v3-008",4,1,1,0.6773049645390071
pretrain,bbh_185,"agent-openrouter-deepseek-v3-008,agent-openrouter-deepseek-v3-007,agent-openrouter-deepseek-v3-009,agent-openrouter-deepseek-v3-008",4,1,1,0.6784452296819788
pretrain,bbh_42,"agent-openrouter-deepseek-v3-008,agent-openrouter-deepseek-v3-007,agent-openrouter-deepseek-v3-010,agent-openrouter-deepseek-v3-008,agent-openrouter-deepseek-v3-008",5,1,1,0.6795774647887324
pretrain,bbh_33,"agent-openrouter-deepseek-v3-008,agent-openrouter-deepseek-v3-007,agent-openrouter-deepseek-v3-010,agent-openrouter-deepseek-v3-008,agent-openrouter-deepseek-v3-008,agent-openrouter-deepseek-v3-008",6,1,1,0.6807017543859649
pretrain,bbh_105,"agent-openrouter-deepseek-v3-008,agent-openrouter-deepseek-v3-007,agent-openrouter-deepseek-v3-009,agent-openrouter-deepseek-v3-008,agent-openrouter-deepseek-v3-008,agent-openrouter-deepseek-v3-008",6,1,1,0.6818181818181818
pretrain,bbh_113,"agent-openrouter-deepseek-v3-007,agent-openrouter-deepseek-v3-008,agent-openrouter-deepseek-v3-009,agent-openrouter-deepseek-v3-010,agent-openrouter-deepseek-v3-007,agent-openrouter-deepseek-v3-008",6,1,1,0.6829268292682927
pretrain,bbh_210,"agent-openrouter-deepseek-v3-007,agent-openrouter-deepseek-v3-008,agent-openrouter-deepseek-v3-009,agent-openrouter-deepseek-v3-008",4,1,1,0.6840277777777778
pretrain,bbh_52,"agent-openrouter-deepseek-v3-008,agent-openrouter-deepseek-v3-007,agent-openrouter-deepseek-v3-009,agent-openrouter-deepseek-v3-008,agent-openrouter-deepseek-v3-008",5,1,1,0.6851211072664359
pretrain,bbh_222,"agent-openrouter-deepseek-v3-008,agent-openrouter-deepseek-v3-007,agent-openrouter-deepseek-v3-009,agent-openrouter-deepseek-v3-008",4,1,1,0.6862068965517242
pretrain,bbh_247,"agent-openrouter-deepseek-v3-008,agent-openrouter-deepseek-v3-007,agent-openrouter-deepseek-v3-009",3,1,1,0.6872852233676976
pretrain,bbh_230,"agent-openrouter-deepseek-v3-008,agent-openrouter-deepseek-v3-007,agent-openrouter-deepseek-v3-010,agent-openrouter-deepseek-v3-008",4,1,1,0.6883561643835616
pretrain,bbh_29,"agent-openrouter-deepseek-v3-008,agent-openrouter-deepseek-v3-007,agent-openrouter-deepseek-v3-009",3,1,1,0.689419795221843
pretrain,bbh_60,"agent-openrouter-deepseek-v3-008,agent-openrouter-deepseek-v3-007,agent-openrouter-deepseek-v3-010,agent-openrouter-deepseek-v3-007,agent-openrouter-deepseek-v3-007",5,1,1,0.6904761904761905
pretrain,bbh_1,"agent-openrouter-deepseek-v3-008,agent-openrouter-deepseek-v3-007,agent-openrouter-deepseek-v3-009,agent-openrouter-deepseek-v3-007,agent-openrouter-deepseek-v3-007",5,1,1,0.6915254237288135
pretrain,bbh_2,"agent-openrouter-deepseek-v3-008,agent-openrouter-deepseek-v3-007,agent-openrouter-deepseek-v3-009,agent-openrouter-deepseek-v3-008,agent-openrouter-deepseek-v3-008",5,1,1,0.6925675675675675
pretrain,bbh_27,"agent-openrouter-deepseek-v3-008,agent-openrouter-deepseek-v3-007,agent-openrouter-deepseek-v3-009,agent-openrouter-deepseek-v3-008,agent-openrouter-deepseek-v3-008",5,1,1,0.6936026936026936
pretrain,bbh_177,"agent-openrouter-deepseek-v3-008,agent-openrouter-deepseek-v3-007,agent-openrouter-deepseek-v3-009,agent-openrouter-deepseek-v3-008,agent-openrouter-deepseek-v3-008",5,0,1,0.6912751677852349
pretrain,bbh_53,"agent-openrouter-deepseek-v3-008,agent-openrouter-deepseek-v3-007,agent-openrouter-deepseek-v3-009,agent-openrouter-deepseek-v3-008,agent-openrouter-deepseek-v3-008",5,1,1,0.6923076923076923
pretrain,bbh_41,"agent-openrouter-deepseek-v3-008,agent-openrouter-deepseek-v3-007,agent-openrouter-deepseek-v3-009,agent-openrouter-deepseek-v3-007,agent-openrouter-deepseek-v3-008,agent-openrouter-deepseek-v3-008",6,1,1,0.6933333333333334
test,bbh_37,"agent-openrouter-deepseek-v3-008,agent-openrouter-deepseek-v3-007,agent-openrouter-deepseek-v3-009,agent-openrouter-deepseek-v3-008",4,1,1,1.0
test,bbh_128,"agent-openrouter-deepseek-v3-008,agent-openrouter-deepseek-v3-007,agent-openrouter-deepseek-v3-009,agent-openrouter-deepseek-v3-008,agent-openrouter-deepseek-v3-008",5,1,1,1.0
test,bbh_38,"agent-openrouter-deepseek-v3-008,agent-openrouter-deepseek-v3-007,agent-openrouter-deepseek-v3-009,agent-openrouter-deepseek-v3-007,agent-openrouter-deepseek-v3-007,agent-openrouter-deepseek-v3-010,agent-openrouter-deepseek-v3-007",7,1,1,1.0
test,bbh_227,"agent-openrouter-deepseek-v3-008,agent-openrouter-deepseek-v3-007,agent-openrouter-deepseek-v3-009,agent-openrouter-deepseek-v3-007,agent-openrouter-deepseek-v3-008",5,0,1,0.75
test,bbh_190,"agent-openrouter-deepseek-v3-008,agent-openrouter-deepseek-v3-007,agent-openrouter-deepseek-v3-010,agent-openrouter-deepseek-v3-008",4,1,1,0.8
test,bbh_76,"agent-openrouter-deepseek-v3-008,agent-openrouter-deepseek-v3-007,agent-openrouter-deepseek-v3-009,agent-openrouter-deepseek-v3-008,agent-openrouter-deepseek-v3-008,agent-openrouter-deepseek-v3-008",6,1,1,0.8333333333333334
test,bbh_104,"agent-openrouter-deepseek-v3-008,agent-openrouter-deepseek-v3-007,agent-openrouter-deepseek-v3-009",3,1,1,0.8571428571428571
test,bbh_71,"agent-openrouter-deepseek-v3-008,agent-openrouter-deepseek-v3-007,agent-openrouter-deepseek-v3-009",3,1,1,0.875
test,bbh_25,"agent-openrouter-deepseek-v3-008,agent-openrouter-deepseek-v3-007,agent-openrouter-deepseek-v3-009,agent-openrouter-deepseek-v3-008,agent-openrouter-deepseek-v3-008,agent-openrouter-deepseek-v3-008",6,1,1,0.8888888888888888
test,bbh_6,"agent-openrouter-deepseek-v3-008,agent-openrouter-deepseek-v3-007,agent-openrouter-deepseek-v3-010,agent-openrouter-deepseek-v3-008",4,1,1,0.9
test,bbh_229,"agent-openrouter-deepseek-v3-008,agent-openrouter-deepseek-v3-007,agent-openrouter-deepseek-v3-010,agent-openrouter-deepseek-v3-008",4,0,1,0.8181818181818182
test,bbh_176,"agent-openrouter-deepseek-v3-008,agent-openrouter-deepseek-v3-007,agent-openrouter-deepseek-v3-010,agent-openrouter-deepseek-v3-008",4,1,1,0.8333333333333334
test,bbh_32,"agent-openrouter-deepseek-v3-008,agent-openrouter-deepseek-v3-009,agent-openrouter-deepseek-v3-007,agent-openrouter-deepseek-v3-008",4,1,1,0.8461538461538461
test,bbh_66,"agent-openrouter-deepseek-v3-008,agent-openrouter-deepseek-v3-007,agent-openrouter-deepseek-v3-009,agent-openrouter-deepseek-v3-008",4,1,1,0.8571428571428571
test,bbh_182,"agent-openrouter-deepseek-v3-008,agent-openrouter-deepseek-v3-007,agent-openrouter-deepseek-v3-009,agent-openrouter-deepseek-v3-008,agent-openrouter-deepseek-v3-008",5,1,1,0.8666666666666667
test,bbh_166,"agent-openrouter-deepseek-v3-008,agent-openrouter-deepseek-v3-007,agent-openrouter-deepseek-v3-009,agent-openrouter-deepseek-v3-008,agent-openrouter-deepseek-v3-008,agent-openrouter-deepseek-v3-008",6,1,1,0.875
test,bbh_89,"agent-openrouter-deepseek-v3-008,agent-openrouter-deepseek-v3-007,agent-openrouter-deepseek-v3-009,agent-openrouter-deepseek-v3-008,agent-openrouter-deepseek-v3-008",5,1,1,0.8823529411764706
test,bbh_233,"agent-openrouter-deepseek-v3-008,agent-openrouter-deepseek-v3-007,agent-openrouter-deepseek-v3-009",3,1,1,0.8888888888888888
test,bbh_174,"agent-openrouter-deepseek-v3-008,agent-openrouter-deepseek-v3-007,agent-openrouter-deepseek-v3-009,agent-openrouter-deepseek-v3-008,agent-openrouter-deepseek-v3-008",5,1,1,0.8947368421052632
test,bbh_70,"agent-openrouter-deepseek-v3-008,agent-openrouter-deepseek-v3-007,agent-openrouter-deepseek-v3-009,agent-openrouter-deepseek-v3-008,agent-openrouter-deepseek-v3-008",5,1,1,0.9
test,bbh_195,"agent-openrouter-deepseek-v3-008,agent-openrouter-deepseek-v3-007,agent-openrouter-deepseek-v3-009,agent-openrouter-deepseek-v3-008,agent-openrouter-deepseek-v3-008",5,1,1,0.9047619047619048
test,bbh_22,"agent-openrouter-deepseek-v3-008,agent-openrouter-deepseek-v3-007,agent-openrouter-deepseek-v3-010,agent-openrouter-deepseek-v3-008",4,1,1,0.9090909090909091
test,bbh_246,"agent-openrouter-deepseek-v3-008,agent-openrouter-deepseek-v3-007,agent-openrouter-deepseek-v3-009",3,1,1,0.9130434782608695
test,bbh_43,"agent-openrouter-deepseek-v3-008,agent-openrouter-deepseek-v3-007,agent-openrouter-deepseek-v3-009,agent-openrouter-deepseek-v3-008,agent-openrouter-deepseek-v3-008",5,1,1,0.9166666666666666
test,bbh_172,"agent-openrouter-deepseek-v3-008,agent-openrouter-deepseek-v3-007,agent-openrouter-deepseek-v3-010,agent-openrouter-deepseek-v3-008,agent-openrouter-deepseek-v3-008,agent-openrouter-deepseek-v3-008",6,0,1,0.88
test,bbh_226,"agent-openrouter-deepseek-v3-008,agent-openrouter-deepseek-v3-007,agent-openrouter-deepseek-v3-009",3,1,1,0.8846153846153846
test,bbh_59,"agent-openrouter-deepseek-v3-008,agent-openrouter-deepseek-v3-007,agent-openrouter-deepseek-v3-009,agent-openrouter-deepseek-v3-008,agent-openrouter-deepseek-v3-008",5,1,1,0.8888888888888888
test,bbh_193,"agent-openrouter-deepseek-v3-008,agent-openrouter-deepseek-v3-007,agent-openrouter-deepseek-v3-009",3,1,1,0.8928571428571429
test,bbh_58,"agent-openrouter-deepseek-v3-008,agent-openrouter-deepseek-v3-007,agent-openrouter-deepseek-v3-010,agent-openrouter-deepseek-v3-008",4,1,1,0.896551724137931
test,bbh_153,"agent-openrouter-deepseek-v3-008,agent-openrouter-deepseek-v3-007,agent-openrouter-deepseek-v3-009",3,1,1,0.9
test,bbh_124,"agent-openrouter-deepseek-v3-008,agent-openrouter-deepseek-v3-007,agent-openrouter-deepseek-v3-010,agent-openrouter-deepseek-v3-008,agent-openrouter-deepseek-v3-008",5,1,1,0.9032258064516129
test,bbh_237,"agent-openrouter-deepseek-v3-008,agent-openrouter-deepseek-v3-007,agent-openrouter-deepseek-v3-009",3,1,1,0.90625
test,bbh_154,"agent-openrouter-deepseek-v3-008,agent-openrouter-deepseek-v3-007,agent-openrouter-deepseek-v3-010,agent-openrouter-deepseek-v3-008,agent-openrouter-deepseek-v3-008,agent-openrouter-deepseek-v3-008",6,1,1,0.9090909090909091
test,bbh_238,"agent-openrouter-deepseek-v3-008,agent-openrouter-deepseek-v3-007,agent-openrouter-deepseek-v3-009,agent-openrouter-deepseek-v3-007,agent-openrouter-deepseek-v3-007",5,1,1,0.9117647058823529
test,bbh_119,"agent-openrouter-deepseek-v3-008,agent-openrouter-deepseek-v3-007,agent-openrouter-deepseek-v3-009,agent-openrouter-deepseek-v3-008",4,1,1,0.9142857142857143
test,bbh_97,"agent-openrouter-deepseek-v3-008,agent-openrouter-deepseek-v3-007,agent-openrouter-deepseek-v3-010,agent-openrouter-deepseek-v3-008,agent-openrouter-deepseek-v3-008,agent-openrouter-deepseek-v3-008",6,1,1,0.9166666666666666
test,bbh_39,"agent-openrouter-deepseek-v3-008,agent-openrouter-deepseek-v3-007,agent-openrouter-deepseek-v3-009,agent-openrouter-deepseek-v3-008",4,1,1,0.918918918918919
test,bbh_13,"agent-openrouter-deepseek-v3-008,agent-openrouter-deepseek-v3-007,agent-openrouter-deepseek-v3-009,agent-openrouter-deepseek-v3-008,agent-openrouter-deepseek-v3-008,agent-openrouter-deepseek-v3-008",6,1,1,0.9210526315789473
test,bbh_242,"agent-openrouter-deepseek-v3-007,agent-openrouter-deepseek-v3-008,agent-openrouter-deepseek-v3-010,agent-openrouter-deepseek-v3-008",4,1,1,0.9230769230769231
test,bbh_114,"agent-openrouter-deepseek-v3-008,agent-openrouter-deepseek-v3-007,agent-openrouter-deepseek-v3-009,agent-openrouter-deepseek-v3-008,agent-openrouter-deepseek-v3-008",5,1,1,0.925
test,bbh_250,"agent-openrouter-deepseek-v3-009,agent-openrouter-deepseek-v3-008,agent-openrouter-deepseek-v3-007,agent-openrouter-deepseek-v3-008,agent-openrouter-deepseek-v3-008,agent-openrouter-deepseek-v3-008,agent-openrouter-deepseek-v3-009",7,0,1,0.9024390243902439
test,bbh_426,"agent-openrouter-deepseek-v3-009,agent-openrouter-deepseek-v3-008,agent-openrouter-deepseek-v3-007,agent-openrouter-deepseek-v3-008,agent-openrouter-deepseek-v3-009,agent-openrouter-deepseek-v3-009,agent-openrouter-deepseek-v3-009,agent-openrouter-deepseek-v3-008",8,0,1,0.8809523809523809
test,bbh_372,"agent-openrouter-deepseek-v3-007,agent-openrouter-deepseek-v3-008,agent-openrouter-deepseek-v3-009,agent-openrouter-deepseek-v3-007,agent-openrouter-deepseek-v3-007,agent-openrouter-deepseek-v3-008",6,0,1,0.8604651162790697
test,bbh_397,"agent-openrouter-deepseek-v3-006,agent-openrouter-deepseek-v3-007,agent-openrouter-deepseek-v3-009,agent-openrouter-deepseek-v3-007,agent-openrouter-deepseek-v3-008",5,0,1,0.8409090909090909
test,bbh_383,"agent-openrouter-deepseek-v3-009,agent-openrouter-deepseek-v3-007,agent-openrouter-deepseek-v3-006,agent-openrouter-deepseek-v3-007,agent-openrouter-deepseek-v3-009,agent-openrouter-deepseek-v3-009",6,1,1,0.8444444444444444
test,bbh_371,"agent-openrouter-deepseek-v3-008,agent-openrouter-deepseek-v3-009,agent-openrouter-deepseek-v3-007",3,1,1,0.8478260869565217
test,bbh_364,"agent-openrouter-deepseek-v3-008,agent-openrouter-deepseek-v3-007,agent-openrouter-deepseek-v3-006,agent-openrouter-deepseek-v3-008,agent-openrouter-deepseek-v3-008,agent-openrouter-deepseek-v3-008,agent-openrouter-deepseek-v3-008",7,1,1,0.851063829787234
test,bbh_279,"agent-openrouter-deepseek-v3-006,agent-openrouter-deepseek-v3-009,agent-openrouter-deepseek-v3-007,agent-openrouter-deepseek-v3-009,agent-openrouter-deepseek-v3-009",5,0,1,0.8333333333333334
test,bbh_412,"agent-openrouter-deepseek-v3-008,agent-openrouter-deepseek-v3-009,agent-openrouter-deepseek-v3-006,agent-openrouter-deepseek-v3-008,agent-openrouter-deepseek-v3-008,agent-openrouter-deepseek-v3-008",6,1,1,0.8367346938775511
test,bbh_355,"agent-openrouter-deepseek-v3-008,agent-openrouter-deepseek-v3-007,agent-openrouter-deepseek-v3-009,agent-openrouter-deepseek-v3-008,agent-openrouter-deepseek-v3-008,agent-openrouter-deepseek-v3-008",6,1,1,0.84
test,bbh_255,"agent-openrouter-deepseek-v3-008,agent-openrouter-deepseek-v3-009,agent-openrouter-deepseek-v3-007,agent-openrouter-deepseek-v3-008,agent-openrouter-deepseek-v3-008",5,1,1,0.8431372549019608
test,bbh_272,"agent-openrouter-deepseek-v3-007,agent-openrouter-deepseek-v3-008,agent-openrouter-deepseek-v3-009,agent-openrouter-deepseek-v3-008,agent-openrouter-deepseek-v3-008",5,0,1,0.8269230769230769
test,bbh_288,"agent-openrouter-deepseek-v3-010,agent-openrouter-deepseek-v3-007,agent-openrouter-deepseek-v3-008,agent-openrouter-deepseek-v3-010,agent-openrouter-deepseek-v3-007",5,1,1,0.8301886792452831
test,bbh_259,"agent-openrouter-deepseek-v3-006,agent-openrouter-deepseek-v3-008,agent-openrouter-deepseek-v3-007,agent-openrouter-deepseek-v3-006,agent-openrouter-deepseek-v3-009,agent-openrouter-deepseek-v3-008",6,1,1,0.8333333333333334
test,bbh_361,"agent-openrouter-deepseek-v3-008,agent-openrouter-deepseek-v3-007,agent-openrouter-deepseek-v3-009,agent-openrouter-deepseek-v3-008,agent-openrouter-deepseek-v3-008,agent-openrouter-deepseek-v3-008",6,0,1,0.8181818181818182
test,bbh_423,"agent-openrouter-deepseek-v3-007,agent-openrouter-deepseek-v3-008,agent-openrouter-deepseek-v3-006,agent-openrouter-deepseek-v3-008,agent-openrouter-deepseek-v3-008,agent-openrouter-deepseek-v3-008",6,0,1,0.8035714285714286
test,bbh_351,"agent-openrouter-deepseek-v3-008,agent-openrouter-deepseek-v3-006,agent-openrouter-deepseek-v3-007",3,0,1,0.7894736842105263
test,bbh_395,"agent-openrouter-deepseek-v3-007,agent-openrouter-deepseek-v3-009,agent-openrouter-deepseek-v3-008,agent-openrouter-deepseek-v3-007,agent-openrouter-deepseek-v3-009",5,1,1,0.7931034482758621
test,bbh_416,"agent-openrouter-deepseek-v3-007,agent-openrouter-deepseek-v3-009,agent-openrouter-deepseek-v3-008,agent-openrouter-deepseek-v3-009,agent-openrouter-deepseek-v3-007,agent-openrouter-deepseek-v3-009",6,1,1,0.7966101694915254
test,bbh_334,"agent-openrouter-deepseek-v3-006,agent-openrouter-deepseek-v3-008,agent-openrouter-deepseek-v3-007,agent-openrouter-deepseek-v3-006,agent-openrouter-deepseek-v3-008",5,0,1,0.7833333333333333
test,bbh_340,"agent-openrouter-deepseek-v3-006,agent-openrouter-deepseek-v3-009,agent-openrouter-deepseek-v3-008,agent-openrouter-deepseek-v3-007",4,0,1,0.7704918032786885
test,bbh_316,"agent-openrouter-deepseek-v3-006,agent-openrouter-deepseek-v3-008,agent-openrouter-deepseek-v3-009,agent-openrouter-deepseek-v3-008,agent-openrouter-deepseek-v3-008,agent-openrouter-deepseek-v3-008",6,0,1,0.7580645161290323
test,bbh_329,"agent-openrouter-deepseek-v3-009,agent-openrouter-deepseek-v3-008,agent-openrouter-deepseek-v3-007,agent-openrouter-deepseek-v3-008,agent-openrouter-deepseek-v3-008,agent-openrouter-deepseek-v3-008,agent-openrouter-deepseek-v3-008",7,0,1,0.746031746031746
test,bbh_337,"agent-openrouter-deepseek-v3-006,agent-openrouter-deepseek-v3-009,agent-openrouter-deepseek-v3-007,agent-openrouter-deepseek-v3-006,agent-openrouter-deepseek-v3-009,agent-openrouter-deepseek-v3-009",6,1,1,0.75
test,bbh_349,"agent-openrouter-deepseek-v3-009,agent-openrouter-deepseek-v3-008,agent-openrouter-deepseek-v3-007,agent-openrouter-deepseek-v3-008,agent-openrouter-deepseek-v3-008",5,1,1,0.7538461538461538
test,bbh_269,"agent-openrouter-deepseek-v3-007,agent-openrouter-deepseek-v3-008,agent-openrouter-deepseek-v3-009,agent-openrouter-deepseek-v3-008,agent-openrouter-deepseek-v3-008,agent-openrouter-deepseek-v3-008,agent-openrouter-deepseek-v3-008",7,1,1,0.7575757575757576
test,bbh_350,"agent-openrouter-deepseek-v3-007,agent-openrouter-deepseek-v3-006,agent-openrouter-deepseek-v3-008,agent-openrouter-deepseek-v3-006,agent-openrouter-deepseek-v3-006,agent-openrouter-deepseek-v3-006",6,1,1,0.7611940298507462
test,bbh_418,"agent-openrouter-deepseek-v3-009,agent-openrouter-deepseek-v3-008,agent-openrouter-deepseek-v3-007,agent-openrouter-deepseek-v3-008,agent-openrouter-deepseek-v3-009,agent-openrouter-deepseek-v3-009",6,1,1,0.7647058823529411
test,bbh_414,"agent-openrouter-deepseek-v3-008,agent-openrouter-deepseek-v3-007,agent-openrouter-deepseek-v3-009,agent-openrouter-deepseek-v3-008,agent-openrouter-deepseek-v3-008,agent-openrouter-deepseek-v3-008",6,1,1,0.7681159420289855
test,bbh_381,"agent-openrouter-deepseek-v3-009,agent-openrouter-deepseek-v3-007,agent-openrouter-deepseek-v3-008,agent-openrouter-deepseek-v3-009,agent-openrouter-deepseek-v3-009",5,1,1,0.7714285714285715
test,bbh_344,"agent-openrouter-deepseek-v3-008,agent-openrouter-deepseek-v3-007,agent-openrouter-deepseek-v3-009",3,1,1,0.7746478873239436
test,bbh_271,"agent-openrouter-deepseek-v3-007,agent-openrouter-deepseek-v3-008,agent-openrouter-deepseek-v3-009,agent-openrouter-deepseek-v3-008,agent-openrouter-deepseek-v3-008",5,1,1,0.7777777777777778
test,bbh_407,"agent-openrouter-deepseek-v3-006,agent-openrouter-deepseek-v3-008,agent-openrouter-deepseek-v3-007,agent-openrouter-deepseek-v3-006,agent-openrouter-deepseek-v3-009,agent-openrouter-deepseek-v3-008",6,1,1,0.7808219178082192
test,bbh_325,"agent-openrouter-deepseek-v3-007,agent-openrouter-deepseek-v3-009,agent-openrouter-deepseek-v3-008,agent-openrouter-deepseek-v3-009,agent-openrouter-deepseek-v3-007,agent-openrouter-deepseek-v3-009",6,0,1,0.7702702702702703
test,bbh_374,"agent-openrouter-deepseek-v3-009,agent-openrouter-deepseek-v3-007,agent-openrouter-deepseek-v3-008,agent-openrouter-deepseek-v3-009,agent-openrouter-deepseek-v3-009",5,0,1,0.76
test,bbh_331,"agent-openrouter-deepseek-v3-007,agent-openrouter-deepseek-v3-009,agent-openrouter-deepseek-v3-008,agent-openrouter-deepseek-v3-007,agent-openrouter-deepseek-v3-009",5,0,1,0.75
test,bbh_388,"agent-openrouter-deepseek-v3-006,agent-openrouter-deepseek-v3-008,agent-openrouter-deepseek-v3-007,agent-openrouter-deepseek-v3-006,agent-openrouter-deepseek-v3-006",5,0,1,0.7402597402597403
test,bbh_267,"agent-openrouter-deepseek-v3-007,agent-openrouter-deepseek-v3-009,agent-openrouter-deepseek-v3-008,agent-openrouter-deepseek-v3-007,agent-openrouter-deepseek-v3-007,agent-openrouter-deepseek-v3-008",6,1,1,0.7435897435897436
test,bbh_362,"agent-openrouter-deepseek-v3-007,agent-openrouter-deepseek-v3-006,agent-openrouter-deepseek-v3-008,agent-openrouter-deepseek-v3-006",4,1,1,0.7468354430379747
test,bbh_278,"agent-openrouter-deepseek-v3-010,agent-openrouter-deepseek-v3-007,agent-openrouter-deepseek-v3-009,agent-openrouter-deepseek-v3-007,agent-openrouter-deepseek-v3-009",5,1,1,0.75
test,bbh_406,"agent-openrouter-deepseek-v3-007,agent-openrouter-deepseek-v3-008,agent-openrouter-deepseek-v3-009,agent-openrouter-deepseek-v3-007,agent-openrouter-deepseek-v3-008,agent-openrouter-deepseek-v3-008",6,1,1,0.7530864197530864
test,bbh_335,"agent-openrouter-deepseek-v3-007,agent-openrouter-deepseek-v3-006,agent-openrouter-deepseek-v3-008,agent-openrouter-deepseek-v3-006,agent-openrouter-deepseek-v3-008",5,0,1,0.7439024390243902
test,bbh_254,"agent-openrouter-deepseek-v3-008,agent-openrouter-deepseek-v3-009,agent-openrouter-deepseek-v3-007,agent-openrouter-deepseek-v3-008,agent-openrouter-deepseek-v3-008,agent-openrouter-deepseek-v3-008",6,1,1,0.7469879518072289
test,bbh_359,"agent-openrouter-deepseek-v3-007,agent-openrouter-deepseek-v3-008,agent-openrouter-deepseek-v3-009,agent-openrouter-deepseek-v3-007,agent-openrouter-deepseek-v3-008",5,1,1,0.75
test,bbh_358,"agent-openrouter-deepseek-v3-007,agent-openrouter-deepseek-v3-008,agent-openrouter-deepseek-v3-009,agent-openrouter-deepseek-v3-007,agent-openrouter-deepseek-v3-007,agent-openrouter-deepseek-v3-007",6,1,1,0.7529411764705882
test,bbh_302,"agent-openrouter-deepseek-v3-009,agent-openrouter-deepseek-v3-007,agent-openrouter-deepseek-v3-008,agent-openrouter-deepseek-v3-007,agent-openrouter-deepseek-v3-009",5,0,1,0.7441860465116279
test,bbh_346,"agent-openrouter-deepseek-v3-010,agent-openrouter-deepseek-v3-009,agent-openrouter-deepseek-v3-008,agent-openrouter-deepseek-v3-010,agent-openrouter-deepseek-v3-008",5,1,1,0.7471264367816092
test,bbh_285,"agent-openrouter-deepseek-v3-008,agent-openrouter-deepseek-v3-009,agent-openrouter-deepseek-v3-007,agent-openrouter-deepseek-v3-008,agent-openrouter-deepseek-v3-008,agent-openrouter-deepseek-v3-008",6,1,1,0.75
test,bbh_404,"agent-openrouter-deepseek-v3-007,agent-openrouter-deepseek-v3-009,agent-openrouter-deepseek-v3-008,agent-openrouter-deepseek-v3-007,agent-openrouter-deepseek-v3-007,agent-openrouter-deepseek-v3-009",6,1,1,0.7528089887640449
test,bbh_253,"agent-openrouter-deepseek-v3-006,agent-openrouter-deepseek-v3-007,agent-openrouter-deepseek-v3-009,agent-openrouter-deepseek-v3-006,agent-openrouter-deepseek-v3-007,agent-openrouter-deepseek-v3-009",6,0,1,0.7444444444444445
test,bbh_380,"agent-openrouter-deepseek-v3-010,agent-openrouter-deepseek-v3-009,agent-openrouter-deepseek-v3-008,agent-openrouter-deepseek-v3-007",4,0,1,0.7362637362637363
test,bbh_370,"agent-openrouter-deepseek-v3-007,agent-openrouter-deepseek-v3-006,agent-openrouter-deepseek-v3-008",3,1,1,0.7391304347826086
test,bbh_305,"agent-openrouter-deepseek-v3-009,agent-openrouter-deepseek-v3-007,agent-openrouter-deepseek-v3-008,agent-openrouter-deepseek-v3-008",4,0,1,0.7311827956989247
test,bbh_275,"agent-openrouter-deepseek-v3-007,agent-openrouter-deepseek-v3-008,agent-openrouter-deepseek-v3-006,agent-openrouter-deepseek-v3-008,agent-openrouter-deepseek-v3-008",5,1,1,0.7340425531914894
test,bbh_298,"agent-openrouter-deepseek-v3-009,agent-openrouter-deepseek-v3-007,agent-openrouter-deepseek-v3-008,agent-openrouter-deepseek-v3-008,agent-openrouter-deepseek-v3-009,agent-openrouter-deepseek-v3-008",6,1,1,0.7368421052631579
test,bbh_403,"agent-openrouter-deepseek-v3-006,agent-openrouter-deepseek-v3-007,agent-openrouter-deepseek-v3-008,agent-openrouter-deepseek-v3-008,agent-openrouter-deepseek-v3-008",5,1,1,0.7395833333333334
test,bbh_427,"agent-openrouter-deepseek-v3-010,agent-openrouter-deepseek-v3-008,agent-openrouter-deepseek-v3-007,agent-openrouter-deepseek-v3-008",4,1,1,0.7422680412371134
test,bbh_363,"agent-openrouter-deepseek-v3-008,agent-openrouter-deepseek-v3-009,agent-openrouter-deepseek-v3-007,agent-openrouter-deepseek-v3-008,agent-openrouter-deepseek-v3-008",5,1,1,0.7448979591836735
test,bbh_376,"agent-openrouter-deepseek-v3-010,agent-openrouter-deepseek-v3-009,agent-openrouter-deepseek-v3-007,agent-openrouter-deepseek-v3-009,agent-openrouter-deepseek-v3-009,agent-openrouter-deepseek-v3-009",6,1,1,0.7474747474747475
test,bbh_258,"agent-openrouter-deepseek-v3-009,agent-openrouter-deepseek-v3-008,agent-openrouter-deepseek-v3-006,agent-openrouter-deepseek-v3-006,agent-openrouter-deepseek-v3-006,agent-openrouter-deepseek-v3-008",6,0,1,0.74
