phase,task_id,node_id,subtask_count,acc,ok,cum_acc
cold_start,medical_qa_228,agent-openrouter-deepseek-v3-0324-001,0,0,1,0.0
cold_start,medical_qa_51,agent-openrouter-deepseek-v3-0324-002,0,1,1,0.5
cold_start,medical_qa_563,agent-openrouter-deepseek-v3-0324-003,0,1,1,0.6666666666666666
cold_start,medical_qa_501,agent-openrouter-deepseek-v3-0324-004,0,0,1,0.5
cold_start,medical_qa_457,agent-openrouter-deepseek-v3-0324-005,0,0,1,0.4
cold_start,medical_qa_285,agent-openrouter-deepseek-v3-0324-001,0,0,1,0.3333333333333333
cold_start,medical_qa_209,agent-openrouter-deepseek-v3-0324-002,0,1,1,0.42857142857142855
cold_start,medical_qa_1116,agent-openrouter-deepseek-v3-0324-003,0,1,1,0.5
cold_start,medical_qa_178,agent-openrouter-deepseek-v3-0324-004,0,0,1,0.4444444444444444
cold_start,medical_qa_1209,agent-openrouter-deepseek-v3-0324-005,0,0,1,0.4
cold_start,medical_qa_864,agent-openrouter-deepseek-v3-0324-001,0,1,1,0.45454545454545453
cold_start,medical_qa_65,agent-openrouter-deepseek-v3-0324-002,0,1,1,0.5
cold_start,medical_qa_61,agent-openrouter-deepseek-v3-0324-003,0,1,1,0.5384615384615384
cold_start,medical_qa_191,agent-openrouter-deepseek-v3-0324-004,0,1,1,0.5714285714285714
cold_start,medical_qa_447,agent-openrouter-deepseek-v3-0324-005,0,0,1,0.5333333333333333
cold_start,medical_qa_476,agent-openrouter-deepseek-v3-0324-001,0,1,1,0.5625
cold_start,medical_qa_1034,agent-openrouter-deepseek-v3-0324-002,0,1,1,0.5882352941176471
cold_start,medical_qa_1232,agent-openrouter-deepseek-v3-0324-003,0,0,1,0.5555555555555556
cold_start,medical_qa_54,agent-openrouter-deepseek-v3-0324-004,0,1,1,0.5789473684210527
cold_start,medical_qa_1149,agent-openrouter-deepseek-v3-0324-005,0,1,1,0.6
cold_start,medical_qa_407,agent-openrouter-deepseek-v3-0324-001,0,1,1,0.6190476190476191
cold_start,medical_qa_1265,agent-openrouter-deepseek-v3-0324-002,0,0,1,0.5909090909090909
cold_start,medical_qa_859,agent-openrouter-deepseek-v3-0324-003,0,0,1,0.5652173913043478
cold_start,medical_qa_451,agent-openrouter-deepseek-v3-0324-004,0,1,1,0.5833333333333334
cold_start,medical_qa_919,agent-openrouter-deepseek-v3-0324-005,0,0,1,0.56
cold_start,medical_qa_1206,agent-openrouter-deepseek-v3-0324-001,0,0,1,0.5384615384615384
cold_start,medical_qa_569,agent-openrouter-deepseek-v3-0324-002,0,1,1,0.5555555555555556
cold_start,medical_qa_13,agent-openrouter-deepseek-v3-0324-003,0,0,1,0.5357142857142857
cold_start,medical_qa_326,agent-openrouter-deepseek-v3-0324-004,0,1,1,0.5517241379310345
cold_start,medical_qa_865,agent-openrouter-deepseek-v3-0324-005,0,1,1,0.5666666666666667
cold_start,medical_qa_696,agent-openrouter-deepseek-v3-0324-001,0,0,1,0.5483870967741935
cold_start,medical_qa_1246,agent-openrouter-deepseek-v3-0324-002,0,1,1,0.5625
cold_start,medical_qa_318,agent-openrouter-deepseek-v3-0324-003,0,1,1,0.5757575757575758
cold_start,medical_qa_440,agent-openrouter-deepseek-v3-0324-004,0,1,1,0.5882352941176471
cold_start,medical_qa_689,agent-openrouter-deepseek-v3-0324-005,0,0,1,0.5714285714285714
cold_start,medical_qa_1266,agent-openrouter-deepseek-v3-0324-001,0,1,1,0.5833333333333334
cold_start,medical_qa_189,agent-openrouter-deepseek-v3-0324-002,0,1,1,0.5945945945945946
cold_start,medical_qa_778,agent-openrouter-deepseek-v3-0324-003,0,0,1,0.5789473684210527
cold_start,medical_qa_198,agent-openrouter-deepseek-v3-0324-004,0,0,1,0.5641025641025641
cold_start,medical_qa_735,agent-openrouter-deepseek-v3-0324-005,0,0,1,0.55
cold_start,medical_qa_704,agent-openrouter-deepseek-v3-0324-001,0,0,1,0.5365853658536586
cold_start,medical_qa_541,agent-openrouter-deepseek-v3-0324-002,0,0,1,0.5238095238095238
cold_start,medical_qa_88,agent-openrouter-deepseek-v3-0324-003,0,1,1,0.5348837209302325
cold_start,medical_qa_940,agent-openrouter-deepseek-v3-0324-004,0,1,1,0.5454545454545454
cold_start,medical_qa_1098,agent-openrouter-deepseek-v3-0324-005,0,0,1,0.5333333333333333
cold_start,medical_qa_255,agent-openrouter-deepseek-v3-0324-001,0,1,1,0.5434782608695652
cold_start,medical_qa_775,agent-openrouter-deepseek-v3-0324-002,0,0,1,0.5319148936170213
cold_start,medical_qa_161,agent-openrouter-deepseek-v3-0324-003,0,1,1,0.5416666666666666
cold_start,medical_qa_1130,agent-openrouter-deepseek-v3-0324-004,0,1,1,0.5510204081632653
cold_start,medical_qa_600,agent-openrouter-deepseek-v3-0324-005,0,0,1,0.54
cold_start,medical_qa_740,agent-openrouter-deepseek-v3-0324-001,0,1,1,0.5490196078431373
cold_start,medical_qa_1182,agent-openrouter-deepseek-v3-0324-002,0,0,1,0.5384615384615384
cold_start,medical_qa_393,agent-openrouter-deepseek-v3-0324-003,0,0,1,0.5283018867924528
cold_start,medical_qa_142,agent-openrouter-deepseek-v3-0324-004,0,0,1,0.5185185185185185
cold_start,medical_qa_93,agent-openrouter-deepseek-v3-0324-005,0,0,1,0.509090909090909
cold_start,medical_qa_466,agent-openrouter-deepseek-v3-0324-001,0,1,1,0.5178571428571429
cold_start,medical_qa_592,agent-openrouter-deepseek-v3-0324-002,0,0,1,0.5087719298245614
cold_start,medical_qa_163,agent-openrouter-deepseek-v3-0324-003,0,1,1,0.5172413793103449
cold_start,medical_qa_1257,agent-openrouter-deepseek-v3-0324-004,0,1,1,0.5254237288135594
cold_start,medical_qa_206,agent-openrouter-deepseek-v3-0324-005,0,0,1,0.5166666666666667
cold_start,medical_qa_1235,agent-openrouter-deepseek-v3-0324-001,0,0,1,0.5081967213114754
cold_start,medical_qa_1241,agent-openrouter-deepseek-v3-0324-002,0,0,1,0.5
cold_start,medical_qa_928,agent-openrouter-deepseek-v3-0324-003,0,0,1,0.49206349206349204
cold_start,medical_qa_747,agent-openrouter-deepseek-v3-0324-004,0,0,1,0.484375
cold_start,medical_qa_333,agent-openrouter-deepseek-v3-0324-005,0,0,1,0.47692307692307695
cold_start,medical_qa_758,agent-openrouter-deepseek-v3-0324-001,0,0,1,0.4696969696969697
cold_start,medical_qa_727,agent-openrouter-deepseek-v3-0324-002,0,0,1,0.4626865671641791
cold_start,medical_qa_429,agent-openrouter-deepseek-v3-0324-003,0,0,1,0.45588235294117646
cold_start,medical_qa_546,agent-openrouter-deepseek-v3-0324-004,0,1,1,0.463768115942029
cold_start,medical_qa_146,agent-openrouter-deepseek-v3-0324-005,0,1,1,0.4714285714285714
cold_start,medical_qa_350,agent-openrouter-deepseek-v3-0324-001,0,0,1,0.4647887323943662
cold_start,medical_qa_1093,agent-openrouter-deepseek-v3-0324-002,0,0,1,0.4583333333333333
cold_start,medical_qa_1269,agent-openrouter-deepseek-v3-0324-003,0,1,1,0.4657534246575342
cold_start,medical_qa_334,agent-openrouter-deepseek-v3-0324-004,0,0,1,0.4594594594594595
cold_start,medical_qa_946,agent-openrouter-deepseek-v3-0324-005,0,0,1,0.4533333333333333
cold_start,medical_qa_777,agent-openrouter-deepseek-v3-0324-001,0,1,1,0.4605263157894737
cold_start,medical_qa_552,agent-openrouter-deepseek-v3-0324-002,0,1,1,0.4675324675324675
cold_start,medical_qa_1140,agent-openrouter-deepseek-v3-0324-003,0,0,1,0.46153846153846156
cold_start,medical_qa_449,agent-openrouter-deepseek-v3-0324-004,0,1,1,0.46835443037974683
cold_start,medical_qa_664,agent-openrouter-deepseek-v3-0324-005,0,0,1,0.4625
cold_start,medical_qa_114,agent-openrouter-deepseek-v3-0324-001,0,0,1,0.4567901234567901
cold_start,medical_qa_469,agent-openrouter-deepseek-v3-0324-002,0,1,1,0.4634146341463415
cold_start,medical_qa_1261,agent-openrouter-deepseek-v3-0324-003,0,0,1,0.4578313253012048
cold_start,medical_qa_646,agent-openrouter-deepseek-v3-0324-004,0,1,1,0.4642857142857143
cold_start,medical_qa_821,agent-openrouter-deepseek-v3-0324-005,0,0,1,0.4588235294117647
cold_start,medical_qa_548,agent-openrouter-deepseek-v3-0324-001,0,0,1,0.45348837209302323
cold_start,medical_qa_135,agent-openrouter-deepseek-v3-0324-002,0,0,1,0.4482758620689655
cold_start,medical_qa_432,agent-openrouter-deepseek-v3-0324-003,0,1,1,0.45454545454545453
cold_start,medical_qa_1161,agent-openrouter-deepseek-v3-0324-004,0,0,1,0.449438202247191
cold_start,medical_qa_644,agent-openrouter-deepseek-v3-0324-005,0,0,1,0.4444444444444444
cold_start,medical_qa_435,agent-openrouter-deepseek-v3-0324-001,0,1,1,0.45054945054945056
cold_start,medical_qa_1022,agent-openrouter-deepseek-v3-0324-002,0,1,1,0.45652173913043476
cold_start,medical_qa_810,agent-openrouter-deepseek-v3-0324-003,0,1,1,0.46236559139784944
cold_start,medical_qa_939,agent-openrouter-deepseek-v3-0324-004,0,0,1,0.4574468085106383
cold_start,medical_qa_292,agent-openrouter-deepseek-v3-0324-005,0,0,1,0.45263157894736844
cold_start,medical_qa_542,agent-openrouter-deepseek-v3-0324-001,0,1,1,0.4583333333333333
cold_start,medical_qa_1267,agent-openrouter-deepseek-v3-0324-002,0,1,1,0.4639175257731959
cold_start,medical_qa_505,agent-openrouter-deepseek-v3-0324-003,0,1,1,0.46938775510204084
cold_start,medical_qa_1253,agent-openrouter-deepseek-v3-0324-004,0,1,1,0.47474747474747475
cold_start,medical_qa_1103,agent-openrouter-deepseek-v3-0324-005,0,1,1,0.48
cold_start,medical_qa_538,agent-openrouter-deepseek-v3-0324-001,0,1,1,0.48514851485148514
cold_start,medical_qa_877,agent-openrouter-deepseek-v3-0324-002,0,1,1,0.49019607843137253
cold_start,medical_qa_817,agent-openrouter-deepseek-v3-0324-003,0,0,1,0.4854368932038835
cold_start,medical_qa_741,agent-openrouter-deepseek-v3-0324-004,0,1,1,0.49038461538461536
cold_start,medical_qa_1194,agent-openrouter-deepseek-v3-0324-005,0,0,1,0.4857142857142857
cold_start,medical_qa_283,agent-openrouter-deepseek-v3-0324-001,0,0,1,0.4811320754716981
cold_start,medical_qa_1043,agent-openrouter-deepseek-v3-0324-002,0,1,1,0.48598130841121495
cold_start,medical_qa_1010,agent-openrouter-deepseek-v3-0324-003,0,1,1,0.49074074074074076
cold_start,medical_qa_186,agent-openrouter-deepseek-v3-0324-004,0,1,1,0.4954128440366973
cold_start,medical_qa_96,agent-openrouter-deepseek-v3-0324-005,0,1,1,0.5
cold_start,medical_qa_224,agent-openrouter-deepseek-v3-0324-001,0,1,1,0.5045045045045045
cold_start,medical_qa_313,agent-openrouter-deepseek-v3-0324-002,0,1,1,0.5089285714285714
cold_start,medical_qa_327,agent-openrouter-deepseek-v3-0324-003,0,0,1,0.504424778761062
cold_start,medical_qa_1262,agent-openrouter-deepseek-v3-0324-004,0,0,1,0.5
cold_start,medical_qa_130,agent-openrouter-deepseek-v3-0324-005,0,1,1,0.5043478260869565
cold_start,medical_qa_788,agent-openrouter-deepseek-v3-0324-001,0,1,1,0.5086206896551724
cold_start,medical_qa_781,agent-openrouter-deepseek-v3-0324-002,0,0,1,0.5042735042735043
cold_start,medical_qa_958,agent-openrouter-deepseek-v3-0324-003,0,0,1,0.5
cold_start,medical_qa_1083,agent-openrouter-deepseek-v3-0324-004,0,0,1,0.4957983193277311
cold_start,medical_qa_514,agent-openrouter-deepseek-v3-0324-005,0,1,1,0.5
cold_start,medical_qa_1133,agent-openrouter-deepseek-v3-0324-001,0,1,1,0.5041322314049587
cold_start,medical_qa_23,agent-openrouter-deepseek-v3-0324-002,0,0,1,0.5
cold_start,medical_qa_234,agent-openrouter-deepseek-v3-0324-003,0,0,1,0.4959349593495935
cold_start,medical_qa_1099,agent-openrouter-deepseek-v3-0324-004,0,1,1,0.5
cold_start,medical_qa_1204,agent-openrouter-deepseek-v3-0324-005,0,0,1,0.496
cold_start,medical_qa_1242,agent-openrouter-deepseek-v3-0324-001,0,1,1,0.5
cold_start,medical_qa_1272,agent-openrouter-deepseek-v3-0324-002,0,1,1,0.5039370078740157
cold_start,medical_qa_601,agent-openrouter-deepseek-v3-0324-003,0,0,1,0.5
cold_start,medical_qa_890,agent-openrouter-deepseek-v3-0324-004,0,1,1,0.5038759689922481
cold_start,medical_qa_323,agent-openrouter-deepseek-v3-0324-005,0,0,1,0.5
cold_start,medical_qa_929,agent-openrouter-deepseek-v3-0324-001,0,1,1,0.5038167938931297
cold_start,medical_qa_6,agent-openrouter-deepseek-v3-0324-002,0,0,1,0.5
cold_start,medical_qa_539,agent-openrouter-deepseek-v3-0324-003,0,0,1,0.49624060150375937
cold_start,medical_qa_1025,agent-openrouter-deepseek-v3-0324-004,0,0,1,0.4925373134328358
cold_start,medical_qa_365,agent-openrouter-deepseek-v3-0324-005,0,0,1,0.4888888888888889
cold_start,medical_qa_1039,agent-openrouter-deepseek-v3-0324-001,0,1,1,0.49264705882352944
cold_start,medical_qa_217,agent-openrouter-deepseek-v3-0324-002,0,1,1,0.49635036496350365
cold_start,medical_qa_611,agent-openrouter-deepseek-v3-0324-003,0,0,1,0.4927536231884058
cold_start,medical_qa_1137,agent-openrouter-deepseek-v3-0324-004,0,1,1,0.49640287769784175
cold_start,medical_qa_1252,agent-openrouter-deepseek-v3-0324-005,0,1,1,0.5
cold_start,medical_qa_1184,agent-openrouter-deepseek-v3-0324-001,0,0,1,0.49645390070921985
cold_start,medical_qa_765,agent-openrouter-deepseek-v3-0324-002,0,1,1,0.5
cold_start,medical_qa_330,agent-openrouter-deepseek-v3-0324-003,0,0,1,0.4965034965034965
cold_start,medical_qa_1104,agent-openrouter-deepseek-v3-0324-004,0,0,1,0.4930555555555556
cold_start,medical_qa_1086,agent-openrouter-deepseek-v3-0324-005,0,1,1,0.496551724137931
cold_start,medical_qa_1,agent-openrouter-deepseek-v3-0324-001,0,0,1,0.4931506849315068
cold_start,medical_qa_663,agent-openrouter-deepseek-v3-0324-002,0,0,1,0.4897959183673469
cold_start,medical_qa_1000,agent-openrouter-deepseek-v3-0324-003,0,1,1,0.49324324324324326
cold_start,medical_qa_39,agent-openrouter-deepseek-v3-0324-004,0,1,1,0.4966442953020134
cold_start,medical_qa_229,agent-openrouter-deepseek-v3-0324-005,0,0,1,0.49333333333333335
cold_start,medical_qa_743,agent-openrouter-deepseek-v3-0324-001,0,0,1,0.4900662251655629
cold_start,medical_qa_629,agent-openrouter-deepseek-v3-0324-002,0,0,1,0.4868421052631579
cold_start,medical_qa_490,agent-openrouter-deepseek-v3-0324-003,0,1,1,0.49019607843137253
cold_start,medical_qa_118,agent-openrouter-deepseek-v3-0324-004,0,1,1,0.4935064935064935
cold_start,medical_qa_493,agent-openrouter-deepseek-v3-0324-005,0,0,1,0.49032258064516127
cold_start,medical_qa_1225,agent-openrouter-deepseek-v3-0324-001,0,0,1,0.48717948717948717
cold_start,medical_qa_175,agent-openrouter-deepseek-v3-0324-002,0,1,1,0.49044585987261147
cold_start,medical_qa_995,agent-openrouter-deepseek-v3-0324-003,0,1,1,0.4936708860759494
cold_start,medical_qa_141,agent-openrouter-deepseek-v3-0324-004,0,1,1,0.4968553459119497
cold_start,medical_qa_1090,agent-openrouter-deepseek-v3-0324-005,0,0,1,0.49375
cold_start,medical_qa_257,agent-openrouter-deepseek-v3-0324-001,0,1,1,0.4968944099378882
cold_start,medical_qa_262,agent-openrouter-deepseek-v3-0324-002,0,0,1,0.49382716049382713
cold_start,medical_qa_973,agent-openrouter-deepseek-v3-0324-003,0,0,1,0.49079754601226994
cold_start,medical_qa_338,agent-openrouter-deepseek-v3-0324-004,0,1,1,0.49390243902439024
cold_start,medical_qa_1177,agent-openrouter-deepseek-v3-0324-005,0,1,1,0.49696969696969695
cold_start,medical_qa_1080,agent-openrouter-deepseek-v3-0324-001,0,1,1,0.5
cold_start,medical_qa_866,agent-openrouter-deepseek-v3-0324-002,0,0,1,0.49700598802395207
cold_start,medical_qa_433,agent-openrouter-deepseek-v3-0324-003,0,1,1,0.5
cold_start,medical_qa_1129,agent-openrouter-deepseek-v3-0324-004,0,1,1,0.5029585798816568
cold_start,medical_qa_411,agent-openrouter-deepseek-v3-0324-005,0,1,1,0.5058823529411764
cold_start,medical_qa_638,agent-openrouter-deepseek-v3-0324-001,0,0,1,0.5029239766081871
cold_start,medical_qa_1170,agent-openrouter-deepseek-v3-0324-002,0,1,1,0.5058139534883721
cold_start,medical_qa_764,agent-openrouter-deepseek-v3-0324-003,0,0,1,0.5028901734104047
cold_start,medical_qa_897,agent-openrouter-deepseek-v3-0324-004,0,0,1,0.5
cold_start,medical_qa_1059,agent-openrouter-deepseek-v3-0324-005,0,1,1,0.5028571428571429
cold_start,medical_qa_924,agent-openrouter-deepseek-v3-0324-001,0,1,1,0.5056818181818182
cold_start,medical_qa_247,agent-openrouter-deepseek-v3-0324-002,0,1,1,0.5084745762711864
cold_start,medical_qa_507,agent-openrouter-deepseek-v3-0324-003,0,0,1,0.5056179775280899
cold_start,medical_qa_460,agent-openrouter-deepseek-v3-0324-004,0,1,1,0.5083798882681564
cold_start,medical_qa_131,agent-openrouter-deepseek-v3-0324-005,0,1,1,0.5111111111111111
cold_start,medical_qa_692,agent-openrouter-deepseek-v3-0324-001,0,0,1,0.5082872928176796
cold_start,medical_qa_43,agent-openrouter-deepseek-v3-0324-002,0,0,1,0.5054945054945055
cold_start,medical_qa_471,agent-openrouter-deepseek-v3-0324-003,0,0,1,0.5027322404371585
cold_start,medical_qa_1249,agent-openrouter-deepseek-v3-0324-004,0,1,1,0.5054347826086957
cold_start,medical_qa_14,agent-openrouter-deepseek-v3-0324-005,0,0,1,0.5027027027027027
cold_start,medical_qa_145,agent-openrouter-deepseek-v3-0324-001,0,0,1,0.5
cold_start,medical_qa_120,agent-openrouter-deepseek-v3-0324-002,0,1,1,0.5026737967914439
cold_start,medical_qa_468,agent-openrouter-deepseek-v3-0324-003,0,1,1,0.5053191489361702
cold_start,medical_qa_138,agent-openrouter-deepseek-v3-0324-004,0,1,1,0.5079365079365079
cold_start,medical_qa_64,agent-openrouter-deepseek-v3-0324-005,0,0,1,0.5052631578947369
cold_start,medical_qa_676,agent-openrouter-deepseek-v3-0324-001,0,0,1,0.5026178010471204
cold_start,medical_qa_1087,agent-openrouter-deepseek-v3-0324-002,0,1,1,0.5052083333333334
cold_start,medical_qa_1052,agent-openrouter-deepseek-v3-0324-003,0,1,1,0.5077720207253886
cold_start,medical_qa_487,agent-openrouter-deepseek-v3-0324-004,0,0,1,0.5051546391752577
cold_start,medical_qa_570,agent-openrouter-deepseek-v3-0324-005,0,0,1,0.5025641025641026
cold_start,medical_qa_994,agent-openrouter-deepseek-v3-0324-001,0,1,1,0.5051020408163265
cold_start,medical_qa_438,agent-openrouter-deepseek-v3-0324-002,0,0,1,0.5025380710659898
cold_start,medical_qa_270,agent-openrouter-deepseek-v3-0324-003,0,1,1,0.5050505050505051
cold_start,medical_qa_968,agent-openrouter-deepseek-v3-0324-004,0,1,1,0.507537688442211
cold_start,medical_qa_497,agent-openrouter-deepseek-v3-0324-005,0,0,1,0.505
pretrain,medical_qa_1074,"agent-openrouter-deepseek-v3-0324-003,agent-openrouter-deepseek-v3-0324-002,agent-openrouter-deepseek-v3-0324-004,agent-openrouter-deepseek-v3-0324-003,agent-openrouter-deepseek-v3-0324-002,agent-openrouter-deepseek-v3-0324-003",6,1,1,1.0
pretrain,medical_qa_833,"agent-openrouter-deepseek-v3-0324-002,agent-openrouter-deepseek-v3-0324-003,agent-openrouter-deepseek-v3-0324-004,agent-openrouter-deepseek-v3-0324-003,agent-openrouter-deepseek-v3-0324-003",5,1,1,1.0
pretrain,medical_qa_389,"agent-openrouter-deepseek-v3-0324-004,agent-openrouter-deepseek-v3-0324-002,agent-openrouter-deepseek-v3-0324-003,agent-openrouter-deepseek-v3-0324-003",4,0,1,0.6666666666666666
pretrain,medical_qa_193,"agent-openrouter-deepseek-v3-0324-004,agent-openrouter-deepseek-v3-0324-002,agent-openrouter-deepseek-v3-0324-003",3,1,1,0.75
pretrain,medical_qa_1234,"agent-openrouter-deepseek-v3-0324-002,agent-openrouter-deepseek-v3-0324-004,agent-openrouter-deepseek-v3-0324-003,agent-openrouter-deepseek-v3-0324-003",4,1,1,0.8
pretrain,medical_qa_882,"agent-openrouter-deepseek-v3-0324-002,agent-openrouter-deepseek-v3-0324-004,agent-openrouter-deepseek-v3-0324-003,agent-openrouter-deepseek-v3-0324-002,agent-openrouter-deepseek-v3-0324-003",5,0,1,0.6666666666666666
pretrain,medical_qa_725,"agent-openrouter-deepseek-v3-0324-002,agent-openrouter-deepseek-v3-0324-004,agent-openrouter-deepseek-v3-0324-003,agent-openrouter-deepseek-v3-0324-002,agent-openrouter-deepseek-v3-0324-004,agent-openrouter-deepseek-v3-0324-003",6,0,1,0.5714285714285714
pretrain,medical_qa_867,"agent-openrouter-deepseek-v3-0324-002,agent-openrouter-deepseek-v3-0324-004,agent-openrouter-deepseek-v3-0324-003,agent-openrouter-deepseek-v3-0324-002,agent-openrouter-deepseek-v3-0324-002,agent-openrouter-deepseek-v3-0324-003",6,0,1,0.5
pretrain,medical_qa_841,"agent-openrouter-deepseek-v3-0324-004,agent-openrouter-deepseek-v3-0324-002,agent-openrouter-deepseek-v3-0324-003,agent-openrouter-deepseek-v3-0324-002",4,1,1,0.5555555555555556
pretrain,medical_qa_956,"agent-openrouter-deepseek-v3-0324-003,agent-openrouter-deepseek-v3-0324-005,agent-openrouter-deepseek-v3-0324-004,agent-openrouter-deepseek-v3-0324-003,agent-openrouter-deepseek-v3-0324-003",5,1,1,0.6
pretrain,medical_qa_110,"agent-openrouter-deepseek-v3-0324-002,agent-openrouter-deepseek-v3-0324-004,agent-openrouter-deepseek-v3-0324-003,agent-openrouter-deepseek-v3-0324-004,agent-openrouter-deepseek-v3-0324-003",5,1,1,0.6363636363636364
pretrain,medical_qa_201,"agent-openrouter-deepseek-v3-0324-003,agent-openrouter-deepseek-v3-0324-004,agent-openrouter-deepseek-v3-0324-002",3,1,1,0.6666666666666666
pretrain,medical_qa_124,"agent-openrouter-deepseek-v3-0324-001,agent-openrouter-deepseek-v3-0324-003,agent-openrouter-deepseek-v3-0324-002",3,1,1,0.6923076923076923
pretrain,medical_qa_824,"agent-openrouter-deepseek-v3-0324-002,agent-openrouter-deepseek-v3-0324-004,agent-openrouter-deepseek-v3-0324-003,agent-openrouter-deepseek-v3-0324-002,agent-openrouter-deepseek-v3-0324-003",5,1,1,0.7142857142857143
pretrain,medical_qa_694,"agent-openrouter-deepseek-v3-0324-004,agent-openrouter-deepseek-v3-0324-002,agent-openrouter-deepseek-v3-0324-003,agent-openrouter-deepseek-v3-0324-004,agent-openrouter-deepseek-v3-0324-004,agent-openrouter-deepseek-v3-0324-003",6,1,1,0.7333333333333333
pretrain,medical_qa_223,"agent-openrouter-deepseek-v3-0324-002,agent-openrouter-deepseek-v3-0324-004,agent-openrouter-deepseek-v3-0324-003,agent-openrouter-deepseek-v3-0324-002,agent-openrouter-deepseek-v3-0324-002,agent-openrouter-deepseek-v3-0324-002,agent-openrouter-deepseek-v3-0324-003",7,1,1,0.75
pretrain,medical_qa_509,"agent-openrouter-deepseek-v3-0324-003,agent-openrouter-deepseek-v3-0324-002,agent-openrouter-deepseek-v3-0324-004,agent-openrouter-deepseek-v3-0324-003,agent-openrouter-deepseek-v3-0324-003,agent-openrouter-deepseek-v3-0324-003",6,1,1,0.7647058823529411
pretrain,medical_qa_392,"agent-openrouter-deepseek-v3-0324-004,agent-openrouter-deepseek-v3-0324-002,agent-openrouter-deepseek-v3-0324-003,agent-openrouter-deepseek-v3-0324-004,agent-openrouter-deepseek-v3-0324-004,agent-openrouter-deepseek-v3-0324-003",6,1,1,0.7777777777777778
pretrain,medical_qa_1070,"agent-openrouter-deepseek-v3-0324-003,agent-openrouter-deepseek-v3-0324-004,agent-openrouter-deepseek-v3-0324-002,agent-openrouter-deepseek-v3-0324-003",4,1,1,0.7894736842105263
pretrain,medical_qa_918,"agent-openrouter-deepseek-v3-0324-002,agent-openrouter-deepseek-v3-0324-004,agent-openrouter-deepseek-v3-0324-003,agent-openrouter-deepseek-v3-0324-002,agent-openrouter-deepseek-v3-0324-002,agent-openrouter-deepseek-v3-0324-004,agent-openrouter-deepseek-v3-0324-003",7,1,1,0.8
pretrain,medical_qa_287,"agent-openrouter-deepseek-v3-0324-003,agent-openrouter-deepseek-v3-0324-004,agent-openrouter-deepseek-v3-0324-002,agent-openrouter-deepseek-v3-0324-003,agent-openrouter-deepseek-v3-0324-004,agent-openrouter-deepseek-v3-0324-003,agent-openrouter-deepseek-v3-0324-003,agent-openrouter-deepseek-v3-0324-004",8,1,1,0.8095238095238095
pretrain,medical_qa_1159,"agent-openrouter-deepseek-v3-0324-004,agent-openrouter-deepseek-v3-0324-003,agent-openrouter-deepseek-v3-0324-002,agent-openrouter-deepseek-v3-0324-002,agent-openrouter-deepseek-v3-0324-004,agent-openrouter-deepseek-v3-0324-003",6,1,1,0.8181818181818182
pretrain,medical_qa_375,"agent-openrouter-deepseek-v3-0324-004,agent-openrouter-deepseek-v3-0324-003,agent-openrouter-deepseek-v3-0324-001,agent-openrouter-deepseek-v3-0324-003,agent-openrouter-deepseek-v3-0324-002,agent-openrouter-deepseek-v3-0324-004,agent-openrouter-deepseek-v3-0324-003",7,1,1,0.8260869565217391
pretrain,medical_qa_1078,"agent-openrouter-deepseek-v3-0324-002,agent-openrouter-deepseek-v3-0324-001,agent-openrouter-deepseek-v3-0324-003,agent-openrouter-deepseek-v3-0324-003",4,1,1,0.8333333333333334
pretrain,medical_qa_947,"agent-openrouter-deepseek-v3-0324-004,agent-openrouter-deepseek-v3-0324-003,agent-openrouter-deepseek-v3-0324-002,agent-openrouter-deepseek-v3-0324-004,agent-openrouter-deepseek-v3-0324-003,agent-openrouter-deepseek-v3-0324-003",6,1,1,0.84
pretrain,medical_qa_511,"agent-openrouter-deepseek-v3-0324-003,agent-openrouter-deepseek-v3-0324-004,agent-openrouter-deepseek-v3-0324-001,agent-openrouter-deepseek-v3-0324-003,agent-openrouter-deepseek-v3-0324-003",5,1,1,0.8461538461538461
pretrain,medical_qa_154,"agent-openrouter-deepseek-v3-0324-004,agent-openrouter-deepseek-v3-0324-003,agent-openrouter-deepseek-v3-0324-002,agent-openrouter-deepseek-v3-0324-004,agent-openrouter-deepseek-v3-0324-003,agent-openrouter-deepseek-v3-0324-003",6,1,1,0.8518518518518519
pretrain,medical_qa_907,"agent-openrouter-deepseek-v3-0324-003,agent-openrouter-deepseek-v3-0324-001,agent-openrouter-deepseek-v3-0324-002,agent-openrouter-deepseek-v3-0324-003,agent-openrouter-deepseek-v3-0324-003,agent-openrouter-deepseek-v3-0324-003,agent-openrouter-deepseek-v3-0324-003",7,1,1,0.8571428571428571
pretrain,medical_qa_200,"agent-openrouter-deepseek-v3-0324-004,agent-openrouter-deepseek-v3-0324-003,agent-openrouter-deepseek-v3-0324-002,agent-openrouter-deepseek-v3-0324-003,agent-openrouter-deepseek-v3-0324-003",5,1,1,0.8620689655172413
pretrain,medical_qa_103,"agent-openrouter-deepseek-v3-0324-003,agent-openrouter-deepseek-v3-0324-002,agent-openrouter-deepseek-v3-0324-004,agent-openrouter-deepseek-v3-0324-003,agent-openrouter-deepseek-v3-0324-003",5,1,1,0.8666666666666667
pretrain,medical_qa_30,"agent-openrouter-deepseek-v3-0324-002,agent-openrouter-deepseek-v3-0324-004,agent-openrouter-deepseek-v3-0324-003,agent-openrouter-deepseek-v3-0324-002,agent-openrouter-deepseek-v3-0324-003",5,1,1,0.8709677419354839
pretrain,medical_qa_1259,"agent-openrouter-deepseek-v3-0324-001,agent-openrouter-deepseek-v3-0324-004,agent-openrouter-deepseek-v3-0324-003,agent-openrouter-deepseek-v3-0324-003",4,1,1,0.875
pretrain,medical_qa_484,"agent-openrouter-deepseek-v3-0324-004,agent-openrouter-deepseek-v3-0324-003,agent-openrouter-deepseek-v3-0324-002,agent-openrouter-deepseek-v3-0324-004,agent-openrouter-deepseek-v3-0324-003",5,1,1,0.8787878787878788
pretrain,medical_qa_340,"agent-openrouter-deepseek-v3-0324-003,agent-openrouter-deepseek-v3-0324-004,agent-openrouter-deepseek-v3-0324-002,agent-openrouter-deepseek-v3-0324-003,agent-openrouter-deepseek-v3-0324-003,agent-openrouter-deepseek-v3-0324-003",6,0,1,0.8529411764705882
pretrain,medical_qa_832,"agent-openrouter-deepseek-v3-0324-005,agent-openrouter-deepseek-v3-0324-004,agent-openrouter-deepseek-v3-0324-002,agent-openrouter-deepseek-v3-0324-004,agent-openrouter-deepseek-v3-0324-004,agent-openrouter-deepseek-v3-0324-003",6,1,1,0.8571428571428571
pretrain,medical_qa_1077,"agent-openrouter-deepseek-v3-0324-002,agent-openrouter-deepseek-v3-0324-004,agent-openrouter-deepseek-v3-0324-003,agent-openrouter-deepseek-v3-0324-004,agent-openrouter-deepseek-v3-0324-003",5,1,1,0.8611111111111112
pretrain,medical_qa_985,"agent-openrouter-deepseek-v3-0324-002,agent-openrouter-deepseek-v3-0324-004,agent-openrouter-deepseek-v3-0324-003,agent-openrouter-deepseek-v3-0324-003",4,1,1,0.8648648648648649
pretrain,medical_qa_437,"agent-openrouter-deepseek-v3-0324-003,agent-openrouter-deepseek-v3-0324-002,agent-openrouter-deepseek-v3-0324-004,agent-openrouter-deepseek-v3-0324-003,agent-openrouter-deepseek-v3-0324-003",5,1,1,0.868421052631579
pretrain,medical_qa_1188,"agent-openrouter-deepseek-v3-0324-003,agent-openrouter-deepseek-v3-0324-002,agent-openrouter-deepseek-v3-0324-004,agent-openrouter-deepseek-v3-0324-002,agent-openrouter-deepseek-v3-0324-003",5,1,1,0.8717948717948718
pretrain,medical_qa_1128,"agent-openrouter-deepseek-v3-0324-002,agent-openrouter-deepseek-v3-0324-003,agent-openrouter-deepseek-v3-0324-004,agent-openrouter-deepseek-v3-0324-002,agent-openrouter-deepseek-v3-0324-003,agent-openrouter-deepseek-v3-0324-003,agent-openrouter-deepseek-v3-0324-003",7,0,1,0.85
pretrain,medical_qa_337,"agent-openrouter-deepseek-v3-0324-005,agent-openrouter-deepseek-v3-0324-004,agent-openrouter-deepseek-v3-0324-002,agent-openrouter-deepseek-v3-0324-005,agent-openrouter-deepseek-v3-0324-005",5,1,1,0.8536585365853658
pretrain,medical_qa_776,"agent-openrouter-deepseek-v3-0324-004,agent-openrouter-deepseek-v3-0324-003,agent-openrouter-deepseek-v3-0324-002,agent-openrouter-deepseek-v3-0324-003,agent-openrouter-deepseek-v3-0324-004,agent-openrouter-deepseek-v3-0324-003",6,1,1,0.8571428571428571
pretrain,medical_qa_4,"agent-openrouter-deepseek-v3-0324-002,agent-openrouter-deepseek-v3-0324-004,agent-openrouter-deepseek-v3-0324-003,agent-openrouter-deepseek-v3-0324-002,agent-openrouter-deepseek-v3-0324-002,agent-openrouter-deepseek-v3-0324-002,agent-openrouter-deepseek-v3-0324-003",7,1,1,0.8604651162790697
pretrain,medical_qa_799,"agent-openrouter-deepseek-v3-0324-003,agent-openrouter-deepseek-v3-0324-001,agent-openrouter-deepseek-v3-0324-002",3,1,1,0.8636363636363636
pretrain,medical_qa_543,"agent-openrouter-deepseek-v3-0324-001,agent-openrouter-deepseek-v3-0324-003,agent-openrouter-deepseek-v3-0324-004,agent-openrouter-deepseek-v3-0324-003,agent-openrouter-deepseek-v3-0324-003",5,1,1,0.8666666666666667
pretrain,medical_qa_931,"agent-openrouter-deepseek-v3-0324-004,agent-openrouter-deepseek-v3-0324-002,agent-openrouter-deepseek-v3-0324-003,agent-openrouter-deepseek-v3-0324-004,agent-openrouter-deepseek-v3-0324-003",5,0,1,0.8478260869565217
pretrain,medical_qa_584,"agent-openrouter-deepseek-v3-0324-001,agent-openrouter-deepseek-v3-0324-003,agent-openrouter-deepseek-v3-0324-004,agent-openrouter-deepseek-v3-0324-001,agent-openrouter-deepseek-v3-0324-002,agent-openrouter-deepseek-v3-0324-001,agent-openrouter-deepseek-v3-0324-003",7,1,1,0.851063829787234
pretrain,medical_qa_1106,"agent-openrouter-deepseek-v3-0324-005,agent-openrouter-deepseek-v3-0324-003,agent-openrouter-deepseek-v3-0324-002,agent-openrouter-deepseek-v3-0324-005,agent-openrouter-deepseek-v3-0324-005,agent-openrouter-deepseek-v3-0324-005,agent-openrouter-deepseek-v3-0324-003",7,1,1,0.8541666666666666
pretrain,medical_qa_996,"agent-openrouter-deepseek-v3-0324-003,agent-openrouter-deepseek-v3-0324-004,agent-openrouter-deepseek-v3-0324-002,agent-openrouter-deepseek-v3-0324-003",4,1,1,0.8571428571428571
pretrain,medical_qa_317,"agent-openrouter-deepseek-v3-0324-003,agent-openrouter-deepseek-v3-0324-002,agent-openrouter-deepseek-v3-0324-004,agent-openrouter-deepseek-v3-0324-003,agent-openrouter-deepseek-v3-0324-003,agent-openrouter-deepseek-v3-0324-003,agent-openrouter-deepseek-v3-0324-003",7,1,1,0.86
pretrain,medical_qa_194,"agent-openrouter-deepseek-v3-0324-003,agent-openrouter-deepseek-v3-0324-004,agent-openrouter-deepseek-v3-0324-002,agent-openrouter-deepseek-v3-0324-003,agent-openrouter-deepseek-v3-0324-003",5,0,1,0.8431372549019608
pretrain,medical_qa_303,"agent-openrouter-deepseek-v3-0324-004,agent-openrouter-deepseek-v3-0324-003,agent-openrouter-deepseek-v3-0324-002,agent-openrouter-deepseek-v3-0324-003,agent-openrouter-deepseek-v3-0324-004,agent-openrouter-deepseek-v3-0324-003",6,0,1,0.8269230769230769
pretrain,medical_qa_222,"agent-openrouter-deepseek-v3-0324-004,agent-openrouter-deepseek-v3-0324-002,agent-openrouter-deepseek-v3-0324-003,agent-openrouter-deepseek-v3-0324-004,agent-openrouter-deepseek-v3-0324-003,agent-openrouter-deepseek-v3-0324-004,agent-openrouter-deepseek-v3-0324-003",7,0,1,0.8113207547169812
pretrain,medical_qa_991,"agent-openrouter-deepseek-v3-0324-004,agent-openrouter-deepseek-v3-0324-002,agent-openrouter-deepseek-v3-0324-003,agent-openrouter-deepseek-v3-0324-003",4,1,1,0.8148148148148148
pretrain,medical_qa_59,"agent-openrouter-deepseek-v3-0324-002,agent-openrouter-deepseek-v3-0324-003,agent-openrouter-deepseek-v3-0324-004,agent-openrouter-deepseek-v3-0324-003,agent-openrouter-deepseek-v3-0324-003",5,0,1,0.8
pretrain,medical_qa_593,"agent-openrouter-deepseek-v3-0324-004,agent-openrouter-deepseek-v3-0324-002,agent-openrouter-deepseek-v3-0324-003,agent-openrouter-deepseek-v3-0324-004,agent-openrouter-deepseek-v3-0324-003",5,1,1,0.8035714285714286
pretrain,medical_qa_753,"agent-openrouter-deepseek-v3-0324-004,agent-openrouter-deepseek-v3-0324-003,agent-openrouter-deepseek-v3-0324-002,agent-openrouter-deepseek-v3-0324-004,agent-openrouter-deepseek-v3-0324-003",5,1,1,0.8070175438596491
pretrain,medical_qa_555,"agent-openrouter-deepseek-v3-0324-004,agent-openrouter-deepseek-v3-0324-003,agent-openrouter-deepseek-v3-0324-002,agent-openrouter-deepseek-v3-0324-001,agent-openrouter-deepseek-v3-0324-001,agent-openrouter-deepseek-v3-0324-003",6,1,1,0.8103448275862069
pretrain,medical_qa_62,"agent-openrouter-deepseek-v3-0324-003,agent-openrouter-deepseek-v3-0324-002,agent-openrouter-deepseek-v3-0324-004,agent-openrouter-deepseek-v3-0324-003,agent-openrouter-deepseek-v3-0324-003",5,1,1,0.8135593220338984
pretrain,medical_qa_1131,"agent-openrouter-deepseek-v3-0324-003,agent-openrouter-deepseek-v3-0324-004,agent-openrouter-deepseek-v3-0324-002,agent-openrouter-deepseek-v3-0324-003,agent-openrouter-deepseek-v3-0324-003,agent-openrouter-deepseek-v3-0324-003",6,1,1,0.8166666666666667
pretrain,medical_qa_321,"agent-openrouter-deepseek-v3-0324-001,agent-openrouter-deepseek-v3-0324-003,agent-openrouter-deepseek-v3-0324-002,agent-openrouter-deepseek-v3-0324-001,agent-openrouter-deepseek-v3-0324-003,agent-openrouter-deepseek-v3-0324-003",6,1,1,0.819672131147541
pretrain,medical_qa_58,"agent-openrouter-deepseek-v3-0324-002,agent-openrouter-deepseek-v3-0324-003,agent-openrouter-deepseek-v3-0324-004,agent-openrouter-deepseek-v3-0324-003,agent-openrouter-deepseek-v3-0324-003",5,1,1,0.8225806451612904
pretrain,medical_qa_1271,"agent-openrouter-deepseek-v3-0324-003,agent-openrouter-deepseek-v3-0324-002,agent-openrouter-deepseek-v3-0324-004,agent-openrouter-deepseek-v3-0324-003",4,1,1,0.8253968253968254
pretrain,medical_qa_598,"agent-openrouter-deepseek-v3-0324-003,agent-openrouter-deepseek-v3-0324-002,agent-openrouter-deepseek-v3-0324-004,agent-openrouter-deepseek-v3-0324-003,agent-openrouter-deepseek-v3-0324-003",5,1,1,0.828125
pretrain,medical_qa_488,"agent-openrouter-deepseek-v3-0324-003,agent-openrouter-deepseek-v3-0324-005,agent-openrouter-deepseek-v3-0324-002",3,1,1,0.8307692307692308
pretrain,medical_qa_1153,"agent-openrouter-deepseek-v3-0324-002,agent-openrouter-deepseek-v3-0324-003,agent-openrouter-deepseek-v3-0324-004,agent-openrouter-deepseek-v3-0324-004,agent-openrouter-deepseek-v3-0324-003",5,1,1,0.8333333333333334
pretrain,medical_qa_941,"agent-openrouter-deepseek-v3-0324-003,agent-openrouter-deepseek-v3-0324-002,agent-openrouter-deepseek-v3-0324-004",3,1,1,0.835820895522388
pretrain,medical_qa_873,"agent-openrouter-deepseek-v3-0324-004,agent-openrouter-deepseek-v3-0324-002,agent-openrouter-deepseek-v3-0324-003,agent-openrouter-deepseek-v3-0324-004,agent-openrouter-deepseek-v3-0324-004",5,1,1,0.8382352941176471
pretrain,medical_qa_1028,"agent-openrouter-deepseek-v3-0324-004,agent-openrouter-deepseek-v3-0324-002,agent-openrouter-deepseek-v3-0324-003,agent-openrouter-deepseek-v3-0324-004,agent-openrouter-deepseek-v3-0324-003,agent-openrouter-deepseek-v3-0324-003,agent-openrouter-deepseek-v3-0324-003",7,1,1,0.8405797101449275
pretrain,medical_qa_1117,"agent-openrouter-deepseek-v3-0324-002,agent-openrouter-deepseek-v3-0324-004,agent-openrouter-deepseek-v3-0324-003,agent-openrouter-deepseek-v3-0324-002,agent-openrouter-deepseek-v3-0324-003",5,0,1,0.8285714285714286
pretrain,medical_qa_1011,"agent-openrouter-deepseek-v3-0324-003,agent-openrouter-deepseek-v3-0324-004,agent-openrouter-deepseek-v3-0324-002,agent-openrouter-deepseek-v3-0324-003,agent-openrouter-deepseek-v3-0324-003",5,1,1,0.8309859154929577
pretrain,medical_qa_983,"agent-openrouter-deepseek-v3-0324-002,agent-openrouter-deepseek-v3-0324-004,agent-openrouter-deepseek-v3-0324-003,agent-openrouter-deepseek-v3-0324-002,agent-openrouter-deepseek-v3-0324-003",5,1,1,0.8333333333333334
pretrain,medical_qa_520,"agent-openrouter-deepseek-v3-0324-004,agent-openrouter-deepseek-v3-0324-002,agent-openrouter-deepseek-v3-0324-003,agent-openrouter-deepseek-v3-0324-005,agent-openrouter-deepseek-v3-0324-005,agent-openrouter-deepseek-v3-0324-005,agent-openrouter-deepseek-v3-0324-005",7,1,1,0.8356164383561644
pretrain,medical_qa_82,"agent-openrouter-deepseek-v3-0324-003,agent-openrouter-deepseek-v3-0324-004,agent-openrouter-deepseek-v3-0324-002,agent-openrouter-deepseek-v3-0324-003,agent-openrouter-deepseek-v3-0324-003,agent-openrouter-deepseek-v3-0324-003",6,1,1,0.8378378378378378
pretrain,medical_qa_871,"agent-openrouter-deepseek-v3-0324-002,agent-openrouter-deepseek-v3-0324-004,agent-openrouter-deepseek-v3-0324-003,agent-openrouter-deepseek-v3-0324-002,agent-openrouter-deepseek-v3-0324-002,agent-openrouter-deepseek-v3-0324-002,agent-openrouter-deepseek-v3-0324-003",7,1,1,0.84
pretrain,medical_qa_190,"agent-openrouter-deepseek-v3-0324-002,agent-openrouter-deepseek-v3-0324-003,agent-openrouter-deepseek-v3-0324-005,agent-openrouter-deepseek-v3-0324-003,agent-openrouter-deepseek-v3-0324-003,agent-openrouter-deepseek-v3-0324-002,agent-openrouter-deepseek-v3-0324-003",7,1,1,0.8421052631578947
pretrain,medical_qa_70,"agent-openrouter-deepseek-v3-0324-002,agent-openrouter-deepseek-v3-0324-004,agent-openrouter-deepseek-v3-0324-003,agent-openrouter-deepseek-v3-0324-003,agent-openrouter-deepseek-v3-0324-002,agent-openrouter-deepseek-v3-0324-003,agent-openrouter-deepseek-v3-0324-003",7,1,1,0.8441558441558441
pretrain,medical_qa_609,"agent-openrouter-deepseek-v3-0324-003,agent-openrouter-deepseek-v3-0324-002,agent-openrouter-deepseek-v3-0324-004,agent-openrouter-deepseek-v3-0324-003,agent-openrouter-deepseek-v3-0324-003",5,1,1,0.8461538461538461
pretrain,medical_qa_69,"agent-openrouter-deepseek-v3-0324-001,agent-openrouter-deepseek-v3-0324-003,agent-openrouter-deepseek-v3-0324-004,agent-openrouter-deepseek-v3-0324-001,agent-openrouter-deepseek-v3-0324-001,agent-openrouter-deepseek-v3-0324-003",6,0,1,0.8354430379746836
pretrain,medical_qa_691,"agent-openrouter-deepseek-v3-0324-003,agent-openrouter-deepseek-v3-0324-004,agent-openrouter-deepseek-v3-0324-002",3,1,1,0.8375
pretrain,medical_qa_1067,"agent-openrouter-deepseek-v3-0324-003,agent-openrouter-deepseek-v3-0324-001,agent-openrouter-deepseek-v3-0324-002,agent-openrouter-deepseek-v3-0324-003,agent-openrouter-deepseek-v3-0324-003",5,1,1,0.8395061728395061
pretrain,medical_qa_240,"agent-openrouter-deepseek-v3-0324-002,agent-openrouter-deepseek-v3-0324-003,agent-openrouter-deepseek-v3-0324-004,agent-openrouter-deepseek-v3-0324-003,agent-openrouter-deepseek-v3-0324-003",5,1,1,0.8414634146341463
pretrain,medical_qa_413,"agent-openrouter-deepseek-v3-0324-001,agent-openrouter-deepseek-v3-0324-002,agent-openrouter-deepseek-v3-0324-004,agent-openrouter-deepseek-v3-0324-004,agent-openrouter-deepseek-v3-0324-004,agent-openrouter-deepseek-v3-0324-005",6,1,1,0.8433734939759037
pretrain,medical_qa_122,"agent-openrouter-deepseek-v3-0324-004,agent-openrouter-deepseek-v3-0324-002,agent-openrouter-deepseek-v3-0324-003,agent-openrouter-deepseek-v3-0324-004,agent-openrouter-deepseek-v3-0324-003",5,1,1,0.8452380952380952
pretrain,medical_qa_964,"agent-openrouter-deepseek-v3-0324-003,agent-openrouter-deepseek-v3-0324-002,agent-openrouter-deepseek-v3-0324-004,agent-openrouter-deepseek-v3-0324-003,agent-openrouter-deepseek-v3-0324-003,agent-openrouter-deepseek-v3-0324-003,agent-openrouter-deepseek-v3-0324-003",7,0,1,0.8352941176470589
pretrain,medical_qa_911,"agent-openrouter-deepseek-v3-0324-003,agent-openrouter-deepseek-v3-0324-005,agent-openrouter-deepseek-v3-0324-002",3,0,1,0.8255813953488372
pretrain,medical_qa_583,"agent-openrouter-deepseek-v3-0324-002,agent-openrouter-deepseek-v3-0324-003,agent-openrouter-deepseek-v3-0324-004,agent-openrouter-deepseek-v3-0324-003,agent-openrouter-deepseek-v3-0324-003",5,1,1,0.8275862068965517
pretrain,medical_qa_252,"agent-openrouter-deepseek-v3-0324-005,agent-openrouter-deepseek-v3-0324-002,agent-openrouter-deepseek-v3-0324-003,agent-openrouter-deepseek-v3-0324-003,agent-openrouter-deepseek-v3-0324-003",5,0,1,0.8181818181818182
pretrain,medical_qa_1216,"agent-openrouter-deepseek-v3-0324-001,agent-openrouter-deepseek-v3-0324-004,agent-openrouter-deepseek-v3-0324-003,agent-openrouter-deepseek-v3-0324-001,agent-openrouter-deepseek-v3-0324-003",5,0,1,0.8089887640449438
pretrain,medical_qa_608,"agent-openrouter-deepseek-v3-0324-003,agent-openrouter-deepseek-v3-0324-002,agent-openrouter-deepseek-v3-0324-004,agent-openrouter-deepseek-v3-0324-003,agent-openrouter-deepseek-v3-0324-003,agent-openrouter-deepseek-v3-0324-003",6,1,1,0.8111111111111111
pretrain,medical_qa_40,"agent-openrouter-deepseek-v3-0324-004,agent-openrouter-deepseek-v3-0324-002,agent-openrouter-deepseek-v3-0324-003,agent-openrouter-deepseek-v3-0324-004,agent-openrouter-deepseek-v3-0324-004,agent-openrouter-deepseek-v3-0324-003,agent-openrouter-deepseek-v3-0324-003",7,1,1,0.8131868131868132
pretrain,medical_qa_634,"agent-openrouter-deepseek-v3-0324-004,agent-openrouter-deepseek-v3-0324-002,agent-openrouter-deepseek-v3-0324-003,agent-openrouter-deepseek-v3-0324-004,agent-openrouter-deepseek-v3-0324-001,agent-openrouter-deepseek-v3-0324-004",6,0,1,0.8043478260869565
pretrain,medical_qa_83,"agent-openrouter-deepseek-v3-0324-003,agent-openrouter-deepseek-v3-0324-004,agent-openrouter-deepseek-v3-0324-002",3,1,1,0.8064516129032258
pretrain,medical_qa_1205,"agent-openrouter-deepseek-v3-0324-002,agent-openrouter-deepseek-v3-0324-004,agent-openrouter-deepseek-v3-0324-003,agent-openrouter-deepseek-v3-0324-002,agent-openrouter-deepseek-v3-0324-003",5,1,1,0.8085106382978723
pretrain,medical_qa_673,"agent-openrouter-deepseek-v3-0324-003,agent-openrouter-deepseek-v3-0324-004,agent-openrouter-deepseek-v3-0324-002",3,0,1,0.8
pretrain,medical_qa_597,"agent-openrouter-deepseek-v3-0324-003,agent-openrouter-deepseek-v3-0324-004,agent-openrouter-deepseek-v3-0324-002,agent-openrouter-deepseek-v3-0324-004,agent-openrouter-deepseek-v3-0324-003",5,1,1,0.8020833333333334
pretrain,medical_qa_578,"agent-openrouter-deepseek-v3-0324-003,agent-openrouter-deepseek-v3-0324-005,agent-openrouter-deepseek-v3-0324-002,agent-openrouter-deepseek-v3-0324-003,agent-openrouter-deepseek-v3-0324-003,agent-openrouter-deepseek-v3-0324-003,agent-openrouter-deepseek-v3-0324-003",7,1,1,0.8041237113402062
pretrain,medical_qa_535,"agent-openrouter-deepseek-v3-0324-002,agent-openrouter-deepseek-v3-0324-005,agent-openrouter-deepseek-v3-0324-003",3,1,1,0.8061224489795918
pretrain,medical_qa_1143,"agent-openrouter-deepseek-v3-0324-004,agent-openrouter-deepseek-v3-0324-003,agent-openrouter-deepseek-v3-0324-002,agent-openrouter-deepseek-v3-0324-003",4,0,1,0.797979797979798
pretrain,medical_qa_957,"agent-openrouter-deepseek-v3-0324-004,agent-openrouter-deepseek-v3-0324-003,agent-openrouter-deepseek-v3-0324-002,agent-openrouter-deepseek-v3-0324-004,agent-openrouter-deepseek-v3-0324-003,agent-openrouter-deepseek-v3-0324-003",6,1,1,0.8
pretrain,medical_qa_267,"agent-openrouter-deepseek-v3-0324-004,agent-openrouter-deepseek-v3-0324-003,agent-openrouter-deepseek-v3-0324-002,agent-openrouter-deepseek-v3-0324-003,agent-openrouter-deepseek-v3-0324-003",5,0,1,0.7920792079207921
pretrain,medical_qa_1237,"agent-openrouter-deepseek-v3-0324-002,agent-openrouter-deepseek-v3-0324-004,agent-openrouter-deepseek-v3-0324-003,agent-openrouter-deepseek-v3-0324-002,agent-openrouter-deepseek-v3-0324-003",5,1,1,0.7941176470588235
pretrain,medical_qa_685,"agent-openrouter-deepseek-v3-0324-003,agent-openrouter-deepseek-v3-0324-001,agent-openrouter-deepseek-v3-0324-002,agent-openrouter-deepseek-v3-0324-003,agent-openrouter-deepseek-v3-0324-003",5,1,1,0.7961165048543689
pretrain,medical_qa_733,"agent-openrouter-deepseek-v3-0324-002,agent-openrouter-deepseek-v3-0324-004,agent-openrouter-deepseek-v3-0324-003,agent-openrouter-deepseek-v3-0324-004,agent-openrouter-deepseek-v3-0324-004",5,1,1,0.7980769230769231
pretrain,medical_qa_1012,"agent-openrouter-deepseek-v3-0324-005,agent-openrouter-deepseek-v3-0324-004,agent-openrouter-deepseek-v3-0324-003,agent-openrouter-deepseek-v3-0324-003,agent-openrouter-deepseek-v3-0324-003,agent-openrouter-deepseek-v3-0324-003",6,1,1,0.8
pretrain,medical_qa_244,"agent-openrouter-deepseek-v3-0324-004,agent-openrouter-deepseek-v3-0324-002,agent-openrouter-deepseek-v3-0324-003,agent-openrouter-deepseek-v3-0324-004",4,1,1,0.8018867924528302
pretrain,medical_qa_271,"agent-openrouter-deepseek-v3-0324-004,agent-openrouter-deepseek-v3-0324-003,agent-openrouter-deepseek-v3-0324-002",3,0,1,0.794392523364486
pretrain,medical_qa_405,"agent-openrouter-deepseek-v3-0324-004,agent-openrouter-deepseek-v3-0324-005,agent-openrouter-deepseek-v3-0324-002,agent-openrouter-deepseek-v3-0324-004,agent-openrouter-deepseek-v3-0324-003",5,1,1,0.7962962962962963
pretrain,medical_qa_134,"agent-openrouter-deepseek-v3-0324-003,agent-openrouter-deepseek-v3-0324-004,agent-openrouter-deepseek-v3-0324-002",3,1,1,0.7981651376146789
pretrain,medical_qa_687,"agent-openrouter-deepseek-v3-0324-002,agent-openrouter-deepseek-v3-0324-003,agent-openrouter-deepseek-v3-0324-004,agent-openrouter-deepseek-v3-0324-002,agent-openrouter-deepseek-v3-0324-002,agent-openrouter-deepseek-v3-0324-003",6,1,1,0.8
pretrain,medical_qa_660,"agent-openrouter-deepseek-v3-0324-002,agent-openrouter-deepseek-v3-0324-004,agent-openrouter-deepseek-v3-0324-003,agent-openrouter-deepseek-v3-0324-002,agent-openrouter-deepseek-v3-0324-003,agent-openrouter-deepseek-v3-0324-003",6,1,1,0.8018018018018018
pretrain,medical_qa_307,"agent-openrouter-deepseek-v3-0324-001,agent-openrouter-deepseek-v3-0324-003,agent-openrouter-deepseek-v3-0324-004,agent-openrouter-deepseek-v3-0324-003,agent-openrouter-deepseek-v3-0324-003",5,0,1,0.7946428571428571
pretrain,medical_qa_1085,"agent-openrouter-deepseek-v3-0324-002,agent-openrouter-deepseek-v3-0324-001,agent-openrouter-deepseek-v3-0324-003,agent-openrouter-deepseek-v3-0324-002,agent-openrouter-deepseek-v3-0324-002,agent-openrouter-deepseek-v3-0324-003",6,1,1,0.7964601769911505
pretrain,medical_qa_974,"agent-openrouter-deepseek-v3-0324-002,agent-openrouter-deepseek-v3-0324-003,agent-openrouter-deepseek-v3-0324-004,agent-openrouter-deepseek-v3-0324-003",4,1,1,0.7982456140350878
pretrain,medical_qa_951,"agent-openrouter-deepseek-v3-0324-002,agent-openrouter-deepseek-v3-0324-005,agent-openrouter-deepseek-v3-0324-003,agent-openrouter-deepseek-v3-0324-005,agent-openrouter-deepseek-v3-0324-005,agent-openrouter-deepseek-v3-0324-002,agent-openrouter-deepseek-v3-0324-002,agent-openrouter-deepseek-v3-0324-003",8,0,1,0.7913043478260869
pretrain,medical_qa_769,"agent-openrouter-deepseek-v3-0324-003,agent-openrouter-deepseek-v3-0324-002,agent-openrouter-deepseek-v3-0324-001,agent-openrouter-deepseek-v3-0324-003,agent-openrouter-deepseek-v3-0324-003,agent-openrouter-deepseek-v3-0324-003,agent-openrouter-deepseek-v3-0324-003",7,1,1,0.7931034482758621
pretrain,medical_qa_74,"agent-openrouter-deepseek-v3-0324-004,agent-openrouter-deepseek-v3-0324-003,agent-openrouter-deepseek-v3-0324-002,agent-openrouter-deepseek-v3-0324-003,agent-openrouter-deepseek-v3-0324-003",5,1,1,0.7948717948717948
pretrain,medical_qa_9,"agent-openrouter-deepseek-v3-0324-004,agent-openrouter-deepseek-v3-0324-003,agent-openrouter-deepseek-v3-0324-002",3,0,1,0.788135593220339
pretrain,medical_qa_1191,"agent-openrouter-deepseek-v3-0324-004,agent-openrouter-deepseek-v3-0324-002,agent-openrouter-deepseek-v3-0324-003,agent-openrouter-deepseek-v3-0324-003",4,1,1,0.7899159663865546
pretrain,medical_qa_636,"agent-openrouter-deepseek-v3-0324-001,agent-openrouter-deepseek-v3-0324-003,agent-openrouter-deepseek-v3-0324-002,agent-openrouter-deepseek-v3-0324-003",4,1,1,0.7916666666666666
pretrain,medical_qa_576,"agent-openrouter-deepseek-v3-0324-002,agent-openrouter-deepseek-v3-0324-003,agent-openrouter-deepseek-v3-0324-004,agent-openrouter-deepseek-v3-0324-003",4,0,1,0.7851239669421488
pretrain,medical_qa_102,"agent-openrouter-deepseek-v3-0324-003,agent-openrouter-deepseek-v3-0324-004,agent-openrouter-deepseek-v3-0324-002,agent-openrouter-deepseek-v3-0324-003,agent-openrouter-deepseek-v3-0324-003,agent-openrouter-deepseek-v3-0324-003",6,1,1,0.7868852459016393
pretrain,medical_qa_75,"agent-openrouter-deepseek-v3-0324-003,agent-openrouter-deepseek-v3-0324-002,agent-openrouter-deepseek-v3-0324-004,agent-openrouter-deepseek-v3-0324-003,agent-openrouter-deepseek-v3-0324-003",5,0,1,0.7804878048780488
pretrain,medical_qa_550,"agent-openrouter-deepseek-v3-0324-003,agent-openrouter-deepseek-v3-0324-004,agent-openrouter-deepseek-v3-0324-002",3,1,1,0.782258064516129
pretrain,medical_qa_218,"agent-openrouter-deepseek-v3-0324-002,agent-openrouter-deepseek-v3-0324-004,agent-openrouter-deepseek-v3-0324-003,agent-openrouter-deepseek-v3-0324-003",4,1,1,0.784
pretrain,medical_qa_518,"agent-openrouter-deepseek-v3-0324-003,agent-openrouter-deepseek-v3-0324-004,agent-openrouter-deepseek-v3-0324-002,agent-openrouter-deepseek-v3-0324-003,agent-openrouter-deepseek-v3-0324-003",5,1,1,0.7857142857142857
pretrain,medical_qa_966,"agent-openrouter-deepseek-v3-0324-002,agent-openrouter-deepseek-v3-0324-004,agent-openrouter-deepseek-v3-0324-003,agent-openrouter-deepseek-v3-0324-002,agent-openrouter-deepseek-v3-0324-002,agent-openrouter-deepseek-v3-0324-002,agent-openrouter-deepseek-v3-0324-003",7,0,1,0.7795275590551181
pretrain,medical_qa_1186,"agent-openrouter-deepseek-v3-0324-004,agent-openrouter-deepseek-v3-0324-002,agent-openrouter-deepseek-v3-0324-003,agent-openrouter-deepseek-v3-0324-003,agent-openrouter-deepseek-v3-0324-004,agent-openrouter-deepseek-v3-0324-004,agent-openrouter-deepseek-v3-0324-003",7,1,1,0.78125
pretrain,medical_qa_357,"agent-openrouter-deepseek-v3-0324-004,agent-openrouter-deepseek-v3-0324-002,agent-openrouter-deepseek-v3-0324-003,agent-openrouter-deepseek-v3-0324-002,agent-openrouter-deepseek-v3-0324-003",5,1,1,0.7829457364341085
pretrain,medical_qa_902,"agent-openrouter-deepseek-v3-0324-002,agent-openrouter-deepseek-v3-0324-004,agent-openrouter-deepseek-v3-0324-003,agent-openrouter-deepseek-v3-0324-002,agent-openrouter-deepseek-v3-0324-003",5,1,1,0.7846153846153846
pretrain,medical_qa_1024,"agent-openrouter-deepseek-v3-0324-004,agent-openrouter-deepseek-v3-0324-002,agent-openrouter-deepseek-v3-0324-003,agent-openrouter-deepseek-v3-0324-004,agent-openrouter-deepseek-v3-0324-003",5,1,1,0.7862595419847328
pretrain,medical_qa_900,"agent-openrouter-deepseek-v3-0324-002,agent-openrouter-deepseek-v3-0324-003,agent-openrouter-deepseek-v3-0324-004,agent-openrouter-deepseek-v3-0324-002,agent-openrouter-deepseek-v3-0324-004,agent-openrouter-deepseek-v3-0324-003,agent-openrouter-deepseek-v3-0324-004,agent-openrouter-deepseek-v3-0324-002",8,1,1,0.7878787878787878
pretrain,medical_qa_250,"agent-openrouter-deepseek-v3-0324-003,agent-openrouter-deepseek-v3-0324-004,agent-openrouter-deepseek-v3-0324-002,agent-openrouter-deepseek-v3-0324-003,agent-openrouter-deepseek-v3-0324-003",5,1,1,0.7894736842105263
pretrain,medical_qa_378,"agent-openrouter-deepseek-v3-0324-002,agent-openrouter-deepseek-v3-0324-003,agent-openrouter-deepseek-v3-0324-004,agent-openrouter-deepseek-v3-0324-002,agent-openrouter-deepseek-v3-0324-003",5,1,1,0.7910447761194029
pretrain,medical_qa_291,"agent-openrouter-deepseek-v3-0324-002,agent-openrouter-deepseek-v3-0324-003,agent-openrouter-deepseek-v3-0324-004,agent-openrouter-deepseek-v3-0324-003,agent-openrouter-deepseek-v3-0324-003,agent-openrouter-deepseek-v3-0324-003",6,1,1,0.7925925925925926
pretrain,medical_qa_1003,"agent-openrouter-deepseek-v3-0324-002,agent-openrouter-deepseek-v3-0324-003,agent-openrouter-deepseek-v3-0324-004,agent-openrouter-deepseek-v3-0324-003,agent-openrouter-deepseek-v3-0324-003,agent-openrouter-deepseek-v3-0324-003,agent-openrouter-deepseek-v3-0324-003",7,1,1,0.7941176470588235
pretrain,medical_qa_448,"agent-openrouter-deepseek-v3-0324-001,agent-openrouter-deepseek-v3-0324-004,agent-openrouter-deepseek-v3-0324-003,agent-openrouter-deepseek-v3-0324-002,agent-openrouter-deepseek-v3-0324-004,agent-openrouter-deepseek-v3-0324-002,agent-openrouter-deepseek-v3-0324-003",7,0,1,0.7883211678832117
pretrain,medical_qa_853,"agent-openrouter-deepseek-v3-0324-004,agent-openrouter-deepseek-v3-0324-002,agent-openrouter-deepseek-v3-0324-003,agent-openrouter-deepseek-v3-0324-004,agent-openrouter-deepseek-v3-0324-003,agent-openrouter-deepseek-v3-0324-003",6,1,1,0.7898550724637681
pretrain,medical_qa_556,"agent-openrouter-deepseek-v3-0324-004,agent-openrouter-deepseek-v3-0324-002,agent-openrouter-deepseek-v3-0324-003,agent-openrouter-deepseek-v3-0324-004,agent-openrouter-deepseek-v3-0324-003",5,1,1,0.7913669064748201
pretrain,medical_qa_720,"agent-openrouter-deepseek-v3-0324-005,agent-openrouter-deepseek-v3-0324-002,agent-openrouter-deepseek-v3-0324-003,agent-openrouter-deepseek-v3-0324-003,agent-openrouter-deepseek-v3-0324-003",5,0,1,0.7857142857142857
pretrain,medical_qa_309,"agent-openrouter-deepseek-v3-0324-001,agent-openrouter-deepseek-v3-0324-004,agent-openrouter-deepseek-v3-0324-003,agent-openrouter-deepseek-v3-0324-001,agent-openrouter-deepseek-v3-0324-003",5,1,1,0.7872340425531915
pretrain,medical_qa_626,"agent-openrouter-deepseek-v3-0324-002,agent-openrouter-deepseek-v3-0324-003,agent-openrouter-deepseek-v3-0324-004,agent-openrouter-deepseek-v3-0324-003,agent-openrouter-deepseek-v3-0324-003,agent-openrouter-deepseek-v3-0324-003",6,1,1,0.7887323943661971
pretrain,medical_qa_826,"agent-openrouter-deepseek-v3-0324-003,agent-openrouter-deepseek-v3-0324-001,agent-openrouter-deepseek-v3-0324-004,agent-openrouter-deepseek-v3-0324-003,agent-openrouter-deepseek-v3-0324-003,agent-openrouter-deepseek-v3-0324-003,agent-openrouter-deepseek-v3-0324-003",7,1,1,0.7902097902097902
pretrain,medical_qa_669,"agent-openrouter-deepseek-v3-0324-002,agent-openrouter-deepseek-v3-0324-003,agent-openrouter-deepseek-v3-0324-004,agent-openrouter-deepseek-v3-0324-002,agent-openrouter-deepseek-v3-0324-004,agent-openrouter-deepseek-v3-0324-002,agent-openrouter-deepseek-v3-0324-003",7,1,1,0.7916666666666666
pretrain,medical_qa_1231,"agent-openrouter-deepseek-v3-0324-002,agent-openrouter-deepseek-v3-0324-004,agent-openrouter-deepseek-v3-0324-003,agent-openrouter-deepseek-v3-0324-004,agent-openrouter-deepseek-v3-0324-004",5,1,1,0.7931034482758621
pretrain,medical_qa_8,"agent-openrouter-deepseek-v3-0324-001,agent-openrouter-deepseek-v3-0324-002,agent-openrouter-deepseek-v3-0324-004,agent-openrouter-deepseek-v3-0324-002,agent-openrouter-deepseek-v3-0324-002,agent-openrouter-deepseek-v3-0324-003",6,1,1,0.7945205479452054
pretrain,medical_qa_683,"agent-openrouter-deepseek-v3-0324-004,agent-openrouter-deepseek-v3-0324-002,agent-openrouter-deepseek-v3-0324-003,agent-openrouter-deepseek-v3-0324-003",4,1,1,0.7959183673469388
pretrain,medical_qa_836,"agent-openrouter-deepseek-v3-0324-003,agent-openrouter-deepseek-v3-0324-004,agent-openrouter-deepseek-v3-0324-002,agent-openrouter-deepseek-v3-0324-003,agent-openrouter-deepseek-v3-0324-003",5,1,1,0.7972972972972973
pretrain,medical_qa_567,"agent-openrouter-deepseek-v3-0324-003,agent-openrouter-deepseek-v3-0324-004,agent-openrouter-deepseek-v3-0324-002,agent-openrouter-deepseek-v3-0324-004,agent-openrouter-deepseek-v3-0324-003",5,1,1,0.7986577181208053
pretrain,medical_qa_306,"agent-openrouter-deepseek-v3-0324-002,agent-openrouter-deepseek-v3-0324-004,agent-openrouter-deepseek-v3-0324-003,agent-openrouter-deepseek-v3-0324-003,agent-openrouter-deepseek-v3-0324-003,agent-openrouter-deepseek-v3-0324-003",6,1,1,0.8
pretrain,medical_qa_679,"agent-openrouter-deepseek-v3-0324-002,agent-openrouter-deepseek-v3-0324-003,agent-openrouter-deepseek-v3-0324-004,agent-openrouter-deepseek-v3-0324-002,agent-openrouter-deepseek-v3-0324-003",5,1,1,0.8013245033112583
pretrain,medical_qa_106,"agent-openrouter-deepseek-v3-0324-001,agent-openrouter-deepseek-v3-0324-003,agent-openrouter-deepseek-v3-0324-004,agent-openrouter-deepseek-v3-0324-003",4,0,1,0.7960526315789473
pretrain,medical_qa_899,"agent-openrouter-deepseek-v3-0324-004,agent-openrouter-deepseek-v3-0324-002,agent-openrouter-deepseek-v3-0324-003,agent-openrouter-deepseek-v3-0324-002,agent-openrouter-deepseek-v3-0324-002,agent-openrouter-deepseek-v3-0324-003,agent-openrouter-deepseek-v3-0324-003",7,0,1,0.7908496732026143
pretrain,medical_qa_137,"agent-openrouter-deepseek-v3-0324-002,agent-openrouter-deepseek-v3-0324-003,agent-openrouter-deepseek-v3-0324-004,agent-openrouter-deepseek-v3-0324-002,agent-openrouter-deepseek-v3-0324-002,agent-openrouter-deepseek-v3-0324-002,agent-openrouter-deepseek-v3-0324-002,agent-openrouter-deepseek-v3-0324-003",8,1,1,0.7922077922077922
pretrain,medical_qa_1075,"agent-openrouter-deepseek-v3-0324-002,agent-openrouter-deepseek-v3-0324-003,agent-openrouter-deepseek-v3-0324-004,agent-openrouter-deepseek-v3-0324-002,agent-openrouter-deepseek-v3-0324-003",5,1,1,0.7935483870967742
pretrain,medical_qa_1119,"agent-openrouter-deepseek-v3-0324-002,agent-openrouter-deepseek-v3-0324-004,agent-openrouter-deepseek-v3-0324-003,agent-openrouter-deepseek-v3-0324-003,agent-openrouter-deepseek-v3-0324-003",5,1,1,0.7948717948717948
pretrain,medical_qa_987,"agent-openrouter-deepseek-v3-0324-004,agent-openrouter-deepseek-v3-0324-002,agent-openrouter-deepseek-v3-0324-003,agent-openrouter-deepseek-v3-0324-004,agent-openrouter-deepseek-v3-0324-003",5,1,1,0.7961783439490446
pretrain,medical_qa_109,"agent-openrouter-deepseek-v3-0324-002,agent-openrouter-deepseek-v3-0324-004,agent-openrouter-deepseek-v3-0324-003,agent-openrouter-deepseek-v3-0324-002,agent-openrouter-deepseek-v3-0324-004,agent-openrouter-deepseek-v3-0324-003",6,1,1,0.7974683544303798
pretrain,medical_qa_760,"agent-openrouter-deepseek-v3-0324-002,agent-openrouter-deepseek-v3-0324-003,agent-openrouter-deepseek-v3-0324-004,agent-openrouter-deepseek-v3-0324-003,agent-openrouter-deepseek-v3-0324-003,agent-openrouter-deepseek-v3-0324-003,agent-openrouter-deepseek-v3-0324-003",7,1,1,0.7987421383647799
pretrain,medical_qa_566,"agent-openrouter-deepseek-v3-0324-001,agent-openrouter-deepseek-v3-0324-004,agent-openrouter-deepseek-v3-0324-003,agent-openrouter-deepseek-v3-0324-001,agent-openrouter-deepseek-v3-0324-003",5,1,1,0.8
pretrain,medical_qa_159,"agent-openrouter-deepseek-v3-0324-003,agent-openrouter-deepseek-v3-0324-004,agent-openrouter-deepseek-v3-0324-002,agent-openrouter-deepseek-v3-0324-003,agent-openrouter-deepseek-v3-0324-003,agent-openrouter-deepseek-v3-0324-003",6,1,1,0.8012422360248447
pretrain,medical_qa_278,"agent-openrouter-deepseek-v3-0324-004,agent-openrouter-deepseek-v3-0324-001,agent-openrouter-deepseek-v3-0324-003,agent-openrouter-deepseek-v3-0324-003,agent-openrouter-deepseek-v3-0324-004,agent-openrouter-deepseek-v3-0324-002,agent-openrouter-deepseek-v3-0324-003",7,0,1,0.7962962962962963
pretrain,medical_qa_288,"agent-openrouter-deepseek-v3-0324-002,agent-openrouter-deepseek-v3-0324-004,agent-openrouter-deepseek-v3-0324-003,agent-openrouter-deepseek-v3-0324-003",4,0,1,0.7914110429447853
pretrain,medical_qa_619,"agent-openrouter-deepseek-v3-0324-004,agent-openrouter-deepseek-v3-0324-005,agent-openrouter-deepseek-v3-0324-003,agent-openrouter-deepseek-v3-0324-004,agent-openrouter-deepseek-v3-0324-003",5,1,1,0.7926829268292683
pretrain,medical_qa_215,"agent-openrouter-deepseek-v3-0324-002,agent-openrouter-deepseek-v3-0324-003,agent-openrouter-deepseek-v3-0324-004,agent-openrouter-deepseek-v3-0324-002,agent-openrouter-deepseek-v3-0324-002,agent-openrouter-deepseek-v3-0324-003",6,1,1,0.793939393939394
pretrain,medical_qa_734,"agent-openrouter-deepseek-v3-0324-004,agent-openrouter-deepseek-v3-0324-003,agent-openrouter-deepseek-v3-0324-002,agent-openrouter-deepseek-v3-0324-004,agent-openrouter-deepseek-v3-0324-002",5,1,1,0.7951807228915663
pretrain,medical_qa_351,"agent-openrouter-deepseek-v3-0324-003,agent-openrouter-deepseek-v3-0324-004,agent-openrouter-deepseek-v3-0324-002,agent-openrouter-deepseek-v3-0324-003,agent-openrouter-deepseek-v3-0324-003",5,1,1,0.7964071856287425
pretrain,medical_qa_208,"agent-openrouter-deepseek-v3-0324-003,agent-openrouter-deepseek-v3-0324-002,agent-openrouter-deepseek-v3-0324-004,agent-openrouter-deepseek-v3-0324-003",4,0,1,0.7916666666666666
pretrain,medical_qa_703,"agent-openrouter-deepseek-v3-0324-002,agent-openrouter-deepseek-v3-0324-003,agent-openrouter-deepseek-v3-0324-004,agent-openrouter-deepseek-v3-0324-003",4,1,1,0.7928994082840237
pretrain,medical_qa_649,"agent-openrouter-deepseek-v3-0324-002,agent-openrouter-deepseek-v3-0324-004,agent-openrouter-deepseek-v3-0324-003,agent-openrouter-deepseek-v3-0324-002,agent-openrouter-deepseek-v3-0324-004,agent-openrouter-deepseek-v3-0324-003",6,1,1,0.7941176470588235
pretrain,medical_qa_1005,"agent-openrouter-deepseek-v3-0324-005,agent-openrouter-deepseek-v3-0324-003,agent-openrouter-deepseek-v3-0324-002,agent-openrouter-deepseek-v3-0324-005,agent-openrouter-deepseek-v3-0324-002,agent-openrouter-deepseek-v3-0324-003",6,1,1,0.7953216374269005
pretrain,medical_qa_1053,"agent-openrouter-deepseek-v3-0324-004,agent-openrouter-deepseek-v3-0324-003,agent-openrouter-deepseek-v3-0324-002,agent-openrouter-deepseek-v3-0324-003,agent-openrouter-deepseek-v3-0324-003,agent-openrouter-deepseek-v3-0324-003",6,1,1,0.7965116279069767
pretrain,medical_qa_517,"agent-openrouter-deepseek-v3-0324-005,agent-openrouter-deepseek-v3-0324-004,agent-openrouter-deepseek-v3-0324-003,agent-openrouter-deepseek-v3-0324-003,agent-openrouter-deepseek-v3-0324-003",5,1,1,0.7976878612716763
pretrain,medical_qa_500,"agent-openrouter-deepseek-v3-0324-002,agent-openrouter-deepseek-v3-0324-004,agent-openrouter-deepseek-v3-0324-003,agent-openrouter-deepseek-v3-0324-002,agent-openrouter-deepseek-v3-0324-004,agent-openrouter-deepseek-v3-0324-003",6,0,1,0.7931034482758621
pretrain,medical_qa_1112,"agent-openrouter-deepseek-v3-0324-005,agent-openrouter-deepseek-v3-0324-003,agent-openrouter-deepseek-v3-0324-002,agent-openrouter-deepseek-v3-0324-003",4,1,1,0.7942857142857143
pretrain,medical_qa_1139,"agent-openrouter-deepseek-v3-0324-003,agent-openrouter-deepseek-v3-0324-004,agent-openrouter-deepseek-v3-0324-002,agent-openrouter-deepseek-v3-0324-003,agent-openrouter-deepseek-v3-0324-003,agent-openrouter-deepseek-v3-0324-003",6,1,1,0.7954545454545454
pretrain,medical_qa_52,"agent-openrouter-deepseek-v3-0324-004,agent-openrouter-deepseek-v3-0324-003,agent-openrouter-deepseek-v3-0324-002,agent-openrouter-deepseek-v3-0324-003",4,1,1,0.7966101694915254
pretrain,medical_qa_94,"agent-openrouter-deepseek-v3-0324-002,agent-openrouter-deepseek-v3-0324-004,agent-openrouter-deepseek-v3-0324-003,agent-openrouter-deepseek-v3-0324-003",4,1,1,0.797752808988764
pretrain,medical_qa_903,"agent-openrouter-deepseek-v3-0324-002,agent-openrouter-deepseek-v3-0324-004,agent-openrouter-deepseek-v3-0324-003,agent-openrouter-deepseek-v3-0324-002,agent-openrouter-deepseek-v3-0324-002,agent-openrouter-deepseek-v3-0324-003",6,1,1,0.7988826815642458
pretrain,medical_qa_1105,"agent-openrouter-deepseek-v3-0324-002,agent-openrouter-deepseek-v3-0324-003,agent-openrouter-deepseek-v3-0324-004,agent-openrouter-deepseek-v3-0324-003,agent-openrouter-deepseek-v3-0324-003,agent-openrouter-deepseek-v3-0324-003",6,1,1,0.8
pretrain,medical_qa_849,"agent-openrouter-deepseek-v3-0324-002,agent-openrouter-deepseek-v3-0324-004,agent-openrouter-deepseek-v3-0324-003,agent-openrouter-deepseek-v3-0324-002,agent-openrouter-deepseek-v3-0324-003",5,1,1,0.8011049723756906
pretrain,medical_qa_1167,"agent-openrouter-deepseek-v3-0324-004,agent-openrouter-deepseek-v3-0324-003,agent-openrouter-deepseek-v3-0324-002,agent-openrouter-deepseek-v3-0324-004,agent-openrouter-deepseek-v3-0324-004,agent-openrouter-deepseek-v3-0324-003",6,0,1,0.7967032967032966
pretrain,medical_qa_45,"agent-openrouter-deepseek-v3-0324-003,agent-openrouter-deepseek-v3-0324-002,agent-openrouter-deepseek-v3-0324-004,agent-openrouter-deepseek-v3-0324-003,agent-openrouter-deepseek-v3-0324-003",5,0,1,0.7923497267759563
pretrain,medical_qa_3,"agent-openrouter-deepseek-v3-0324-003,agent-openrouter-deepseek-v3-0324-002,agent-openrouter-deepseek-v3-0324-004,agent-openrouter-deepseek-v3-0324-003,agent-openrouter-deepseek-v3-0324-003",5,0,1,0.7880434782608695
pretrain,medical_qa_341,"agent-openrouter-deepseek-v3-0324-002,agent-openrouter-deepseek-v3-0324-001,agent-openrouter-deepseek-v3-0324-003,agent-openrouter-deepseek-v3-0324-003",4,1,1,0.7891891891891892
pretrain,medical_qa_789,"agent-openrouter-deepseek-v3-0324-002,agent-openrouter-deepseek-v3-0324-004,agent-openrouter-deepseek-v3-0324-003,agent-openrouter-deepseek-v3-0324-002,agent-openrouter-deepseek-v3-0324-002,agent-openrouter-deepseek-v3-0324-003",6,1,1,0.7903225806451613
pretrain,medical_qa_133,"agent-openrouter-deepseek-v3-0324-002,agent-openrouter-deepseek-v3-0324-004,agent-openrouter-deepseek-v3-0324-003,agent-openrouter-deepseek-v3-0324-002,agent-openrouter-deepseek-v3-0324-002,agent-openrouter-deepseek-v3-0324-003",6,1,1,0.7914438502673797
pretrain,medical_qa_652,"agent-openrouter-deepseek-v3-0324-003,agent-openrouter-deepseek-v3-0324-004,agent-openrouter-deepseek-v3-0324-002,agent-openrouter-deepseek-v3-0324-003,agent-openrouter-deepseek-v3-0324-003,agent-openrouter-deepseek-v3-0324-003",6,0,1,0.7872340425531915
pretrain,medical_qa_268,"agent-openrouter-deepseek-v3-0324-002,agent-openrouter-deepseek-v3-0324-003,agent-openrouter-deepseek-v3-0324-004,agent-openrouter-deepseek-v3-0324-003,agent-openrouter-deepseek-v3-0324-003",5,1,1,0.7883597883597884
pretrain,medical_qa_165,"agent-openrouter-deepseek-v3-0324-003,agent-openrouter-deepseek-v3-0324-004,agent-openrouter-deepseek-v3-0324-002",3,1,1,0.7894736842105263
pretrain,medical_qa_759,"agent-openrouter-deepseek-v3-0324-004,agent-openrouter-deepseek-v3-0324-002,agent-openrouter-deepseek-v3-0324-003,agent-openrouter-deepseek-v3-0324-004,agent-openrouter-deepseek-v3-0324-003",5,1,1,0.7905759162303665
pretrain,medical_qa_452,"agent-openrouter-deepseek-v3-0324-002,agent-openrouter-deepseek-v3-0324-004,agent-openrouter-deepseek-v3-0324-003,agent-openrouter-deepseek-v3-0324-003,agent-openrouter-deepseek-v3-0324-003",5,1,1,0.7916666666666666
pretrain,medical_qa_564,"agent-openrouter-deepseek-v3-0324-005,agent-openrouter-deepseek-v3-0324-002,agent-openrouter-deepseek-v3-0324-004,agent-openrouter-deepseek-v3-0324-005,agent-openrouter-deepseek-v3-0324-005,agent-openrouter-deepseek-v3-0324-005,agent-openrouter-deepseek-v3-0324-005",7,0,1,0.7875647668393783
pretrain,medical_qa_722,"agent-openrouter-deepseek-v3-0324-004,agent-openrouter-deepseek-v3-0324-002,agent-openrouter-deepseek-v3-0324-003,agent-openrouter-deepseek-v3-0324-003,agent-openrouter-deepseek-v3-0324-003,agent-openrouter-deepseek-v3-0324-004,agent-openrouter-deepseek-v3-0324-003",7,1,1,0.788659793814433
pretrain,medical_qa_1035,"agent-openrouter-deepseek-v3-0324-004,agent-openrouter-deepseek-v3-0324-003,agent-openrouter-deepseek-v3-0324-002",3,1,1,0.7897435897435897
pretrain,medical_qa_574,"agent-openrouter-deepseek-v3-0324-002,agent-openrouter-deepseek-v3-0324-004,agent-openrouter-deepseek-v3-0324-003,agent-openrouter-deepseek-v3-0324-004",4,1,1,0.7908163265306123
pretrain,medical_qa_955,"agent-openrouter-deepseek-v3-0324-004,agent-openrouter-deepseek-v3-0324-003,agent-openrouter-deepseek-v3-0324-002,agent-openrouter-deepseek-v3-0324-004,agent-openrouter-deepseek-v3-0324-005,agent-openrouter-deepseek-v3-0324-003",6,1,1,0.7918781725888325
pretrain,medical_qa_1192,"agent-openrouter-deepseek-v3-0324-003,agent-openrouter-deepseek-v3-0324-005,agent-openrouter-deepseek-v3-0324-004,agent-openrouter-deepseek-v3-0324-003,agent-openrouter-deepseek-v3-0324-003",5,0,1,0.7878787878787878
pretrain,medical_qa_77,"agent-openrouter-deepseek-v3-0324-002,agent-openrouter-deepseek-v3-0324-003,agent-openrouter-deepseek-v3-0324-004,agent-openrouter-deepseek-v3-0324-003,agent-openrouter-deepseek-v3-0324-003,agent-openrouter-deepseek-v3-0324-003,agent-openrouter-deepseek-v3-0324-003",7,0,1,0.7839195979899497
pretrain,medical_qa_707,"agent-openrouter-deepseek-v3-0324-002,agent-openrouter-deepseek-v3-0324-003,agent-openrouter-deepseek-v3-0324-004,agent-openrouter-deepseek-v3-0324-002,agent-openrouter-deepseek-v3-0324-002,agent-openrouter-deepseek-v3-0324-003,agent-openrouter-deepseek-v3-0324-003",7,1,1,0.785
pretrain,medical_qa_152,"agent-openrouter-deepseek-v3-0324-004,agent-openrouter-deepseek-v3-0324-003,agent-openrouter-deepseek-v3-0324-002,agent-openrouter-deepseek-v3-0324-004,agent-openrouter-deepseek-v3-0324-003",5,1,1,0.7860696517412935
pretrain,medical_qa_558,"agent-openrouter-deepseek-v3-0324-004,agent-openrouter-deepseek-v3-0324-002,agent-openrouter-deepseek-v3-0324-003,agent-openrouter-deepseek-v3-0324-003",4,1,1,0.7871287128712872
pretrain,medical_qa_36,"agent-openrouter-deepseek-v3-0324-004,agent-openrouter-deepseek-v3-0324-003,agent-openrouter-deepseek-v3-0324-002,agent-openrouter-deepseek-v3-0324-004,agent-openrouter-deepseek-v3-0324-003",5,1,1,0.7881773399014779
pretrain,medical_qa_854,"agent-openrouter-deepseek-v3-0324-004,agent-openrouter-deepseek-v3-0324-002,agent-openrouter-deepseek-v3-0324-003,agent-openrouter-deepseek-v3-0324-003,agent-openrouter-deepseek-v3-0324-002,agent-openrouter-deepseek-v3-0324-003",6,1,1,0.7892156862745098
pretrain,medical_qa_1179,"agent-openrouter-deepseek-v3-0324-002,agent-openrouter-deepseek-v3-0324-004,agent-openrouter-deepseek-v3-0324-003,agent-openrouter-deepseek-v3-0324-003,agent-openrouter-deepseek-v3-0324-003,agent-openrouter-deepseek-v3-0324-003",6,1,1,0.7902439024390244
pretrain,medical_qa_596,"agent-openrouter-deepseek-v3-0324-001,agent-openrouter-deepseek-v3-0324-003,agent-openrouter-deepseek-v3-0324-004,agent-openrouter-deepseek-v3-0324-001,agent-openrouter-deepseek-v3-0324-001",5,0,1,0.7864077669902912
pretrain,medical_qa_565,"agent-openrouter-deepseek-v3-0324-002,agent-openrouter-deepseek-v3-0324-003,agent-openrouter-deepseek-v3-0324-004,agent-openrouter-deepseek-v3-0324-003,agent-openrouter-deepseek-v3-0324-003,agent-openrouter-deepseek-v3-0324-003",6,1,1,0.7874396135265701
pretrain,medical_qa_151,"agent-openrouter-deepseek-v3-0324-003,agent-openrouter-deepseek-v3-0324-002,agent-openrouter-deepseek-v3-0324-004",3,1,1,0.7884615384615384
pretrain,medical_qa_1239,"agent-openrouter-deepseek-v3-0324-002,agent-openrouter-deepseek-v3-0324-003,agent-openrouter-deepseek-v3-0324-004,agent-openrouter-deepseek-v3-0324-002,agent-openrouter-deepseek-v3-0324-003",5,0,1,0.784688995215311
pretrain,medical_qa_1158,"agent-openrouter-deepseek-v3-0324-003,agent-openrouter-deepseek-v3-0324-002,agent-openrouter-deepseek-v3-0324-004,agent-openrouter-deepseek-v3-0324-003,agent-openrouter-deepseek-v3-0324-003",5,0,1,0.780952380952381
pretrain,medical_qa_42,"agent-openrouter-deepseek-v3-0324-004,agent-openrouter-deepseek-v3-0324-002,agent-openrouter-deepseek-v3-0324-003,agent-openrouter-deepseek-v3-0324-003",4,1,1,0.7819905213270142
pretrain,medical_qa_315,"agent-openrouter-deepseek-v3-0324-003,agent-openrouter-deepseek-v3-0324-004,agent-openrouter-deepseek-v3-0324-002,agent-openrouter-deepseek-v3-0324-003,agent-openrouter-deepseek-v3-0324-003",5,1,1,0.7830188679245284
pretrain,medical_qa_373,"agent-openrouter-deepseek-v3-0324-002,agent-openrouter-deepseek-v3-0324-003,agent-openrouter-deepseek-v3-0324-004,agent-openrouter-deepseek-v3-0324-002,agent-openrouter-deepseek-v3-0324-003",5,1,1,0.784037558685446
pretrain,medical_qa_815,"agent-openrouter-deepseek-v3-0324-003,agent-openrouter-deepseek-v3-0324-002,agent-openrouter-deepseek-v3-0324-004,agent-openrouter-deepseek-v3-0324-003,agent-openrouter-deepseek-v3-0324-004,agent-openrouter-deepseek-v3-0324-003,agent-openrouter-deepseek-v3-0324-003",7,1,1,0.7850467289719626
pretrain,medical_qa_982,"agent-openrouter-deepseek-v3-0324-002,agent-openrouter-deepseek-v3-0324-004,agent-openrouter-deepseek-v3-0324-003,agent-openrouter-deepseek-v3-0324-002,agent-openrouter-deepseek-v3-0324-002,agent-openrouter-deepseek-v3-0324-003",6,1,1,0.786046511627907
pretrain,medical_qa_366,"agent-openrouter-deepseek-v3-0324-005,agent-openrouter-deepseek-v3-0324-002,agent-openrouter-deepseek-v3-0324-003,agent-openrouter-deepseek-v3-0324-002,agent-openrouter-deepseek-v3-0324-002,agent-openrouter-deepseek-v3-0324-003",6,1,1,0.7870370370370371
pretrain,medical_qa_908,"agent-openrouter-deepseek-v3-0324-003,agent-openrouter-deepseek-v3-0324-004,agent-openrouter-deepseek-v3-0324-002,agent-openrouter-deepseek-v3-0324-004,agent-openrouter-deepseek-v3-0324-003",5,1,1,0.7880184331797235
pretrain,medical_qa_698,"agent-openrouter-deepseek-v3-0324-003,agent-openrouter-deepseek-v3-0324-004,agent-openrouter-deepseek-v3-0324-002,agent-openrouter-deepseek-v3-0324-003,agent-openrouter-deepseek-v3-0324-003",5,1,1,0.7889908256880734
pretrain,medical_qa_1227,"agent-openrouter-deepseek-v3-0324-001,agent-openrouter-deepseek-v3-0324-004,agent-openrouter-deepseek-v3-0324-005",3,0,1,0.7853881278538812
pretrain,medical_qa_682,"agent-openrouter-deepseek-v3-0324-004,agent-openrouter-deepseek-v3-0324-003,agent-openrouter-deepseek-v3-0324-002,agent-openrouter-deepseek-v3-0324-004,agent-openrouter-deepseek-v3-0324-004,agent-openrouter-deepseek-v3-0324-002",6,1,1,0.7863636363636364
pretrain,medical_qa_105,"agent-openrouter-deepseek-v3-0324-004,agent-openrouter-deepseek-v3-0324-002,agent-openrouter-deepseek-v3-0324-003,agent-openrouter-deepseek-v3-0324-003",4,1,1,0.7873303167420814
pretrain,medical_qa_362,"agent-openrouter-deepseek-v3-0324-002,agent-openrouter-deepseek-v3-0324-003,agent-openrouter-deepseek-v3-0324-004,agent-openrouter-deepseek-v3-0324-002,agent-openrouter-deepseek-v3-0324-003",5,1,1,0.7882882882882883
pretrain,medical_qa_798,"agent-openrouter-deepseek-v3-0324-004,agent-openrouter-deepseek-v3-0324-003,agent-openrouter-deepseek-v3-0324-002,agent-openrouter-deepseek-v3-0324-004,agent-openrouter-deepseek-v3-0324-004,agent-openrouter-deepseek-v3-0324-003",6,1,1,0.7892376681614349
pretrain,medical_qa_573,"agent-openrouter-deepseek-v3-0324-004,agent-openrouter-deepseek-v3-0324-001,agent-openrouter-deepseek-v3-0324-003,agent-openrouter-deepseek-v3-0324-003,agent-openrouter-deepseek-v3-0324-003",5,1,1,0.7901785714285714
pretrain,medical_qa_416,"agent-openrouter-deepseek-v3-0324-002,agent-openrouter-deepseek-v3-0324-003,agent-openrouter-deepseek-v3-0324-004,agent-openrouter-deepseek-v3-0324-002,agent-openrouter-deepseek-v3-0324-003",5,1,1,0.7911111111111111
pretrain,medical_qa_635,"agent-openrouter-deepseek-v3-0324-002,agent-openrouter-deepseek-v3-0324-003,agent-openrouter-deepseek-v3-0324-004,agent-openrouter-deepseek-v3-0324-003,agent-openrouter-deepseek-v3-0324-003",5,1,1,0.7920353982300885
pretrain,medical_qa_767,"agent-openrouter-deepseek-v3-0324-002,agent-openrouter-deepseek-v3-0324-003,agent-openrouter-deepseek-v3-0324-004,agent-openrouter-deepseek-v3-0324-003,agent-openrouter-deepseek-v3-0324-003",5,1,1,0.7929515418502202
pretrain,medical_qa_158,"agent-openrouter-deepseek-v3-0324-002,agent-openrouter-deepseek-v3-0324-001,agent-openrouter-deepseek-v3-0324-003,agent-openrouter-deepseek-v3-0324-003,agent-openrouter-deepseek-v3-0324-001,agent-openrouter-deepseek-v3-0324-003",6,1,1,0.793859649122807
pretrain,medical_qa_242,"agent-openrouter-deepseek-v3-0324-002,agent-openrouter-deepseek-v3-0324-003,agent-openrouter-deepseek-v3-0324-004,agent-openrouter-deepseek-v3-0324-003,agent-openrouter-deepseek-v3-0324-003",5,0,1,0.7903930131004366
pretrain,medical_qa_166,"agent-openrouter-deepseek-v3-0324-002,agent-openrouter-deepseek-v3-0324-003,agent-openrouter-deepseek-v3-0324-004,agent-openrouter-deepseek-v3-0324-002,agent-openrouter-deepseek-v3-0324-004,agent-openrouter-deepseek-v3-0324-003",6,1,1,0.7913043478260869
pretrain,medical_qa_819,"agent-openrouter-deepseek-v3-0324-002,agent-openrouter-deepseek-v3-0324-003,agent-openrouter-deepseek-v3-0324-004,agent-openrouter-deepseek-v3-0324-003,agent-openrouter-deepseek-v3-0324-003,agent-openrouter-deepseek-v3-0324-003",6,1,1,0.7922077922077922
pretrain,medical_qa_830,"agent-openrouter-deepseek-v3-0324-003,agent-openrouter-deepseek-v3-0324-002,agent-openrouter-deepseek-v3-0324-004,agent-openrouter-deepseek-v3-0324-003,agent-openrouter-deepseek-v3-0324-003",5,0,1,0.7887931034482759
pretrain,medical_qa_181,"agent-openrouter-deepseek-v3-0324-003,agent-openrouter-deepseek-v3-0324-002,agent-openrouter-deepseek-v3-0324-004,agent-openrouter-deepseek-v3-0324-003,agent-openrouter-deepseek-v3-0324-003",5,0,1,0.7854077253218884
pretrain,medical_qa_422,"agent-openrouter-deepseek-v3-0324-002,agent-openrouter-deepseek-v3-0324-004,agent-openrouter-deepseek-v3-0324-003,agent-openrouter-deepseek-v3-0324-002,agent-openrouter-deepseek-v3-0324-003",5,0,1,0.782051282051282
pretrain,medical_qa_25,"agent-openrouter-deepseek-v3-0324-002,agent-openrouter-deepseek-v3-0324-003,agent-openrouter-deepseek-v3-0324-004,agent-openrouter-deepseek-v3-0324-002,agent-openrouter-deepseek-v3-0324-003,agent-openrouter-deepseek-v3-0324-003",6,1,1,0.7829787234042553
pretrain,medical_qa_183,"agent-openrouter-deepseek-v3-0324-002,agent-openrouter-deepseek-v3-0324-004,agent-openrouter-deepseek-v3-0324-003,agent-openrouter-deepseek-v3-0324-002,agent-openrouter-deepseek-v3-0324-002,agent-openrouter-deepseek-v3-0324-002,agent-openrouter-deepseek-v3-0324-003",7,0,1,0.7796610169491526
pretrain,medical_qa_754,"agent-openrouter-deepseek-v3-0324-002,agent-openrouter-deepseek-v3-0324-003,agent-openrouter-deepseek-v3-0324-004,agent-openrouter-deepseek-v3-0324-003,agent-openrouter-deepseek-v3-0324-003",5,1,1,0.7805907172995781
pretrain,medical_qa_1134,"agent-openrouter-deepseek-v3-0324-002,agent-openrouter-deepseek-v3-0324-004,agent-openrouter-deepseek-v3-0324-003,agent-openrouter-deepseek-v3-0324-002,agent-openrouter-deepseek-v3-0324-002,agent-openrouter-deepseek-v3-0324-002,agent-openrouter-deepseek-v3-0324-003",7,0,1,0.7773109243697479
pretrain,medical_qa_801,"agent-openrouter-deepseek-v3-0324-003,agent-openrouter-deepseek-v3-0324-004,agent-openrouter-deepseek-v3-0324-002,agent-openrouter-deepseek-v3-0324-003,agent-openrouter-deepseek-v3-0324-003,agent-openrouter-deepseek-v3-0324-003",6,1,1,0.7782426778242678
pretrain,medical_qa_421,"agent-openrouter-deepseek-v3-0324-004,agent-openrouter-deepseek-v3-0324-001,agent-openrouter-deepseek-v3-0324-002,agent-openrouter-deepseek-v3-0324-002,agent-openrouter-deepseek-v3-0324-001",5,0,1,0.775
pretrain,medical_qa_1256,"agent-openrouter-deepseek-v3-0324-001,agent-openrouter-deepseek-v3-0324-004,agent-openrouter-deepseek-v3-0324-003,agent-openrouter-deepseek-v3-0324-003,agent-openrouter-deepseek-v3-0324-003,agent-openrouter-deepseek-v3-0324-004,agent-openrouter-deepseek-v3-0324-003",7,1,1,0.7759336099585062
pretrain,medical_qa_970,"agent-openrouter-deepseek-v3-0324-001,agent-openrouter-deepseek-v3-0324-004,agent-openrouter-deepseek-v3-0324-005,agent-openrouter-deepseek-v3-0324-003,agent-openrouter-deepseek-v3-0324-001,agent-openrouter-deepseek-v3-0324-001,agent-openrouter-deepseek-v3-0324-003",7,1,1,0.7768595041322314
pretrain,medical_qa_752,"agent-openrouter-deepseek-v3-0324-004,agent-openrouter-deepseek-v3-0324-002,agent-openrouter-deepseek-v3-0324-003,agent-openrouter-deepseek-v3-0324-003,agent-openrouter-deepseek-v3-0324-004,agent-openrouter-deepseek-v3-0324-004,agent-openrouter-deepseek-v3-0324-003",7,1,1,0.7777777777777778
pretrain,medical_qa_254,"agent-openrouter-deepseek-v3-0324-002,agent-openrouter-deepseek-v3-0324-004,agent-openrouter-deepseek-v3-0324-003,agent-openrouter-deepseek-v3-0324-001,agent-openrouter-deepseek-v3-0324-001,agent-openrouter-deepseek-v3-0324-003",6,1,1,0.7786885245901639
pretrain,medical_qa_273,"agent-openrouter-deepseek-v3-0324-001,agent-openrouter-deepseek-v3-0324-003,agent-openrouter-deepseek-v3-0324-004,agent-openrouter-deepseek-v3-0324-001,agent-openrouter-deepseek-v3-0324-003",5,0,1,0.7755102040816326
pretrain,medical_qa_1215,"agent-openrouter-deepseek-v3-0324-002,agent-openrouter-deepseek-v3-0324-004,agent-openrouter-deepseek-v3-0324-003,agent-openrouter-deepseek-v3-0324-002,agent-openrouter-deepseek-v3-0324-002,agent-openrouter-deepseek-v3-0324-003,agent-openrouter-deepseek-v3-0324-003",7,1,1,0.7764227642276422
pretrain,medical_qa_806,"agent-openrouter-deepseek-v3-0324-004,agent-openrouter-deepseek-v3-0324-002,agent-openrouter-deepseek-v3-0324-003,agent-openrouter-deepseek-v3-0324-002,agent-openrouter-deepseek-v3-0324-002,agent-openrouter-deepseek-v3-0324-002,agent-openrouter-deepseek-v3-0324-003",7,1,1,0.7773279352226721
pretrain,medical_qa_718,"agent-openrouter-deepseek-v3-0324-004,agent-openrouter-deepseek-v3-0324-002,agent-openrouter-deepseek-v3-0324-003,agent-openrouter-deepseek-v3-0324-004,agent-openrouter-deepseek-v3-0324-001,agent-openrouter-deepseek-v3-0324-003",6,0,1,0.7741935483870968
pretrain,medical_qa_1062,"agent-openrouter-deepseek-v3-0324-005,agent-openrouter-deepseek-v3-0324-004,agent-openrouter-deepseek-v3-0324-003,agent-openrouter-deepseek-v3-0324-005,agent-openrouter-deepseek-v3-0324-003",5,1,1,0.7751004016064257
pretrain,medical_qa_391,"agent-openrouter-deepseek-v3-0324-002,agent-openrouter-deepseek-v3-0324-003,agent-openrouter-deepseek-v3-0324-004,agent-openrouter-deepseek-v3-0324-003,agent-openrouter-deepseek-v3-0324-003,agent-openrouter-deepseek-v3-0324-003",6,1,1,0.776
pretrain,medical_qa_1124,"agent-openrouter-deepseek-v3-0324-004,agent-openrouter-deepseek-v3-0324-002,agent-openrouter-deepseek-v3-0324-003,agent-openrouter-deepseek-v3-0324-002,agent-openrouter-deepseek-v3-0324-003",5,1,1,0.7768924302788844
pretrain,medical_qa_481,"agent-openrouter-deepseek-v3-0324-004,agent-openrouter-deepseek-v3-0324-002,agent-openrouter-deepseek-v3-0324-003,agent-openrouter-deepseek-v3-0324-003,agent-openrouter-deepseek-v3-0324-003",5,1,1,0.7777777777777778
pretrain,medical_qa_227,"agent-openrouter-deepseek-v3-0324-002,agent-openrouter-deepseek-v3-0324-003,agent-openrouter-deepseek-v3-0324-004,agent-openrouter-deepseek-v3-0324-003,agent-openrouter-deepseek-v3-0324-003",5,0,1,0.7747035573122529
pretrain,medical_qa_204,"agent-openrouter-deepseek-v3-0324-002,agent-openrouter-deepseek-v3-0324-004,agent-openrouter-deepseek-v3-0324-003,agent-openrouter-deepseek-v3-0324-002,agent-openrouter-deepseek-v3-0324-003",5,0,1,0.7716535433070866
pretrain,medical_qa_1113,"agent-openrouter-deepseek-v3-0324-004,agent-openrouter-deepseek-v3-0324-003,agent-openrouter-deepseek-v3-0324-002,agent-openrouter-deepseek-v3-0324-004,agent-openrouter-deepseek-v3-0324-003",5,1,1,0.7725490196078432
pretrain,medical_qa_358,"agent-openrouter-deepseek-v3-0324-001,agent-openrouter-deepseek-v3-0324-003,agent-openrouter-deepseek-v3-0324-002,agent-openrouter-deepseek-v3-0324-003,agent-openrouter-deepseek-v3-0324-003",5,1,1,0.7734375
pretrain,medical_qa_312,"agent-openrouter-deepseek-v3-0324-004,agent-openrouter-deepseek-v3-0324-003,agent-openrouter-deepseek-v3-0324-002,agent-openrouter-deepseek-v3-0324-004,agent-openrouter-deepseek-v3-0324-003",5,1,1,0.77431906614786
pretrain,medical_qa_814,"agent-openrouter-deepseek-v3-0324-003,agent-openrouter-deepseek-v3-0324-004,agent-openrouter-deepseek-v3-0324-002,agent-openrouter-deepseek-v3-0324-003,agent-openrouter-deepseek-v3-0324-003",5,1,1,0.7751937984496124
pretrain,medical_qa_233,"agent-openrouter-deepseek-v3-0324-003,agent-openrouter-deepseek-v3-0324-002,agent-openrouter-deepseek-v3-0324-004,agent-openrouter-deepseek-v3-0324-003",4,1,1,0.7760617760617761
pretrain,medical_qa_1146,"agent-openrouter-deepseek-v3-0324-003,agent-openrouter-deepseek-v3-0324-002,agent-openrouter-deepseek-v3-0324-004",3,1,1,0.7769230769230769
pretrain,medical_qa_24,"agent-openrouter-deepseek-v3-0324-004,agent-openrouter-deepseek-v3-0324-002,agent-openrouter-deepseek-v3-0324-003,agent-openrouter-deepseek-v3-0324-004,agent-openrouter-deepseek-v3-0324-001,agent-openrouter-deepseek-v3-0324-001",6,1,1,0.7777777777777778
pretrain,medical_qa_675,"agent-openrouter-deepseek-v3-0324-004,agent-openrouter-deepseek-v3-0324-005,agent-openrouter-deepseek-v3-0324-003,agent-openrouter-deepseek-v3-0324-005,agent-openrouter-deepseek-v3-0324-005,agent-openrouter-deepseek-v3-0324-003",6,1,1,0.7786259541984732
pretrain,medical_qa_197,"agent-openrouter-deepseek-v3-0324-002,agent-openrouter-deepseek-v3-0324-003,agent-openrouter-deepseek-v3-0324-004,agent-openrouter-deepseek-v3-0324-003,agent-openrouter-deepseek-v3-0324-003,agent-openrouter-deepseek-v3-0324-003",6,1,1,0.779467680608365
pretrain,medical_qa_408,"agent-openrouter-deepseek-v3-0324-002,agent-openrouter-deepseek-v3-0324-003,agent-openrouter-deepseek-v3-0324-004,agent-openrouter-deepseek-v3-0324-002,agent-openrouter-deepseek-v3-0324-004,agent-openrouter-deepseek-v3-0324-003,agent-openrouter-deepseek-v3-0324-003",7,1,1,0.7803030303030303
pretrain,medical_qa_336,"agent-openrouter-deepseek-v3-0324-002,agent-openrouter-deepseek-v3-0324-004,agent-openrouter-deepseek-v3-0324-003,agent-openrouter-deepseek-v3-0324-002,agent-openrouter-deepseek-v3-0324-003",5,0,1,0.7773584905660378
pretrain,medical_qa_1176,"agent-openrouter-deepseek-v3-0324-002,agent-openrouter-deepseek-v3-0324-004,agent-openrouter-deepseek-v3-0324-003,agent-openrouter-deepseek-v3-0324-002,agent-openrouter-deepseek-v3-0324-002,agent-openrouter-deepseek-v3-0324-003",6,0,1,0.7744360902255639
pretrain,medical_qa_71,"agent-openrouter-deepseek-v3-0324-002,agent-openrouter-deepseek-v3-0324-003,agent-openrouter-deepseek-v3-0324-004,agent-openrouter-deepseek-v3-0324-003,agent-openrouter-deepseek-v3-0324-003",5,1,1,0.7752808988764045
pretrain,medical_qa_791,"agent-openrouter-deepseek-v3-0324-004,agent-openrouter-deepseek-v3-0324-002,agent-openrouter-deepseek-v3-0324-003,agent-openrouter-deepseek-v3-0324-003,agent-openrouter-deepseek-v3-0324-003",5,0,1,0.7723880597014925
pretrain,medical_qa_807,"agent-openrouter-deepseek-v3-0324-004,agent-openrouter-deepseek-v3-0324-001,agent-openrouter-deepseek-v3-0324-003,agent-openrouter-deepseek-v3-0324-001,agent-openrouter-deepseek-v3-0324-001,agent-openrouter-deepseek-v3-0324-004,agent-openrouter-deepseek-v3-0324-003",7,1,1,0.7732342007434945
pretrain,medical_qa_359,"agent-openrouter-deepseek-v3-0324-002,agent-openrouter-deepseek-v3-0324-003,agent-openrouter-deepseek-v3-0324-004,agent-openrouter-deepseek-v3-0324-003",4,1,1,0.774074074074074
pretrain,medical_qa_656,"agent-openrouter-deepseek-v3-0324-002,agent-openrouter-deepseek-v3-0324-004,agent-openrouter-deepseek-v3-0324-003,agent-openrouter-deepseek-v3-0324-002,agent-openrouter-deepseek-v3-0324-002,agent-openrouter-deepseek-v3-0324-004",6,1,1,0.7749077490774908
pretrain,medical_qa_521,"agent-openrouter-deepseek-v3-0324-001,agent-openrouter-deepseek-v3-0324-004,agent-openrouter-deepseek-v3-0324-003,agent-openrouter-deepseek-v3-0324-004,agent-openrouter-deepseek-v3-0324-004,agent-openrouter-deepseek-v3-0324-003",6,1,1,0.7757352941176471
pretrain,medical_qa_409,"agent-openrouter-deepseek-v3-0324-002,agent-openrouter-deepseek-v3-0324-004,agent-openrouter-deepseek-v3-0324-003,agent-openrouter-deepseek-v3-0324-002,agent-openrouter-deepseek-v3-0324-003,agent-openrouter-deepseek-v3-0324-003",6,1,1,0.7765567765567766
pretrain,medical_qa_695,"agent-openrouter-deepseek-v3-0324-002,agent-openrouter-deepseek-v3-0324-004,agent-openrouter-deepseek-v3-0324-003,agent-openrouter-deepseek-v3-0324-002,agent-openrouter-deepseek-v3-0324-002,agent-openrouter-deepseek-v3-0324-003",6,1,1,0.7773722627737226
pretrain,medical_qa_549,"agent-openrouter-deepseek-v3-0324-002,agent-openrouter-deepseek-v3-0324-004,agent-openrouter-deepseek-v3-0324-003,agent-openrouter-deepseek-v3-0324-003",4,1,1,0.7781818181818182
pretrain,medical_qa_339,"agent-openrouter-deepseek-v3-0324-001,agent-openrouter-deepseek-v3-0324-002,agent-openrouter-deepseek-v3-0324-003,agent-openrouter-deepseek-v3-0324-002,agent-openrouter-deepseek-v3-0324-003",5,1,1,0.7789855072463768
pretrain,medical_qa_28,"agent-openrouter-deepseek-v3-0324-004,agent-openrouter-deepseek-v3-0324-003,agent-openrouter-deepseek-v3-0324-002,agent-openrouter-deepseek-v3-0324-003,agent-openrouter-deepseek-v3-0324-003,agent-openrouter-deepseek-v3-0324-003",6,1,1,0.779783393501805
pretrain,medical_qa_917,"agent-openrouter-deepseek-v3-0324-002,agent-openrouter-deepseek-v3-0324-003,agent-openrouter-deepseek-v3-0324-004,agent-openrouter-deepseek-v3-0324-003,agent-openrouter-deepseek-v3-0324-003,agent-openrouter-deepseek-v3-0324-003,agent-openrouter-deepseek-v3-0324-003,agent-openrouter-deepseek-v3-0324-003",8,1,1,0.7805755395683454
pretrain,medical_qa_972,"agent-openrouter-deepseek-v3-0324-003,agent-openrouter-deepseek-v3-0324-001,agent-openrouter-deepseek-v3-0324-002,agent-openrouter-deepseek-v3-0324-003,agent-openrouter-deepseek-v3-0324-003",5,1,1,0.7813620071684588
pretrain,medical_qa_182,"agent-openrouter-deepseek-v3-0324-002,agent-openrouter-deepseek-v3-0324-004,agent-openrouter-deepseek-v3-0324-003,agent-openrouter-deepseek-v3-0324-002,agent-openrouter-deepseek-v3-0324-003",5,1,1,0.7821428571428571
pretrain,medical_qa_594,"agent-openrouter-deepseek-v3-0324-002,agent-openrouter-deepseek-v3-0324-004,agent-openrouter-deepseek-v3-0324-003,agent-openrouter-deepseek-v3-0324-002,agent-openrouter-deepseek-v3-0324-002,agent-openrouter-deepseek-v3-0324-003",6,1,1,0.7829181494661922
pretrain,medical_qa_1198,"agent-openrouter-deepseek-v3-0324-002,agent-openrouter-deepseek-v3-0324-004,agent-openrouter-deepseek-v3-0324-001,agent-openrouter-deepseek-v3-0324-004,agent-openrouter-deepseek-v3-0324-003",5,0,1,0.7801418439716312
pretrain,medical_qa_822,"agent-openrouter-deepseek-v3-0324-002,agent-openrouter-deepseek-v3-0324-003,agent-openrouter-deepseek-v3-0324-004,agent-openrouter-deepseek-v3-0324-002",4,0,1,0.7773851590106007
pretrain,medical_qa_111,"agent-openrouter-deepseek-v3-0324-002,agent-openrouter-deepseek-v3-0324-004,agent-openrouter-deepseek-v3-0324-003,agent-openrouter-deepseek-v3-0324-004",4,1,1,0.778169014084507
pretrain,medical_qa_610,"agent-openrouter-deepseek-v3-0324-004,agent-openrouter-deepseek-v3-0324-002,agent-openrouter-deepseek-v3-0324-003,agent-openrouter-deepseek-v3-0324-004,agent-openrouter-deepseek-v3-0324-004,agent-openrouter-deepseek-v3-0324-003",6,1,1,0.7789473684210526
pretrain,medical_qa_444,"agent-openrouter-deepseek-v3-0324-003,agent-openrouter-deepseek-v3-0324-004,agent-openrouter-deepseek-v3-0324-002,agent-openrouter-deepseek-v3-0324-003,agent-openrouter-deepseek-v3-0324-004,agent-openrouter-deepseek-v3-0324-003",6,1,1,0.7797202797202797
pretrain,medical_qa_353,"agent-openrouter-deepseek-v3-0324-002,agent-openrouter-deepseek-v3-0324-004,agent-openrouter-deepseek-v3-0324-003,agent-openrouter-deepseek-v3-0324-004,agent-openrouter-deepseek-v3-0324-003",5,1,1,0.7804878048780488
pretrain,medical_qa_746,"agent-openrouter-deepseek-v3-0324-004,agent-openrouter-deepseek-v3-0324-002,agent-openrouter-deepseek-v3-0324-003",3,1,1,0.78125
pretrain,medical_qa_1072,"agent-openrouter-deepseek-v3-0324-003,agent-openrouter-deepseek-v3-0324-002,agent-openrouter-deepseek-v3-0324-005,agent-openrouter-deepseek-v3-0324-003,agent-openrouter-deepseek-v3-0324-003,agent-openrouter-deepseek-v3-0324-003",6,1,1,0.7820069204152249
pretrain,medical_qa_446,"agent-openrouter-deepseek-v3-0324-004,agent-openrouter-deepseek-v3-0324-002,agent-openrouter-deepseek-v3-0324-003,agent-openrouter-deepseek-v3-0324-004,agent-openrouter-deepseek-v3-0324-003",5,1,1,0.7827586206896552
pretrain,medical_qa_620,"agent-openrouter-deepseek-v3-0324-002,agent-openrouter-deepseek-v3-0324-004,agent-openrouter-deepseek-v3-0324-003,agent-openrouter-deepseek-v3-0324-003",4,1,1,0.7835051546391752
pretrain,medical_qa_523,"agent-openrouter-deepseek-v3-0324-003,agent-openrouter-deepseek-v3-0324-002,agent-openrouter-deepseek-v3-0324-004,agent-openrouter-deepseek-v3-0324-003,agent-openrouter-deepseek-v3-0324-003",5,1,1,0.7842465753424658
pretrain,medical_qa_795,"agent-openrouter-deepseek-v3-0324-005,agent-openrouter-deepseek-v3-0324-003,agent-openrouter-deepseek-v3-0324-004,agent-openrouter-deepseek-v3-0324-003",4,1,1,0.7849829351535836
pretrain,medical_qa_394,"agent-openrouter-deepseek-v3-0324-002,agent-openrouter-deepseek-v3-0324-004,agent-openrouter-deepseek-v3-0324-003,agent-openrouter-deepseek-v3-0324-003",4,0,1,0.782312925170068
pretrain,medical_qa_590,"agent-openrouter-deepseek-v3-0324-004,agent-openrouter-deepseek-v3-0324-002,agent-openrouter-deepseek-v3-0324-003,agent-openrouter-deepseek-v3-0324-003",4,1,1,0.7830508474576271
pretrain,medical_qa_1181,"agent-openrouter-deepseek-v3-0324-002,agent-openrouter-deepseek-v3-0324-004,agent-openrouter-deepseek-v3-0324-003,agent-openrouter-deepseek-v3-0324-002,agent-openrouter-deepseek-v3-0324-003",5,0,1,0.7804054054054054
pretrain,medical_qa_260,"agent-openrouter-deepseek-v3-0324-002,agent-openrouter-deepseek-v3-0324-003,agent-openrouter-deepseek-v3-0324-004,agent-openrouter-deepseek-v3-0324-003,agent-openrouter-deepseek-v3-0324-003,agent-openrouter-deepseek-v3-0324-003",6,0,1,0.7777777777777778
pretrain,medical_qa_1144,"agent-openrouter-deepseek-v3-0324-002,agent-openrouter-deepseek-v3-0324-003,agent-openrouter-deepseek-v3-0324-005,agent-openrouter-deepseek-v3-0324-002,agent-openrouter-deepseek-v3-0324-003",5,0,1,0.7751677852348994
pretrain,medical_qa_1066,"agent-openrouter-deepseek-v3-0324-003,agent-openrouter-deepseek-v3-0324-002,agent-openrouter-deepseek-v3-0324-004",3,1,1,0.7759197324414716
pretrain,medical_qa_783,"agent-openrouter-deepseek-v3-0324-002,agent-openrouter-deepseek-v3-0324-003,agent-openrouter-deepseek-v3-0324-004,agent-openrouter-deepseek-v3-0324-003,agent-openrouter-deepseek-v3-0324-004,agent-openrouter-deepseek-v3-0324-003",6,1,1,0.7766666666666666
test,medical_qa_1127,"agent-openrouter-deepseek-v3-0324-003,agent-openrouter-deepseek-v3-0324-002,agent-openrouter-deepseek-v3-0324-004,agent-openrouter-deepseek-v3-0324-003,agent-openrouter-deepseek-v3-0324-003,agent-openrouter-deepseek-v3-0324-003,agent-openrouter-deepseek-v3-0324-003",7,0,1,0.0
test,medical_qa_532,"agent-openrouter-deepseek-v3-0324-004,agent-openrouter-deepseek-v3-0324-002,agent-openrouter-deepseek-v3-0324-003,agent-openrouter-deepseek-v3-0324-002,agent-openrouter-deepseek-v3-0324-003",5,1,1,0.5
test,medical_qa_551,"agent-openrouter-deepseek-v3-0324-002,agent-openrouter-deepseek-v3-0324-004,agent-openrouter-deepseek-v3-0324-003,agent-openrouter-deepseek-v3-0324-004,agent-openrouter-deepseek-v3-0324-002,agent-openrouter-deepseek-v3-0324-003",6,1,1,0.6666666666666666
test,medical_qa_904,"agent-openrouter-deepseek-v3-0324-002,agent-openrouter-deepseek-v3-0324-004,agent-openrouter-deepseek-v3-0324-003,agent-openrouter-deepseek-v3-0324-002,agent-openrouter-deepseek-v3-0324-003",5,1,1,0.75
test,medical_qa_736,"agent-openrouter-deepseek-v3-0324-003,agent-openrouter-deepseek-v3-0324-002,agent-openrouter-deepseek-v3-0324-004,agent-openrouter-deepseek-v3-0324-002,agent-openrouter-deepseek-v3-0324-003",5,1,1,0.8
test,medical_qa_992,"agent-openrouter-deepseek-v3-0324-003,agent-openrouter-deepseek-v3-0324-004,agent-openrouter-deepseek-v3-0324-002",3,1,1,0.8333333333333334
test,medical_qa_925,"agent-openrouter-deepseek-v3-0324-002,agent-openrouter-deepseek-v3-0324-003,agent-openrouter-deepseek-v3-0324-004,agent-openrouter-deepseek-v3-0324-002,agent-openrouter-deepseek-v3-0324-002,agent-openrouter-deepseek-v3-0324-002,agent-openrouter-deepseek-v3-0324-002",7,1,1,0.8571428571428571
test,medical_qa_686,"agent-openrouter-deepseek-v3-0324-003,agent-openrouter-deepseek-v3-0324-004,agent-openrouter-deepseek-v3-0324-002,agent-openrouter-deepseek-v3-0324-003,agent-openrouter-deepseek-v3-0324-003,agent-openrouter-deepseek-v3-0324-003,agent-openrouter-deepseek-v3-0324-003",7,1,1,0.875
test,medical_qa_1061,"agent-openrouter-deepseek-v3-0324-002,agent-openrouter-deepseek-v3-0324-004,agent-openrouter-deepseek-v3-0324-003,agent-openrouter-deepseek-v3-0324-002,agent-openrouter-deepseek-v3-0324-003",5,1,1,0.8888888888888888
test,medical_qa_372,"agent-openrouter-deepseek-v3-0324-002,agent-openrouter-deepseek-v3-0324-004,agent-openrouter-deepseek-v3-0324-003,agent-openrouter-deepseek-v3-0324-004,agent-openrouter-deepseek-v3-0324-004,agent-openrouter-deepseek-v3-0324-003",6,1,1,0.9
test,medical_qa_441,"agent-openrouter-deepseek-v3-0324-002,agent-openrouter-deepseek-v3-0324-003,agent-openrouter-deepseek-v3-0324-004,agent-openrouter-deepseek-v3-0324-002,agent-openrouter-deepseek-v3-0324-003",5,1,1,0.9090909090909091
test,medical_qa_930,"agent-openrouter-deepseek-v3-0324-004,agent-openrouter-deepseek-v3-0324-002,agent-openrouter-deepseek-v3-0324-003,agent-openrouter-deepseek-v3-0324-004,agent-openrouter-deepseek-v3-0324-003",5,1,1,0.9166666666666666
test,medical_qa_680,"agent-openrouter-deepseek-v3-0324-002,agent-openrouter-deepseek-v3-0324-004,agent-openrouter-deepseek-v3-0324-003,agent-openrouter-deepseek-v3-0324-002,agent-openrouter-deepseek-v3-0324-002,agent-openrouter-deepseek-v3-0324-003",6,1,1,0.9230769230769231
test,medical_qa_1109,"agent-openrouter-deepseek-v3-0324-004,agent-openrouter-deepseek-v3-0324-002,agent-openrouter-deepseek-v3-0324-003,agent-openrouter-deepseek-v3-0324-002,agent-openrouter-deepseek-v3-0324-004,agent-openrouter-deepseek-v3-0324-002,agent-openrouter-deepseek-v3-0324-002",7,1,1,0.9285714285714286
test,medical_qa_1102,"agent-openrouter-deepseek-v3-0324-003,agent-openrouter-deepseek-v3-0324-004,agent-openrouter-deepseek-v3-0324-002,agent-openrouter-deepseek-v3-0324-003,agent-openrouter-deepseek-v3-0324-003",5,1,1,0.9333333333333333
test,medical_qa_784,"agent-openrouter-deepseek-v3-0324-004,agent-openrouter-deepseek-v3-0324-003,agent-openrouter-deepseek-v3-0324-002,agent-openrouter-deepseek-v3-0324-003,agent-openrouter-deepseek-v3-0324-004,agent-openrouter-deepseek-v3-0324-003",6,0,1,0.875
test,medical_qa_922,"agent-openrouter-deepseek-v3-0324-004,agent-openrouter-deepseek-v3-0324-003,agent-openrouter-deepseek-v3-0324-002,agent-openrouter-deepseek-v3-0324-003",4,1,1,0.8823529411764706
test,medical_qa_127,"agent-openrouter-deepseek-v3-0324-004,agent-openrouter-deepseek-v3-0324-003,agent-openrouter-deepseek-v3-0324-002,agent-openrouter-deepseek-v3-0324-003",4,1,1,0.8888888888888888
test,medical_qa_737,"agent-openrouter-deepseek-v3-0324-004,agent-openrouter-deepseek-v3-0324-002,agent-openrouter-deepseek-v3-0324-003,agent-openrouter-deepseek-v3-0324-004,agent-openrouter-deepseek-v3-0324-003",5,1,1,0.8947368421052632
test,medical_qa_961,"agent-openrouter-deepseek-v3-0324-005,agent-openrouter-deepseek-v3-0324-002,agent-openrouter-deepseek-v3-0324-003,agent-openrouter-deepseek-v3-0324-005,agent-openrouter-deepseek-v3-0324-005,agent-openrouter-deepseek-v3-0324-003",6,0,1,0.85
test,medical_qa_519,"agent-openrouter-deepseek-v3-0324-004,agent-openrouter-deepseek-v3-0324-003,agent-openrouter-deepseek-v3-0324-001,agent-openrouter-deepseek-v3-0324-004,agent-openrouter-deepseek-v3-0324-004,agent-openrouter-deepseek-v3-0324-004",6,1,1,0.8571428571428571
test,medical_qa_316,"agent-openrouter-deepseek-v3-0324-005,agent-openrouter-deepseek-v3-0324-004,agent-openrouter-deepseek-v3-0324-002,agent-openrouter-deepseek-v3-0324-001,agent-openrouter-deepseek-v3-0324-001,agent-openrouter-deepseek-v3-0324-003",6,1,1,0.8636363636363636
test,medical_qa_935,"agent-openrouter-deepseek-v3-0324-002,agent-openrouter-deepseek-v3-0324-003,agent-openrouter-deepseek-v3-0324-004,agent-openrouter-deepseek-v3-0324-003",4,1,1,0.8695652173913043
test,medical_qa_418,"agent-openrouter-deepseek-v3-0324-003,agent-openrouter-deepseek-v3-0324-002,agent-openrouter-deepseek-v3-0324-004,agent-openrouter-deepseek-v3-0324-003,agent-openrouter-deepseek-v3-0324-003,agent-openrouter-deepseek-v3-0324-003",6,1,1,0.875
test,medical_qa_1199,"agent-openrouter-deepseek-v3-0324-003,agent-openrouter-deepseek-v3-0324-005,agent-openrouter-deepseek-v3-0324-002,agent-openrouter-deepseek-v3-0324-005,agent-openrouter-deepseek-v3-0324-005,agent-openrouter-deepseek-v3-0324-003",6,1,1,0.88
test,medical_qa_412,"agent-openrouter-deepseek-v3-0324-004,agent-openrouter-deepseek-v3-0324-003,agent-openrouter-deepseek-v3-0324-002,agent-openrouter-deepseek-v3-0324-003,agent-openrouter-deepseek-v3-0324-004,agent-openrouter-deepseek-v3-0324-002",6,1,1,0.8846153846153846
test,medical_qa_713,"agent-openrouter-deepseek-v3-0324-004,agent-openrouter-deepseek-v3-0324-003,agent-openrouter-deepseek-v3-0324-002,agent-openrouter-deepseek-v3-0324-004,agent-openrouter-deepseek-v3-0324-004,agent-openrouter-deepseek-v3-0324-001,agent-openrouter-deepseek-v3-0324-004",7,1,1,0.8888888888888888
test,medical_qa_302,"agent-openrouter-deepseek-v3-0324-003,agent-openrouter-deepseek-v3-0324-002,agent-openrouter-deepseek-v3-0324-004,agent-openrouter-deepseek-v3-0324-003,agent-openrouter-deepseek-v3-0324-003,agent-openrouter-deepseek-v3-0324-003",6,1,1,0.8928571428571429
test,medical_qa_1097,"agent-openrouter-deepseek-v3-0324-002,agent-openrouter-deepseek-v3-0324-004,agent-openrouter-deepseek-v3-0324-003,agent-openrouter-deepseek-v3-0324-003,agent-openrouter-deepseek-v3-0324-003,agent-openrouter-deepseek-v3-0324-003",6,1,1,0.896551724137931
test,medical_qa_863,"agent-openrouter-deepseek-v3-0324-001,agent-openrouter-deepseek-v3-0324-004,agent-openrouter-deepseek-v3-0324-003,agent-openrouter-deepseek-v3-0324-001,agent-openrouter-deepseek-v3-0324-001,agent-openrouter-deepseek-v3-0324-001,agent-openrouter-deepseek-v3-0324-003",7,1,1,0.9
test,medical_qa_196,"agent-openrouter-deepseek-v3-0324-003,agent-openrouter-deepseek-v3-0324-004,agent-openrouter-deepseek-v3-0324-001,agent-openrouter-deepseek-v3-0324-003,agent-openrouter-deepseek-v3-0324-003",5,1,1,0.9032258064516129
test,medical_qa_430,"agent-openrouter-deepseek-v3-0324-004,agent-openrouter-deepseek-v3-0324-003,agent-openrouter-deepseek-v3-0324-002,agent-openrouter-deepseek-v3-0324-004,agent-openrouter-deepseek-v3-0324-003",5,1,1,0.90625
test,medical_qa_914,"agent-openrouter-deepseek-v3-0324-004,agent-openrouter-deepseek-v3-0324-003,agent-openrouter-deepseek-v3-0324-002,agent-openrouter-deepseek-v3-0324-003,agent-openrouter-deepseek-v3-0324-003",5,0,1,0.8787878787878788
test,medical_qa_388,"agent-openrouter-deepseek-v3-0324-004,agent-openrouter-deepseek-v3-0324-003,agent-openrouter-deepseek-v3-0324-002,agent-openrouter-deepseek-v3-0324-004,agent-openrouter-deepseek-v3-0324-004,agent-openrouter-deepseek-v3-0324-001,agent-openrouter-deepseek-v3-0324-003",7,1,1,0.8823529411764706
test,medical_qa_693,"agent-openrouter-deepseek-v3-0324-001,agent-openrouter-deepseek-v3-0324-004,agent-openrouter-deepseek-v3-0324-003,agent-openrouter-deepseek-v3-0324-002,agent-openrouter-deepseek-v3-0324-001,agent-openrouter-deepseek-v3-0324-002,agent-openrouter-deepseek-v3-0324-003",7,1,1,0.8857142857142857
test,medical_qa_1264,"agent-openrouter-deepseek-v3-0324-003,agent-openrouter-deepseek-v3-0324-002,agent-openrouter-deepseek-v3-0324-001,agent-openrouter-deepseek-v3-0324-003,agent-openrouter-deepseek-v3-0324-003",5,1,1,0.8888888888888888
test,medical_qa_630,"agent-openrouter-deepseek-v3-0324-004,agent-openrouter-deepseek-v3-0324-002,agent-openrouter-deepseek-v3-0324-003,agent-openrouter-deepseek-v3-0324-005,agent-openrouter-deepseek-v3-0324-003",5,1,1,0.8918918918918919
test,medical_qa_582,"agent-openrouter-deepseek-v3-0324-004,agent-openrouter-deepseek-v3-0324-003,agent-openrouter-deepseek-v3-0324-002,agent-openrouter-deepseek-v3-0324-004,agent-openrouter-deepseek-v3-0324-002",5,0,1,0.868421052631579
test,medical_qa_308,"agent-openrouter-deepseek-v3-0324-005,agent-openrouter-deepseek-v3-0324-004,agent-openrouter-deepseek-v3-0324-003,agent-openrouter-deepseek-v3-0324-003",4,1,1,0.8717948717948718
test,medical_qa_415,"agent-openrouter-deepseek-v3-0324-003,agent-openrouter-deepseek-v3-0324-004,agent-openrouter-deepseek-v3-0324-002,agent-openrouter-deepseek-v3-0324-003,agent-openrouter-deepseek-v3-0324-003",5,1,1,0.875
test,medical_qa_561,"agent-openrouter-deepseek-v3-0324-004,agent-openrouter-deepseek-v3-0324-003,agent-openrouter-deepseek-v3-0324-002,agent-openrouter-deepseek-v3-0324-003,agent-openrouter-deepseek-v3-0324-003,agent-openrouter-deepseek-v3-0324-003",6,1,1,0.8780487804878049
test,medical_qa_0,"agent-openrouter-deepseek-v3-0324-002,agent-openrouter-deepseek-v3-0324-003,agent-openrouter-deepseek-v3-0324-004,agent-openrouter-deepseek-v3-0324-002,agent-openrouter-deepseek-v3-0324-002",5,0,1,0.8571428571428571
test,medical_qa_311,"agent-openrouter-deepseek-v3-0324-004,agent-openrouter-deepseek-v3-0324-003,agent-openrouter-deepseek-v3-0324-002,agent-openrouter-deepseek-v3-0324-002,agent-openrouter-deepseek-v3-0324-004,agent-openrouter-deepseek-v3-0324-003",6,1,1,0.8604651162790697
test,medical_qa_293,"agent-openrouter-deepseek-v3-0324-002,agent-openrouter-deepseek-v3-0324-004,agent-openrouter-deepseek-v3-0324-003,agent-openrouter-deepseek-v3-0324-002,agent-openrouter-deepseek-v3-0324-002,agent-openrouter-deepseek-v3-0324-003",6,1,1,0.8636363636363636
test,medical_qa_856,"agent-openrouter-deepseek-v3-0324-002,agent-openrouter-deepseek-v3-0324-004,agent-openrouter-deepseek-v3-0324-003,agent-openrouter-deepseek-v3-0324-002,agent-openrouter-deepseek-v3-0324-004",5,0,1,0.8444444444444444
test,medical_qa_1051,"agent-openrouter-deepseek-v3-0324-001,agent-openrouter-deepseek-v3-0324-004,agent-openrouter-deepseek-v3-0324-002,agent-openrouter-deepseek-v3-0324-002,agent-openrouter-deepseek-v3-0324-001,agent-openrouter-deepseek-v3-0324-002",6,0,1,0.8260869565217391
test,medical_qa_1017,"agent-openrouter-deepseek-v3-0324-003,agent-openrouter-deepseek-v3-0324-002,agent-openrouter-deepseek-v3-0324-004,agent-openrouter-deepseek-v3-0324-003,agent-openrouter-deepseek-v3-0324-004,agent-openrouter-deepseek-v3-0324-003,agent-openrouter-deepseek-v3-0324-003",7,1,1,0.8297872340425532
test,medical_qa_621,"agent-openrouter-deepseek-v3-0324-002,agent-openrouter-deepseek-v3-0324-003,agent-openrouter-deepseek-v3-0324-004,agent-openrouter-deepseek-v3-0324-002,agent-openrouter-deepseek-v3-0324-002,agent-openrouter-deepseek-v3-0324-003",6,0,1,0.8125
test,medical_qa_670,"agent-openrouter-deepseek-v3-0324-001,agent-openrouter-deepseek-v3-0324-003,agent-openrouter-deepseek-v3-0324-004,agent-openrouter-deepseek-v3-0324-001,agent-openrouter-deepseek-v3-0324-004,agent-openrouter-deepseek-v3-0324-001,agent-openrouter-deepseek-v3-0324-003",7,0,1,0.7959183673469388
test,medical_qa_329,"agent-openrouter-deepseek-v3-0324-001,agent-openrouter-deepseek-v3-0324-004,agent-openrouter-deepseek-v3-0324-003,agent-openrouter-deepseek-v3-0324-001,agent-openrouter-deepseek-v3-0324-003,agent-openrouter-deepseek-v3-0324-002,agent-openrouter-deepseek-v3-0324-003",7,0,1,0.78
test,medical_qa_1214,"agent-openrouter-deepseek-v3-0324-003,agent-openrouter-deepseek-v3-0324-002,agent-openrouter-deepseek-v3-0324-004,agent-openrouter-deepseek-v3-0324-002,agent-openrouter-deepseek-v3-0324-004",5,1,1,0.7843137254901961
test,medical_qa_881,"agent-openrouter-deepseek-v3-0324-002,agent-openrouter-deepseek-v3-0324-003,agent-openrouter-deepseek-v3-0324-004,agent-openrouter-deepseek-v3-0324-002,agent-openrouter-deepseek-v3-0324-002,agent-openrouter-deepseek-v3-0324-003",6,1,1,0.7884615384615384
test,medical_qa_721,"agent-openrouter-deepseek-v3-0324-001,agent-openrouter-deepseek-v3-0324-004,agent-openrouter-deepseek-v3-0324-003,agent-openrouter-deepseek-v3-0324-001,agent-openrouter-deepseek-v3-0324-001,agent-openrouter-deepseek-v3-0324-003",6,1,1,0.7924528301886793
test,medical_qa_993,"agent-openrouter-deepseek-v3-0324-002,agent-openrouter-deepseek-v3-0324-004,agent-openrouter-deepseek-v3-0324-003,agent-openrouter-deepseek-v3-0324-004,agent-openrouter-deepseek-v3-0324-004,agent-openrouter-deepseek-v3-0324-003",6,1,1,0.7962962962962963
test,medical_qa_948,"agent-openrouter-deepseek-v3-0324-001,agent-openrouter-deepseek-v3-0324-002,agent-openrouter-deepseek-v3-0324-003,agent-openrouter-deepseek-v3-0324-001,agent-openrouter-deepseek-v3-0324-002,agent-openrouter-deepseek-v3-0324-003",6,0,1,0.7818181818181819
test,medical_qa_1156,"agent-openrouter-deepseek-v3-0324-003,agent-openrouter-deepseek-v3-0324-004,agent-openrouter-deepseek-v3-0324-002,agent-openrouter-deepseek-v3-0324-003,agent-openrouter-deepseek-v3-0324-003,agent-openrouter-deepseek-v3-0324-003",6,1,1,0.7857142857142857
test,medical_qa_1040,"agent-openrouter-deepseek-v3-0324-002,agent-openrouter-deepseek-v3-0324-003,agent-openrouter-deepseek-v3-0324-004,agent-openrouter-deepseek-v3-0324-003,agent-openrouter-deepseek-v3-0324-003",5,1,1,0.7894736842105263
test,medical_qa_173,"agent-openrouter-deepseek-v3-0324-005,agent-openrouter-deepseek-v3-0324-004,agent-openrouter-deepseek-v3-0324-002,agent-openrouter-deepseek-v3-0324-002,agent-openrouter-deepseek-v3-0324-003",5,1,1,0.7931034482758621
test,medical_qa_674,"agent-openrouter-deepseek-v3-0324-004,agent-openrouter-deepseek-v3-0324-002,agent-openrouter-deepseek-v3-0324-003,agent-openrouter-deepseek-v3-0324-002,agent-openrouter-deepseek-v3-0324-003",5,1,1,0.7966101694915254
test,medical_qa_86,"agent-openrouter-deepseek-v3-0324-001,agent-openrouter-deepseek-v3-0324-003,agent-openrouter-deepseek-v3-0324-004,agent-openrouter-deepseek-v3-0324-001,agent-openrouter-deepseek-v3-0324-003",5,1,1,0.8
test,medical_qa_290,"agent-openrouter-deepseek-v3-0324-002,agent-openrouter-deepseek-v3-0324-004,agent-openrouter-deepseek-v3-0324-003,agent-openrouter-deepseek-v3-0324-002,agent-openrouter-deepseek-v3-0324-002,agent-openrouter-deepseek-v3-0324-003",6,1,1,0.8032786885245902
test,medical_qa_527,"agent-openrouter-deepseek-v3-0324-002,agent-openrouter-deepseek-v3-0324-003,agent-openrouter-deepseek-v3-0324-004,agent-openrouter-deepseek-v3-0324-003,agent-openrouter-deepseek-v3-0324-003",5,1,1,0.8064516129032258
test,medical_qa_756,"agent-openrouter-deepseek-v3-0324-004,agent-openrouter-deepseek-v3-0324-002,agent-openrouter-deepseek-v3-0324-003,agent-openrouter-deepseek-v3-0324-002,agent-openrouter-deepseek-v3-0324-004,agent-openrouter-deepseek-v3-0324-003",6,1,1,0.8095238095238095
test,medical_qa_648,"agent-openrouter-deepseek-v3-0324-002,agent-openrouter-deepseek-v3-0324-003,agent-openrouter-deepseek-v3-0324-004,agent-openrouter-deepseek-v3-0324-002,agent-openrouter-deepseek-v3-0324-003",5,1,1,0.8125
test,medical_qa_981,"agent-openrouter-deepseek-v3-0324-004,agent-openrouter-deepseek-v3-0324-005,agent-openrouter-deepseek-v3-0324-003",3,1,1,0.8153846153846154
test,medical_qa_343,"agent-openrouter-deepseek-v3-0324-002,agent-openrouter-deepseek-v3-0324-003,agent-openrouter-deepseek-v3-0324-004,agent-openrouter-deepseek-v3-0324-003,agent-openrouter-deepseek-v3-0324-002,agent-openrouter-deepseek-v3-0324-003",6,1,1,0.8181818181818182
test,medical_qa_95,"agent-openrouter-deepseek-v3-0324-002,agent-openrouter-deepseek-v3-0324-003,agent-openrouter-deepseek-v3-0324-004,agent-openrouter-deepseek-v3-0324-003,agent-openrouter-deepseek-v3-0324-003,agent-openrouter-deepseek-v3-0324-003",6,1,1,0.8208955223880597
test,medical_qa_1019,"agent-openrouter-deepseek-v3-0324-002,agent-openrouter-deepseek-v3-0324-005,agent-openrouter-deepseek-v3-0324-001,agent-openrouter-deepseek-v3-0324-002,agent-openrouter-deepseek-v3-0324-005",5,1,1,0.8235294117647058
test,medical_qa_688,"agent-openrouter-deepseek-v3-0324-002,agent-openrouter-deepseek-v3-0324-004,agent-openrouter-deepseek-v3-0324-003,agent-openrouter-deepseek-v3-0324-002,agent-openrouter-deepseek-v3-0324-003,agent-openrouter-deepseek-v3-0324-003",6,0,1,0.8115942028985508
test,medical_qa_1023,"agent-openrouter-deepseek-v3-0324-002,agent-openrouter-deepseek-v3-0324-004,agent-openrouter-deepseek-v3-0324-003,agent-openrouter-deepseek-v3-0324-003,agent-openrouter-deepseek-v3-0324-003",5,1,1,0.8142857142857143
test,medical_qa_230,"agent-openrouter-deepseek-v3-0324-001,agent-openrouter-deepseek-v3-0324-003,agent-openrouter-deepseek-v3-0324-002,agent-openrouter-deepseek-v3-0324-003,agent-openrouter-deepseek-v3-0324-001,agent-openrouter-deepseek-v3-0324-003",6,1,1,0.8169014084507042
test,medical_qa_203,"agent-openrouter-deepseek-v3-0324-002,agent-openrouter-deepseek-v3-0324-004,agent-openrouter-deepseek-v3-0324-003,agent-openrouter-deepseek-v3-0324-002,agent-openrouter-deepseek-v3-0324-003",5,0,1,0.8055555555555556
test,medical_qa_150,"agent-openrouter-deepseek-v3-0324-004,agent-openrouter-deepseek-v3-0324-002,agent-openrouter-deepseek-v3-0324-003,agent-openrouter-deepseek-v3-0324-003,agent-openrouter-deepseek-v3-0324-004,agent-openrouter-deepseek-v3-0324-003",6,1,1,0.8082191780821918
test,medical_qa_838,"agent-openrouter-deepseek-v3-0324-002,agent-openrouter-deepseek-v3-0324-003,agent-openrouter-deepseek-v3-0324-004,agent-openrouter-deepseek-v3-0324-003,agent-openrouter-deepseek-v3-0324-003",5,1,1,0.8108108108108109
test,medical_qa_47,"agent-openrouter-deepseek-v3-0324-004,agent-openrouter-deepseek-v3-0324-003,agent-openrouter-deepseek-v3-0324-002,agent-openrouter-deepseek-v3-0324-004,agent-openrouter-deepseek-v3-0324-003",5,1,1,0.8133333333333334
test,medical_qa_1229,"agent-openrouter-deepseek-v3-0324-003,agent-openrouter-deepseek-v3-0324-001,agent-openrouter-deepseek-v3-0324-002,agent-openrouter-deepseek-v3-0324-001,agent-openrouter-deepseek-v3-0324-001,agent-openrouter-deepseek-v3-0324-001,agent-openrouter-deepseek-v3-0324-003",7,0,1,0.8026315789473685
test,medical_qa_486,"agent-openrouter-deepseek-v3-0324-002,agent-openrouter-deepseek-v3-0324-004,agent-openrouter-deepseek-v3-0324-003,agent-openrouter-deepseek-v3-0324-004,agent-openrouter-deepseek-v3-0324-003",5,1,1,0.8051948051948052
test,medical_qa_625,"agent-openrouter-deepseek-v3-0324-002,agent-openrouter-deepseek-v3-0324-003,agent-openrouter-deepseek-v3-0324-004",3,0,1,0.7948717948717948
test,medical_qa_1063,"agent-openrouter-deepseek-v3-0324-003,agent-openrouter-deepseek-v3-0324-004,agent-openrouter-deepseek-v3-0324-001",3,1,1,0.7974683544303798
test,medical_qa_1217,"agent-openrouter-deepseek-v3-0324-004,agent-openrouter-deepseek-v3-0324-003,agent-openrouter-deepseek-v3-0324-002,agent-openrouter-deepseek-v3-0324-004,agent-openrouter-deepseek-v3-0324-003,agent-openrouter-deepseek-v3-0324-003",6,1,1,0.8
test,medical_qa_424,"agent-openrouter-deepseek-v3-0324-002,agent-openrouter-deepseek-v3-0324-003,agent-openrouter-deepseek-v3-0324-004,agent-openrouter-deepseek-v3-0324-002,agent-openrouter-deepseek-v3-0324-003",5,1,1,0.8024691358024691
test,medical_qa_1183,"agent-openrouter-deepseek-v3-0324-005,agent-openrouter-deepseek-v3-0324-001,agent-openrouter-deepseek-v3-0324-004,agent-openrouter-deepseek-v3-0324-004,agent-openrouter-deepseek-v3-0324-001,agent-openrouter-deepseek-v3-0324-001,agent-openrouter-deepseek-v3-0324-003",7,1,1,0.8048780487804879
test,medical_qa_589,"agent-openrouter-deepseek-v3-0324-001,agent-openrouter-deepseek-v3-0324-004,agent-openrouter-deepseek-v3-0324-003,agent-openrouter-deepseek-v3-0324-001,agent-openrouter-deepseek-v3-0324-003",5,1,1,0.8072289156626506
test,medical_qa_199,"agent-openrouter-deepseek-v3-0324-002,agent-openrouter-deepseek-v3-0324-003,agent-openrouter-deepseek-v3-0324-004,agent-openrouter-deepseek-v3-0324-002,agent-openrouter-deepseek-v3-0324-003",5,1,1,0.8095238095238095
test,medical_qa_1220,"agent-openrouter-deepseek-v3-0324-003,agent-openrouter-deepseek-v3-0324-004,agent-openrouter-deepseek-v3-0324-002,agent-openrouter-deepseek-v3-0324-003,agent-openrouter-deepseek-v3-0324-003,agent-openrouter-deepseek-v3-0324-003",6,1,1,0.8117647058823529
test,medical_qa_506,"agent-openrouter-deepseek-v3-0324-003,agent-openrouter-deepseek-v3-0324-004,agent-openrouter-deepseek-v3-0324-002",3,1,1,0.813953488372093
test,medical_qa_800,"agent-openrouter-deepseek-v3-0324-003,agent-openrouter-deepseek-v3-0324-004,agent-openrouter-deepseek-v3-0324-002,agent-openrouter-deepseek-v3-0324-003,agent-openrouter-deepseek-v3-0324-003",5,1,1,0.8160919540229885
test,medical_qa_249,"agent-openrouter-deepseek-v3-0324-004,agent-openrouter-deepseek-v3-0324-002,agent-openrouter-deepseek-v3-0324-003,agent-openrouter-deepseek-v3-0324-003",4,1,1,0.8181818181818182
test,medical_qa_1243,"agent-openrouter-deepseek-v3-0324-002,agent-openrouter-deepseek-v3-0324-003,agent-openrouter-deepseek-v3-0324-004,agent-openrouter-deepseek-v3-0324-002,agent-openrouter-deepseek-v3-0324-003",5,1,1,0.8202247191011236
test,medical_qa_671,"agent-openrouter-deepseek-v3-0324-004,agent-openrouter-deepseek-v3-0324-003,agent-openrouter-deepseek-v3-0324-002,agent-openrouter-deepseek-v3-0324-003,agent-openrouter-deepseek-v3-0324-003",5,1,1,0.8222222222222222
test,medical_qa_5,"agent-openrouter-deepseek-v3-0324-001,agent-openrouter-deepseek-v3-0324-004,agent-openrouter-deepseek-v3-0324-003,agent-openrouter-deepseek-v3-0324-001,agent-openrouter-deepseek-v3-0324-004,agent-openrouter-deepseek-v3-0324-004,agent-openrouter-deepseek-v3-0324-001",7,0,1,0.8131868131868132
test,medical_qa_915,"agent-openrouter-deepseek-v3-0324-004,agent-openrouter-deepseek-v3-0324-002,agent-openrouter-deepseek-v3-0324-003,agent-openrouter-deepseek-v3-0324-004,agent-openrouter-deepseek-v3-0324-004",5,1,1,0.8152173913043478
test,medical_qa_1221,"agent-openrouter-deepseek-v3-0324-002,agent-openrouter-deepseek-v3-0324-003,agent-openrouter-deepseek-v3-0324-004,agent-openrouter-deepseek-v3-0324-003,agent-openrouter-deepseek-v3-0324-003",5,1,1,0.8172043010752689
test,medical_qa_1162,"agent-openrouter-deepseek-v3-0324-003,agent-openrouter-deepseek-v3-0324-001,agent-openrouter-deepseek-v3-0324-002,agent-openrouter-deepseek-v3-0324-003,agent-openrouter-deepseek-v3-0324-003,agent-openrouter-deepseek-v3-0324-003,agent-openrouter-deepseek-v3-0324-003",7,1,1,0.8191489361702128
test,medical_qa_180,"agent-openrouter-deepseek-v3-0324-002,agent-openrouter-deepseek-v3-0324-004,agent-openrouter-deepseek-v3-0324-003,agent-openrouter-deepseek-v3-0324-002,agent-openrouter-deepseek-v3-0324-004,agent-openrouter-deepseek-v3-0324-004,agent-openrouter-deepseek-v3-0324-003",7,0,1,0.8105263157894737
test,medical_qa_530,"agent-openrouter-deepseek-v3-0324-003,agent-openrouter-deepseek-v3-0324-004,agent-openrouter-deepseek-v3-0324-002,agent-openrouter-deepseek-v3-0324-003,agent-openrouter-deepseek-v3-0324-003",5,1,1,0.8125
test,medical_qa_475,"agent-openrouter-deepseek-v3-0324-004,agent-openrouter-deepseek-v3-0324-002,agent-openrouter-deepseek-v3-0324-003,agent-openrouter-deepseek-v3-0324-004,agent-openrouter-deepseek-v3-0324-001,agent-openrouter-deepseek-v3-0324-003",6,1,1,0.8144329896907216
test,medical_qa_1165,"agent-openrouter-deepseek-v3-0324-004,agent-openrouter-deepseek-v3-0324-003,agent-openrouter-deepseek-v3-0324-002,agent-openrouter-deepseek-v3-0324-004,agent-openrouter-deepseek-v3-0324-002",5,1,1,0.8163265306122449
test,medical_qa_1049,"agent-openrouter-deepseek-v3-0324-004,agent-openrouter-deepseek-v3-0324-003,agent-openrouter-deepseek-v3-0324-002,agent-openrouter-deepseek-v3-0324-004,agent-openrouter-deepseek-v3-0324-003",5,1,1,0.8181818181818182
test,medical_qa_869,"agent-openrouter-deepseek-v3-0324-002,agent-openrouter-deepseek-v3-0324-004,agent-openrouter-deepseek-v3-0324-003,agent-openrouter-deepseek-v3-0324-002,agent-openrouter-deepseek-v3-0324-002,agent-openrouter-deepseek-v3-0324-004",6,0,1,0.81
