phase,task_id,node_id,subtask_count,acc,ok,cum_acc
cold_start,gsm8k_1309,agent-openrouter-deepseek-v3-006,0,0,1,0.0
cold_start,gsm8k_228,agent-openrouter-deepseek-v3-007,0,0,1,0.0
cold_start,gsm8k_51,agent-openrouter-deepseek-v3-008,0,0,1,0.0
cold_start,gsm8k_563,agent-openrouter-deepseek-v3-009,0,0,1,0.0
cold_start,gsm8k_501,agent-openrouter-deepseek-v3-010,0,1,1,0.2
cold_start,gsm8k_457,agent-openrouter-deepseek-v3-006,0,1,1,0.3333333333333333
cold_start,gsm8k_285,agent-openrouter-deepseek-v3-007,0,1,1,0.42857142857142855
cold_start,gsm8k_209,agent-openrouter-deepseek-v3-008,0,0,1,0.375
cold_start,gsm8k_1116,agent-openrouter-deepseek-v3-009,0,1,1,0.4444444444444444
cold_start,gsm8k_178,agent-openrouter-deepseek-v3-010,0,0,1,0.4
cold_start,gsm8k_1209,agent-openrouter-deepseek-v3-006,0,0,1,0.36363636363636365
cold_start,gsm8k_864,agent-openrouter-deepseek-v3-007,0,1,1,0.4166666666666667
cold_start,gsm8k_65,agent-openrouter-deepseek-v3-008,0,1,1,0.46153846153846156
cold_start,gsm8k_61,agent-openrouter-deepseek-v3-009,0,1,1,0.5
cold_start,gsm8k_191,agent-openrouter-deepseek-v3-010,0,1,1,0.5333333333333333
cold_start,gsm8k_447,agent-openrouter-deepseek-v3-006,0,1,1,0.5625
cold_start,gsm8k_476,agent-openrouter-deepseek-v3-007,0,1,1,0.5882352941176471
cold_start,gsm8k_1034,agent-openrouter-deepseek-v3-008,0,1,1,0.6111111111111112
cold_start,gsm8k_1232,agent-openrouter-deepseek-v3-009,0,1,1,0.631578947368421
cold_start,gsm8k_54,agent-openrouter-deepseek-v3-010,0,1,1,0.65
cold_start,gsm8k_1149,agent-openrouter-deepseek-v3-006,0,1,1,0.6666666666666666
cold_start,gsm8k_407,agent-openrouter-deepseek-v3-007,0,1,1,0.6818181818181818
cold_start,gsm8k_1310,agent-openrouter-deepseek-v3-008,0,0,1,0.6521739130434783
cold_start,gsm8k_859,agent-openrouter-deepseek-v3-009,0,0,1,0.625
cold_start,gsm8k_451,agent-openrouter-deepseek-v3-010,0,0,1,0.6
cold_start,gsm8k_919,agent-openrouter-deepseek-v3-006,0,1,1,0.6153846153846154
cold_start,gsm8k_1206,agent-openrouter-deepseek-v3-007,0,0,1,0.5925925925925926
cold_start,gsm8k_569,agent-openrouter-deepseek-v3-008,0,1,1,0.6071428571428571
cold_start,gsm8k_13,agent-openrouter-deepseek-v3-009,0,0,1,0.5862068965517241
cold_start,gsm8k_326,agent-openrouter-deepseek-v3-010,0,1,1,0.6
cold_start,gsm8k_865,agent-openrouter-deepseek-v3-006,0,0,1,0.5806451612903226
cold_start,gsm8k_696,agent-openrouter-deepseek-v3-007,0,0,1,0.5625
cold_start,gsm8k_1291,agent-openrouter-deepseek-v3-008,0,1,1,0.5757575757575758
cold_start,gsm8k_318,agent-openrouter-deepseek-v3-009,0,0,1,0.5588235294117647
cold_start,gsm8k_440,agent-openrouter-deepseek-v3-010,0,0,1,0.5428571428571428
cold_start,gsm8k_689,agent-openrouter-deepseek-v3-006,0,0,1,0.5277777777777778
cold_start,gsm8k_1311,agent-openrouter-deepseek-v3-007,0,1,1,0.5405405405405406
cold_start,gsm8k_189,agent-openrouter-deepseek-v3-008,0,0,1,0.5263157894736842
cold_start,gsm8k_778,agent-openrouter-deepseek-v3-009,0,0,1,0.5128205128205128
cold_start,gsm8k_198,agent-openrouter-deepseek-v3-010,0,0,1,0.5
cold_start,gsm8k_735,agent-openrouter-deepseek-v3-006,0,0,1,0.4878048780487805
cold_start,gsm8k_704,agent-openrouter-deepseek-v3-007,0,1,1,0.5
cold_start,gsm8k_1236,agent-openrouter-deepseek-v3-008,0,0,1,0.4883720930232558
cold_start,gsm8k_541,agent-openrouter-deepseek-v3-009,0,0,1,0.4772727272727273
cold_start,gsm8k_88,agent-openrouter-deepseek-v3-010,0,1,1,0.4888888888888889
cold_start,gsm8k_940,agent-openrouter-deepseek-v3-006,0,1,1,0.5
cold_start,gsm8k_1098,agent-openrouter-deepseek-v3-007,0,1,1,0.5106382978723404
cold_start,gsm8k_255,agent-openrouter-deepseek-v3-008,0,0,1,0.5
cold_start,gsm8k_775,agent-openrouter-deepseek-v3-009,0,1,1,0.5102040816326531
cold_start,gsm8k_161,agent-openrouter-deepseek-v3-010,0,0,1,0.5
cold_start,gsm8k_1130,agent-openrouter-deepseek-v3-006,0,0,1,0.49019607843137253
cold_start,gsm8k_600,agent-openrouter-deepseek-v3-007,0,1,1,0.5
cold_start,gsm8k_1266,agent-openrouter-deepseek-v3-008,0,1,1,0.5094339622641509
cold_start,gsm8k_740,agent-openrouter-deepseek-v3-009,0,0,1,0.5
cold_start,gsm8k_1182,agent-openrouter-deepseek-v3-010,0,1,1,0.509090909090909
cold_start,gsm8k_393,agent-openrouter-deepseek-v3-006,0,0,1,0.5
cold_start,gsm8k_142,agent-openrouter-deepseek-v3-007,0,1,1,0.5087719298245614
cold_start,gsm8k_93,agent-openrouter-deepseek-v3-008,0,0,1,0.5
cold_start,gsm8k_466,agent-openrouter-deepseek-v3-009,0,0,1,0.4915254237288136
cold_start,gsm8k_592,agent-openrouter-deepseek-v3-010,0,1,1,0.5
cold_start,gsm8k_163,agent-openrouter-deepseek-v3-006,0,0,1,0.4918032786885246
cold_start,gsm8k_1302,agent-openrouter-deepseek-v3-007,0,1,1,0.5
cold_start,gsm8k_206,agent-openrouter-deepseek-v3-008,0,0,1,0.49206349206349204
cold_start,gsm8k_1280,agent-openrouter-deepseek-v3-009,0,1,1,0.5
cold_start,gsm8k_1286,agent-openrouter-deepseek-v3-010,0,1,1,0.5076923076923077
cold_start,gsm8k_928,agent-openrouter-deepseek-v3-006,0,0,1,0.5
cold_start,gsm8k_747,agent-openrouter-deepseek-v3-007,0,1,1,0.5074626865671642
cold_start,gsm8k_333,agent-openrouter-deepseek-v3-008,0,0,1,0.5
cold_start,gsm8k_758,agent-openrouter-deepseek-v3-009,0,1,1,0.5072463768115942
cold_start,gsm8k_727,agent-openrouter-deepseek-v3-010,0,0,1,0.5
cold_start,gsm8k_429,agent-openrouter-deepseek-v3-006,0,0,1,0.49295774647887325
cold_start,gsm8k_546,agent-openrouter-deepseek-v3-007,0,0,1,0.4861111111111111
cold_start,gsm8k_146,agent-openrouter-deepseek-v3-008,0,0,1,0.4794520547945205
cold_start,gsm8k_350,agent-openrouter-deepseek-v3-009,0,0,1,0.47297297297297297
cold_start,gsm8k_1093,agent-openrouter-deepseek-v3-010,0,0,1,0.4666666666666667
cold_start,gsm8k_1314,agent-openrouter-deepseek-v3-006,0,1,1,0.47368421052631576
cold_start,gsm8k_334,agent-openrouter-deepseek-v3-007,0,1,1,0.4805194805194805
cold_start,gsm8k_946,agent-openrouter-deepseek-v3-008,0,1,1,0.48717948717948717
cold_start,gsm8k_777,agent-openrouter-deepseek-v3-009,0,0,1,0.4810126582278481
cold_start,gsm8k_552,agent-openrouter-deepseek-v3-010,0,0,1,0.475
cold_start,gsm8k_1140,agent-openrouter-deepseek-v3-006,0,0,1,0.4691358024691358
cold_start,gsm8k_449,agent-openrouter-deepseek-v3-007,0,1,1,0.47560975609756095
cold_start,gsm8k_664,agent-openrouter-deepseek-v3-008,0,1,1,0.4819277108433735
cold_start,gsm8k_114,agent-openrouter-deepseek-v3-009,0,1,1,0.4880952380952381
cold_start,gsm8k_469,agent-openrouter-deepseek-v3-010,0,1,1,0.49411764705882355
cold_start,gsm8k_1306,agent-openrouter-deepseek-v3-006,0,0,1,0.4883720930232558
cold_start,gsm8k_646,agent-openrouter-deepseek-v3-007,0,0,1,0.4827586206896552
cold_start,gsm8k_821,agent-openrouter-deepseek-v3-008,0,1,1,0.48863636363636365
cold_start,gsm8k_548,agent-openrouter-deepseek-v3-009,0,1,1,0.4943820224719101
cold_start,gsm8k_135,agent-openrouter-deepseek-v3-010,0,1,1,0.5
cold_start,gsm8k_432,agent-openrouter-deepseek-v3-006,0,0,1,0.4945054945054945
cold_start,gsm8k_1161,agent-openrouter-deepseek-v3-007,0,1,1,0.5
cold_start,gsm8k_644,agent-openrouter-deepseek-v3-008,0,1,1,0.5053763440860215
cold_start,gsm8k_435,agent-openrouter-deepseek-v3-009,0,1,1,0.5106382978723404
cold_start,gsm8k_1022,agent-openrouter-deepseek-v3-010,0,1,1,0.5157894736842106
cold_start,gsm8k_810,agent-openrouter-deepseek-v3-006,0,1,1,0.5208333333333334
cold_start,gsm8k_939,agent-openrouter-deepseek-v3-007,0,0,1,0.5154639175257731
cold_start,gsm8k_292,agent-openrouter-deepseek-v3-008,0,0,1,0.5102040816326531
cold_start,gsm8k_542,agent-openrouter-deepseek-v3-009,0,0,1,0.5050505050505051
cold_start,gsm8k_1312,agent-openrouter-deepseek-v3-010,0,0,1,0.5
cold_start,gsm8k_505,agent-openrouter-deepseek-v3-006,0,0,1,0.49504950495049505
cold_start,gsm8k_1298,agent-openrouter-deepseek-v3-007,0,0,1,0.49019607843137253
cold_start,gsm8k_1103,agent-openrouter-deepseek-v3-008,0,1,1,0.49514563106796117
cold_start,gsm8k_538,agent-openrouter-deepseek-v3-009,0,1,1,0.5
cold_start,gsm8k_1197,agent-openrouter-deepseek-v3-010,0,1,1,0.5047619047619047
cold_start,gsm8k_877,agent-openrouter-deepseek-v3-006,0,0,1,0.5
cold_start,gsm8k_1195,agent-openrouter-deepseek-v3-007,0,0,1,0.4953271028037383
cold_start,gsm8k_817,agent-openrouter-deepseek-v3-008,0,1,1,0.5
cold_start,gsm8k_741,agent-openrouter-deepseek-v3-009,0,1,1,0.5045871559633027
cold_start,gsm8k_1237,agent-openrouter-deepseek-v3-010,0,1,1,0.509090909090909
cold_start,gsm8k_283,agent-openrouter-deepseek-v3-006,0,1,1,0.5135135135135135
cold_start,gsm8k_1043,agent-openrouter-deepseek-v3-007,0,1,1,0.5178571428571429
cold_start,gsm8k_1010,agent-openrouter-deepseek-v3-008,0,0,1,0.5132743362831859
cold_start,gsm8k_186,agent-openrouter-deepseek-v3-009,0,0,1,0.5087719298245614
cold_start,gsm8k_96,agent-openrouter-deepseek-v3-010,0,1,1,0.5130434782608696
cold_start,gsm8k_224,agent-openrouter-deepseek-v3-006,0,1,1,0.5172413793103449
cold_start,gsm8k_313,agent-openrouter-deepseek-v3-007,0,0,1,0.5128205128205128
cold_start,gsm8k_327,agent-openrouter-deepseek-v3-008,0,0,1,0.5084745762711864
cold_start,gsm8k_1307,agent-openrouter-deepseek-v3-009,0,1,1,0.5126050420168067
cold_start,gsm8k_130,agent-openrouter-deepseek-v3-010,0,1,1,0.5166666666666667
cold_start,gsm8k_788,agent-openrouter-deepseek-v3-006,0,1,1,0.5206611570247934
cold_start,gsm8k_781,agent-openrouter-deepseek-v3-007,0,1,1,0.5245901639344263
cold_start,gsm8k_958,agent-openrouter-deepseek-v3-008,0,1,1,0.5284552845528455
cold_start,gsm8k_1083,agent-openrouter-deepseek-v3-009,0,1,1,0.532258064516129
cold_start,gsm8k_514,agent-openrouter-deepseek-v3-010,0,1,1,0.536
cold_start,gsm8k_1133,agent-openrouter-deepseek-v3-006,0,0,1,0.5317460317460317
cold_start,gsm8k_23,agent-openrouter-deepseek-v3-007,0,1,1,0.5354330708661418
cold_start,gsm8k_234,agent-openrouter-deepseek-v3-008,0,0,1,0.53125
cold_start,gsm8k_1099,agent-openrouter-deepseek-v3-009,0,0,1,0.5271317829457365
cold_start,gsm8k_1247,agent-openrouter-deepseek-v3-010,0,0,1,0.5230769230769231
cold_start,gsm8k_1287,agent-openrouter-deepseek-v3-006,0,0,1,0.5190839694656488
cold_start,gsm8k_1317,agent-openrouter-deepseek-v3-007,0,0,1,0.5151515151515151
cold_start,gsm8k_601,agent-openrouter-deepseek-v3-008,0,0,1,0.5112781954887218
cold_start,gsm8k_890,agent-openrouter-deepseek-v3-009,0,1,1,0.5149253731343284
cold_start,gsm8k_323,agent-openrouter-deepseek-v3-010,0,1,1,0.5185185185185185
cold_start,gsm8k_929,agent-openrouter-deepseek-v3-006,0,1,1,0.5220588235294118
cold_start,gsm8k_6,agent-openrouter-deepseek-v3-007,0,0,1,0.5182481751824818
cold_start,gsm8k_539,agent-openrouter-deepseek-v3-008,0,0,1,0.5144927536231884
cold_start,gsm8k_1025,agent-openrouter-deepseek-v3-009,0,1,1,0.5179856115107914
cold_start,gsm8k_365,agent-openrouter-deepseek-v3-010,0,1,1,0.5214285714285715
cold_start,gsm8k_1039,agent-openrouter-deepseek-v3-006,0,0,1,0.5177304964539007
cold_start,gsm8k_217,agent-openrouter-deepseek-v3-007,0,1,1,0.5211267605633803
cold_start,gsm8k_611,agent-openrouter-deepseek-v3-008,0,0,1,0.5174825174825175
cold_start,gsm8k_1178,agent-openrouter-deepseek-v3-009,0,1,1,0.5208333333333334
cold_start,gsm8k_1297,agent-openrouter-deepseek-v3-010,0,0,1,0.5172413793103449
cold_start,gsm8k_1202,agent-openrouter-deepseek-v3-006,0,0,1,0.5136986301369864
cold_start,gsm8k_765,agent-openrouter-deepseek-v3-007,0,0,1,0.5102040816326531
cold_start,gsm8k_330,agent-openrouter-deepseek-v3-008,0,0,1,0.5067567567567568
cold_start,gsm8k_1104,agent-openrouter-deepseek-v3-009,0,1,1,0.5100671140939598
cold_start,gsm8k_1086,agent-openrouter-deepseek-v3-010,0,0,1,0.5066666666666667
cold_start,gsm8k_1,agent-openrouter-deepseek-v3-006,0,1,1,0.5099337748344371
cold_start,gsm8k_663,agent-openrouter-deepseek-v3-007,0,1,1,0.5131578947368421
cold_start,gsm8k_1000,agent-openrouter-deepseek-v3-008,0,0,1,0.5098039215686274
cold_start,gsm8k_39,agent-openrouter-deepseek-v3-009,0,0,1,0.5064935064935064
cold_start,gsm8k_229,agent-openrouter-deepseek-v3-010,0,1,1,0.5096774193548387
cold_start,gsm8k_743,agent-openrouter-deepseek-v3-006,0,0,1,0.5064102564102564
cold_start,gsm8k_629,agent-openrouter-deepseek-v3-007,0,1,1,0.5095541401273885
cold_start,gsm8k_490,agent-openrouter-deepseek-v3-008,0,1,1,0.5126582278481012
cold_start,gsm8k_118,agent-openrouter-deepseek-v3-009,0,1,1,0.5157232704402516
cold_start,gsm8k_493,agent-openrouter-deepseek-v3-010,0,1,1,0.51875
cold_start,gsm8k_1269,agent-openrouter-deepseek-v3-006,0,1,1,0.5217391304347826
cold_start,gsm8k_175,agent-openrouter-deepseek-v3-007,0,1,1,0.5246913580246914
cold_start,gsm8k_995,agent-openrouter-deepseek-v3-008,0,1,1,0.5276073619631901
cold_start,gsm8k_141,agent-openrouter-deepseek-v3-009,0,1,1,0.5304878048780488
cold_start,gsm8k_1090,agent-openrouter-deepseek-v3-010,0,0,1,0.5272727272727272
cold_start,gsm8k_257,agent-openrouter-deepseek-v3-006,0,0,1,0.5240963855421686
cold_start,gsm8k_262,agent-openrouter-deepseek-v3-007,0,1,1,0.5269461077844312
cold_start,gsm8k_973,agent-openrouter-deepseek-v3-008,0,0,1,0.5238095238095238
cold_start,gsm8k_1125,agent-openrouter-deepseek-v3-009,0,1,1,0.5266272189349113
cold_start,gsm8k_338,agent-openrouter-deepseek-v3-010,0,1,1,0.5294117647058824
cold_start,gsm8k_1220,agent-openrouter-deepseek-v3-006,0,1,1,0.5321637426900585
cold_start,gsm8k_1080,agent-openrouter-deepseek-v3-007,0,1,1,0.5348837209302325
cold_start,gsm8k_866,agent-openrouter-deepseek-v3-008,0,0,1,0.5317919075144508
cold_start,gsm8k_433,agent-openrouter-deepseek-v3-009,0,1,1,0.5344827586206896
cold_start,gsm8k_1170,agent-openrouter-deepseek-v3-010,0,1,1,0.5371428571428571
cold_start,gsm8k_411,agent-openrouter-deepseek-v3-006,0,0,1,0.5340909090909091
cold_start,gsm8k_638,agent-openrouter-deepseek-v3-007,0,0,1,0.5310734463276836
cold_start,gsm8k_1211,agent-openrouter-deepseek-v3-008,0,1,1,0.5337078651685393
cold_start,gsm8k_764,agent-openrouter-deepseek-v3-009,0,0,1,0.5307262569832403
cold_start,gsm8k_897,agent-openrouter-deepseek-v3-010,0,0,1,0.5277777777777778
cold_start,gsm8k_1059,agent-openrouter-deepseek-v3-006,0,0,1,0.5248618784530387
cold_start,gsm8k_924,agent-openrouter-deepseek-v3-007,0,0,1,0.521978021978022
cold_start,gsm8k_247,agent-openrouter-deepseek-v3-008,0,1,1,0.5245901639344263
cold_start,gsm8k_507,agent-openrouter-deepseek-v3-009,0,1,1,0.5271739130434783
cold_start,gsm8k_460,agent-openrouter-deepseek-v3-010,0,1,1,0.5297297297297298
cold_start,gsm8k_131,agent-openrouter-deepseek-v3-006,0,1,1,0.532258064516129
cold_start,gsm8k_692,agent-openrouter-deepseek-v3-007,0,0,1,0.5294117647058824
cold_start,gsm8k_43,agent-openrouter-deepseek-v3-008,0,0,1,0.526595744680851
cold_start,gsm8k_471,agent-openrouter-deepseek-v3-009,0,0,1,0.5238095238095238
cold_start,gsm8k_1294,agent-openrouter-deepseek-v3-010,0,0,1,0.5210526315789473
cold_start,gsm8k_14,agent-openrouter-deepseek-v3-006,0,1,1,0.5235602094240838
cold_start,gsm8k_145,agent-openrouter-deepseek-v3-007,0,1,1,0.5260416666666666
cold_start,gsm8k_120,agent-openrouter-deepseek-v3-008,0,1,1,0.5284974093264249
cold_start,gsm8k_468,agent-openrouter-deepseek-v3-009,0,0,1,0.5257731958762887
cold_start,gsm8k_138,agent-openrouter-deepseek-v3-010,0,0,1,0.5230769230769231
cold_start,gsm8k_64,agent-openrouter-deepseek-v3-006,0,1,1,0.5255102040816326
cold_start,gsm8k_676,agent-openrouter-deepseek-v3-007,0,0,1,0.5228426395939086
cold_start,gsm8k_1127,agent-openrouter-deepseek-v3-008,0,1,1,0.5252525252525253
cold_start,gsm8k_1052,agent-openrouter-deepseek-v3-009,0,0,1,0.5226130653266332
cold_start,gsm8k_487,agent-openrouter-deepseek-v3-010,0,1,1,0.525
pretrain,gsm8k_570,"agent-openrouter-deepseek-v3-008,agent-openrouter-deepseek-v3-009,agent-openrouter-deepseek-v3-007,agent-openrouter-deepseek-v3-008,agent-openrouter-deepseek-v3-008,agent-openrouter-deepseek-v3-010,agent-openrouter-deepseek-v3-009",7,0,1,0.0
pretrain,gsm8k_994,"agent-openrouter-deepseek-v3-010,agent-openrouter-deepseek-v3-007,agent-openrouter-deepseek-v3-008,agent-openrouter-deepseek-v3-007,agent-openrouter-deepseek-v3-010,agent-openrouter-deepseek-v3-010",6,1,1,0.5
pretrain,gsm8k_438,"agent-openrouter-deepseek-v3-009,agent-openrouter-deepseek-v3-010,agent-openrouter-deepseek-v3-008,agent-openrouter-deepseek-v3-009,agent-openrouter-deepseek-v3-009,agent-openrouter-deepseek-v3-008,agent-openrouter-deepseek-v3-008",7,1,1,0.6666666666666666
pretrain,gsm8k_1144,"agent-openrouter-deepseek-v3-008,agent-openrouter-deepseek-v3-009,agent-openrouter-deepseek-v3-007,agent-openrouter-deepseek-v3-008",4,1,1,0.75
pretrain,gsm8k_270,"agent-openrouter-deepseek-v3-008,agent-openrouter-deepseek-v3-007,agent-openrouter-deepseek-v3-009,agent-openrouter-deepseek-v3-008,agent-openrouter-deepseek-v3-008",5,1,1,0.8
pretrain,gsm8k_968,"agent-openrouter-deepseek-v3-009,agent-openrouter-deepseek-v3-008,agent-openrouter-deepseek-v3-007,agent-openrouter-deepseek-v3-008,agent-openrouter-deepseek-v3-008",5,1,1,0.8333333333333334
pretrain,gsm8k_497,"agent-openrouter-deepseek-v3-008,agent-openrouter-deepseek-v3-009,agent-openrouter-deepseek-v3-010,agent-openrouter-deepseek-v3-008,agent-openrouter-deepseek-v3-008,agent-openrouter-deepseek-v3-008",6,1,1,0.8571428571428571
pretrain,gsm8k_1113,"agent-openrouter-deepseek-v3-008,agent-openrouter-deepseek-v3-009,agent-openrouter-deepseek-v3-007,agent-openrouter-deepseek-v3-008,agent-openrouter-deepseek-v3-008,agent-openrouter-deepseek-v3-008",6,1,1,0.875
pretrain,gsm8k_833,"agent-openrouter-deepseek-v3-008,agent-openrouter-deepseek-v3-007,agent-openrouter-deepseek-v3-009,agent-openrouter-deepseek-v3-008,agent-openrouter-deepseek-v3-008,agent-openrouter-deepseek-v3-008",6,1,1,0.8888888888888888
pretrain,gsm8k_389,"agent-openrouter-deepseek-v3-008,agent-openrouter-deepseek-v3-010,agent-openrouter-deepseek-v3-009,agent-openrouter-deepseek-v3-008",4,1,1,0.9
pretrain,gsm8k_193,"agent-openrouter-deepseek-v3-009,agent-openrouter-deepseek-v3-008,agent-openrouter-deepseek-v3-007,agent-openrouter-deepseek-v3-009,agent-openrouter-deepseek-v3-009,agent-openrouter-deepseek-v3-010,agent-openrouter-deepseek-v3-008",7,0,1,0.8181818181818182
pretrain,gsm8k_1279,"agent-openrouter-deepseek-v3-008,agent-openrouter-deepseek-v3-007,agent-openrouter-deepseek-v3-009,agent-openrouter-deepseek-v3-008,agent-openrouter-deepseek-v3-008,agent-openrouter-deepseek-v3-008,agent-openrouter-deepseek-v3-008",7,1,1,0.8333333333333334
pretrain,gsm8k_882,"agent-openrouter-deepseek-v3-010,agent-openrouter-deepseek-v3-009,agent-openrouter-deepseek-v3-007,agent-openrouter-deepseek-v3-008,agent-openrouter-deepseek-v3-008,agent-openrouter-deepseek-v3-008,agent-openrouter-deepseek-v3-008,agent-openrouter-deepseek-v3-008",8,1,1,0.8461538461538461
pretrain,gsm8k_725,"agent-openrouter-deepseek-v3-008,agent-openrouter-deepseek-v3-010,agent-openrouter-deepseek-v3-007,agent-openrouter-deepseek-v3-008",4,1,1,0.8571428571428571
pretrain,gsm8k_867,"agent-openrouter-deepseek-v3-008,agent-openrouter-deepseek-v3-009,agent-openrouter-deepseek-v3-010",3,1,1,0.8666666666666667
pretrain,gsm8k_841,"agent-openrouter-deepseek-v3-008,agent-openrouter-deepseek-v3-010,agent-openrouter-deepseek-v3-009,agent-openrouter-deepseek-v3-008",4,0,1,0.8125
pretrain,gsm8k_956,"agent-openrouter-deepseek-v3-008,agent-openrouter-deepseek-v3-010,agent-openrouter-deepseek-v3-009,agent-openrouter-deepseek-v3-008,agent-openrouter-deepseek-v3-008",5,0,1,0.7647058823529411
pretrain,gsm8k_110,"agent-openrouter-deepseek-v3-008,agent-openrouter-deepseek-v3-007,agent-openrouter-deepseek-v3-009,agent-openrouter-deepseek-v3-008,agent-openrouter-deepseek-v3-008",5,1,1,0.7777777777777778
pretrain,gsm8k_201,"agent-openrouter-deepseek-v3-008,agent-openrouter-deepseek-v3-009,agent-openrouter-deepseek-v3-010,agent-openrouter-deepseek-v3-008,agent-openrouter-deepseek-v3-008,agent-openrouter-deepseek-v3-008",6,0,1,0.7368421052631579
pretrain,gsm8k_124,"agent-openrouter-deepseek-v3-008,agent-openrouter-deepseek-v3-009,agent-openrouter-deepseek-v3-010,agent-openrouter-deepseek-v3-008",4,1,1,0.75
pretrain,gsm8k_824,"agent-openrouter-deepseek-v3-008,agent-openrouter-deepseek-v3-010,agent-openrouter-deepseek-v3-009,agent-openrouter-deepseek-v3-008",4,1,1,0.7619047619047619
pretrain,gsm8k_694,"agent-openrouter-deepseek-v3-008,agent-openrouter-deepseek-v3-007,agent-openrouter-deepseek-v3-009,agent-openrouter-deepseek-v3-008,agent-openrouter-deepseek-v3-008",5,0,1,0.7272727272727273
pretrain,gsm8k_223,"agent-openrouter-deepseek-v3-009,agent-openrouter-deepseek-v3-008,agent-openrouter-deepseek-v3-010,agent-openrouter-deepseek-v3-007",4,1,1,0.7391304347826086
pretrain,gsm8k_509,"agent-openrouter-deepseek-v3-008,agent-openrouter-deepseek-v3-007,agent-openrouter-deepseek-v3-010,agent-openrouter-deepseek-v3-008,agent-openrouter-deepseek-v3-008",5,1,1,0.75
pretrain,gsm8k_392,"agent-openrouter-deepseek-v3-007,agent-openrouter-deepseek-v3-010,agent-openrouter-deepseek-v3-009,agent-openrouter-deepseek-v3-007,agent-openrouter-deepseek-v3-008",5,1,1,0.76
pretrain,gsm8k_1109,"agent-openrouter-deepseek-v3-008,agent-openrouter-deepseek-v3-009,agent-openrouter-deepseek-v3-007,agent-openrouter-deepseek-v3-008,agent-openrouter-deepseek-v3-008,agent-openrouter-deepseek-v3-008,agent-openrouter-deepseek-v3-008,agent-openrouter-deepseek-v3-008",8,1,1,0.7692307692307693
pretrain,gsm8k_918,"agent-openrouter-deepseek-v3-008,agent-openrouter-deepseek-v3-009,agent-openrouter-deepseek-v3-007,agent-openrouter-deepseek-v3-008,agent-openrouter-deepseek-v3-008",5,1,1,0.7777777777777778
pretrain,gsm8k_287,"agent-openrouter-deepseek-v3-008,agent-openrouter-deepseek-v3-009,agent-openrouter-deepseek-v3-007,agent-openrouter-deepseek-v3-008,agent-openrouter-deepseek-v3-008",5,1,1,0.7857142857142857
pretrain,gsm8k_1200,"agent-openrouter-deepseek-v3-008,agent-openrouter-deepseek-v3-009,agent-openrouter-deepseek-v3-007,agent-openrouter-deepseek-v3-008,agent-openrouter-deepseek-v3-008",5,1,1,0.7931034482758621
pretrain,gsm8k_375,"agent-openrouter-deepseek-v3-008,agent-openrouter-deepseek-v3-007,agent-openrouter-deepseek-v3-009,agent-openrouter-deepseek-v3-008,agent-openrouter-deepseek-v3-008,agent-openrouter-deepseek-v3-008",6,1,1,0.8
pretrain,gsm8k_1118,"agent-openrouter-deepseek-v3-007,agent-openrouter-deepseek-v3-009,agent-openrouter-deepseek-v3-008,agent-openrouter-deepseek-v3-007,agent-openrouter-deepseek-v3-007,agent-openrouter-deepseek-v3-007,agent-openrouter-deepseek-v3-007,agent-openrouter-deepseek-v3-009",8,0,1,0.7741935483870968
pretrain,gsm8k_947,"agent-openrouter-deepseek-v3-008,agent-openrouter-deepseek-v3-009,agent-openrouter-deepseek-v3-007,agent-openrouter-deepseek-v3-008,agent-openrouter-deepseek-v3-008",5,1,1,0.78125
pretrain,gsm8k_511,"agent-openrouter-deepseek-v3-008,agent-openrouter-deepseek-v3-007,agent-openrouter-deepseek-v3-009,agent-openrouter-deepseek-v3-008",4,1,1,0.7878787878787878
pretrain,gsm8k_154,"agent-openrouter-deepseek-v3-008,agent-openrouter-deepseek-v3-010,agent-openrouter-deepseek-v3-007,agent-openrouter-deepseek-v3-008,agent-openrouter-deepseek-v3-008,agent-openrouter-deepseek-v3-008,agent-openrouter-deepseek-v3-008",7,0,1,0.7647058823529411
pretrain,gsm8k_907,"agent-openrouter-deepseek-v3-008,agent-openrouter-deepseek-v3-007,agent-openrouter-deepseek-v3-010,agent-openrouter-deepseek-v3-008",4,1,1,0.7714285714285715
pretrain,gsm8k_200,"agent-openrouter-deepseek-v3-008,agent-openrouter-deepseek-v3-007,agent-openrouter-deepseek-v3-009,agent-openrouter-deepseek-v3-008,agent-openrouter-deepseek-v3-008,agent-openrouter-deepseek-v3-008",6,1,1,0.7777777777777778
pretrain,gsm8k_103,"agent-openrouter-deepseek-v3-008,agent-openrouter-deepseek-v3-007,agent-openrouter-deepseek-v3-010,agent-openrouter-deepseek-v3-008",4,1,1,0.7837837837837838
pretrain,gsm8k_30,"agent-openrouter-deepseek-v3-008,agent-openrouter-deepseek-v3-010,agent-openrouter-deepseek-v3-009,agent-openrouter-deepseek-v3-008,agent-openrouter-deepseek-v3-008,agent-openrouter-deepseek-v3-008",6,1,1,0.7894736842105263
pretrain,gsm8k_1304,"agent-openrouter-deepseek-v3-007,agent-openrouter-deepseek-v3-010,agent-openrouter-deepseek-v3-008",3,1,1,0.7948717948717948
pretrain,gsm8k_484,"agent-openrouter-deepseek-v3-007,agent-openrouter-deepseek-v3-008,agent-openrouter-deepseek-v3-009,agent-openrouter-deepseek-v3-008",4,0,1,0.775
pretrain,gsm8k_340,"agent-openrouter-deepseek-v3-008,agent-openrouter-deepseek-v3-009,agent-openrouter-deepseek-v3-007,agent-openrouter-deepseek-v3-008,agent-openrouter-deepseek-v3-008,agent-openrouter-deepseek-v3-008,agent-openrouter-deepseek-v3-008",7,1,1,0.7804878048780488
pretrain,gsm8k_832,"agent-openrouter-deepseek-v3-008,agent-openrouter-deepseek-v3-007,agent-openrouter-deepseek-v3-009,agent-openrouter-deepseek-v3-008",4,1,1,0.7857142857142857
pretrain,gsm8k_1117,"agent-openrouter-deepseek-v3-010,agent-openrouter-deepseek-v3-008,agent-openrouter-deepseek-v3-007,agent-openrouter-deepseek-v3-008",4,1,1,0.7906976744186046
pretrain,gsm8k_985,"agent-openrouter-deepseek-v3-008,agent-openrouter-deepseek-v3-007,agent-openrouter-deepseek-v3-009,agent-openrouter-deepseek-v3-008,agent-openrouter-deepseek-v3-008",5,1,1,0.7954545454545454
pretrain,gsm8k_437,"agent-openrouter-deepseek-v3-008,agent-openrouter-deepseek-v3-010,agent-openrouter-deepseek-v3-007,agent-openrouter-deepseek-v3-008",4,1,1,0.8
pretrain,gsm8k_1231,"agent-openrouter-deepseek-v3-008,agent-openrouter-deepseek-v3-009,agent-openrouter-deepseek-v3-010,agent-openrouter-deepseek-v3-008,agent-openrouter-deepseek-v3-008",5,1,1,0.8043478260869565
pretrain,gsm8k_1126,"agent-openrouter-deepseek-v3-008,agent-openrouter-deepseek-v3-007,agent-openrouter-deepseek-v3-009,agent-openrouter-deepseek-v3-008",4,1,1,0.8085106382978723
pretrain,gsm8k_337,"agent-openrouter-deepseek-v3-007,agent-openrouter-deepseek-v3-009,agent-openrouter-deepseek-v3-008,agent-openrouter-deepseek-v3-009",4,1,1,0.8125
pretrain,gsm8k_776,"agent-openrouter-deepseek-v3-008,agent-openrouter-deepseek-v3-010,agent-openrouter-deepseek-v3-007,agent-openrouter-deepseek-v3-008,agent-openrouter-deepseek-v3-008",5,1,1,0.8163265306122449
pretrain,gsm8k_4,"agent-openrouter-deepseek-v3-010,agent-openrouter-deepseek-v3-009,agent-openrouter-deepseek-v3-008,agent-openrouter-deepseek-v3-010,agent-openrouter-deepseek-v3-010",5,1,1,0.82
pretrain,gsm8k_799,"agent-openrouter-deepseek-v3-010,agent-openrouter-deepseek-v3-009,agent-openrouter-deepseek-v3-007,agent-openrouter-deepseek-v3-010",4,1,1,0.8235294117647058
pretrain,gsm8k_543,"agent-openrouter-deepseek-v3-008,agent-openrouter-deepseek-v3-009,agent-openrouter-deepseek-v3-010,agent-openrouter-deepseek-v3-008",4,1,1,0.8269230769230769
pretrain,gsm8k_931,"agent-openrouter-deepseek-v3-008,agent-openrouter-deepseek-v3-007,agent-openrouter-deepseek-v3-009,agent-openrouter-deepseek-v3-008,agent-openrouter-deepseek-v3-008,agent-openrouter-deepseek-v3-008,agent-openrouter-deepseek-v3-008",7,0,1,0.8113207547169812
pretrain,gsm8k_584,"agent-openrouter-deepseek-v3-009,agent-openrouter-deepseek-v3-010,agent-openrouter-deepseek-v3-008,agent-openrouter-deepseek-v3-010,agent-openrouter-deepseek-v3-008",5,0,1,0.7962962962962963
pretrain,gsm8k_1146,"agent-openrouter-deepseek-v3-008,agent-openrouter-deepseek-v3-010,agent-openrouter-deepseek-v3-007,agent-openrouter-deepseek-v3-008,agent-openrouter-deepseek-v3-008",5,0,1,0.7818181818181819
pretrain,gsm8k_996,"agent-openrouter-deepseek-v3-008,agent-openrouter-deepseek-v3-009,agent-openrouter-deepseek-v3-007,agent-openrouter-deepseek-v3-008",4,0,1,0.7678571428571429
pretrain,gsm8k_317,"agent-openrouter-deepseek-v3-008,agent-openrouter-deepseek-v3-010,agent-openrouter-deepseek-v3-009,agent-openrouter-deepseek-v3-008",4,1,1,0.7719298245614035
pretrain,gsm8k_388,"agent-openrouter-deepseek-v3-008,agent-openrouter-deepseek-v3-010,agent-openrouter-deepseek-v3-007",3,1,1,0.7758620689655172
pretrain,gsm8k_607,"agent-openrouter-deepseek-v3-007,agent-openrouter-deepseek-v3-010,agent-openrouter-deepseek-v3-008,agent-openrouter-deepseek-v3-010",4,1,1,0.7796610169491526
pretrain,gsm8k_445,"agent-openrouter-deepseek-v3-009,agent-openrouter-deepseek-v3-007,agent-openrouter-deepseek-v3-008,agent-openrouter-deepseek-v3-007,agent-openrouter-deepseek-v3-007,agent-openrouter-deepseek-v3-009",6,0,1,0.7666666666666667
pretrain,gsm8k_119,"agent-openrouter-deepseek-v3-009,agent-openrouter-deepseek-v3-010,agent-openrouter-deepseek-v3-008,agent-openrouter-deepseek-v3-009,agent-openrouter-deepseek-v3-009,agent-openrouter-deepseek-v3-007",6,0,1,0.7540983606557377
pretrain,gsm8k_1190,"agent-openrouter-deepseek-v3-009,agent-openrouter-deepseek-v3-006,agent-openrouter-deepseek-v3-008,agent-openrouter-deepseek-v3-006,agent-openrouter-deepseek-v3-007,agent-openrouter-deepseek-v3-009,agent-openrouter-deepseek-v3-007",7,0,1,0.7419354838709677
pretrain,gsm8k_642,"agent-openrouter-deepseek-v3-008,agent-openrouter-deepseek-v3-010,agent-openrouter-deepseek-v3-007,agent-openrouter-deepseek-v3-007,agent-openrouter-deepseek-v3-008,agent-openrouter-deepseek-v3-008",6,1,1,0.746031746031746
pretrain,gsm8k_117,"agent-openrouter-deepseek-v3-008,agent-openrouter-deepseek-v3-007,agent-openrouter-deepseek-v3-010,agent-openrouter-deepseek-v3-008,agent-openrouter-deepseek-v3-008",5,1,1,0.75
pretrain,gsm8k_102,"agent-openrouter-deepseek-v3-008,agent-openrouter-deepseek-v3-010,agent-openrouter-deepseek-v3-009,agent-openrouter-deepseek-v3-008",4,0,1,0.7384615384615385
pretrain,gsm8k_976,"agent-openrouter-deepseek-v3-009,agent-openrouter-deepseek-v3-007,agent-openrouter-deepseek-v3-008,agent-openrouter-deepseek-v3-009,agent-openrouter-deepseek-v3-009,agent-openrouter-deepseek-v3-009,agent-openrouter-deepseek-v3-009",7,0,1,0.7272727272727273
pretrain,gsm8k_1029,"agent-openrouter-deepseek-v3-008,agent-openrouter-deepseek-v3-009,agent-openrouter-deepseek-v3-007,agent-openrouter-deepseek-v3-009,agent-openrouter-deepseek-v3-008,agent-openrouter-deepseek-v3-010,agent-openrouter-deepseek-v3-008",7,0,1,0.7164179104477612
pretrain,gsm8k_322,"agent-openrouter-deepseek-v3-008,agent-openrouter-deepseek-v3-010,agent-openrouter-deepseek-v3-007,agent-openrouter-deepseek-v3-008,agent-openrouter-deepseek-v3-008,agent-openrouter-deepseek-v3-008",6,0,1,0.7058823529411765
pretrain,gsm8k_116,"agent-openrouter-deepseek-v3-008,agent-openrouter-deepseek-v3-009,agent-openrouter-deepseek-v3-010,agent-openrouter-deepseek-v3-008,agent-openrouter-deepseek-v3-008",5,1,1,0.7101449275362319
pretrain,gsm8k_1040,"agent-openrouter-deepseek-v3-008,agent-openrouter-deepseek-v3-010,agent-openrouter-deepseek-v3-009,agent-openrouter-deepseek-v3-008,agent-openrouter-deepseek-v3-008",5,1,1,0.7142857142857143
pretrain,gsm8k_164,"agent-openrouter-deepseek-v3-007,agent-openrouter-deepseek-v3-008,agent-openrouter-deepseek-v3-009,agent-openrouter-deepseek-v3-008,agent-openrouter-deepseek-v3-008",5,1,1,0.7183098591549296
pretrain,gsm8k_380,"agent-openrouter-deepseek-v3-008,agent-openrouter-deepseek-v3-007,agent-openrouter-deepseek-v3-009,agent-openrouter-deepseek-v3-008,agent-openrouter-deepseek-v3-008",5,0,1,0.7083333333333334
pretrain,gsm8k_140,"agent-openrouter-deepseek-v3-008,agent-openrouter-deepseek-v3-009,agent-openrouter-deepseek-v3-010,agent-openrouter-deepseek-v3-008,agent-openrouter-deepseek-v3-008,agent-openrouter-deepseek-v3-008",6,1,1,0.7123287671232876
pretrain,gsm8k_139,"agent-openrouter-deepseek-v3-008,agent-openrouter-deepseek-v3-007,agent-openrouter-deepseek-v3-009,agent-openrouter-deepseek-v3-008,agent-openrouter-deepseek-v3-008",5,1,1,0.7162162162162162
pretrain,gsm8k_481,"agent-openrouter-deepseek-v3-009,agent-openrouter-deepseek-v3-008,agent-openrouter-deepseek-v3-010,agent-openrouter-deepseek-v3-008",4,1,1,0.72
pretrain,gsm8k_826,"agent-openrouter-deepseek-v3-008,agent-openrouter-deepseek-v3-007,agent-openrouter-deepseek-v3-009,agent-openrouter-deepseek-v3-008,agent-openrouter-deepseek-v3-008,agent-openrouter-deepseek-v3-008",6,1,1,0.7236842105263158
pretrain,gsm8k_245,"agent-openrouter-deepseek-v3-010,agent-openrouter-deepseek-v3-007,agent-openrouter-deepseek-v3-008,agent-openrouter-deepseek-v3-008",4,0,1,0.7142857142857143
pretrain,gsm8k_504,"agent-openrouter-deepseek-v3-009,agent-openrouter-deepseek-v3-010,agent-openrouter-deepseek-v3-008,agent-openrouter-deepseek-v3-009,agent-openrouter-deepseek-v3-009,agent-openrouter-deepseek-v3-007",6,0,1,0.7051282051282052
pretrain,gsm8k_81,"agent-openrouter-deepseek-v3-009,agent-openrouter-deepseek-v3-008,agent-openrouter-deepseek-v3-007,agent-openrouter-deepseek-v3-009,agent-openrouter-deepseek-v3-009,agent-openrouter-deepseek-v3-009,agent-openrouter-deepseek-v3-009",7,1,1,0.7088607594936709
pretrain,gsm8k_167,"agent-openrouter-deepseek-v3-008,agent-openrouter-deepseek-v3-009,agent-openrouter-deepseek-v3-007,agent-openrouter-deepseek-v3-009,agent-openrouter-deepseek-v3-009,agent-openrouter-deepseek-v3-008,agent-openrouter-deepseek-v3-008",7,1,1,0.7125
pretrain,gsm8k_858,"agent-openrouter-deepseek-v3-008,agent-openrouter-deepseek-v3-009,agent-openrouter-deepseek-v3-007,agent-openrouter-deepseek-v3-008",4,0,1,0.7037037037037037
pretrain,gsm8k_647,"agent-openrouter-deepseek-v3-008,agent-openrouter-deepseek-v3-009,agent-openrouter-deepseek-v3-007,agent-openrouter-deepseek-v3-008,agent-openrouter-deepseek-v3-008,agent-openrouter-deepseek-v3-008",6,0,1,0.6951219512195121
pretrain,gsm8k_534,"agent-openrouter-deepseek-v3-008,agent-openrouter-deepseek-v3-007,agent-openrouter-deepseek-v3-009,agent-openrouter-deepseek-v3-008",4,1,1,0.6987951807228916
pretrain,gsm8k_418,"agent-openrouter-deepseek-v3-008,agent-openrouter-deepseek-v3-010,agent-openrouter-deepseek-v3-007,agent-openrouter-deepseek-v3-008",4,1,1,0.7023809523809523
pretrain,gsm8k_643,"agent-openrouter-deepseek-v3-009,agent-openrouter-deepseek-v3-010,agent-openrouter-deepseek-v3-008,agent-openrouter-deepseek-v3-010",4,1,1,0.7058823529411765
pretrain,gsm8k_488,"agent-openrouter-deepseek-v3-010,agent-openrouter-deepseek-v3-008,agent-openrouter-deepseek-v3-007,agent-openrouter-deepseek-v3-008",4,1,1,0.7093023255813954
pretrain,gsm8k_1067,"agent-openrouter-deepseek-v3-008,agent-openrouter-deepseek-v3-007,agent-openrouter-deepseek-v3-010,agent-openrouter-deepseek-v3-008",4,0,1,0.7011494252873564
pretrain,gsm8k_1223,"agent-openrouter-deepseek-v3-010,agent-openrouter-deepseek-v3-009,agent-openrouter-deepseek-v3-008,agent-openrouter-deepseek-v3-008",4,1,1,0.7045454545454546
pretrain,gsm8k_268,"agent-openrouter-deepseek-v3-008,agent-openrouter-deepseek-v3-010,agent-openrouter-deepseek-v3-009,agent-openrouter-deepseek-v3-008",4,1,1,0.7078651685393258
pretrain,gsm8k_614,"agent-openrouter-deepseek-v3-009,agent-openrouter-deepseek-v3-010,agent-openrouter-deepseek-v3-008,agent-openrouter-deepseek-v3-007",4,1,1,0.7111111111111111
pretrain,gsm8k_936,"agent-openrouter-deepseek-v3-007,agent-openrouter-deepseek-v3-010,agent-openrouter-deepseek-v3-008,agent-openrouter-deepseek-v3-007,agent-openrouter-deepseek-v3-007",5,0,1,0.7032967032967034
pretrain,gsm8k_1037,"agent-openrouter-deepseek-v3-007,agent-openrouter-deepseek-v3-010,agent-openrouter-deepseek-v3-009,agent-openrouter-deepseek-v3-009,agent-openrouter-deepseek-v3-008",5,1,1,0.7065217391304348
pretrain,gsm8k_148,"agent-openrouter-deepseek-v3-007,agent-openrouter-deepseek-v3-008,agent-openrouter-deepseek-v3-009,agent-openrouter-deepseek-v3-008",4,1,1,0.7096774193548387
pretrain,gsm8k_19,"agent-openrouter-deepseek-v3-010,agent-openrouter-deepseek-v3-008,agent-openrouter-deepseek-v3-009,agent-openrouter-deepseek-v3-008,agent-openrouter-deepseek-v3-008,agent-openrouter-deepseek-v3-008",6,1,1,0.7127659574468085
pretrain,gsm8k_938,"agent-openrouter-deepseek-v3-008,agent-openrouter-deepseek-v3-009,agent-openrouter-deepseek-v3-010,agent-openrouter-deepseek-v3-008,agent-openrouter-deepseek-v3-008,agent-openrouter-deepseek-v3-008,agent-openrouter-deepseek-v3-008",7,0,1,0.7052631578947368
pretrain,gsm8k_204,"agent-openrouter-deepseek-v3-008,agent-openrouter-deepseek-v3-009,agent-openrouter-deepseek-v3-010,agent-openrouter-deepseek-v3-008,agent-openrouter-deepseek-v3-008,agent-openrouter-deepseek-v3-008",6,1,1,0.7083333333333334
pretrain,gsm8k_75,"agent-openrouter-deepseek-v3-008,agent-openrouter-deepseek-v3-010,agent-openrouter-deepseek-v3-007,agent-openrouter-deepseek-v3-008,agent-openrouter-deepseek-v3-008,agent-openrouter-deepseek-v3-008,agent-openrouter-deepseek-v3-008",7,0,1,0.7010309278350515
pretrain,gsm8k_550,"agent-openrouter-deepseek-v3-008,agent-openrouter-deepseek-v3-007,agent-openrouter-deepseek-v3-010,agent-openrouter-deepseek-v3-008,agent-openrouter-deepseek-v3-008,agent-openrouter-deepseek-v3-008,agent-openrouter-deepseek-v3-008,agent-openrouter-deepseek-v3-008",8,1,1,0.7040816326530612
pretrain,gsm8k_218,"agent-openrouter-deepseek-v3-008,agent-openrouter-deepseek-v3-009,agent-openrouter-deepseek-v3-007,agent-openrouter-deepseek-v3-009,agent-openrouter-deepseek-v3-009,agent-openrouter-deepseek-v3-009,agent-openrouter-deepseek-v3-010,agent-openrouter-deepseek-v3-008",8,1,1,0.7070707070707071
pretrain,gsm8k_518,"agent-openrouter-deepseek-v3-010,agent-openrouter-deepseek-v3-008,agent-openrouter-deepseek-v3-009,agent-openrouter-deepseek-v3-010,agent-openrouter-deepseek-v3-010,agent-openrouter-deepseek-v3-008",6,0,1,0.7
pretrain,gsm8k_271,"agent-openrouter-deepseek-v3-010,agent-openrouter-deepseek-v3-007,agent-openrouter-deepseek-v3-009,agent-openrouter-deepseek-v3-008",4,1,1,0.7029702970297029
pretrain,gsm8k_1229,"agent-openrouter-deepseek-v3-007,agent-openrouter-deepseek-v3-008,agent-openrouter-deepseek-v3-010,agent-openrouter-deepseek-v3-008,agent-openrouter-deepseek-v3-007,agent-openrouter-deepseek-v3-008",6,1,1,0.7058823529411765
pretrain,gsm8k_955,"agent-openrouter-deepseek-v3-009,agent-openrouter-deepseek-v3-007,agent-openrouter-deepseek-v3-008,agent-openrouter-deepseek-v3-009,agent-openrouter-deepseek-v3-009,agent-openrouter-deepseek-v3-009",6,0,1,0.6990291262135923
pretrain,gsm8k_357,"agent-openrouter-deepseek-v3-010,agent-openrouter-deepseek-v3-007,agent-openrouter-deepseek-v3-008,agent-openrouter-deepseek-v3-008",4,0,1,0.6923076923076923
pretrain,gsm8k_902,"agent-openrouter-deepseek-v3-009,agent-openrouter-deepseek-v3-008,agent-openrouter-deepseek-v3-010,agent-openrouter-deepseek-v3-008",4,1,1,0.6952380952380952
pretrain,gsm8k_70,"agent-openrouter-deepseek-v3-009,agent-openrouter-deepseek-v3-008,agent-openrouter-deepseek-v3-007,agent-openrouter-deepseek-v3-008",4,0,1,0.6886792452830188
pretrain,gsm8k_900,"agent-openrouter-deepseek-v3-008,agent-openrouter-deepseek-v3-009,agent-openrouter-deepseek-v3-010,agent-openrouter-deepseek-v3-008,agent-openrouter-deepseek-v3-008,agent-openrouter-deepseek-v3-008,agent-openrouter-deepseek-v3-007,agent-openrouter-deepseek-v3-008",8,0,1,0.6822429906542056
pretrain,gsm8k_250,"agent-openrouter-deepseek-v3-009,agent-openrouter-deepseek-v3-008,agent-openrouter-deepseek-v3-007,agent-openrouter-deepseek-v3-009,agent-openrouter-deepseek-v3-008",5,0,1,0.6759259259259259
pretrain,gsm8k_378,"agent-openrouter-deepseek-v3-008,agent-openrouter-deepseek-v3-009,agent-openrouter-deepseek-v3-010,agent-openrouter-deepseek-v3-008,agent-openrouter-deepseek-v3-008",5,1,1,0.6788990825688074
pretrain,gsm8k_291,"agent-openrouter-deepseek-v3-008,agent-openrouter-deepseek-v3-009,agent-openrouter-deepseek-v3-007,agent-openrouter-deepseek-v3-008,agent-openrouter-deepseek-v3-008",5,1,1,0.6818181818181818
pretrain,gsm8k_1158,"agent-openrouter-deepseek-v3-008,agent-openrouter-deepseek-v3-010,agent-openrouter-deepseek-v3-009,agent-openrouter-deepseek-v3-008,agent-openrouter-deepseek-v3-008",5,0,1,0.6756756756756757
pretrain,gsm8k_448,"agent-openrouter-deepseek-v3-010,agent-openrouter-deepseek-v3-009,agent-openrouter-deepseek-v3-008,agent-openrouter-deepseek-v3-008,agent-openrouter-deepseek-v3-007,agent-openrouter-deepseek-v3-008,agent-openrouter-deepseek-v3-008",7,0,1,0.6696428571428571
pretrain,gsm8k_853,"agent-openrouter-deepseek-v3-007,agent-openrouter-deepseek-v3-010,agent-openrouter-deepseek-v3-008,agent-openrouter-deepseek-v3-010",4,1,1,0.672566371681416
pretrain,gsm8k_556,"agent-openrouter-deepseek-v3-009,agent-openrouter-deepseek-v3-010,agent-openrouter-deepseek-v3-008,agent-openrouter-deepseek-v3-007",4,1,1,0.6754385964912281
pretrain,gsm8k_720,"agent-openrouter-deepseek-v3-008,agent-openrouter-deepseek-v3-007,agent-openrouter-deepseek-v3-009,agent-openrouter-deepseek-v3-008",4,1,1,0.6782608695652174
pretrain,gsm8k_309,"agent-openrouter-deepseek-v3-009,agent-openrouter-deepseek-v3-007,agent-openrouter-deepseek-v3-008,agent-openrouter-deepseek-v3-008",4,1,1,0.6810344827586207
pretrain,gsm8k_626,"agent-openrouter-deepseek-v3-009,agent-openrouter-deepseek-v3-008,agent-openrouter-deepseek-v3-007",3,1,1,0.6837606837606838
pretrain,gsm8k_1207,"agent-openrouter-deepseek-v3-009,agent-openrouter-deepseek-v3-010,agent-openrouter-deepseek-v3-008,agent-openrouter-deepseek-v3-007",4,1,1,0.6864406779661016
pretrain,gsm8k_669,"agent-openrouter-deepseek-v3-007,agent-openrouter-deepseek-v3-008,agent-openrouter-deepseek-v3-010,agent-openrouter-deepseek-v3-008,agent-openrouter-deepseek-v3-008",5,1,1,0.6890756302521008
pretrain,gsm8k_1275,"agent-openrouter-deepseek-v3-008,agent-openrouter-deepseek-v3-007,agent-openrouter-deepseek-v3-010",3,1,1,0.6916666666666667
pretrain,gsm8k_8,"agent-openrouter-deepseek-v3-008,agent-openrouter-deepseek-v3-010,agent-openrouter-deepseek-v3-009,agent-openrouter-deepseek-v3-010,agent-openrouter-deepseek-v3-009,agent-openrouter-deepseek-v3-010,agent-openrouter-deepseek-v3-008",7,0,1,0.6859504132231405
pretrain,gsm8k_683,"agent-openrouter-deepseek-v3-008,agent-openrouter-deepseek-v3-010,agent-openrouter-deepseek-v3-006,agent-openrouter-deepseek-v3-008",4,1,1,0.6885245901639344
pretrain,gsm8k_836,"agent-openrouter-deepseek-v3-008,agent-openrouter-deepseek-v3-009,agent-openrouter-deepseek-v3-007,agent-openrouter-deepseek-v3-008,agent-openrouter-deepseek-v3-008",5,0,1,0.6829268292682927
pretrain,gsm8k_567,"agent-openrouter-deepseek-v3-010,agent-openrouter-deepseek-v3-009,agent-openrouter-deepseek-v3-008,agent-openrouter-deepseek-v3-010,agent-openrouter-deepseek-v3-008",5,0,1,0.6774193548387096
pretrain,gsm8k_306,"agent-openrouter-deepseek-v3-008,agent-openrouter-deepseek-v3-007,agent-openrouter-deepseek-v3-010,agent-openrouter-deepseek-v3-008",4,1,1,0.68
pretrain,gsm8k_954,"agent-openrouter-deepseek-v3-008,agent-openrouter-deepseek-v3-009,agent-openrouter-deepseek-v3-010,agent-openrouter-deepseek-v3-008,agent-openrouter-deepseek-v3-008",5,0,1,0.6746031746031746
pretrain,gsm8k_679,"agent-openrouter-deepseek-v3-008,agent-openrouter-deepseek-v3-009,agent-openrouter-deepseek-v3-007",3,1,1,0.6771653543307087
pretrain,gsm8k_106,"agent-openrouter-deepseek-v3-008,agent-openrouter-deepseek-v3-010,agent-openrouter-deepseek-v3-009,agent-openrouter-deepseek-v3-008",4,0,1,0.671875
pretrain,gsm8k_961,"agent-openrouter-deepseek-v3-008,agent-openrouter-deepseek-v3-007,agent-openrouter-deepseek-v3-009,agent-openrouter-deepseek-v3-008",4,0,1,0.6666666666666666
pretrain,gsm8k_899,"agent-openrouter-deepseek-v3-007,agent-openrouter-deepseek-v3-008,agent-openrouter-deepseek-v3-010,agent-openrouter-deepseek-v3-008",4,1,1,0.6692307692307692
pretrain,gsm8k_137,"agent-openrouter-deepseek-v3-008,agent-openrouter-deepseek-v3-009,agent-openrouter-deepseek-v3-007,agent-openrouter-deepseek-v3-008,agent-openrouter-deepseek-v3-008,agent-openrouter-deepseek-v3-008,agent-openrouter-deepseek-v3-008,agent-openrouter-deepseek-v3-008",8,0,1,0.6641221374045801
pretrain,gsm8k_1114,"agent-openrouter-deepseek-v3-008,agent-openrouter-deepseek-v3-010,agent-openrouter-deepseek-v3-009,agent-openrouter-deepseek-v3-008,agent-openrouter-deepseek-v3-008",5,1,1,0.6666666666666666
pretrain,gsm8k_1160,"agent-openrouter-deepseek-v3-008,agent-openrouter-deepseek-v3-009,agent-openrouter-deepseek-v3-007,agent-openrouter-deepseek-v3-008,agent-openrouter-deepseek-v3-008",5,1,1,0.6691729323308271
pretrain,gsm8k_911,"agent-openrouter-deepseek-v3-008,agent-openrouter-deepseek-v3-007,agent-openrouter-deepseek-v3-009,agent-openrouter-deepseek-v3-008",4,1,1,0.6716417910447762
pretrain,gsm8k_109,"agent-openrouter-deepseek-v3-010,agent-openrouter-deepseek-v3-009,agent-openrouter-deepseek-v3-008,agent-openrouter-deepseek-v3-009",4,1,1,0.674074074074074
pretrain,gsm8k_760,"agent-openrouter-deepseek-v3-007,agent-openrouter-deepseek-v3-008,agent-openrouter-deepseek-v3-009,agent-openrouter-deepseek-v3-007,agent-openrouter-deepseek-v3-008",5,1,1,0.6764705882352942
pretrain,gsm8k_566,"agent-openrouter-deepseek-v3-010,agent-openrouter-deepseek-v3-008,agent-openrouter-deepseek-v3-009,agent-openrouter-deepseek-v3-008,agent-openrouter-deepseek-v3-008",5,0,1,0.6715328467153284
pretrain,gsm8k_159,"agent-openrouter-deepseek-v3-008,agent-openrouter-deepseek-v3-007,agent-openrouter-deepseek-v3-009,agent-openrouter-deepseek-v3-008,agent-openrouter-deepseek-v3-008,agent-openrouter-deepseek-v3-008",6,1,1,0.6739130434782609
pretrain,gsm8k_278,"agent-openrouter-deepseek-v3-008,agent-openrouter-deepseek-v3-007,agent-openrouter-deepseek-v3-010,agent-openrouter-deepseek-v3-008,agent-openrouter-deepseek-v3-007,agent-openrouter-deepseek-v3-008",6,1,1,0.6762589928057554
pretrain,gsm8k_288,"agent-openrouter-deepseek-v3-006,agent-openrouter-deepseek-v3-008,agent-openrouter-deepseek-v3-010,agent-openrouter-deepseek-v3-008,agent-openrouter-deepseek-v3-008",5,1,1,0.6785714285714286
pretrain,gsm8k_619,"agent-openrouter-deepseek-v3-009,agent-openrouter-deepseek-v3-007,agent-openrouter-deepseek-v3-008,agent-openrouter-deepseek-v3-008,agent-openrouter-deepseek-v3-008",5,1,1,0.6808510638297872
pretrain,gsm8k_215,"agent-openrouter-deepseek-v3-008,agent-openrouter-deepseek-v3-010,agent-openrouter-deepseek-v3-007,agent-openrouter-deepseek-v3-008",4,1,1,0.6830985915492958
pretrain,gsm8k_734,"agent-openrouter-deepseek-v3-008,agent-openrouter-deepseek-v3-009,agent-openrouter-deepseek-v3-010,agent-openrouter-deepseek-v3-008,agent-openrouter-deepseek-v3-008,agent-openrouter-deepseek-v3-009,agent-openrouter-deepseek-v3-008",7,1,1,0.6853146853146853
pretrain,gsm8k_351,"agent-openrouter-deepseek-v3-008,agent-openrouter-deepseek-v3-009,agent-openrouter-deepseek-v3-007,agent-openrouter-deepseek-v3-008,agent-openrouter-deepseek-v3-008",5,1,1,0.6875
pretrain,gsm8k_208,"agent-openrouter-deepseek-v3-007,agent-openrouter-deepseek-v3-008,agent-openrouter-deepseek-v3-009,agent-openrouter-deepseek-v3-007,agent-openrouter-deepseek-v3-008",5,1,1,0.6896551724137931
pretrain,gsm8k_703,"agent-openrouter-deepseek-v3-010,agent-openrouter-deepseek-v3-009,agent-openrouter-deepseek-v3-008,agent-openrouter-deepseek-v3-010,agent-openrouter-deepseek-v3-010,agent-openrouter-deepseek-v3-007",6,0,1,0.684931506849315
pretrain,gsm8k_649,"agent-openrouter-deepseek-v3-009,agent-openrouter-deepseek-v3-007,agent-openrouter-deepseek-v3-008,agent-openrouter-deepseek-v3-009",4,0,1,0.6802721088435374
pretrain,gsm8k_873,"agent-openrouter-deepseek-v3-008,agent-openrouter-deepseek-v3-009,agent-openrouter-deepseek-v3-007,agent-openrouter-deepseek-v3-008",4,1,1,0.6824324324324325
pretrain,gsm8k_987,"agent-openrouter-deepseek-v3-006,agent-openrouter-deepseek-v3-010,agent-openrouter-deepseek-v3-009,agent-openrouter-deepseek-v3-008,agent-openrouter-deepseek-v3-008",5,0,1,0.6778523489932886
pretrain,gsm8k_517,"agent-openrouter-deepseek-v3-008,agent-openrouter-deepseek-v3-009,agent-openrouter-deepseek-v3-007,agent-openrouter-deepseek-v3-008",4,1,1,0.68
pretrain,gsm8k_500,"agent-openrouter-deepseek-v3-008,agent-openrouter-deepseek-v3-009,agent-openrouter-deepseek-v3-007,agent-openrouter-deepseek-v3-008,agent-openrouter-deepseek-v3-008,agent-openrouter-deepseek-v3-008",6,0,1,0.6754966887417219
pretrain,gsm8k_1153,"agent-openrouter-deepseek-v3-008,agent-openrouter-deepseek-v3-007,agent-openrouter-deepseek-v3-009,agent-openrouter-deepseek-v3-008,agent-openrouter-deepseek-v3-008",5,0,1,0.6710526315789473
pretrain,gsm8k_927,"agent-openrouter-deepseek-v3-010,agent-openrouter-deepseek-v3-007,agent-openrouter-deepseek-v3-008,agent-openrouter-deepseek-v3-010,agent-openrouter-deepseek-v3-007,agent-openrouter-deepseek-v3-008",6,0,1,0.6666666666666666
pretrain,gsm8k_1183,"agent-openrouter-deepseek-v3-008,agent-openrouter-deepseek-v3-007,agent-openrouter-deepseek-v3-009,agent-openrouter-deepseek-v3-008,agent-openrouter-deepseek-v3-008,agent-openrouter-deepseek-v3-008,agent-openrouter-deepseek-v3-008",7,0,1,0.6623376623376623
pretrain,gsm8k_1064,"agent-openrouter-deepseek-v3-008,agent-openrouter-deepseek-v3-007,agent-openrouter-deepseek-v3-009,agent-openrouter-deepseek-v3-008,agent-openrouter-deepseek-v3-008,agent-openrouter-deepseek-v3-008,agent-openrouter-deepseek-v3-008",7,1,1,0.6645161290322581
pretrain,gsm8k_52,"agent-openrouter-deepseek-v3-008,agent-openrouter-deepseek-v3-009,agent-openrouter-deepseek-v3-010,agent-openrouter-deepseek-v3-008",4,1,1,0.6666666666666666
pretrain,gsm8k_94,"agent-openrouter-deepseek-v3-007,agent-openrouter-deepseek-v3-008,agent-openrouter-deepseek-v3-010,agent-openrouter-deepseek-v3-007,agent-openrouter-deepseek-v3-010,agent-openrouter-deepseek-v3-008",6,0,1,0.6624203821656051
pretrain,gsm8k_972,"agent-openrouter-deepseek-v3-008,agent-openrouter-deepseek-v3-010,agent-openrouter-deepseek-v3-009,agent-openrouter-deepseek-v3-008,agent-openrouter-deepseek-v3-008,agent-openrouter-deepseek-v3-008,agent-openrouter-deepseek-v3-008",7,1,1,0.6645569620253164
pretrain,gsm8k_1145,"agent-openrouter-deepseek-v3-009,agent-openrouter-deepseek-v3-008,agent-openrouter-deepseek-v3-007,agent-openrouter-deepseek-v3-008,agent-openrouter-deepseek-v3-008,agent-openrouter-deepseek-v3-008,agent-openrouter-deepseek-v3-008",7,0,1,0.660377358490566
pretrain,gsm8k_849,"agent-openrouter-deepseek-v3-008,agent-openrouter-deepseek-v3-010,agent-openrouter-deepseek-v3-007",3,1,1,0.6625
pretrain,gsm8k_1208,"agent-openrouter-deepseek-v3-008,agent-openrouter-deepseek-v3-009,agent-openrouter-deepseek-v3-010,agent-openrouter-deepseek-v3-008",4,1,1,0.6645962732919255
pretrain,gsm8k_45,"agent-openrouter-deepseek-v3-010,agent-openrouter-deepseek-v3-008,agent-openrouter-deepseek-v3-009,agent-openrouter-deepseek-v3-010,agent-openrouter-deepseek-v3-010",5,0,1,0.6604938271604939
pretrain,gsm8k_3,"agent-openrouter-deepseek-v3-008,agent-openrouter-deepseek-v3-009,agent-openrouter-deepseek-v3-010,agent-openrouter-deepseek-v3-008",4,1,1,0.6625766871165644
pretrain,gsm8k_341,"agent-openrouter-deepseek-v3-010,agent-openrouter-deepseek-v3-007,agent-openrouter-deepseek-v3-008,agent-openrouter-deepseek-v3-009,agent-openrouter-deepseek-v3-007,agent-openrouter-deepseek-v3-010",6,0,1,0.6585365853658537
pretrain,gsm8k_789,"agent-openrouter-deepseek-v3-009,agent-openrouter-deepseek-v3-008,agent-openrouter-deepseek-v3-007,agent-openrouter-deepseek-v3-008",4,0,1,0.6545454545454545
pretrain,gsm8k_133,"agent-openrouter-deepseek-v3-010,agent-openrouter-deepseek-v3-008,agent-openrouter-deepseek-v3-007,agent-openrouter-deepseek-v3-008",4,1,1,0.6566265060240963
pretrain,gsm8k_652,"agent-openrouter-deepseek-v3-007,agent-openrouter-deepseek-v3-010,agent-openrouter-deepseek-v3-008,agent-openrouter-deepseek-v3-010,agent-openrouter-deepseek-v3-007,agent-openrouter-deepseek-v3-008",6,0,1,0.6526946107784432
pretrain,gsm8k_1030,"agent-openrouter-deepseek-v3-008,agent-openrouter-deepseek-v3-009,agent-openrouter-deepseek-v3-007,agent-openrouter-deepseek-v3-008,agent-openrouter-deepseek-v3-008,agent-openrouter-deepseek-v3-008",6,1,1,0.6547619047619048
pretrain,gsm8k_165,"agent-openrouter-deepseek-v3-009,agent-openrouter-deepseek-v3-007,agent-openrouter-deepseek-v3-008,agent-openrouter-deepseek-v3-009,agent-openrouter-deepseek-v3-009,agent-openrouter-deepseek-v3-008,agent-openrouter-deepseek-v3-009",7,1,1,0.6568047337278107
pretrain,gsm8k_759,"agent-openrouter-deepseek-v3-009,agent-openrouter-deepseek-v3-007,agent-openrouter-deepseek-v3-008,agent-openrouter-deepseek-v3-009",4,1,1,0.6588235294117647
pretrain,gsm8k_452,"agent-openrouter-deepseek-v3-008,agent-openrouter-deepseek-v3-007,agent-openrouter-deepseek-v3-009,agent-openrouter-deepseek-v3-008,agent-openrouter-deepseek-v3-008,agent-openrouter-deepseek-v3-008",6,1,1,0.6608187134502924
pretrain,gsm8k_564,"agent-openrouter-deepseek-v3-008,agent-openrouter-deepseek-v3-009,agent-openrouter-deepseek-v3-010,agent-openrouter-deepseek-v3-008",4,0,1,0.6569767441860465
pretrain,gsm8k_722,"agent-openrouter-deepseek-v3-009,agent-openrouter-deepseek-v3-008,agent-openrouter-deepseek-v3-007,agent-openrouter-deepseek-v3-008",4,1,1,0.6589595375722543
pretrain,gsm8k_1074,"agent-openrouter-deepseek-v3-008,agent-openrouter-deepseek-v3-009,agent-openrouter-deepseek-v3-007,agent-openrouter-deepseek-v3-008",4,1,1,0.6609195402298851
pretrain,gsm8k_574,"agent-openrouter-deepseek-v3-007,agent-openrouter-deepseek-v3-010,agent-openrouter-deepseek-v3-009,agent-openrouter-deepseek-v3-007,agent-openrouter-deepseek-v3-010",5,1,1,0.6628571428571428
pretrain,gsm8k_9,"agent-openrouter-deepseek-v3-008,agent-openrouter-deepseek-v3-007,agent-openrouter-deepseek-v3-009,agent-openrouter-deepseek-v3-008,agent-openrouter-deepseek-v3-008,agent-openrouter-deepseek-v3-008",6,0,1,0.6590909090909091
pretrain,gsm8k_1235,"agent-openrouter-deepseek-v3-008,agent-openrouter-deepseek-v3-007,agent-openrouter-deepseek-v3-009,agent-openrouter-deepseek-v3-008",4,1,1,0.6610169491525424
pretrain,gsm8k_77,"agent-openrouter-deepseek-v3-008,agent-openrouter-deepseek-v3-007,agent-openrouter-deepseek-v3-010,agent-openrouter-deepseek-v3-008,agent-openrouter-deepseek-v3-008",5,0,1,0.6573033707865169
pretrain,gsm8k_904,"agent-openrouter-deepseek-v3-010,agent-openrouter-deepseek-v3-009,agent-openrouter-deepseek-v3-008,agent-openrouter-deepseek-v3-007",4,1,1,0.659217877094972
pretrain,gsm8k_707,"agent-openrouter-deepseek-v3-008,agent-openrouter-deepseek-v3-009,agent-openrouter-deepseek-v3-007,agent-openrouter-deepseek-v3-008,agent-openrouter-deepseek-v3-008",5,1,1,0.6611111111111111
pretrain,gsm8k_925,"agent-openrouter-deepseek-v3-010,agent-openrouter-deepseek-v3-008,agent-openrouter-deepseek-v3-009,agent-openrouter-deepseek-v3-009,agent-openrouter-deepseek-v3-009",5,1,1,0.6629834254143646
pretrain,gsm8k_152,"agent-openrouter-deepseek-v3-008,agent-openrouter-deepseek-v3-009,agent-openrouter-deepseek-v3-007,agent-openrouter-deepseek-v3-008",4,1,1,0.6648351648351648
pretrain,gsm8k_558,"agent-openrouter-deepseek-v3-008,agent-openrouter-deepseek-v3-010,agent-openrouter-deepseek-v3-007,agent-openrouter-deepseek-v3-008",4,1,1,0.6666666666666666
pretrain,gsm8k_36,"agent-openrouter-deepseek-v3-010,agent-openrouter-deepseek-v3-009,agent-openrouter-deepseek-v3-008,agent-openrouter-deepseek-v3-010",4,1,1,0.6684782608695652
pretrain,gsm8k_854,"agent-openrouter-deepseek-v3-006,agent-openrouter-deepseek-v3-009,agent-openrouter-deepseek-v3-007,agent-openrouter-deepseek-v3-009,agent-openrouter-deepseek-v3-009,agent-openrouter-deepseek-v3-010",6,0,1,0.6648648648648648
pretrain,gsm8k_1292,"agent-openrouter-deepseek-v3-008,agent-openrouter-deepseek-v3-010,agent-openrouter-deepseek-v3-009,agent-openrouter-deepseek-v3-008,agent-openrouter-deepseek-v3-008",5,0,1,0.6612903225806451
pretrain,gsm8k_596,"agent-openrouter-deepseek-v3-010,agent-openrouter-deepseek-v3-008,agent-openrouter-deepseek-v3-007,agent-openrouter-deepseek-v3-008,agent-openrouter-deepseek-v3-008",5,1,1,0.6631016042780749
pretrain,gsm8k_565,"agent-openrouter-deepseek-v3-008,agent-openrouter-deepseek-v3-007,agent-openrouter-deepseek-v3-009,agent-openrouter-deepseek-v3-008,agent-openrouter-deepseek-v3-008",5,1,1,0.6648936170212766
pretrain,gsm8k_151,"agent-openrouter-deepseek-v3-010,agent-openrouter-deepseek-v3-007,agent-openrouter-deepseek-v3-008,agent-openrouter-deepseek-v3-007,agent-openrouter-deepseek-v3-010,agent-openrouter-deepseek-v3-010,agent-openrouter-deepseek-v3-010",7,0,1,0.6613756613756614
pretrain,gsm8k_1284,"agent-openrouter-deepseek-v3-007,agent-openrouter-deepseek-v3-009,agent-openrouter-deepseek-v3-008,agent-openrouter-deepseek-v3-008,agent-openrouter-deepseek-v3-008",5,0,1,0.6578947368421053
pretrain,gsm8k_1199,"agent-openrouter-deepseek-v3-006,agent-openrouter-deepseek-v3-009,agent-openrouter-deepseek-v3-007,agent-openrouter-deepseek-v3-009,agent-openrouter-deepseek-v3-009,agent-openrouter-deepseek-v3-009,agent-openrouter-deepseek-v3-009",7,1,1,0.6596858638743456
pretrain,gsm8k_42,"agent-openrouter-deepseek-v3-008,agent-openrouter-deepseek-v3-007,agent-openrouter-deepseek-v3-009,agent-openrouter-deepseek-v3-008",4,1,1,0.6614583333333334
pretrain,gsm8k_315,"agent-openrouter-deepseek-v3-009,agent-openrouter-deepseek-v3-008,agent-openrouter-deepseek-v3-007,agent-openrouter-deepseek-v3-007,agent-openrouter-deepseek-v3-008",5,1,1,0.6632124352331606
pretrain,gsm8k_373,"agent-openrouter-deepseek-v3-008,agent-openrouter-deepseek-v3-007,agent-openrouter-deepseek-v3-009,agent-openrouter-deepseek-v3-008,agent-openrouter-deepseek-v3-008",5,1,1,0.6649484536082474
pretrain,gsm8k_920,"agent-openrouter-deepseek-v3-007,agent-openrouter-deepseek-v3-008,agent-openrouter-deepseek-v3-009,agent-openrouter-deepseek-v3-007,agent-openrouter-deepseek-v3-007,agent-openrouter-deepseek-v3-010,agent-openrouter-deepseek-v3-008",7,1,1,0.6666666666666666
pretrain,gsm8k_815,"agent-openrouter-deepseek-v3-009,agent-openrouter-deepseek-v3-008,agent-openrouter-deepseek-v3-010,agent-openrouter-deepseek-v3-008,agent-openrouter-deepseek-v3-008,agent-openrouter-deepseek-v3-008,agent-openrouter-deepseek-v3-008",7,1,1,0.6683673469387755
pretrain,gsm8k_881,"agent-openrouter-deepseek-v3-008,agent-openrouter-deepseek-v3-009,agent-openrouter-deepseek-v3-007,agent-openrouter-deepseek-v3-008",4,0,1,0.6649746192893401
pretrain,gsm8k_40,"agent-openrouter-deepseek-v3-009,agent-openrouter-deepseek-v3-007,agent-openrouter-deepseek-v3-008,agent-openrouter-deepseek-v3-008",4,1,1,0.6666666666666666
pretrain,gsm8k_1137,"agent-openrouter-deepseek-v3-007,agent-openrouter-deepseek-v3-009,agent-openrouter-deepseek-v3-008,agent-openrouter-deepseek-v3-008,agent-openrouter-deepseek-v3-008,agent-openrouter-deepseek-v3-008,agent-openrouter-deepseek-v3-008",7,0,1,0.6633165829145728
pretrain,gsm8k_366,"agent-openrouter-deepseek-v3-008,agent-openrouter-deepseek-v3-007,agent-openrouter-deepseek-v3-010,agent-openrouter-deepseek-v3-008",4,1,1,0.665
pretrain,gsm8k_977,"agent-openrouter-deepseek-v3-008,agent-openrouter-deepseek-v3-009,agent-openrouter-deepseek-v3-010,agent-openrouter-deepseek-v3-008,agent-openrouter-deepseek-v3-008",5,1,1,0.6666666666666666
pretrain,gsm8k_698,"agent-openrouter-deepseek-v3-008,agent-openrouter-deepseek-v3-007,agent-openrouter-deepseek-v3-009,agent-openrouter-deepseek-v3-008",4,1,1,0.6683168316831684
pretrain,gsm8k_1271,"agent-openrouter-deepseek-v3-008,agent-openrouter-deepseek-v3-007,agent-openrouter-deepseek-v3-009,agent-openrouter-deepseek-v3-008,agent-openrouter-deepseek-v3-008",5,1,1,0.6699507389162561
pretrain,gsm8k_682,"agent-openrouter-deepseek-v3-008,agent-openrouter-deepseek-v3-010,agent-openrouter-deepseek-v3-007,agent-openrouter-deepseek-v3-010,agent-openrouter-deepseek-v3-008,agent-openrouter-deepseek-v3-008",6,1,1,0.6715686274509803
pretrain,gsm8k_105,"agent-openrouter-deepseek-v3-009,agent-openrouter-deepseek-v3-007,agent-openrouter-deepseek-v3-008,agent-openrouter-deepseek-v3-009",4,1,1,0.6731707317073171
pretrain,gsm8k_362,"agent-openrouter-deepseek-v3-009,agent-openrouter-deepseek-v3-010,agent-openrouter-deepseek-v3-008,agent-openrouter-deepseek-v3-009,agent-openrouter-deepseek-v3-007",5,0,1,0.6699029126213593
pretrain,gsm8k_798,"agent-openrouter-deepseek-v3-010,agent-openrouter-deepseek-v3-007,agent-openrouter-deepseek-v3-008,agent-openrouter-deepseek-v3-010,agent-openrouter-deepseek-v3-010,agent-openrouter-deepseek-v3-010,agent-openrouter-deepseek-v3-010,agent-openrouter-deepseek-v3-008",8,0,1,0.6666666666666666
pretrain,gsm8k_573,"agent-openrouter-deepseek-v3-008,agent-openrouter-deepseek-v3-010,agent-openrouter-deepseek-v3-009,agent-openrouter-deepseek-v3-008",4,1,1,0.6682692307692307
pretrain,gsm8k_905,"agent-openrouter-deepseek-v3-008,agent-openrouter-deepseek-v3-009,agent-openrouter-deepseek-v3-007,agent-openrouter-deepseek-v3-008,agent-openrouter-deepseek-v3-008",5,0,1,0.6650717703349283
pretrain,gsm8k_895,"agent-openrouter-deepseek-v3-010,agent-openrouter-deepseek-v3-007,agent-openrouter-deepseek-v3-008,agent-openrouter-deepseek-v3-010",4,1,1,0.6666666666666666
pretrain,gsm8k_416,"agent-openrouter-deepseek-v3-007,agent-openrouter-deepseek-v3-009,agent-openrouter-deepseek-v3-008,agent-openrouter-deepseek-v3-008,agent-openrouter-deepseek-v3-007,agent-openrouter-deepseek-v3-008,agent-openrouter-deepseek-v3-008",7,1,1,0.6682464454976303
pretrain,gsm8k_635,"agent-openrouter-deepseek-v3-008,agent-openrouter-deepseek-v3-010,agent-openrouter-deepseek-v3-009,agent-openrouter-deepseek-v3-008,agent-openrouter-deepseek-v3-008,agent-openrouter-deepseek-v3-008,agent-openrouter-deepseek-v3-008",7,1,1,0.6698113207547169
pretrain,gsm8k_767,"agent-openrouter-deepseek-v3-009,agent-openrouter-deepseek-v3-010,agent-openrouter-deepseek-v3-008",3,0,1,0.6666666666666666
pretrain,gsm8k_158,"agent-openrouter-deepseek-v3-008,agent-openrouter-deepseek-v3-009,agent-openrouter-deepseek-v3-010,agent-openrouter-deepseek-v3-008,agent-openrouter-deepseek-v3-008",5,1,1,0.6682242990654206
pretrain,gsm8k_242,"agent-openrouter-deepseek-v3-008,agent-openrouter-deepseek-v3-007,agent-openrouter-deepseek-v3-010,agent-openrouter-deepseek-v3-008,agent-openrouter-deepseek-v3-010,agent-openrouter-deepseek-v3-008",6,0,1,0.6651162790697674
pretrain,gsm8k_885,"agent-openrouter-deepseek-v3-008,agent-openrouter-deepseek-v3-009,agent-openrouter-deepseek-v3-010,agent-openrouter-deepseek-v3-008,agent-openrouter-deepseek-v3-008",5,1,1,0.6666666666666666
pretrain,gsm8k_166,"agent-openrouter-deepseek-v3-008,agent-openrouter-deepseek-v3-007,agent-openrouter-deepseek-v3-009",3,1,1,0.6682027649769585
pretrain,gsm8k_819,"agent-openrouter-deepseek-v3-007,agent-openrouter-deepseek-v3-008,agent-openrouter-deepseek-v3-009,agent-openrouter-deepseek-v3-008",4,1,1,0.6697247706422018
pretrain,gsm8k_830,"agent-openrouter-deepseek-v3-007,agent-openrouter-deepseek-v3-008,agent-openrouter-deepseek-v3-010,agent-openrouter-deepseek-v3-007,agent-openrouter-deepseek-v3-007,agent-openrouter-deepseek-v3-008",6,0,1,0.6666666666666666
pretrain,gsm8k_181,"agent-openrouter-deepseek-v3-010,agent-openrouter-deepseek-v3-008,agent-openrouter-deepseek-v3-009,agent-openrouter-deepseek-v3-008,agent-openrouter-deepseek-v3-008",5,1,1,0.6681818181818182
pretrain,gsm8k_422,"agent-openrouter-deepseek-v3-007,agent-openrouter-deepseek-v3-010,agent-openrouter-deepseek-v3-008,agent-openrouter-deepseek-v3-009,agent-openrouter-deepseek-v3-008",5,1,1,0.669683257918552
pretrain,gsm8k_25,"agent-openrouter-deepseek-v3-009,agent-openrouter-deepseek-v3-010,agent-openrouter-deepseek-v3-007,agent-openrouter-deepseek-v3-010,agent-openrouter-deepseek-v3-007,agent-openrouter-deepseek-v3-009,agent-openrouter-deepseek-v3-010",7,1,1,0.6711711711711712
pretrain,gsm8k_183,"agent-openrouter-deepseek-v3-008,agent-openrouter-deepseek-v3-006,agent-openrouter-deepseek-v3-010,agent-openrouter-deepseek-v3-008,agent-openrouter-deepseek-v3-008",5,0,1,0.6681614349775785
pretrain,gsm8k_754,"agent-openrouter-deepseek-v3-010,agent-openrouter-deepseek-v3-008,agent-openrouter-deepseek-v3-007,agent-openrouter-deepseek-v3-009,agent-openrouter-deepseek-v3-010,agent-openrouter-deepseek-v3-010,agent-openrouter-deepseek-v3-010,agent-openrouter-deepseek-v3-008",8,0,1,0.6651785714285714
pretrain,gsm8k_1078,"agent-openrouter-deepseek-v3-008,agent-openrouter-deepseek-v3-010,agent-openrouter-deepseek-v3-009,agent-openrouter-deepseek-v3-008",4,1,1,0.6666666666666666
pretrain,gsm8k_801,"agent-openrouter-deepseek-v3-009,agent-openrouter-deepseek-v3-008,agent-openrouter-deepseek-v3-007,agent-openrouter-deepseek-v3-008,agent-openrouter-deepseek-v3-009,agent-openrouter-deepseek-v3-008",6,1,1,0.668141592920354
pretrain,gsm8k_421,"agent-openrouter-deepseek-v3-008,agent-openrouter-deepseek-v3-007,agent-openrouter-deepseek-v3-009,agent-openrouter-deepseek-v3-008,agent-openrouter-deepseek-v3-008",5,1,1,0.6696035242290749
pretrain,gsm8k_1073,"agent-openrouter-deepseek-v3-008,agent-openrouter-deepseek-v3-009,agent-openrouter-deepseek-v3-010,agent-openrouter-deepseek-v3-008,agent-openrouter-deepseek-v3-008",5,0,1,0.6666666666666666
pretrain,gsm8k_685,"agent-openrouter-deepseek-v3-008,agent-openrouter-deepseek-v3-007,agent-openrouter-deepseek-v3-010,agent-openrouter-deepseek-v3-008,agent-openrouter-deepseek-v3-008",5,1,1,0.6681222707423581
pretrain,gsm8k_884,"agent-openrouter-deepseek-v3-008,agent-openrouter-deepseek-v3-007,agent-openrouter-deepseek-v3-009,agent-openrouter-deepseek-v3-008",4,1,1,0.6695652173913044
pretrain,gsm8k_752,"agent-openrouter-deepseek-v3-007,agent-openrouter-deepseek-v3-010,agent-openrouter-deepseek-v3-008,agent-openrouter-deepseek-v3-010",4,1,1,0.670995670995671
pretrain,gsm8k_1012,"agent-openrouter-deepseek-v3-007,agent-openrouter-deepseek-v3-009,agent-openrouter-deepseek-v3-010,agent-openrouter-deepseek-v3-007,agent-openrouter-deepseek-v3-008,agent-openrouter-deepseek-v3-009",6,0,1,0.6681034482758621
pretrain,gsm8k_254,"agent-openrouter-deepseek-v3-008,agent-openrouter-deepseek-v3-007,agent-openrouter-deepseek-v3-010,agent-openrouter-deepseek-v3-008",4,1,1,0.6695278969957081
pretrain,gsm8k_273,"agent-openrouter-deepseek-v3-010,agent-openrouter-deepseek-v3-008,agent-openrouter-deepseek-v3-007,agent-openrouter-deepseek-v3-010,agent-openrouter-deepseek-v3-008",5,0,1,0.6666666666666666
pretrain,gsm8k_1258,"agent-openrouter-deepseek-v3-007,agent-openrouter-deepseek-v3-006,agent-openrouter-deepseek-v3-008,agent-openrouter-deepseek-v3-010,agent-openrouter-deepseek-v3-008",5,1,1,0.6680851063829787
pretrain,gsm8k_806,"agent-openrouter-deepseek-v3-008,agent-openrouter-deepseek-v3-009,agent-openrouter-deepseek-v3-007,agent-openrouter-deepseek-v3-008,agent-openrouter-deepseek-v3-008,agent-openrouter-deepseek-v3-008,agent-openrouter-deepseek-v3-008,agent-openrouter-deepseek-v3-008",8,0,1,0.6652542372881356
pretrain,gsm8k_718,"agent-openrouter-deepseek-v3-008,agent-openrouter-deepseek-v3-009,agent-openrouter-deepseek-v3-007,agent-openrouter-deepseek-v3-008",4,1,1,0.6666666666666666
pretrain,gsm8k_1101,"agent-openrouter-deepseek-v3-008,agent-openrouter-deepseek-v3-010,agent-openrouter-deepseek-v3-007,agent-openrouter-deepseek-v3-008",4,0,1,0.6638655462184874
pretrain,gsm8k_391,"agent-openrouter-deepseek-v3-008,agent-openrouter-deepseek-v3-009,agent-openrouter-deepseek-v3-007,agent-openrouter-deepseek-v3-008,agent-openrouter-deepseek-v3-008,agent-openrouter-deepseek-v3-008",6,1,1,0.6652719665271967
pretrain,gsm8k_1165,"agent-openrouter-deepseek-v3-008,agent-openrouter-deepseek-v3-009,agent-openrouter-deepseek-v3-010,agent-openrouter-deepseek-v3-008,agent-openrouter-deepseek-v3-008,agent-openrouter-deepseek-v3-008,agent-openrouter-deepseek-v3-008",7,0,1,0.6625
pretrain,gsm8k_1044,"agent-openrouter-deepseek-v3-010,agent-openrouter-deepseek-v3-009,agent-openrouter-deepseek-v3-008,agent-openrouter-deepseek-v3-008",4,1,1,0.6639004149377593
pretrain,gsm8k_227,"agent-openrouter-deepseek-v3-010,agent-openrouter-deepseek-v3-007,agent-openrouter-deepseek-v3-008,agent-openrouter-deepseek-v3-007,agent-openrouter-deepseek-v3-010,agent-openrouter-deepseek-v3-008",6,1,1,0.6652892561983471
pretrain,gsm8k_1023,"agent-openrouter-deepseek-v3-009,agent-openrouter-deepseek-v3-010,agent-openrouter-deepseek-v3-008,agent-openrouter-deepseek-v3-008,agent-openrouter-deepseek-v3-008",5,1,1,0.6666666666666666
pretrain,gsm8k_1063,"agent-openrouter-deepseek-v3-008,agent-openrouter-deepseek-v3-009,agent-openrouter-deepseek-v3-010,agent-openrouter-deepseek-v3-008,agent-openrouter-deepseek-v3-008",5,1,1,0.6680327868852459
pretrain,gsm8k_1268,"agent-openrouter-deepseek-v3-008,agent-openrouter-deepseek-v3-009,agent-openrouter-deepseek-v3-007,agent-openrouter-deepseek-v3-008",4,0,1,0.6653061224489796
pretrain,gsm8k_358,"agent-openrouter-deepseek-v3-009,agent-openrouter-deepseek-v3-008,agent-openrouter-deepseek-v3-007,agent-openrouter-deepseek-v3-008",4,0,1,0.6626016260162602
pretrain,gsm8k_312,"agent-openrouter-deepseek-v3-008,agent-openrouter-deepseek-v3-007,agent-openrouter-deepseek-v3-009",3,1,1,0.6639676113360324
pretrain,gsm8k_840,"agent-openrouter-deepseek-v3-008,agent-openrouter-deepseek-v3-010,agent-openrouter-deepseek-v3-007,agent-openrouter-deepseek-v3-008,agent-openrouter-deepseek-v3-008",5,1,1,0.6653225806451613
pretrain,gsm8k_814,"agent-openrouter-deepseek-v3-008,agent-openrouter-deepseek-v3-010,agent-openrouter-deepseek-v3-007,agent-openrouter-deepseek-v3-008,agent-openrouter-deepseek-v3-008,agent-openrouter-deepseek-v3-008",6,0,1,0.6626506024096386
pretrain,gsm8k_233,"agent-openrouter-deepseek-v3-008,agent-openrouter-deepseek-v3-007,agent-openrouter-deepseek-v3-009,agent-openrouter-deepseek-v3-008,agent-openrouter-deepseek-v3-008",5,1,1,0.664
pretrain,gsm8k_1187,"agent-openrouter-deepseek-v3-008,agent-openrouter-deepseek-v3-007,agent-openrouter-deepseek-v3-010,agent-openrouter-deepseek-v3-008",4,0,1,0.6613545816733067
pretrain,gsm8k_24,"agent-openrouter-deepseek-v3-008,agent-openrouter-deepseek-v3-007,agent-openrouter-deepseek-v3-010,agent-openrouter-deepseek-v3-008,agent-openrouter-deepseek-v3-008",5,1,1,0.6626984126984127
pretrain,gsm8k_675,"agent-openrouter-deepseek-v3-007,agent-openrouter-deepseek-v3-009,agent-openrouter-deepseek-v3-008,agent-openrouter-deepseek-v3-007,agent-openrouter-deepseek-v3-007,agent-openrouter-deepseek-v3-007,agent-openrouter-deepseek-v3-009",7,0,1,0.6600790513833992
pretrain,gsm8k_197,"agent-openrouter-deepseek-v3-009,agent-openrouter-deepseek-v3-008,agent-openrouter-deepseek-v3-007,agent-openrouter-deepseek-v3-009,agent-openrouter-deepseek-v3-009,agent-openrouter-deepseek-v3-008,agent-openrouter-deepseek-v3-008",7,1,1,0.6614173228346457
pretrain,gsm8k_408,"agent-openrouter-deepseek-v3-008,agent-openrouter-deepseek-v3-007,agent-openrouter-deepseek-v3-010,agent-openrouter-deepseek-v3-008,agent-openrouter-deepseek-v3-008",5,1,1,0.6627450980392157
pretrain,gsm8k_336,"agent-openrouter-deepseek-v3-007,agent-openrouter-deepseek-v3-010,agent-openrouter-deepseek-v3-008,agent-openrouter-deepseek-v3-010,agent-openrouter-deepseek-v3-010",5,1,1,0.6640625
pretrain,gsm8k_1219,"agent-openrouter-deepseek-v3-008,agent-openrouter-deepseek-v3-007,agent-openrouter-deepseek-v3-009,agent-openrouter-deepseek-v3-008",4,1,1,0.6653696498054474
pretrain,gsm8k_71,"agent-openrouter-deepseek-v3-008,agent-openrouter-deepseek-v3-007,agent-openrouter-deepseek-v3-009,agent-openrouter-deepseek-v3-008",4,1,1,0.6666666666666666
pretrain,gsm8k_791,"agent-openrouter-deepseek-v3-008,agent-openrouter-deepseek-v3-006,agent-openrouter-deepseek-v3-009,agent-openrouter-deepseek-v3-008",4,1,1,0.667953667953668
pretrain,gsm8k_862,"agent-openrouter-deepseek-v3-010,agent-openrouter-deepseek-v3-007,agent-openrouter-deepseek-v3-008,agent-openrouter-deepseek-v3-009,agent-openrouter-deepseek-v3-008",5,1,1,0.6692307692307692
pretrain,gsm8k_359,"agent-openrouter-deepseek-v3-010,agent-openrouter-deepseek-v3-007,agent-openrouter-deepseek-v3-009,agent-openrouter-deepseek-v3-009,agent-openrouter-deepseek-v3-010",5,1,1,0.6704980842911877
pretrain,gsm8k_656,"agent-openrouter-deepseek-v3-008,agent-openrouter-deepseek-v3-010,agent-openrouter-deepseek-v3-007,agent-openrouter-deepseek-v3-008",4,1,1,0.6717557251908397
pretrain,gsm8k_521,"agent-openrouter-deepseek-v3-008,agent-openrouter-deepseek-v3-010,agent-openrouter-deepseek-v3-009,agent-openrouter-deepseek-v3-008,agent-openrouter-deepseek-v3-008,agent-openrouter-deepseek-v3-008,agent-openrouter-deepseek-v3-008",7,0,1,0.6692015209125475
pretrain,gsm8k_409,"agent-openrouter-deepseek-v3-008,agent-openrouter-deepseek-v3-009,agent-openrouter-deepseek-v3-010,agent-openrouter-deepseek-v3-008,agent-openrouter-deepseek-v3-009,agent-openrouter-deepseek-v3-009,agent-openrouter-deepseek-v3-008",7,1,1,0.6704545454545454
pretrain,gsm8k_695,"agent-openrouter-deepseek-v3-008,agent-openrouter-deepseek-v3-009,agent-openrouter-deepseek-v3-007",3,1,1,0.6716981132075471
pretrain,gsm8k_549,"agent-openrouter-deepseek-v3-008,agent-openrouter-deepseek-v3-009,agent-openrouter-deepseek-v3-007,agent-openrouter-deepseek-v3-008,agent-openrouter-deepseek-v3-008",5,1,1,0.6729323308270677
pretrain,gsm8k_339,"agent-openrouter-deepseek-v3-008,agent-openrouter-deepseek-v3-009,agent-openrouter-deepseek-v3-007,agent-openrouter-deepseek-v3-009,agent-openrouter-deepseek-v3-009,agent-openrouter-deepseek-v3-008",6,0,1,0.6704119850187266
pretrain,gsm8k_28,"agent-openrouter-deepseek-v3-007,agent-openrouter-deepseek-v3-009,agent-openrouter-deepseek-v3-008,agent-openrouter-deepseek-v3-007,agent-openrouter-deepseek-v3-008",5,1,1,0.6716417910447762
pretrain,gsm8k_986,"agent-openrouter-deepseek-v3-009,agent-openrouter-deepseek-v3-007,agent-openrouter-deepseek-v3-008,agent-openrouter-deepseek-v3-010,agent-openrouter-deepseek-v3-010",5,0,1,0.6691449814126395
pretrain,gsm8k_267,"agent-openrouter-deepseek-v3-007,agent-openrouter-deepseek-v3-006,agent-openrouter-deepseek-v3-009,agent-openrouter-deepseek-v3-010,agent-openrouter-deepseek-v3-010",5,0,1,0.6666666666666666
pretrain,gsm8k_182,"agent-openrouter-deepseek-v3-008,agent-openrouter-deepseek-v3-010,agent-openrouter-deepseek-v3-009,agent-openrouter-deepseek-v3-008,agent-openrouter-deepseek-v3-008,agent-openrouter-deepseek-v3-008,agent-openrouter-deepseek-v3-008",7,0,1,0.6642066420664207
pretrain,gsm8k_594,"agent-openrouter-deepseek-v3-010,agent-openrouter-deepseek-v3-009,agent-openrouter-deepseek-v3-008,agent-openrouter-deepseek-v3-008",4,1,1,0.6654411764705882
pretrain,gsm8k_1018,"agent-openrouter-deepseek-v3-008,agent-openrouter-deepseek-v3-009,agent-openrouter-deepseek-v3-010,agent-openrouter-deepseek-v3-008",4,1,1,0.6666666666666666
pretrain,gsm8k_879,"agent-openrouter-deepseek-v3-008,agent-openrouter-deepseek-v3-010,agent-openrouter-deepseek-v3-007,agent-openrouter-deepseek-v3-008",4,1,1,0.6678832116788321
pretrain,gsm8k_111,"agent-openrouter-deepseek-v3-009,agent-openrouter-deepseek-v3-007,agent-openrouter-deepseek-v3-008,agent-openrouter-deepseek-v3-008,agent-openrouter-deepseek-v3-008",5,1,1,0.6690909090909091
pretrain,gsm8k_610,"agent-openrouter-deepseek-v3-007,agent-openrouter-deepseek-v3-010,agent-openrouter-deepseek-v3-008,agent-openrouter-deepseek-v3-010",4,1,1,0.6702898550724637
pretrain,gsm8k_444,"agent-openrouter-deepseek-v3-008,agent-openrouter-deepseek-v3-007,agent-openrouter-deepseek-v3-010,agent-openrouter-deepseek-v3-008,agent-openrouter-deepseek-v3-008",5,1,1,0.6714801444043321
pretrain,gsm8k_353,"agent-openrouter-deepseek-v3-008,agent-openrouter-deepseek-v3-009,agent-openrouter-deepseek-v3-010,agent-openrouter-deepseek-v3-008,agent-openrouter-deepseek-v3-008,agent-openrouter-deepseek-v3-008",6,0,1,0.6690647482014388
pretrain,gsm8k_746,"agent-openrouter-deepseek-v3-010,agent-openrouter-deepseek-v3-007,agent-openrouter-deepseek-v3-009,agent-openrouter-deepseek-v3-010",4,1,1,0.6702508960573477
pretrain,gsm8k_805,"agent-openrouter-deepseek-v3-008,agent-openrouter-deepseek-v3-007,agent-openrouter-deepseek-v3-009,agent-openrouter-deepseek-v3-008",4,1,1,0.6714285714285714
pretrain,gsm8k_321,"agent-openrouter-deepseek-v3-008,agent-openrouter-deepseek-v3-009,agent-openrouter-deepseek-v3-007",3,1,1,0.6725978647686833
pretrain,gsm8k_446,"agent-openrouter-deepseek-v3-008,agent-openrouter-deepseek-v3-007,agent-openrouter-deepseek-v3-009,agent-openrouter-deepseek-v3-008",4,0,1,0.6702127659574468
pretrain,gsm8k_620,"agent-openrouter-deepseek-v3-008,agent-openrouter-deepseek-v3-007,agent-openrouter-deepseek-v3-009,agent-openrouter-deepseek-v3-008",4,1,1,0.6713780918727915
pretrain,gsm8k_523,"agent-openrouter-deepseek-v3-010,agent-openrouter-deepseek-v3-007,agent-openrouter-deepseek-v3-008,agent-openrouter-deepseek-v3-009,agent-openrouter-deepseek-v3-008",5,1,1,0.6725352112676056
pretrain,gsm8k_850,"agent-openrouter-deepseek-v3-010,agent-openrouter-deepseek-v3-009,agent-openrouter-deepseek-v3-008,agent-openrouter-deepseek-v3-010,agent-openrouter-deepseek-v3-010,agent-openrouter-deepseek-v3-010",6,1,1,0.6736842105263158
pretrain,gsm8k_394,"agent-openrouter-deepseek-v3-008,agent-openrouter-deepseek-v3-007,agent-openrouter-deepseek-v3-010,agent-openrouter-deepseek-v3-008,agent-openrouter-deepseek-v3-008",5,1,1,0.6748251748251748
pretrain,gsm8k_590,"agent-openrouter-deepseek-v3-008,agent-openrouter-deepseek-v3-010,agent-openrouter-deepseek-v3-009,agent-openrouter-deepseek-v3-008,agent-openrouter-deepseek-v3-008,agent-openrouter-deepseek-v3-008",6,0,1,0.6724738675958188
pretrain,gsm8k_194,"agent-openrouter-deepseek-v3-008,agent-openrouter-deepseek-v3-010,agent-openrouter-deepseek-v3-009,agent-openrouter-deepseek-v3-008,agent-openrouter-deepseek-v3-008",5,1,1,0.6736111111111112
pretrain,gsm8k_260,"agent-openrouter-deepseek-v3-008,agent-openrouter-deepseek-v3-009,agent-openrouter-deepseek-v3-007,agent-openrouter-deepseek-v3-008,agent-openrouter-deepseek-v3-008,agent-openrouter-deepseek-v3-008",6,1,1,0.6747404844290658
pretrain,gsm8k_957,"agent-openrouter-deepseek-v3-009,agent-openrouter-deepseek-v3-007,agent-openrouter-deepseek-v3-008,agent-openrouter-deepseek-v3-008",4,1,1,0.6758620689655173
pretrain,gsm8k_1105,"agent-openrouter-deepseek-v3-008,agent-openrouter-deepseek-v3-010,agent-openrouter-deepseek-v3-009,agent-openrouter-deepseek-v3-008,agent-openrouter-deepseek-v3-008",5,1,1,0.6769759450171822
pretrain,gsm8k_837,"agent-openrouter-deepseek-v3-009,agent-openrouter-deepseek-v3-008,agent-openrouter-deepseek-v3-007,agent-openrouter-deepseek-v3-008,agent-openrouter-deepseek-v3-008",5,1,1,0.678082191780822
pretrain,gsm8k_1168,"agent-openrouter-deepseek-v3-008,agent-openrouter-deepseek-v3-009,agent-openrouter-deepseek-v3-007,agent-openrouter-deepseek-v3-008,agent-openrouter-deepseek-v3-008,agent-openrouter-deepseek-v3-008,agent-openrouter-deepseek-v3-008,agent-openrouter-deepseek-v3-008",8,1,1,0.6791808873720137
pretrain,gsm8k_532,"agent-openrouter-deepseek-v3-008,agent-openrouter-deepseek-v3-009,agent-openrouter-deepseek-v3-007,agent-openrouter-deepseek-v3-009,agent-openrouter-deepseek-v3-009,agent-openrouter-deepseek-v3-008",6,0,1,0.6768707482993197
pretrain,gsm8k_551,"agent-openrouter-deepseek-v3-010,agent-openrouter-deepseek-v3-009,agent-openrouter-deepseek-v3-008,agent-openrouter-deepseek-v3-008,agent-openrouter-deepseek-v3-008,agent-openrouter-deepseek-v3-008",6,0,1,0.6745762711864407
pretrain,gsm8k_1151,"agent-openrouter-deepseek-v3-008,agent-openrouter-deepseek-v3-010,agent-openrouter-deepseek-v3-007,agent-openrouter-deepseek-v3-008",4,1,1,0.6756756756756757
pretrain,gsm8k_736,"agent-openrouter-deepseek-v3-008,agent-openrouter-deepseek-v3-009,agent-openrouter-deepseek-v3-007,agent-openrouter-deepseek-v3-008,agent-openrouter-deepseek-v3-008",5,1,1,0.6767676767676768
pretrain,gsm8k_949,"agent-openrouter-deepseek-v3-008,agent-openrouter-deepseek-v3-009,agent-openrouter-deepseek-v3-007,agent-openrouter-deepseek-v3-008",4,1,1,0.6778523489932886
pretrain,gsm8k_909,"agent-openrouter-deepseek-v3-009,agent-openrouter-deepseek-v3-007,agent-openrouter-deepseek-v3-008,agent-openrouter-deepseek-v3-009,agent-openrouter-deepseek-v3-009,agent-openrouter-deepseek-v3-009",6,0,1,0.6755852842809364
pretrain,gsm8k_686,"agent-openrouter-deepseek-v3-008,agent-openrouter-deepseek-v3-010,agent-openrouter-deepseek-v3-009,agent-openrouter-deepseek-v3-008",4,1,1,0.6766666666666666
test,gsm8k_1100,"agent-openrouter-deepseek-v3-008,agent-openrouter-deepseek-v3-010,agent-openrouter-deepseek-v3-007,agent-openrouter-deepseek-v3-008,agent-openrouter-deepseek-v3-008,agent-openrouter-deepseek-v3-008",6,1,1,1.0
test,gsm8k_372,"agent-openrouter-deepseek-v3-008,agent-openrouter-deepseek-v3-009,agent-openrouter-deepseek-v3-007,agent-openrouter-deepseek-v3-008,agent-openrouter-deepseek-v3-008",5,1,1,1.0
test,gsm8k_441,"agent-openrouter-deepseek-v3-008,agent-openrouter-deepseek-v3-007,agent-openrouter-deepseek-v3-009,agent-openrouter-deepseek-v3-008",4,0,1,0.6666666666666666
test,gsm8k_861,"agent-openrouter-deepseek-v3-008,agent-openrouter-deepseek-v3-009,agent-openrouter-deepseek-v3-007,agent-openrouter-deepseek-v3-008,agent-openrouter-deepseek-v3-008,agent-openrouter-deepseek-v3-008",6,0,1,0.5
test,gsm8k_680,"agent-openrouter-deepseek-v3-008,agent-openrouter-deepseek-v3-007,agent-openrouter-deepseek-v3-009,agent-openrouter-deepseek-v3-008",4,1,1,0.6
test,gsm8k_1217,"agent-openrouter-deepseek-v3-007,agent-openrouter-deepseek-v3-009,agent-openrouter-deepseek-v3-008,agent-openrouter-deepseek-v3-007,agent-openrouter-deepseek-v3-007,agent-openrouter-deepseek-v3-007",6,0,1,0.5
test,gsm8k_1142,"agent-openrouter-deepseek-v3-008,agent-openrouter-deepseek-v3-007,agent-openrouter-deepseek-v3-009,agent-openrouter-deepseek-v3-008",4,1,1,0.5714285714285714
test,gsm8k_838,"agent-openrouter-deepseek-v3-008,agent-openrouter-deepseek-v3-007,agent-openrouter-deepseek-v3-010,agent-openrouter-deepseek-v3-008,agent-openrouter-deepseek-v3-008",5,1,1,0.625
test,gsm8k_992,"agent-openrouter-deepseek-v3-008,agent-openrouter-deepseek-v3-010,agent-openrouter-deepseek-v3-009,agent-openrouter-deepseek-v3-008,agent-openrouter-deepseek-v3-008,agent-openrouter-deepseek-v3-008,agent-openrouter-deepseek-v3-008,agent-openrouter-deepseek-v3-008",8,0,1,0.5555555555555556
test,gsm8k_127,"agent-openrouter-deepseek-v3-007,agent-openrouter-deepseek-v3-009,agent-openrouter-deepseek-v3-010,agent-openrouter-deepseek-v3-008",4,1,1,0.6
test,gsm8k_737,"agent-openrouter-deepseek-v3-008,agent-openrouter-deepseek-v3-009,agent-openrouter-deepseek-v3-007,agent-openrouter-deepseek-v3-008,agent-openrouter-deepseek-v3-008,agent-openrouter-deepseek-v3-008",6,0,1,0.5454545454545454
test,gsm8k_307,"agent-openrouter-deepseek-v3-007,agent-openrouter-deepseek-v3-010,agent-openrouter-deepseek-v3-008,agent-openrouter-deepseek-v3-007,agent-openrouter-deepseek-v3-007",5,1,1,0.5833333333333334
test,gsm8k_519,"agent-openrouter-deepseek-v3-008,agent-openrouter-deepseek-v3-010,agent-openrouter-deepseek-v3-007,agent-openrouter-deepseek-v3-008,agent-openrouter-deepseek-v3-008",5,1,1,0.6153846153846154
test,gsm8k_316,"agent-openrouter-deepseek-v3-009,agent-openrouter-deepseek-v3-008,agent-openrouter-deepseek-v3-010,agent-openrouter-deepseek-v3-008,agent-openrouter-deepseek-v3-008",5,1,1,0.6428571428571429
test,gsm8k_915,"agent-openrouter-deepseek-v3-008,agent-openrouter-deepseek-v3-009,agent-openrouter-deepseek-v3-007,agent-openrouter-deepseek-v3-008,agent-openrouter-deepseek-v3-008",5,1,1,0.6666666666666666
test,gsm8k_1035,"agent-openrouter-deepseek-v3-008,agent-openrouter-deepseek-v3-009,agent-openrouter-deepseek-v3-007,agent-openrouter-deepseek-v3-008",4,1,1,0.6875
test,gsm8k_1242,"agent-openrouter-deepseek-v3-008,agent-openrouter-deepseek-v3-009,agent-openrouter-deepseek-v3-007,agent-openrouter-deepseek-v3-008,agent-openrouter-deepseek-v3-008",5,1,1,0.7058823529411765
test,gsm8k_412,"agent-openrouter-deepseek-v3-007,agent-openrouter-deepseek-v3-010,agent-openrouter-deepseek-v3-008,agent-openrouter-deepseek-v3-008",4,1,1,0.7222222222222222
test,gsm8k_713,"agent-openrouter-deepseek-v3-008,agent-openrouter-deepseek-v3-010,agent-openrouter-deepseek-v3-007,agent-openrouter-deepseek-v3-008,agent-openrouter-deepseek-v3-008",5,1,1,0.7368421052631579
test,gsm8k_302,"agent-openrouter-deepseek-v3-008,agent-openrouter-deepseek-v3-010,agent-openrouter-deepseek-v3-009,agent-openrouter-deepseek-v3-008",4,1,1,0.75
test,gsm8k_1156,"agent-openrouter-deepseek-v3-008,agent-openrouter-deepseek-v3-010,agent-openrouter-deepseek-v3-009,agent-openrouter-deepseek-v3-009,agent-openrouter-deepseek-v3-007,agent-openrouter-deepseek-v3-008,agent-openrouter-deepseek-v3-008",7,1,1,0.7619047619047619
test,gsm8k_1253,"agent-openrouter-deepseek-v3-008,agent-openrouter-deepseek-v3-010,agent-openrouter-deepseek-v3-007,agent-openrouter-deepseek-v3-008",4,1,1,0.7727272727272727
test,gsm8k_196,"agent-openrouter-deepseek-v3-008,agent-openrouter-deepseek-v3-010,agent-openrouter-deepseek-v3-009,agent-openrouter-deepseek-v3-008",4,1,1,0.782608695652174
test,gsm8k_430,"agent-openrouter-deepseek-v3-010,agent-openrouter-deepseek-v3-009,agent-openrouter-deepseek-v3-008,agent-openrouter-deepseek-v3-008,agent-openrouter-deepseek-v3-008,agent-openrouter-deepseek-v3-007,agent-openrouter-deepseek-v3-008",7,1,1,0.7916666666666666
test,gsm8k_870,"agent-openrouter-deepseek-v3-008,agent-openrouter-deepseek-v3-007,agent-openrouter-deepseek-v3-010,agent-openrouter-deepseek-v3-008",4,1,1,0.8
test,gsm8k_1061,"agent-openrouter-deepseek-v3-008,agent-openrouter-deepseek-v3-010,agent-openrouter-deepseek-v3-007,agent-openrouter-deepseek-v3-008,agent-openrouter-deepseek-v3-008",5,1,1,0.8076923076923077
test,gsm8k_693,"agent-openrouter-deepseek-v3-009,agent-openrouter-deepseek-v3-008,agent-openrouter-deepseek-v3-007,agent-openrouter-deepseek-v3-009,agent-openrouter-deepseek-v3-008",5,0,1,0.7777777777777778
test,gsm8k_766,"agent-openrouter-deepseek-v3-008,agent-openrouter-deepseek-v3-007,agent-openrouter-deepseek-v3-009,agent-openrouter-deepseek-v3-008,agent-openrouter-deepseek-v3-008",5,1,1,0.7857142857142857
test,gsm8k_1318,"agent-openrouter-deepseek-v3-008,agent-openrouter-deepseek-v3-010,agent-openrouter-deepseek-v3-009,agent-openrouter-deepseek-v3-008",4,1,1,0.7931034482758621
test,gsm8k_630,"agent-openrouter-deepseek-v3-008,agent-openrouter-deepseek-v3-009,agent-openrouter-deepseek-v3-007,agent-openrouter-deepseek-v3-008",4,1,1,0.8
test,gsm8k_582,"agent-openrouter-deepseek-v3-008,agent-openrouter-deepseek-v3-009,agent-openrouter-deepseek-v3-010,agent-openrouter-deepseek-v3-009,agent-openrouter-deepseek-v3-008",5,1,1,0.8064516129032258
test,gsm8k_308,"agent-openrouter-deepseek-v3-009,agent-openrouter-deepseek-v3-010,agent-openrouter-deepseek-v3-008,agent-openrouter-deepseek-v3-009,agent-openrouter-deepseek-v3-009",5,1,1,0.8125
test,gsm8k_415,"agent-openrouter-deepseek-v3-008,agent-openrouter-deepseek-v3-010,agent-openrouter-deepseek-v3-009,agent-openrouter-deepseek-v3-008,agent-openrouter-deepseek-v3-008,agent-openrouter-deepseek-v3-008,agent-openrouter-deepseek-v3-008",7,0,1,0.7878787878787878
test,gsm8k_561,"agent-openrouter-deepseek-v3-009,agent-openrouter-deepseek-v3-008,agent-openrouter-deepseek-v3-010,agent-openrouter-deepseek-v3-007",4,0,1,0.7647058823529411
test,gsm8k_0,"agent-openrouter-deepseek-v3-007,agent-openrouter-deepseek-v3-009,agent-openrouter-deepseek-v3-008,agent-openrouter-deepseek-v3-007,agent-openrouter-deepseek-v3-008",5,1,1,0.7714285714285715
test,gsm8k_311,"agent-openrouter-deepseek-v3-008,agent-openrouter-deepseek-v3-007,agent-openrouter-deepseek-v3-009,agent-openrouter-deepseek-v3-008,agent-openrouter-deepseek-v3-008,agent-openrouter-deepseek-v3-008",6,0,1,0.75
test,gsm8k_293,"agent-openrouter-deepseek-v3-008,agent-openrouter-deepseek-v3-010,agent-openrouter-deepseek-v3-009,agent-openrouter-deepseek-v3-008,agent-openrouter-deepseek-v3-008,agent-openrouter-deepseek-v3-008",6,0,1,0.7297297297297297
test,gsm8k_1092,"agent-openrouter-deepseek-v3-010,agent-openrouter-deepseek-v3-009,agent-openrouter-deepseek-v3-008,agent-openrouter-deepseek-v3-010",4,1,1,0.7368421052631579
test,gsm8k_965,"agent-openrouter-deepseek-v3-009,agent-openrouter-deepseek-v3-007,agent-openrouter-deepseek-v3-008,agent-openrouter-deepseek-v3-010,agent-openrouter-deepseek-v3-009",5,1,1,0.7435897435897436
test,gsm8k_593,"agent-openrouter-deepseek-v3-009,agent-openrouter-deepseek-v3-007,agent-openrouter-deepseek-v3-008,agent-openrouter-deepseek-v3-009,agent-openrouter-deepseek-v3-009",5,1,1,0.75
test,gsm8k_621,"agent-openrouter-deepseek-v3-010,agent-openrouter-deepseek-v3-008,agent-openrouter-deepseek-v3-009,agent-openrouter-deepseek-v3-009,agent-openrouter-deepseek-v3-009,agent-openrouter-deepseek-v3-010,agent-openrouter-deepseek-v3-008",7,1,1,0.7560975609756098
test,gsm8k_670,"agent-openrouter-deepseek-v3-010,agent-openrouter-deepseek-v3-008,agent-openrouter-deepseek-v3-007,agent-openrouter-deepseek-v3-008",4,1,1,0.7619047619047619
test,gsm8k_329,"agent-openrouter-deepseek-v3-008,agent-openrouter-deepseek-v3-007,agent-openrouter-deepseek-v3-009,agent-openrouter-deepseek-v3-008,agent-openrouter-deepseek-v3-008,agent-openrouter-deepseek-v3-008",6,1,1,0.7674418604651163
test,gsm8k_1257,"agent-openrouter-deepseek-v3-008,agent-openrouter-deepseek-v3-007,agent-openrouter-deepseek-v3-010,agent-openrouter-deepseek-v3-008",4,1,1,0.7727272727272727
test,gsm8k_948,"agent-openrouter-deepseek-v3-010,agent-openrouter-deepseek-v3-008,agent-openrouter-deepseek-v3-009,agent-openrouter-deepseek-v3-008",4,1,1,0.7777777777777778
test,gsm8k_774,"agent-openrouter-deepseek-v3-008,agent-openrouter-deepseek-v3-007,agent-openrouter-deepseek-v3-009,agent-openrouter-deepseek-v3-008",4,1,1,0.782608695652174
test,gsm8k_691,"agent-openrouter-deepseek-v3-007,agent-openrouter-deepseek-v3-008,agent-openrouter-deepseek-v3-009,agent-openrouter-deepseek-v3-007,agent-openrouter-deepseek-v3-008",5,1,1,0.7872340425531915
test,gsm8k_1020,"agent-openrouter-deepseek-v3-008,agent-openrouter-deepseek-v3-007,agent-openrouter-deepseek-v3-009,agent-openrouter-deepseek-v3-008,agent-openrouter-deepseek-v3-008",5,1,1,0.7916666666666666
test,gsm8k_835,"agent-openrouter-deepseek-v3-009,agent-openrouter-deepseek-v3-007,agent-openrouter-deepseek-v3-008,agent-openrouter-deepseek-v3-009,agent-openrouter-deepseek-v3-009",5,0,1,0.7755102040816326
test,gsm8k_1079,"agent-openrouter-deepseek-v3-007,agent-openrouter-deepseek-v3-008,agent-openrouter-deepseek-v3-009,agent-openrouter-deepseek-v3-008,agent-openrouter-deepseek-v3-008",5,1,1,0.78
test,gsm8k_753,"agent-openrouter-deepseek-v3-008,agent-openrouter-deepseek-v3-007,agent-openrouter-deepseek-v3-009,agent-openrouter-deepseek-v3-008,agent-openrouter-deepseek-v3-010,agent-openrouter-deepseek-v3-008",6,0,1,0.7647058823529411
test,gsm8k_173,"agent-openrouter-deepseek-v3-010,agent-openrouter-deepseek-v3-008,agent-openrouter-deepseek-v3-007,agent-openrouter-deepseek-v3-008",4,1,1,0.7692307692307693
test,gsm8k_674,"agent-openrouter-deepseek-v3-010,agent-openrouter-deepseek-v3-008,agent-openrouter-deepseek-v3-007,agent-openrouter-deepseek-v3-008",4,0,1,0.7547169811320755
test,gsm8k_86,"agent-openrouter-deepseek-v3-007,agent-openrouter-deepseek-v3-009,agent-openrouter-deepseek-v3-008,agent-openrouter-deepseek-v3-007,agent-openrouter-deepseek-v3-009",5,0,1,0.7407407407407407
test,gsm8k_290,"agent-openrouter-deepseek-v3-007,agent-openrouter-deepseek-v3-008,agent-openrouter-deepseek-v3-009,agent-openrouter-deepseek-v3-008",4,0,1,0.7272727272727273
test,gsm8k_527,"agent-openrouter-deepseek-v3-008,agent-openrouter-deepseek-v3-007,agent-openrouter-deepseek-v3-010,agent-openrouter-deepseek-v3-008,agent-openrouter-deepseek-v3-008",5,1,1,0.7321428571428571
test,gsm8k_1031,"agent-openrouter-deepseek-v3-008,agent-openrouter-deepseek-v3-007,agent-openrouter-deepseek-v3-010,agent-openrouter-deepseek-v3-008,agent-openrouter-deepseek-v3-008",5,1,1,0.7368421052631579
test,gsm8k_648,"agent-openrouter-deepseek-v3-010,agent-openrouter-deepseek-v3-008,agent-openrouter-deepseek-v3-007,agent-openrouter-deepseek-v3-008",4,1,1,0.7413793103448276
test,gsm8k_634,"agent-openrouter-deepseek-v3-008,agent-openrouter-deepseek-v3-007,agent-openrouter-deepseek-v3-009",3,1,1,0.7457627118644068
test,gsm8k_343,"agent-openrouter-deepseek-v3-008,agent-openrouter-deepseek-v3-009,agent-openrouter-deepseek-v3-007,agent-openrouter-deepseek-v3-008,agent-openrouter-deepseek-v3-009,agent-openrouter-deepseek-v3-008",6,1,1,0.75
test,gsm8k_95,"agent-openrouter-deepseek-v3-008,agent-openrouter-deepseek-v3-009,agent-openrouter-deepseek-v3-007,agent-openrouter-deepseek-v3-008,agent-openrouter-deepseek-v3-008,agent-openrouter-deepseek-v3-008",6,1,1,0.7540983606557377
test,gsm8k_240,"agent-openrouter-deepseek-v3-008,agent-openrouter-deepseek-v3-007,agent-openrouter-deepseek-v3-009,agent-openrouter-deepseek-v3-008",4,0,1,0.7419354838709677
test,gsm8k_688,"agent-openrouter-deepseek-v3-008,agent-openrouter-deepseek-v3-006,agent-openrouter-deepseek-v3-010,agent-openrouter-deepseek-v3-008",4,0,1,0.7301587301587301
test,gsm8k_1062,"agent-openrouter-deepseek-v3-010,agent-openrouter-deepseek-v3-007,agent-openrouter-deepseek-v3-008,agent-openrouter-deepseek-v3-010,agent-openrouter-deepseek-v3-009,agent-openrouter-deepseek-v3-008",6,0,1,0.71875
test,gsm8k_230,"agent-openrouter-deepseek-v3-008,agent-openrouter-deepseek-v3-010,agent-openrouter-deepseek-v3-009,agent-openrouter-deepseek-v3-008,agent-openrouter-deepseek-v3-008",5,0,1,0.7076923076923077
test,gsm8k_203,"agent-openrouter-deepseek-v3-008,agent-openrouter-deepseek-v3-010,agent-openrouter-deepseek-v3-007,agent-openrouter-deepseek-v3-008,agent-openrouter-deepseek-v3-008",5,0,1,0.696969696969697
test,gsm8k_150,"agent-openrouter-deepseek-v3-008,agent-openrouter-deepseek-v3-010,agent-openrouter-deepseek-v3-007,agent-openrouter-deepseek-v3-008,agent-openrouter-deepseek-v3-010,agent-openrouter-deepseek-v3-010,agent-openrouter-deepseek-v3-010,agent-openrouter-deepseek-v3-008",8,0,1,0.6865671641791045
test,gsm8k_1139,"agent-openrouter-deepseek-v3-007,agent-openrouter-deepseek-v3-008,agent-openrouter-deepseek-v3-009,agent-openrouter-deepseek-v3-008,agent-openrouter-deepseek-v3-008",5,0,1,0.6764705882352942
test,gsm8k_47,"agent-openrouter-deepseek-v3-008,agent-openrouter-deepseek-v3-010,agent-openrouter-deepseek-v3-009,agent-openrouter-deepseek-v3-008,agent-openrouter-deepseek-v3-009,agent-openrouter-deepseek-v3-008",6,0,1,0.6666666666666666
test,gsm8k_1011,"agent-openrouter-deepseek-v3-007,agent-openrouter-deepseek-v3-009,agent-openrouter-deepseek-v3-008,agent-openrouter-deepseek-v3-007,agent-openrouter-deepseek-v3-009,agent-openrouter-deepseek-v3-009,agent-openrouter-deepseek-v3-009,agent-openrouter-deepseek-v3-008",8,0,1,0.6571428571428571
test,gsm8k_486,"agent-openrouter-deepseek-v3-008,agent-openrouter-deepseek-v3-009,agent-openrouter-deepseek-v3-007",3,1,1,0.6619718309859155
test,gsm8k_625,"agent-openrouter-deepseek-v3-007,agent-openrouter-deepseek-v3-008,agent-openrouter-deepseek-v3-009,agent-openrouter-deepseek-v3-008",4,1,1,0.6666666666666666
test,gsm8k_74,"agent-openrouter-deepseek-v3-007,agent-openrouter-deepseek-v3-010,agent-openrouter-deepseek-v3-008,agent-openrouter-deepseek-v3-007,agent-openrouter-deepseek-v3-009,agent-openrouter-deepseek-v3-010,agent-openrouter-deepseek-v3-009,agent-openrouter-deepseek-v3-008",8,1,1,0.6712328767123288
test,gsm8k_1260,"agent-openrouter-deepseek-v3-010,agent-openrouter-deepseek-v3-009,agent-openrouter-deepseek-v3-008",3,1,1,0.6756756756756757
test,gsm8k_424,"agent-openrouter-deepseek-v3-008,agent-openrouter-deepseek-v3-006,agent-openrouter-deepseek-v3-010,agent-openrouter-deepseek-v3-008,agent-openrouter-deepseek-v3-008",5,1,1,0.68
test,gsm8k_1226,"agent-openrouter-deepseek-v3-010,agent-openrouter-deepseek-v3-007,agent-openrouter-deepseek-v3-008,agent-openrouter-deepseek-v3-010,agent-openrouter-deepseek-v3-008",5,0,1,0.6710526315789473
test,gsm8k_589,"agent-openrouter-deepseek-v3-007,agent-openrouter-deepseek-v3-010,agent-openrouter-deepseek-v3-008,agent-openrouter-deepseek-v3-010",4,1,1,0.6753246753246753
test,gsm8k_199,"agent-openrouter-deepseek-v3-010,agent-openrouter-deepseek-v3-008,agent-openrouter-deepseek-v3-007,agent-openrouter-deepseek-v3-010,agent-openrouter-deepseek-v3-010,agent-openrouter-deepseek-v3-010,agent-openrouter-deepseek-v3-008",7,1,1,0.6794871794871795
test,gsm8k_1278,"agent-openrouter-deepseek-v3-008,agent-openrouter-deepseek-v3-007,agent-openrouter-deepseek-v3-009",3,1,1,0.6835443037974683
test,gsm8k_800,"agent-openrouter-deepseek-v3-008,agent-openrouter-deepseek-v3-010,agent-openrouter-deepseek-v3-009,agent-openrouter-deepseek-v3-008",4,0,1,0.675
test,gsm8k_1263,"agent-openrouter-deepseek-v3-007,agent-openrouter-deepseek-v3-009,agent-openrouter-deepseek-v3-008,agent-openrouter-deepseek-v3-007,agent-openrouter-deepseek-v3-010,agent-openrouter-deepseek-v3-009",6,1,1,0.6790123456790124
test,gsm8k_506,"agent-openrouter-deepseek-v3-010,agent-openrouter-deepseek-v3-007,agent-openrouter-deepseek-v3-008,agent-openrouter-deepseek-v3-010,agent-openrouter-deepseek-v3-010",5,1,1,0.6829268292682927
test,gsm8k_855,"agent-openrouter-deepseek-v3-008,agent-openrouter-deepseek-v3-009,agent-openrouter-deepseek-v3-007,agent-openrouter-deepseek-v3-009,agent-openrouter-deepseek-v3-008,agent-openrouter-deepseek-v3-008,agent-openrouter-deepseek-v3-008",7,0,1,0.6746987951807228
test,gsm8k_249,"agent-openrouter-deepseek-v3-009,agent-openrouter-deepseek-v3-007,agent-openrouter-deepseek-v3-008,agent-openrouter-deepseek-v3-007,agent-openrouter-deepseek-v3-007,agent-openrouter-deepseek-v3-009",6,0,1,0.6666666666666666
test,gsm8k_930,"agent-openrouter-deepseek-v3-008,agent-openrouter-deepseek-v3-009,agent-openrouter-deepseek-v3-007,agent-openrouter-deepseek-v3-008,agent-openrouter-deepseek-v3-008,agent-openrouter-deepseek-v3-008,agent-openrouter-deepseek-v3-008",7,1,1,0.6705882352941176
test,gsm8k_671,"agent-openrouter-deepseek-v3-010,agent-openrouter-deepseek-v3-009,agent-openrouter-deepseek-v3-008,agent-openrouter-deepseek-v3-009,agent-openrouter-deepseek-v3-010",5,0,1,0.6627906976744186
test,gsm8k_1277,"agent-openrouter-deepseek-v3-008,agent-openrouter-deepseek-v3-010,agent-openrouter-deepseek-v3-007,agent-openrouter-deepseek-v3-008",4,1,1,0.6666666666666666
test,gsm8k_5,"agent-openrouter-deepseek-v3-008,agent-openrouter-deepseek-v3-010,agent-openrouter-deepseek-v3-007,agent-openrouter-deepseek-v3-008,agent-openrouter-deepseek-v3-007,agent-openrouter-deepseek-v3-008,agent-openrouter-deepseek-v3-008,agent-openrouter-deepseek-v3-008",8,0,1,0.6590909090909091
test,gsm8k_984,"agent-openrouter-deepseek-v3-008,agent-openrouter-deepseek-v3-006,agent-openrouter-deepseek-v3-007,agent-openrouter-deepseek-v3-006,agent-openrouter-deepseek-v3-006,agent-openrouter-deepseek-v3-010",6,1,1,0.6629213483146067
test,gsm8k_1225,"agent-openrouter-deepseek-v3-008,agent-openrouter-deepseek-v3-010,agent-openrouter-deepseek-v3-007,agent-openrouter-deepseek-v3-008,agent-openrouter-deepseek-v3-008",5,0,1,0.6555555555555556
test,gsm8k_1203,"agent-openrouter-deepseek-v3-008,agent-openrouter-deepseek-v3-009,agent-openrouter-deepseek-v3-007,agent-openrouter-deepseek-v3-008,agent-openrouter-deepseek-v3-008",5,1,1,0.6593406593406593
test,gsm8k_180,"agent-openrouter-deepseek-v3-008,agent-openrouter-deepseek-v3-007,agent-openrouter-deepseek-v3-009,agent-openrouter-deepseek-v3-008",4,1,1,0.6630434782608695
test,gsm8k_712,"agent-openrouter-deepseek-v3-007,agent-openrouter-deepseek-v3-009,agent-openrouter-deepseek-v3-008,agent-openrouter-deepseek-v3-007,agent-openrouter-deepseek-v3-007,agent-openrouter-deepseek-v3-007,agent-openrouter-deepseek-v3-008",7,1,1,0.6666666666666666
test,gsm8k_530,"agent-openrouter-deepseek-v3-006,agent-openrouter-deepseek-v3-008,agent-openrouter-deepseek-v3-009,agent-openrouter-deepseek-v3-009,agent-openrouter-deepseek-v3-009,agent-openrouter-deepseek-v3-009,agent-openrouter-deepseek-v3-010,agent-openrouter-deepseek-v3-010",8,0,1,0.6595744680851063
test,gsm8k_475,"agent-openrouter-deepseek-v3-008,agent-openrouter-deepseek-v3-006,agent-openrouter-deepseek-v3-007,agent-openrouter-deepseek-v3-008",4,1,1,0.6631578947368421
test,gsm8k_1316,"agent-openrouter-deepseek-v3-008,agent-openrouter-deepseek-v3-009,agent-openrouter-deepseek-v3-007,agent-openrouter-deepseek-v3-009,agent-openrouter-deepseek-v3-008",5,1,1,0.6666666666666666
test,gsm8k_1088,"agent-openrouter-deepseek-v3-008,agent-openrouter-deepseek-v3-010,agent-openrouter-deepseek-v3-007,agent-openrouter-deepseek-v3-008,agent-openrouter-deepseek-v3-008,agent-openrouter-deepseek-v3-008,agent-openrouter-deepseek-v3-008,agent-openrouter-deepseek-v3-008",8,0,1,0.6597938144329897
test,gsm8k_916,"agent-openrouter-deepseek-v3-010,agent-openrouter-deepseek-v3-007,agent-openrouter-deepseek-v3-008,agent-openrouter-deepseek-v3-009,agent-openrouter-deepseek-v3-010",5,0,1,0.6530612244897959
test,gsm8k_1057,"agent-openrouter-deepseek-v3-008,agent-openrouter-deepseek-v3-009,agent-openrouter-deepseek-v3-007,agent-openrouter-deepseek-v3-008,agent-openrouter-deepseek-v3-008",5,1,1,0.6565656565656566
test,gsm8k_467,"agent-openrouter-deepseek-v3-008,agent-openrouter-deepseek-v3-007,agent-openrouter-deepseek-v3-009,agent-openrouter-deepseek-v3-009,agent-openrouter-deepseek-v3-010,agent-openrouter-deepseek-v3-008",6,0,1,0.65
