phase,task_id,node_id,subtask_count,acc,ok,cum_acc
cold_start,gsm8k_1309,agent-openrouter-deepseek-v3-006,0,0,1,0.0
cold_start,gsm8k_228,agent-openrouter-deepseek-v3-007,0,0,1,0.0
cold_start,gsm8k_51,agent-openrouter-deepseek-v3-008,0,0,1,0.0
cold_start,gsm8k_563,agent-openrouter-deepseek-v3-009,0,0,1,0.0
cold_start,gsm8k_501,agent-openrouter-deepseek-v3-010,0,1,1,0.2
cold_start,gsm8k_457,agent-openrouter-deepseek-v3-006,0,1,1,0.3333333333333333
cold_start,gsm8k_285,agent-openrouter-deepseek-v3-007,0,1,1,0.42857142857142855
cold_start,gsm8k_209,agent-openrouter-deepseek-v3-008,0,0,1,0.375
cold_start,gsm8k_1116,agent-openrouter-deepseek-v3-009,0,1,1,0.4444444444444444
cold_start,gsm8k_178,agent-openrouter-deepseek-v3-010,0,0,1,0.4
cold_start,gsm8k_1209,agent-openrouter-deepseek-v3-006,0,0,1,0.36363636363636365
cold_start,gsm8k_864,agent-openrouter-deepseek-v3-007,0,1,1,0.4166666666666667
cold_start,gsm8k_65,agent-openrouter-deepseek-v3-008,0,1,1,0.46153846153846156
cold_start,gsm8k_61,agent-openrouter-deepseek-v3-009,0,1,1,0.5
cold_start,gsm8k_191,agent-openrouter-deepseek-v3-010,0,1,1,0.5333333333333333
cold_start,gsm8k_447,agent-openrouter-deepseek-v3-006,0,1,1,0.5625
cold_start,gsm8k_476,agent-openrouter-deepseek-v3-007,0,1,1,0.5882352941176471
cold_start,gsm8k_1034,agent-openrouter-deepseek-v3-008,0,1,1,0.6111111111111112
cold_start,gsm8k_1232,agent-openrouter-deepseek-v3-009,0,1,1,0.631578947368421
cold_start,gsm8k_54,agent-openrouter-deepseek-v3-010,0,1,1,0.65
cold_start,gsm8k_1149,agent-openrouter-deepseek-v3-006,0,1,1,0.6666666666666666
cold_start,gsm8k_407,agent-openrouter-deepseek-v3-007,0,1,1,0.6818181818181818
cold_start,gsm8k_1310,agent-openrouter-deepseek-v3-008,0,0,1,0.6521739130434783
cold_start,gsm8k_859,agent-openrouter-deepseek-v3-009,0,1,1,0.6666666666666666
cold_start,gsm8k_451,agent-openrouter-deepseek-v3-010,0,0,1,0.64
cold_start,gsm8k_919,agent-openrouter-deepseek-v3-006,0,1,1,0.6538461538461539
cold_start,gsm8k_1206,agent-openrouter-deepseek-v3-007,0,1,1,0.6666666666666666
cold_start,gsm8k_569,agent-openrouter-deepseek-v3-008,0,1,1,0.6785714285714286
cold_start,gsm8k_13,agent-openrouter-deepseek-v3-009,0,0,1,0.6551724137931034
cold_start,gsm8k_326,agent-openrouter-deepseek-v3-010,0,1,1,0.6666666666666666
cold_start,gsm8k_865,agent-openrouter-deepseek-v3-006,0,0,1,0.6451612903225806
cold_start,gsm8k_696,agent-openrouter-deepseek-v3-007,0,0,1,0.625
cold_start,gsm8k_1291,agent-openrouter-deepseek-v3-008,0,1,1,0.6363636363636364
cold_start,gsm8k_318,agent-openrouter-deepseek-v3-009,0,0,1,0.6176470588235294
cold_start,gsm8k_440,agent-openrouter-deepseek-v3-010,0,0,1,0.6
cold_start,gsm8k_689,agent-openrouter-deepseek-v3-006,0,1,1,0.6111111111111112
cold_start,gsm8k_1311,agent-openrouter-deepseek-v3-007,0,1,1,0.6216216216216216
cold_start,gsm8k_189,agent-openrouter-deepseek-v3-008,0,0,1,0.6052631578947368
cold_start,gsm8k_778,agent-openrouter-deepseek-v3-009,0,0,1,0.5897435897435898
cold_start,gsm8k_198,agent-openrouter-deepseek-v3-010,0,0,1,0.575
cold_start,gsm8k_735,agent-openrouter-deepseek-v3-006,0,0,1,0.5609756097560976
cold_start,gsm8k_704,agent-openrouter-deepseek-v3-007,0,1,1,0.5714285714285714
cold_start,gsm8k_1236,agent-openrouter-deepseek-v3-008,0,0,1,0.5581395348837209
cold_start,gsm8k_541,agent-openrouter-deepseek-v3-009,0,0,1,0.5454545454545454
cold_start,gsm8k_88,agent-openrouter-deepseek-v3-010,0,1,1,0.5555555555555556
cold_start,gsm8k_940,agent-openrouter-deepseek-v3-006,0,1,1,0.5652173913043478
cold_start,gsm8k_1098,agent-openrouter-deepseek-v3-007,0,1,1,0.574468085106383
cold_start,gsm8k_255,agent-openrouter-deepseek-v3-008,0,0,1,0.5625
cold_start,gsm8k_775,agent-openrouter-deepseek-v3-009,0,0,1,0.5510204081632653
cold_start,gsm8k_161,agent-openrouter-deepseek-v3-010,0,0,1,0.54
cold_start,gsm8k_1130,agent-openrouter-deepseek-v3-006,0,0,1,0.5294117647058824
cold_start,gsm8k_600,agent-openrouter-deepseek-v3-007,0,1,1,0.5384615384615384
cold_start,gsm8k_1266,agent-openrouter-deepseek-v3-008,0,1,1,0.5471698113207547
cold_start,gsm8k_740,agent-openrouter-deepseek-v3-009,0,0,1,0.5370370370370371
cold_start,gsm8k_1182,agent-openrouter-deepseek-v3-010,0,1,1,0.5454545454545454
cold_start,gsm8k_393,agent-openrouter-deepseek-v3-006,0,1,1,0.5535714285714286
cold_start,gsm8k_142,agent-openrouter-deepseek-v3-007,0,1,1,0.5614035087719298
cold_start,gsm8k_93,agent-openrouter-deepseek-v3-008,0,0,1,0.5517241379310345
cold_start,gsm8k_466,agent-openrouter-deepseek-v3-009,0,0,1,0.5423728813559322
cold_start,gsm8k_592,agent-openrouter-deepseek-v3-010,0,1,1,0.55
cold_start,gsm8k_163,agent-openrouter-deepseek-v3-006,0,0,1,0.5409836065573771
cold_start,gsm8k_1302,agent-openrouter-deepseek-v3-007,0,1,1,0.5483870967741935
cold_start,gsm8k_206,agent-openrouter-deepseek-v3-008,0,0,1,0.5396825396825397
cold_start,gsm8k_1280,agent-openrouter-deepseek-v3-009,0,1,1,0.546875
cold_start,gsm8k_1286,agent-openrouter-deepseek-v3-010,0,1,1,0.5538461538461539
cold_start,gsm8k_928,agent-openrouter-deepseek-v3-006,0,0,1,0.5454545454545454
cold_start,gsm8k_747,agent-openrouter-deepseek-v3-007,0,1,1,0.5522388059701493
cold_start,gsm8k_333,agent-openrouter-deepseek-v3-008,0,0,1,0.5441176470588235
cold_start,gsm8k_758,agent-openrouter-deepseek-v3-009,0,1,1,0.5507246376811594
cold_start,gsm8k_727,agent-openrouter-deepseek-v3-010,0,0,1,0.5428571428571428
cold_start,gsm8k_429,agent-openrouter-deepseek-v3-006,0,0,1,0.5352112676056338
cold_start,gsm8k_546,agent-openrouter-deepseek-v3-007,0,0,1,0.5277777777777778
cold_start,gsm8k_146,agent-openrouter-deepseek-v3-008,0,0,1,0.5205479452054794
cold_start,gsm8k_350,agent-openrouter-deepseek-v3-009,0,0,1,0.5135135135135135
cold_start,gsm8k_1093,agent-openrouter-deepseek-v3-010,0,1,1,0.52
cold_start,gsm8k_1314,agent-openrouter-deepseek-v3-006,0,0,1,0.5131578947368421
cold_start,gsm8k_334,agent-openrouter-deepseek-v3-007,0,1,1,0.5194805194805194
cold_start,gsm8k_946,agent-openrouter-deepseek-v3-008,0,1,1,0.5256410256410257
cold_start,gsm8k_777,agent-openrouter-deepseek-v3-009,0,0,1,0.5189873417721519
cold_start,gsm8k_552,agent-openrouter-deepseek-v3-010,0,0,1,0.5125
cold_start,gsm8k_1140,agent-openrouter-deepseek-v3-006,0,0,1,0.5061728395061729
cold_start,gsm8k_449,agent-openrouter-deepseek-v3-007,0,1,1,0.5121951219512195
cold_start,gsm8k_664,agent-openrouter-deepseek-v3-008,0,1,1,0.5180722891566265
cold_start,gsm8k_114,agent-openrouter-deepseek-v3-009,0,1,1,0.5238095238095238
cold_start,gsm8k_469,agent-openrouter-deepseek-v3-010,0,1,1,0.5294117647058824
cold_start,gsm8k_1306,agent-openrouter-deepseek-v3-006,0,0,1,0.5232558139534884
cold_start,gsm8k_646,agent-openrouter-deepseek-v3-007,0,0,1,0.5172413793103449
cold_start,gsm8k_821,agent-openrouter-deepseek-v3-008,0,1,1,0.5227272727272727
cold_start,gsm8k_548,agent-openrouter-deepseek-v3-009,0,1,1,0.5280898876404494
cold_start,gsm8k_135,agent-openrouter-deepseek-v3-010,0,1,1,0.5333333333333333
cold_start,gsm8k_432,agent-openrouter-deepseek-v3-006,0,1,1,0.5384615384615384
cold_start,gsm8k_1161,agent-openrouter-deepseek-v3-007,0,0,1,0.532608695652174
cold_start,gsm8k_644,agent-openrouter-deepseek-v3-008,0,1,1,0.5376344086021505
cold_start,gsm8k_435,agent-openrouter-deepseek-v3-009,0,1,1,0.5425531914893617
cold_start,gsm8k_1022,agent-openrouter-deepseek-v3-010,0,1,1,0.5473684210526316
cold_start,gsm8k_810,agent-openrouter-deepseek-v3-006,0,1,1,0.5520833333333334
cold_start,gsm8k_939,agent-openrouter-deepseek-v3-007,0,1,1,0.5567010309278351
cold_start,gsm8k_292,agent-openrouter-deepseek-v3-008,0,1,1,0.5612244897959183
cold_start,gsm8k_542,agent-openrouter-deepseek-v3-009,0,0,1,0.5555555555555556
cold_start,gsm8k_1312,agent-openrouter-deepseek-v3-010,0,0,1,0.55
cold_start,gsm8k_505,agent-openrouter-deepseek-v3-006,0,1,1,0.5544554455445545
cold_start,gsm8k_1298,agent-openrouter-deepseek-v3-007,0,0,1,0.5490196078431373
cold_start,gsm8k_1103,agent-openrouter-deepseek-v3-008,0,1,1,0.5533980582524272
cold_start,gsm8k_538,agent-openrouter-deepseek-v3-009,0,1,1,0.5576923076923077
cold_start,gsm8k_1197,agent-openrouter-deepseek-v3-010,0,0,1,0.5523809523809524
cold_start,gsm8k_877,agent-openrouter-deepseek-v3-006,0,0,1,0.5471698113207547
cold_start,gsm8k_1195,agent-openrouter-deepseek-v3-007,0,1,1,0.5514018691588785
cold_start,gsm8k_817,agent-openrouter-deepseek-v3-008,0,1,1,0.5555555555555556
cold_start,gsm8k_741,agent-openrouter-deepseek-v3-009,0,1,1,0.5596330275229358
cold_start,gsm8k_1237,agent-openrouter-deepseek-v3-010,0,1,1,0.5636363636363636
cold_start,gsm8k_283,agent-openrouter-deepseek-v3-006,0,1,1,0.5675675675675675
cold_start,gsm8k_1043,agent-openrouter-deepseek-v3-007,0,1,1,0.5714285714285714
cold_start,gsm8k_1010,agent-openrouter-deepseek-v3-008,0,1,1,0.5752212389380531
cold_start,gsm8k_186,agent-openrouter-deepseek-v3-009,0,0,1,0.5701754385964912
cold_start,gsm8k_96,agent-openrouter-deepseek-v3-010,0,1,1,0.5739130434782609
cold_start,gsm8k_224,agent-openrouter-deepseek-v3-006,0,1,1,0.5775862068965517
cold_start,gsm8k_313,agent-openrouter-deepseek-v3-007,0,0,1,0.5726495726495726
cold_start,gsm8k_327,agent-openrouter-deepseek-v3-008,0,0,1,0.5677966101694916
cold_start,gsm8k_1307,agent-openrouter-deepseek-v3-009,0,1,1,0.5714285714285714
cold_start,gsm8k_130,agent-openrouter-deepseek-v3-010,0,1,1,0.575
cold_start,gsm8k_788,agent-openrouter-deepseek-v3-006,0,1,1,0.5785123966942148
cold_start,gsm8k_781,agent-openrouter-deepseek-v3-007,0,1,1,0.5819672131147541
cold_start,gsm8k_958,agent-openrouter-deepseek-v3-008,0,1,1,0.5853658536585366
cold_start,gsm8k_1083,agent-openrouter-deepseek-v3-009,0,1,1,0.5887096774193549
cold_start,gsm8k_514,agent-openrouter-deepseek-v3-010,0,1,1,0.592
cold_start,gsm8k_1133,agent-openrouter-deepseek-v3-006,0,0,1,0.5873015873015873
cold_start,gsm8k_23,agent-openrouter-deepseek-v3-007,0,1,1,0.5905511811023622
cold_start,gsm8k_234,agent-openrouter-deepseek-v3-008,0,0,1,0.5859375
cold_start,gsm8k_1099,agent-openrouter-deepseek-v3-009,0,0,1,0.5813953488372093
cold_start,gsm8k_1247,agent-openrouter-deepseek-v3-010,0,0,1,0.5769230769230769
cold_start,gsm8k_1287,agent-openrouter-deepseek-v3-006,0,0,1,0.5725190839694656
cold_start,gsm8k_1317,agent-openrouter-deepseek-v3-007,0,0,1,0.5681818181818182
cold_start,gsm8k_601,agent-openrouter-deepseek-v3-008,0,0,1,0.5639097744360902
cold_start,gsm8k_890,agent-openrouter-deepseek-v3-009,0,1,1,0.5671641791044776
cold_start,gsm8k_323,agent-openrouter-deepseek-v3-010,0,1,1,0.5703703703703704
cold_start,gsm8k_929,agent-openrouter-deepseek-v3-006,0,1,1,0.5735294117647058
cold_start,gsm8k_6,agent-openrouter-deepseek-v3-007,0,0,1,0.5693430656934306
cold_start,gsm8k_539,agent-openrouter-deepseek-v3-008,0,0,1,0.5652173913043478
cold_start,gsm8k_1025,agent-openrouter-deepseek-v3-009,0,1,1,0.5683453237410072
cold_start,gsm8k_365,agent-openrouter-deepseek-v3-010,0,1,1,0.5714285714285714
cold_start,gsm8k_1039,agent-openrouter-deepseek-v3-006,0,0,1,0.5673758865248227
cold_start,gsm8k_217,agent-openrouter-deepseek-v3-007,0,0,1,0.5633802816901409
cold_start,gsm8k_611,agent-openrouter-deepseek-v3-008,0,0,1,0.5594405594405595
cold_start,gsm8k_1178,agent-openrouter-deepseek-v3-009,0,1,1,0.5625
cold_start,gsm8k_1297,agent-openrouter-deepseek-v3-010,0,0,1,0.5586206896551724
cold_start,gsm8k_1202,agent-openrouter-deepseek-v3-006,0,0,1,0.5547945205479452
cold_start,gsm8k_765,agent-openrouter-deepseek-v3-007,0,1,1,0.5578231292517006
cold_start,gsm8k_330,agent-openrouter-deepseek-v3-008,0,0,1,0.5540540540540541
cold_start,gsm8k_1104,agent-openrouter-deepseek-v3-009,0,1,1,0.5570469798657718
cold_start,gsm8k_1086,agent-openrouter-deepseek-v3-010,0,0,1,0.5533333333333333
cold_start,gsm8k_1,agent-openrouter-deepseek-v3-006,0,1,1,0.5562913907284768
cold_start,gsm8k_663,agent-openrouter-deepseek-v3-007,0,1,1,0.5592105263157895
cold_start,gsm8k_1000,agent-openrouter-deepseek-v3-008,0,0,1,0.5555555555555556
cold_start,gsm8k_39,agent-openrouter-deepseek-v3-009,0,0,1,0.551948051948052
cold_start,gsm8k_229,agent-openrouter-deepseek-v3-010,0,1,1,0.5548387096774193
cold_start,gsm8k_743,agent-openrouter-deepseek-v3-006,0,0,1,0.5512820512820513
cold_start,gsm8k_629,agent-openrouter-deepseek-v3-007,0,0,1,0.5477707006369427
cold_start,gsm8k_490,agent-openrouter-deepseek-v3-008,0,1,1,0.5506329113924051
cold_start,gsm8k_118,agent-openrouter-deepseek-v3-009,0,1,1,0.5534591194968553
cold_start,gsm8k_493,agent-openrouter-deepseek-v3-010,0,1,1,0.55625
cold_start,gsm8k_1269,agent-openrouter-deepseek-v3-006,0,1,1,0.5590062111801242
cold_start,gsm8k_175,agent-openrouter-deepseek-v3-007,0,1,1,0.5617283950617284
cold_start,gsm8k_995,agent-openrouter-deepseek-v3-008,0,1,1,0.5644171779141104
cold_start,gsm8k_141,agent-openrouter-deepseek-v3-009,0,1,1,0.5670731707317073
cold_start,gsm8k_1090,agent-openrouter-deepseek-v3-010,0,0,1,0.5636363636363636
cold_start,gsm8k_257,agent-openrouter-deepseek-v3-006,0,0,1,0.5602409638554217
cold_start,gsm8k_262,agent-openrouter-deepseek-v3-007,0,1,1,0.562874251497006
cold_start,gsm8k_973,agent-openrouter-deepseek-v3-008,0,0,1,0.5595238095238095
cold_start,gsm8k_1125,agent-openrouter-deepseek-v3-009,0,1,1,0.5621301775147929
cold_start,gsm8k_338,agent-openrouter-deepseek-v3-010,0,1,1,0.5647058823529412
cold_start,gsm8k_1220,agent-openrouter-deepseek-v3-006,0,1,1,0.5672514619883041
cold_start,gsm8k_1080,agent-openrouter-deepseek-v3-007,0,1,1,0.5697674418604651
cold_start,gsm8k_866,agent-openrouter-deepseek-v3-008,0,0,1,0.5664739884393064
cold_start,gsm8k_433,agent-openrouter-deepseek-v3-009,0,1,1,0.5689655172413793
cold_start,gsm8k_1170,agent-openrouter-deepseek-v3-010,0,1,1,0.5714285714285714
cold_start,gsm8k_411,agent-openrouter-deepseek-v3-006,0,0,1,0.5681818181818182
cold_start,gsm8k_638,agent-openrouter-deepseek-v3-007,0,0,1,0.5649717514124294
cold_start,gsm8k_1211,agent-openrouter-deepseek-v3-008,0,1,1,0.5674157303370787
cold_start,gsm8k_764,agent-openrouter-deepseek-v3-009,0,0,1,0.5642458100558659
cold_start,gsm8k_897,agent-openrouter-deepseek-v3-010,0,0,1,0.5611111111111111
cold_start,gsm8k_1059,agent-openrouter-deepseek-v3-006,0,0,1,0.5580110497237569
cold_start,gsm8k_924,agent-openrouter-deepseek-v3-007,0,0,1,0.554945054945055
cold_start,gsm8k_247,agent-openrouter-deepseek-v3-008,0,1,1,0.5573770491803278
cold_start,gsm8k_507,agent-openrouter-deepseek-v3-009,0,1,1,0.5597826086956522
cold_start,gsm8k_460,agent-openrouter-deepseek-v3-010,0,1,1,0.5621621621621622
cold_start,gsm8k_131,agent-openrouter-deepseek-v3-006,0,1,1,0.5645161290322581
cold_start,gsm8k_692,agent-openrouter-deepseek-v3-007,0,0,1,0.5614973262032086
cold_start,gsm8k_43,agent-openrouter-deepseek-v3-008,0,0,1,0.5585106382978723
cold_start,gsm8k_471,agent-openrouter-deepseek-v3-009,0,0,1,0.5555555555555556
cold_start,gsm8k_1294,agent-openrouter-deepseek-v3-010,0,0,1,0.5526315789473685
cold_start,gsm8k_14,agent-openrouter-deepseek-v3-006,0,1,1,0.5549738219895288
cold_start,gsm8k_145,agent-openrouter-deepseek-v3-007,0,1,1,0.5572916666666666
cold_start,gsm8k_120,agent-openrouter-deepseek-v3-008,0,1,1,0.5595854922279793
cold_start,gsm8k_468,agent-openrouter-deepseek-v3-009,0,0,1,0.5567010309278351
cold_start,gsm8k_138,agent-openrouter-deepseek-v3-010,0,0,1,0.5538461538461539
cold_start,gsm8k_64,agent-openrouter-deepseek-v3-006,0,1,1,0.5561224489795918
cold_start,gsm8k_676,agent-openrouter-deepseek-v3-007,0,1,1,0.5583756345177665
cold_start,gsm8k_1127,agent-openrouter-deepseek-v3-008,0,1,1,0.5606060606060606
cold_start,gsm8k_1052,agent-openrouter-deepseek-v3-009,0,0,1,0.5577889447236181
cold_start,gsm8k_487,agent-openrouter-deepseek-v3-010,0,1,1,0.56
pretrain,gsm8k_570,"agent-openrouter-deepseek-v3-008,agent-openrouter-deepseek-v3-007,agent-openrouter-deepseek-v3-006,agent-openrouter-deepseek-v3-008,agent-openrouter-deepseek-v3-007,agent-openrouter-deepseek-v3-008,agent-openrouter-deepseek-v3-008,agent-openrouter-deepseek-v3-006",8,0,1,0.0
pretrain,gsm8k_994,"agent-openrouter-deepseek-v3-007,agent-openrouter-deepseek-v3-010,agent-openrouter-deepseek-v3-008,agent-openrouter-deepseek-v3-007,agent-openrouter-deepseek-v3-010,agent-openrouter-deepseek-v3-010",6,1,1,0.5
pretrain,gsm8k_438,"agent-openrouter-deepseek-v3-006,agent-openrouter-deepseek-v3-009,agent-openrouter-deepseek-v3-010,agent-openrouter-deepseek-v3-009,agent-openrouter-deepseek-v3-009,agent-openrouter-deepseek-v3-009,agent-openrouter-deepseek-v3-007",7,1,1,0.6666666666666666
pretrain,gsm8k_1144,"agent-openrouter-deepseek-v3-008,agent-openrouter-deepseek-v3-006,agent-openrouter-deepseek-v3-009,agent-openrouter-deepseek-v3-008",4,1,1,0.75
pretrain,gsm8k_270,"agent-openrouter-deepseek-v3-008,agent-openrouter-deepseek-v3-009,agent-openrouter-deepseek-v3-007,agent-openrouter-deepseek-v3-008,agent-openrouter-deepseek-v3-008",5,1,1,0.8
pretrain,gsm8k_968,"agent-openrouter-deepseek-v3-006,agent-openrouter-deepseek-v3-010,agent-openrouter-deepseek-v3-008,agent-openrouter-deepseek-v3-006,agent-openrouter-deepseek-v3-008",5,1,1,0.8333333333333334
pretrain,gsm8k_497,"agent-openrouter-deepseek-v3-007,agent-openrouter-deepseek-v3-008,agent-openrouter-deepseek-v3-010,agent-openrouter-deepseek-v3-008,agent-openrouter-deepseek-v3-008,agent-openrouter-deepseek-v3-008",6,1,1,0.8571428571428571
pretrain,gsm8k_1113,"agent-openrouter-deepseek-v3-008,agent-openrouter-deepseek-v3-009,agent-openrouter-deepseek-v3-007,agent-openrouter-deepseek-v3-008",4,1,1,0.875
pretrain,gsm8k_833,"agent-openrouter-deepseek-v3-009,agent-openrouter-deepseek-v3-008,agent-openrouter-deepseek-v3-007,agent-openrouter-deepseek-v3-008,agent-openrouter-deepseek-v3-008,agent-openrouter-deepseek-v3-008",6,1,1,0.8888888888888888
pretrain,gsm8k_389,"agent-openrouter-deepseek-v3-010,agent-openrouter-deepseek-v3-008,agent-openrouter-deepseek-v3-007,agent-openrouter-deepseek-v3-008",4,1,1,0.9
pretrain,gsm8k_193,"agent-openrouter-deepseek-v3-006,agent-openrouter-deepseek-v3-009,agent-openrouter-deepseek-v3-007,agent-openrouter-deepseek-v3-009,agent-openrouter-deepseek-v3-009,agent-openrouter-deepseek-v3-009,agent-openrouter-deepseek-v3-008",7,0,1,0.8181818181818182
pretrain,gsm8k_1279,"agent-openrouter-deepseek-v3-008,agent-openrouter-deepseek-v3-006,agent-openrouter-deepseek-v3-009,agent-openrouter-deepseek-v3-008,agent-openrouter-deepseek-v3-008,agent-openrouter-deepseek-v3-008,agent-openrouter-deepseek-v3-008",7,1,1,0.8333333333333334
pretrain,gsm8k_882,"agent-openrouter-deepseek-v3-006,agent-openrouter-deepseek-v3-009,agent-openrouter-deepseek-v3-007,agent-openrouter-deepseek-v3-009,agent-openrouter-deepseek-v3-008,agent-openrouter-deepseek-v3-009,agent-openrouter-deepseek-v3-008,agent-openrouter-deepseek-v3-008",8,1,1,0.8461538461538461
pretrain,gsm8k_725,"agent-openrouter-deepseek-v3-006,agent-openrouter-deepseek-v3-008,agent-openrouter-deepseek-v3-009,agent-openrouter-deepseek-v3-008",4,1,1,0.8571428571428571
pretrain,gsm8k_867,"agent-openrouter-deepseek-v3-008,agent-openrouter-deepseek-v3-010,agent-openrouter-deepseek-v3-009,agent-openrouter-deepseek-v3-008",4,1,1,0.8666666666666667
pretrain,gsm8k_841,"agent-openrouter-deepseek-v3-008,agent-openrouter-deepseek-v3-009,agent-openrouter-deepseek-v3-007,agent-openrouter-deepseek-v3-008",4,0,1,0.8125
pretrain,gsm8k_956,"agent-openrouter-deepseek-v3-008,agent-openrouter-deepseek-v3-009,agent-openrouter-deepseek-v3-010,agent-openrouter-deepseek-v3-008,agent-openrouter-deepseek-v3-008",5,0,1,0.7647058823529411
pretrain,gsm8k_110,"agent-openrouter-deepseek-v3-008,agent-openrouter-deepseek-v3-007,agent-openrouter-deepseek-v3-010,agent-openrouter-deepseek-v3-008,agent-openrouter-deepseek-v3-008",5,1,1,0.7777777777777778
pretrain,gsm8k_201,"agent-openrouter-deepseek-v3-008,agent-openrouter-deepseek-v3-007,agent-openrouter-deepseek-v3-009,agent-openrouter-deepseek-v3-008,agent-openrouter-deepseek-v3-008,agent-openrouter-deepseek-v3-008,agent-openrouter-deepseek-v3-008",7,1,1,0.7894736842105263
pretrain,gsm8k_124,"agent-openrouter-deepseek-v3-008,agent-openrouter-deepseek-v3-007,agent-openrouter-deepseek-v3-010",3,1,1,0.8
pretrain,gsm8k_824,"agent-openrouter-deepseek-v3-008,agent-openrouter-deepseek-v3-007,agent-openrouter-deepseek-v3-009,agent-openrouter-deepseek-v3-008",4,1,1,0.8095238095238095
pretrain,gsm8k_694,"agent-openrouter-deepseek-v3-009,agent-openrouter-deepseek-v3-008,agent-openrouter-deepseek-v3-006,agent-openrouter-deepseek-v3-008,agent-openrouter-deepseek-v3-008",5,0,1,0.7727272727272727
pretrain,gsm8k_223,"agent-openrouter-deepseek-v3-009,agent-openrouter-deepseek-v3-008,agent-openrouter-deepseek-v3-010,agent-openrouter-deepseek-v3-008",4,1,1,0.782608695652174
pretrain,gsm8k_509,"agent-openrouter-deepseek-v3-008,agent-openrouter-deepseek-v3-009,agent-openrouter-deepseek-v3-010,agent-openrouter-deepseek-v3-008",4,1,1,0.7916666666666666
pretrain,gsm8k_392,"agent-openrouter-deepseek-v3-009,agent-openrouter-deepseek-v3-010,agent-openrouter-deepseek-v3-008,agent-openrouter-deepseek-v3-009,agent-openrouter-deepseek-v3-009,agent-openrouter-deepseek-v3-008",6,0,1,0.76
pretrain,gsm8k_1109,"agent-openrouter-deepseek-v3-008,agent-openrouter-deepseek-v3-007,agent-openrouter-deepseek-v3-009,agent-openrouter-deepseek-v3-008,agent-openrouter-deepseek-v3-009,agent-openrouter-deepseek-v3-008,agent-openrouter-deepseek-v3-009,agent-openrouter-deepseek-v3-008",8,1,1,0.7692307692307693
pretrain,gsm8k_918,"agent-openrouter-deepseek-v3-008,agent-openrouter-deepseek-v3-009,agent-openrouter-deepseek-v3-007,agent-openrouter-deepseek-v3-008,agent-openrouter-deepseek-v3-008",5,1,1,0.7777777777777778
pretrain,gsm8k_287,"agent-openrouter-deepseek-v3-008,agent-openrouter-deepseek-v3-009,agent-openrouter-deepseek-v3-007,agent-openrouter-deepseek-v3-008,agent-openrouter-deepseek-v3-008",5,1,1,0.7857142857142857
pretrain,gsm8k_1200,"agent-openrouter-deepseek-v3-008,agent-openrouter-deepseek-v3-007,agent-openrouter-deepseek-v3-009,agent-openrouter-deepseek-v3-008,agent-openrouter-deepseek-v3-008",5,1,1,0.7931034482758621
pretrain,gsm8k_375,"agent-openrouter-deepseek-v3-008,agent-openrouter-deepseek-v3-007,agent-openrouter-deepseek-v3-009,agent-openrouter-deepseek-v3-008,agent-openrouter-deepseek-v3-008,agent-openrouter-deepseek-v3-008",6,1,1,0.8
pretrain,gsm8k_1118,"agent-openrouter-deepseek-v3-006,agent-openrouter-deepseek-v3-007,agent-openrouter-deepseek-v3-009,agent-openrouter-deepseek-v3-007,agent-openrouter-deepseek-v3-007,agent-openrouter-deepseek-v3-007,agent-openrouter-deepseek-v3-007,agent-openrouter-deepseek-v3-009",8,0,1,0.7741935483870968
pretrain,gsm8k_947,"agent-openrouter-deepseek-v3-008,agent-openrouter-deepseek-v3-009,agent-openrouter-deepseek-v3-007,agent-openrouter-deepseek-v3-008,agent-openrouter-deepseek-v3-008",5,1,1,0.78125
pretrain,gsm8k_511,"agent-openrouter-deepseek-v3-009,agent-openrouter-deepseek-v3-008,agent-openrouter-deepseek-v3-007,agent-openrouter-deepseek-v3-008",4,1,1,0.7878787878787878
pretrain,gsm8k_154,"agent-openrouter-deepseek-v3-008,agent-openrouter-deepseek-v3-010,agent-openrouter-deepseek-v3-007,agent-openrouter-deepseek-v3-008,agent-openrouter-deepseek-v3-008,agent-openrouter-deepseek-v3-008",6,0,1,0.7647058823529411
pretrain,gsm8k_907,"agent-openrouter-deepseek-v3-007,agent-openrouter-deepseek-v3-008,agent-openrouter-deepseek-v3-009",3,1,1,0.7714285714285715
pretrain,gsm8k_200,"agent-openrouter-deepseek-v3-008,agent-openrouter-deepseek-v3-007,agent-openrouter-deepseek-v3-009,agent-openrouter-deepseek-v3-008,agent-openrouter-deepseek-v3-008,agent-openrouter-deepseek-v3-008",6,1,1,0.7777777777777778
pretrain,gsm8k_103,"agent-openrouter-deepseek-v3-007,agent-openrouter-deepseek-v3-010,agent-openrouter-deepseek-v3-008",3,1,1,0.7837837837837838
pretrain,gsm8k_30,"agent-openrouter-deepseek-v3-008,agent-openrouter-deepseek-v3-006,agent-openrouter-deepseek-v3-007,agent-openrouter-deepseek-v3-008,agent-openrouter-deepseek-v3-008,agent-openrouter-deepseek-v3-008",6,1,1,0.7894736842105263
pretrain,gsm8k_1304,"agent-openrouter-deepseek-v3-010,agent-openrouter-deepseek-v3-009,agent-openrouter-deepseek-v3-007,agent-openrouter-deepseek-v3-010",4,1,1,0.7948717948717948
pretrain,gsm8k_484,"agent-openrouter-deepseek-v3-007,agent-openrouter-deepseek-v3-008,agent-openrouter-deepseek-v3-009,agent-openrouter-deepseek-v3-008,agent-openrouter-deepseek-v3-008,agent-openrouter-deepseek-v3-008",6,1,1,0.8
pretrain,gsm8k_340,"agent-openrouter-deepseek-v3-008,agent-openrouter-deepseek-v3-009,agent-openrouter-deepseek-v3-007,agent-openrouter-deepseek-v3-008,agent-openrouter-deepseek-v3-008,agent-openrouter-deepseek-v3-008,agent-openrouter-deepseek-v3-008,agent-openrouter-deepseek-v3-008",8,1,1,0.8048780487804879
pretrain,gsm8k_832,"agent-openrouter-deepseek-v3-008,agent-openrouter-deepseek-v3-009,agent-openrouter-deepseek-v3-007,agent-openrouter-deepseek-v3-008",4,1,1,0.8095238095238095
pretrain,gsm8k_1117,"agent-openrouter-deepseek-v3-006,agent-openrouter-deepseek-v3-008,agent-openrouter-deepseek-v3-010",3,1,1,0.813953488372093
pretrain,gsm8k_985,"agent-openrouter-deepseek-v3-008,agent-openrouter-deepseek-v3-009,agent-openrouter-deepseek-v3-007,agent-openrouter-deepseek-v3-008",4,1,1,0.8181818181818182
pretrain,gsm8k_437,"agent-openrouter-deepseek-v3-010,agent-openrouter-deepseek-v3-008,agent-openrouter-deepseek-v3-007,agent-openrouter-deepseek-v3-008",4,0,1,0.8
pretrain,gsm8k_1231,"agent-openrouter-deepseek-v3-008,agent-openrouter-deepseek-v3-007,agent-openrouter-deepseek-v3-010,agent-openrouter-deepseek-v3-008,agent-openrouter-deepseek-v3-008",5,1,1,0.8043478260869565
pretrain,gsm8k_1126,"agent-openrouter-deepseek-v3-007,agent-openrouter-deepseek-v3-008,agent-openrouter-deepseek-v3-009,agent-openrouter-deepseek-v3-009",4,1,1,0.8085106382978723
pretrain,gsm8k_337,"agent-openrouter-deepseek-v3-006,agent-openrouter-deepseek-v3-007,agent-openrouter-deepseek-v3-009,agent-openrouter-deepseek-v3-009",4,1,1,0.8125
pretrain,gsm8k_776,"agent-openrouter-deepseek-v3-010,agent-openrouter-deepseek-v3-008,agent-openrouter-deepseek-v3-007,agent-openrouter-deepseek-v3-008,agent-openrouter-deepseek-v3-008",5,1,1,0.8163265306122449
pretrain,gsm8k_4,"agent-openrouter-deepseek-v3-010,agent-openrouter-deepseek-v3-009,agent-openrouter-deepseek-v3-008,agent-openrouter-deepseek-v3-010,agent-openrouter-deepseek-v3-010",5,1,1,0.82
pretrain,gsm8k_799,"agent-openrouter-deepseek-v3-010,agent-openrouter-deepseek-v3-009,agent-openrouter-deepseek-v3-007,agent-openrouter-deepseek-v3-010",4,1,1,0.8235294117647058
pretrain,gsm8k_543,"agent-openrouter-deepseek-v3-008,agent-openrouter-deepseek-v3-009,agent-openrouter-deepseek-v3-007,agent-openrouter-deepseek-v3-008",4,1,1,0.8269230769230769
pretrain,gsm8k_931,"agent-openrouter-deepseek-v3-008,agent-openrouter-deepseek-v3-009,agent-openrouter-deepseek-v3-007,agent-openrouter-deepseek-v3-010,agent-openrouter-deepseek-v3-008,agent-openrouter-deepseek-v3-008,agent-openrouter-deepseek-v3-008,agent-openrouter-deepseek-v3-008",8,0,1,0.8113207547169812
pretrain,gsm8k_584,"agent-openrouter-deepseek-v3-010,agent-openrouter-deepseek-v3-009,agent-openrouter-deepseek-v3-008,agent-openrouter-deepseek-v3-009,agent-openrouter-deepseek-v3-008",5,0,1,0.7962962962962963
pretrain,gsm8k_1146,"agent-openrouter-deepseek-v3-008,agent-openrouter-deepseek-v3-006,agent-openrouter-deepseek-v3-007,agent-openrouter-deepseek-v3-008,agent-openrouter-deepseek-v3-008",5,0,1,0.7818181818181819
pretrain,gsm8k_996,"agent-openrouter-deepseek-v3-008,agent-openrouter-deepseek-v3-009,agent-openrouter-deepseek-v3-007,agent-openrouter-deepseek-v3-008,agent-openrouter-deepseek-v3-008",5,0,1,0.7678571428571429
pretrain,gsm8k_317,"agent-openrouter-deepseek-v3-009,agent-openrouter-deepseek-v3-008,agent-openrouter-deepseek-v3-010,agent-openrouter-deepseek-v3-008",4,1,1,0.7719298245614035
pretrain,gsm8k_388,"agent-openrouter-deepseek-v3-008,agent-openrouter-deepseek-v3-010,agent-openrouter-deepseek-v3-007,agent-openrouter-deepseek-v3-008",4,1,1,0.7758620689655172
pretrain,gsm8k_607,"agent-openrouter-deepseek-v3-006,agent-openrouter-deepseek-v3-007,agent-openrouter-deepseek-v3-010,agent-openrouter-deepseek-v3-010",4,0,1,0.7627118644067796
pretrain,gsm8k_445,"agent-openrouter-deepseek-v3-009,agent-openrouter-deepseek-v3-007,agent-openrouter-deepseek-v3-008,agent-openrouter-deepseek-v3-008,agent-openrouter-deepseek-v3-009,agent-openrouter-deepseek-v3-009",6,0,1,0.75
pretrain,gsm8k_119,"agent-openrouter-deepseek-v3-010,agent-openrouter-deepseek-v3-009,agent-openrouter-deepseek-v3-008,agent-openrouter-deepseek-v3-009,agent-openrouter-deepseek-v3-007",5,0,1,0.7377049180327869
pretrain,gsm8k_1190,"agent-openrouter-deepseek-v3-009,agent-openrouter-deepseek-v3-006,agent-openrouter-deepseek-v3-008,agent-openrouter-deepseek-v3-009,agent-openrouter-deepseek-v3-009,agent-openrouter-deepseek-v3-009",6,0,1,0.7258064516129032
pretrain,gsm8k_642,"agent-openrouter-deepseek-v3-007,agent-openrouter-deepseek-v3-008,agent-openrouter-deepseek-v3-009,agent-openrouter-deepseek-v3-008,agent-openrouter-deepseek-v3-008,agent-openrouter-deepseek-v3-008",6,1,1,0.7301587301587301
pretrain,gsm8k_117,"agent-openrouter-deepseek-v3-007,agent-openrouter-deepseek-v3-008,agent-openrouter-deepseek-v3-010,agent-openrouter-deepseek-v3-008,agent-openrouter-deepseek-v3-008",5,1,1,0.734375
pretrain,gsm8k_102,"agent-openrouter-deepseek-v3-008,agent-openrouter-deepseek-v3-007,agent-openrouter-deepseek-v3-010,agent-openrouter-deepseek-v3-008",4,0,1,0.7230769230769231
pretrain,gsm8k_976,"agent-openrouter-deepseek-v3-009,agent-openrouter-deepseek-v3-007,agent-openrouter-deepseek-v3-008,agent-openrouter-deepseek-v3-009,agent-openrouter-deepseek-v3-009,agent-openrouter-deepseek-v3-009,agent-openrouter-deepseek-v3-009",7,0,1,0.7121212121212122
pretrain,gsm8k_1029,"agent-openrouter-deepseek-v3-009,agent-openrouter-deepseek-v3-008,agent-openrouter-deepseek-v3-007,agent-openrouter-deepseek-v3-009,agent-openrouter-deepseek-v3-009,agent-openrouter-deepseek-v3-010,agent-openrouter-deepseek-v3-006",7,0,1,0.7014925373134329
pretrain,gsm8k_322,"agent-openrouter-deepseek-v3-008,agent-openrouter-deepseek-v3-007,agent-openrouter-deepseek-v3-010,agent-openrouter-deepseek-v3-008,agent-openrouter-deepseek-v3-008,agent-openrouter-deepseek-v3-008",6,0,1,0.6911764705882353
pretrain,gsm8k_116,"agent-openrouter-deepseek-v3-008,agent-openrouter-deepseek-v3-006,agent-openrouter-deepseek-v3-010,agent-openrouter-deepseek-v3-008,agent-openrouter-deepseek-v3-008",5,1,1,0.6956521739130435
pretrain,gsm8k_1040,"agent-openrouter-deepseek-v3-010,agent-openrouter-deepseek-v3-008,agent-openrouter-deepseek-v3-009,agent-openrouter-deepseek-v3-008",4,0,1,0.6857142857142857
pretrain,gsm8k_164,"agent-openrouter-deepseek-v3-007,agent-openrouter-deepseek-v3-008,agent-openrouter-deepseek-v3-010,agent-openrouter-deepseek-v3-008",4,1,1,0.6901408450704225
pretrain,gsm8k_380,"agent-openrouter-deepseek-v3-007,agent-openrouter-deepseek-v3-008,agent-openrouter-deepseek-v3-009,agent-openrouter-deepseek-v3-008",4,0,1,0.6805555555555556
pretrain,gsm8k_140,"agent-openrouter-deepseek-v3-008,agent-openrouter-deepseek-v3-009,agent-openrouter-deepseek-v3-010,agent-openrouter-deepseek-v3-008,agent-openrouter-deepseek-v3-008",5,1,1,0.684931506849315
pretrain,gsm8k_139,"agent-openrouter-deepseek-v3-008,agent-openrouter-deepseek-v3-007,agent-openrouter-deepseek-v3-009,agent-openrouter-deepseek-v3-008",4,1,1,0.6891891891891891
pretrain,gsm8k_481,"agent-openrouter-deepseek-v3-010,agent-openrouter-deepseek-v3-008,agent-openrouter-deepseek-v3-007",3,1,1,0.6933333333333334
pretrain,gsm8k_826,"agent-openrouter-deepseek-v3-008,agent-openrouter-deepseek-v3-007,agent-openrouter-deepseek-v3-009,agent-openrouter-deepseek-v3-007,agent-openrouter-deepseek-v3-008",5,0,1,0.6842105263157895
pretrain,gsm8k_245,"agent-openrouter-deepseek-v3-007,agent-openrouter-deepseek-v3-008,agent-openrouter-deepseek-v3-009,agent-openrouter-deepseek-v3-007,agent-openrouter-deepseek-v3-008",5,1,1,0.6883116883116883
pretrain,gsm8k_504,"agent-openrouter-deepseek-v3-009,agent-openrouter-deepseek-v3-010,agent-openrouter-deepseek-v3-008,agent-openrouter-deepseek-v3-009,agent-openrouter-deepseek-v3-007",5,1,1,0.6923076923076923
pretrain,gsm8k_81,"agent-openrouter-deepseek-v3-006,agent-openrouter-deepseek-v3-009,agent-openrouter-deepseek-v3-008,agent-openrouter-deepseek-v3-009,agent-openrouter-deepseek-v3-009,agent-openrouter-deepseek-v3-006",6,1,1,0.6962025316455697
pretrain,gsm8k_167,"agent-openrouter-deepseek-v3-009,agent-openrouter-deepseek-v3-008,agent-openrouter-deepseek-v3-010,agent-openrouter-deepseek-v3-008,agent-openrouter-deepseek-v3-009,agent-openrouter-deepseek-v3-008",6,1,1,0.7
pretrain,gsm8k_858,"agent-openrouter-deepseek-v3-006,agent-openrouter-deepseek-v3-009,agent-openrouter-deepseek-v3-007,agent-openrouter-deepseek-v3-006",4,0,1,0.691358024691358
pretrain,gsm8k_647,"agent-openrouter-deepseek-v3-008,agent-openrouter-deepseek-v3-007,agent-openrouter-deepseek-v3-006,agent-openrouter-deepseek-v3-008,agent-openrouter-deepseek-v3-008,agent-openrouter-deepseek-v3-008",6,0,1,0.6829268292682927
pretrain,gsm8k_534,"agent-openrouter-deepseek-v3-008,agent-openrouter-deepseek-v3-007,agent-openrouter-deepseek-v3-009,agent-openrouter-deepseek-v3-008,agent-openrouter-deepseek-v3-008",5,1,1,0.6867469879518072
pretrain,gsm8k_418,"agent-openrouter-deepseek-v3-010,agent-openrouter-deepseek-v3-008,agent-openrouter-deepseek-v3-007",3,1,1,0.6904761904761905
pretrain,gsm8k_643,"agent-openrouter-deepseek-v3-009,agent-openrouter-deepseek-v3-010,agent-openrouter-deepseek-v3-008,agent-openrouter-deepseek-v3-010",4,1,1,0.6941176470588235
pretrain,gsm8k_488,"agent-openrouter-deepseek-v3-009,agent-openrouter-deepseek-v3-007,agent-openrouter-deepseek-v3-008",3,1,1,0.6976744186046512
pretrain,gsm8k_1067,"agent-openrouter-deepseek-v3-007,agent-openrouter-deepseek-v3-008,agent-openrouter-deepseek-v3-010,agent-openrouter-deepseek-v3-008,agent-openrouter-deepseek-v3-008",5,0,1,0.6896551724137931
pretrain,gsm8k_1223,"agent-openrouter-deepseek-v3-007,agent-openrouter-deepseek-v3-009,agent-openrouter-deepseek-v3-010,agent-openrouter-deepseek-v3-006",4,0,1,0.6818181818181818
pretrain,gsm8k_268,"agent-openrouter-deepseek-v3-010,agent-openrouter-deepseek-v3-008,agent-openrouter-deepseek-v3-009,agent-openrouter-deepseek-v3-008",4,1,1,0.6853932584269663
pretrain,gsm8k_614,"agent-openrouter-deepseek-v3-009,agent-openrouter-deepseek-v3-010,agent-openrouter-deepseek-v3-007,agent-openrouter-deepseek-v3-010",4,1,1,0.6888888888888889
pretrain,gsm8k_936,"agent-openrouter-deepseek-v3-010,agent-openrouter-deepseek-v3-007,agent-openrouter-deepseek-v3-008,agent-openrouter-deepseek-v3-006,agent-openrouter-deepseek-v3-010,agent-openrouter-deepseek-v3-006",6,0,1,0.6813186813186813
pretrain,gsm8k_1037,"agent-openrouter-deepseek-v3-009,agent-openrouter-deepseek-v3-007,agent-openrouter-deepseek-v3-010,agent-openrouter-deepseek-v3-008,agent-openrouter-deepseek-v3-008",5,1,1,0.6847826086956522
pretrain,gsm8k_148,"agent-openrouter-deepseek-v3-007,agent-openrouter-deepseek-v3-008,agent-openrouter-deepseek-v3-009,agent-openrouter-deepseek-v3-008,agent-openrouter-deepseek-v3-008,agent-openrouter-deepseek-v3-008",6,1,1,0.6881720430107527
pretrain,gsm8k_19,"agent-openrouter-deepseek-v3-010,agent-openrouter-deepseek-v3-008,agent-openrouter-deepseek-v3-009,agent-openrouter-deepseek-v3-008,agent-openrouter-deepseek-v3-008,agent-openrouter-deepseek-v3-008,agent-openrouter-deepseek-v3-008",7,1,1,0.6914893617021277
pretrain,gsm8k_938,"agent-openrouter-deepseek-v3-008,agent-openrouter-deepseek-v3-009,agent-openrouter-deepseek-v3-010,agent-openrouter-deepseek-v3-008,agent-openrouter-deepseek-v3-008,agent-openrouter-deepseek-v3-008,agent-openrouter-deepseek-v3-008",7,0,1,0.6842105263157895
pretrain,gsm8k_204,"agent-openrouter-deepseek-v3-008,agent-openrouter-deepseek-v3-010,agent-openrouter-deepseek-v3-009,agent-openrouter-deepseek-v3-008,agent-openrouter-deepseek-v3-008,agent-openrouter-deepseek-v3-008",6,1,1,0.6875
pretrain,gsm8k_75,"agent-openrouter-deepseek-v3-008,agent-openrouter-deepseek-v3-010,agent-openrouter-deepseek-v3-007,agent-openrouter-deepseek-v3-008,agent-openrouter-deepseek-v3-008,agent-openrouter-deepseek-v3-008,agent-openrouter-deepseek-v3-008",7,1,1,0.6907216494845361
pretrain,gsm8k_550,"agent-openrouter-deepseek-v3-008,agent-openrouter-deepseek-v3-007,agent-openrouter-deepseek-v3-010,agent-openrouter-deepseek-v3-008,agent-openrouter-deepseek-v3-008,agent-openrouter-deepseek-v3-008,agent-openrouter-deepseek-v3-008",7,1,1,0.6938775510204082
pretrain,gsm8k_218,"agent-openrouter-deepseek-v3-009,agent-openrouter-deepseek-v3-008,agent-openrouter-deepseek-v3-007,agent-openrouter-deepseek-v3-009,agent-openrouter-deepseek-v3-009,agent-openrouter-deepseek-v3-010",6,0,1,0.6868686868686869
pretrain,gsm8k_518,"agent-openrouter-deepseek-v3-010,agent-openrouter-deepseek-v3-008,agent-openrouter-deepseek-v3-009,agent-openrouter-deepseek-v3-007,agent-openrouter-deepseek-v3-007,agent-openrouter-deepseek-v3-008",6,0,1,0.68
pretrain,gsm8k_271,"agent-openrouter-deepseek-v3-007,agent-openrouter-deepseek-v3-009,agent-openrouter-deepseek-v3-008,agent-openrouter-deepseek-v3-009,agent-openrouter-deepseek-v3-009,agent-openrouter-deepseek-v3-007,agent-openrouter-deepseek-v3-009",7,1,1,0.6831683168316832
pretrain,gsm8k_1229,"agent-openrouter-deepseek-v3-007,agent-openrouter-deepseek-v3-010,agent-openrouter-deepseek-v3-008,agent-openrouter-deepseek-v3-010,agent-openrouter-deepseek-v3-008",5,1,1,0.6862745098039216
pretrain,gsm8k_955,"agent-openrouter-deepseek-v3-009,agent-openrouter-deepseek-v3-007,agent-openrouter-deepseek-v3-008,agent-openrouter-deepseek-v3-009,agent-openrouter-deepseek-v3-009,agent-openrouter-deepseek-v3-009,agent-openrouter-deepseek-v3-009,agent-openrouter-deepseek-v3-006",8,0,1,0.6796116504854369
pretrain,gsm8k_357,"agent-openrouter-deepseek-v3-006,agent-openrouter-deepseek-v3-008,agent-openrouter-deepseek-v3-007,agent-openrouter-deepseek-v3-008",4,0,1,0.6730769230769231
pretrain,gsm8k_902,"agent-openrouter-deepseek-v3-009,agent-openrouter-deepseek-v3-008,agent-openrouter-deepseek-v3-010,agent-openrouter-deepseek-v3-008,agent-openrouter-deepseek-v3-009,agent-openrouter-deepseek-v3-008,agent-openrouter-deepseek-v3-009,agent-openrouter-deepseek-v3-008",8,1,1,0.6761904761904762
pretrain,gsm8k_70,"agent-openrouter-deepseek-v3-009,agent-openrouter-deepseek-v3-008,agent-openrouter-deepseek-v3-007,agent-openrouter-deepseek-v3-009,agent-openrouter-deepseek-v3-008,agent-openrouter-deepseek-v3-008,agent-openrouter-deepseek-v3-008",7,0,1,0.6698113207547169
pretrain,gsm8k_900,"agent-openrouter-deepseek-v3-008,agent-openrouter-deepseek-v3-007,agent-openrouter-deepseek-v3-010",3,0,1,0.6635514018691588
pretrain,gsm8k_250,"agent-openrouter-deepseek-v3-009,agent-openrouter-deepseek-v3-008,agent-openrouter-deepseek-v3-007,agent-openrouter-deepseek-v3-006,agent-openrouter-deepseek-v3-008",5,0,1,0.6574074074074074
pretrain,gsm8k_378,"agent-openrouter-deepseek-v3-006,agent-openrouter-deepseek-v3-009,agent-openrouter-deepseek-v3-008,agent-openrouter-deepseek-v3-008,agent-openrouter-deepseek-v3-008",5,1,1,0.6605504587155964
pretrain,gsm8k_291,"agent-openrouter-deepseek-v3-009,agent-openrouter-deepseek-v3-008,agent-openrouter-deepseek-v3-006,agent-openrouter-deepseek-v3-008,agent-openrouter-deepseek-v3-006",5,1,1,0.6636363636363637
pretrain,gsm8k_1158,"agent-openrouter-deepseek-v3-008,agent-openrouter-deepseek-v3-010,agent-openrouter-deepseek-v3-009,agent-openrouter-deepseek-v3-008",4,0,1,0.6576576576576577
pretrain,gsm8k_448,"agent-openrouter-deepseek-v3-010,agent-openrouter-deepseek-v3-009,agent-openrouter-deepseek-v3-007,agent-openrouter-deepseek-v3-009,agent-openrouter-deepseek-v3-008,agent-openrouter-deepseek-v3-008,agent-openrouter-deepseek-v3-009,agent-openrouter-deepseek-v3-008",8,1,1,0.6607142857142857
pretrain,gsm8k_853,"agent-openrouter-deepseek-v3-009,agent-openrouter-deepseek-v3-008,agent-openrouter-deepseek-v3-010,agent-openrouter-deepseek-v3-007,agent-openrouter-deepseek-v3-008",5,1,1,0.6637168141592921
pretrain,gsm8k_556,"agent-openrouter-deepseek-v3-007,agent-openrouter-deepseek-v3-008,agent-openrouter-deepseek-v3-010,agent-openrouter-deepseek-v3-007,agent-openrouter-deepseek-v3-008",5,1,1,0.6666666666666666
pretrain,gsm8k_720,"agent-openrouter-deepseek-v3-008,agent-openrouter-deepseek-v3-007,agent-openrouter-deepseek-v3-009,agent-openrouter-deepseek-v3-008",4,1,1,0.6695652173913044
pretrain,gsm8k_309,"agent-openrouter-deepseek-v3-009,agent-openrouter-deepseek-v3-007,agent-openrouter-deepseek-v3-008,agent-openrouter-deepseek-v3-009",4,1,1,0.6724137931034483
pretrain,gsm8k_626,"agent-openrouter-deepseek-v3-009,agent-openrouter-deepseek-v3-008,agent-openrouter-deepseek-v3-007",3,1,1,0.6752136752136753
pretrain,gsm8k_1207,"agent-openrouter-deepseek-v3-009,agent-openrouter-deepseek-v3-008,agent-openrouter-deepseek-v3-010,agent-openrouter-deepseek-v3-007",4,1,1,0.6779661016949152
pretrain,gsm8k_669,"agent-openrouter-deepseek-v3-006,agent-openrouter-deepseek-v3-007,agent-openrouter-deepseek-v3-008,agent-openrouter-deepseek-v3-008,agent-openrouter-deepseek-v3-008",5,1,1,0.680672268907563
pretrain,gsm8k_1275,"agent-openrouter-deepseek-v3-008,agent-openrouter-deepseek-v3-006,agent-openrouter-deepseek-v3-007",3,1,1,0.6833333333333333
pretrain,gsm8k_8,"agent-openrouter-deepseek-v3-010,agent-openrouter-deepseek-v3-007,agent-openrouter-deepseek-v3-008,agent-openrouter-deepseek-v3-008,agent-openrouter-deepseek-v3-010,agent-openrouter-deepseek-v3-009,agent-openrouter-deepseek-v3-008",7,0,1,0.6776859504132231
pretrain,gsm8k_683,"agent-openrouter-deepseek-v3-008,agent-openrouter-deepseek-v3-006,agent-openrouter-deepseek-v3-010,agent-openrouter-deepseek-v3-008",4,1,1,0.680327868852459
pretrain,gsm8k_836,"agent-openrouter-deepseek-v3-008,agent-openrouter-deepseek-v3-009,agent-openrouter-deepseek-v3-007",3,1,1,0.6829268292682927
pretrain,gsm8k_567,"agent-openrouter-deepseek-v3-010,agent-openrouter-deepseek-v3-009,agent-openrouter-deepseek-v3-008,agent-openrouter-deepseek-v3-010,agent-openrouter-deepseek-v3-010",5,0,1,0.6774193548387096
pretrain,gsm8k_306,"agent-openrouter-deepseek-v3-008,agent-openrouter-deepseek-v3-010,agent-openrouter-deepseek-v3-007,agent-openrouter-deepseek-v3-008",4,1,1,0.68
pretrain,gsm8k_954,"agent-openrouter-deepseek-v3-008,agent-openrouter-deepseek-v3-010,agent-openrouter-deepseek-v3-009,agent-openrouter-deepseek-v3-008,agent-openrouter-deepseek-v3-008",5,1,1,0.6825396825396826
pretrain,gsm8k_679,"agent-openrouter-deepseek-v3-008,agent-openrouter-deepseek-v3-006,agent-openrouter-deepseek-v3-007,agent-openrouter-deepseek-v3-008",4,1,1,0.6850393700787402
pretrain,gsm8k_106,"agent-openrouter-deepseek-v3-008,agent-openrouter-deepseek-v3-010,agent-openrouter-deepseek-v3-009,agent-openrouter-deepseek-v3-008",4,1,1,0.6875
pretrain,gsm8k_961,"agent-openrouter-deepseek-v3-008,agent-openrouter-deepseek-v3-009,agent-openrouter-deepseek-v3-010,agent-openrouter-deepseek-v3-008",4,1,1,0.689922480620155
pretrain,gsm8k_899,"agent-openrouter-deepseek-v3-010,agent-openrouter-deepseek-v3-008,agent-openrouter-deepseek-v3-007,agent-openrouter-deepseek-v3-008,agent-openrouter-deepseek-v3-008,agent-openrouter-deepseek-v3-008",6,1,1,0.6923076923076923
pretrain,gsm8k_137,"agent-openrouter-deepseek-v3-009,agent-openrouter-deepseek-v3-008,agent-openrouter-deepseek-v3-007,agent-openrouter-deepseek-v3-008,agent-openrouter-deepseek-v3-008,agent-openrouter-deepseek-v3-008,agent-openrouter-deepseek-v3-008",7,1,1,0.6946564885496184
pretrain,gsm8k_1114,"agent-openrouter-deepseek-v3-008,agent-openrouter-deepseek-v3-007,agent-openrouter-deepseek-v3-009,agent-openrouter-deepseek-v3-008,agent-openrouter-deepseek-v3-008",5,1,1,0.696969696969697
pretrain,gsm8k_1160,"agent-openrouter-deepseek-v3-010,agent-openrouter-deepseek-v3-008,agent-openrouter-deepseek-v3-009,agent-openrouter-deepseek-v3-008,agent-openrouter-deepseek-v3-008",5,1,1,0.6992481203007519
pretrain,gsm8k_911,"agent-openrouter-deepseek-v3-008,agent-openrouter-deepseek-v3-007,agent-openrouter-deepseek-v3-010,agent-openrouter-deepseek-v3-008",4,0,1,0.6940298507462687
pretrain,gsm8k_109,"agent-openrouter-deepseek-v3-010,agent-openrouter-deepseek-v3-008,agent-openrouter-deepseek-v3-009,agent-openrouter-deepseek-v3-010",4,1,1,0.6962962962962963
pretrain,gsm8k_760,"agent-openrouter-deepseek-v3-006,agent-openrouter-deepseek-v3-008,agent-openrouter-deepseek-v3-007,agent-openrouter-deepseek-v3-007,agent-openrouter-deepseek-v3-006",5,1,1,0.6985294117647058
pretrain,gsm8k_566,"agent-openrouter-deepseek-v3-010,agent-openrouter-deepseek-v3-008,agent-openrouter-deepseek-v3-009,agent-openrouter-deepseek-v3-008,agent-openrouter-deepseek-v3-008",5,1,1,0.7007299270072993
pretrain,gsm8k_159,"agent-openrouter-deepseek-v3-008,agent-openrouter-deepseek-v3-009,agent-openrouter-deepseek-v3-007,agent-openrouter-deepseek-v3-008,agent-openrouter-deepseek-v3-008",5,0,1,0.6956521739130435
pretrain,gsm8k_278,"agent-openrouter-deepseek-v3-008,agent-openrouter-deepseek-v3-010,agent-openrouter-deepseek-v3-007,agent-openrouter-deepseek-v3-008,agent-openrouter-deepseek-v3-008",5,1,1,0.697841726618705
pretrain,gsm8k_288,"agent-openrouter-deepseek-v3-010,agent-openrouter-deepseek-v3-008,agent-openrouter-deepseek-v3-006,agent-openrouter-deepseek-v3-008,agent-openrouter-deepseek-v3-007",5,1,1,0.7
pretrain,gsm8k_619,"agent-openrouter-deepseek-v3-006,agent-openrouter-deepseek-v3-008,agent-openrouter-deepseek-v3-007,agent-openrouter-deepseek-v3-006,agent-openrouter-deepseek-v3-008",5,1,1,0.7021276595744681
pretrain,gsm8k_215,"agent-openrouter-deepseek-v3-006,agent-openrouter-deepseek-v3-008,agent-openrouter-deepseek-v3-007,agent-openrouter-deepseek-v3-008",4,1,1,0.704225352112676
pretrain,gsm8k_734,"agent-openrouter-deepseek-v3-008,agent-openrouter-deepseek-v3-009,agent-openrouter-deepseek-v3-010,agent-openrouter-deepseek-v3-008,agent-openrouter-deepseek-v3-008,agent-openrouter-deepseek-v3-008,agent-openrouter-deepseek-v3-008",7,1,1,0.7062937062937062
pretrain,gsm8k_351,"agent-openrouter-deepseek-v3-009,agent-openrouter-deepseek-v3-008,agent-openrouter-deepseek-v3-006,agent-openrouter-deepseek-v3-008",4,1,1,0.7083333333333334
pretrain,gsm8k_208,"agent-openrouter-deepseek-v3-006,agent-openrouter-deepseek-v3-008,agent-openrouter-deepseek-v3-007,agent-openrouter-deepseek-v3-007,agent-openrouter-deepseek-v3-009",5,1,1,0.7103448275862069
pretrain,gsm8k_703,"agent-openrouter-deepseek-v3-006,agent-openrouter-deepseek-v3-009,agent-openrouter-deepseek-v3-007,agent-openrouter-deepseek-v3-007,agent-openrouter-deepseek-v3-007,agent-openrouter-deepseek-v3-009",6,1,1,0.7123287671232876
pretrain,gsm8k_649,"agent-openrouter-deepseek-v3-007,agent-openrouter-deepseek-v3-009,agent-openrouter-deepseek-v3-008,agent-openrouter-deepseek-v3-009",4,0,1,0.7074829931972789
pretrain,gsm8k_873,"agent-openrouter-deepseek-v3-008,agent-openrouter-deepseek-v3-006,agent-openrouter-deepseek-v3-007",3,1,1,0.7094594594594594
pretrain,gsm8k_987,"agent-openrouter-deepseek-v3-010,agent-openrouter-deepseek-v3-006,agent-openrouter-deepseek-v3-009,agent-openrouter-deepseek-v3-008,agent-openrouter-deepseek-v3-008",5,0,1,0.7046979865771812
pretrain,gsm8k_517,"agent-openrouter-deepseek-v3-008,agent-openrouter-deepseek-v3-007,agent-openrouter-deepseek-v3-009",3,1,1,0.7066666666666667
pretrain,gsm8k_500,"agent-openrouter-deepseek-v3-008,agent-openrouter-deepseek-v3-007,agent-openrouter-deepseek-v3-009,agent-openrouter-deepseek-v3-008,agent-openrouter-deepseek-v3-008,agent-openrouter-deepseek-v3-008",6,0,1,0.7019867549668874
pretrain,gsm8k_1153,"agent-openrouter-deepseek-v3-008,agent-openrouter-deepseek-v3-009,agent-openrouter-deepseek-v3-007,agent-openrouter-deepseek-v3-008,agent-openrouter-deepseek-v3-008",5,0,1,0.6973684210526315
pretrain,gsm8k_927,"agent-openrouter-deepseek-v3-010,agent-openrouter-deepseek-v3-007,agent-openrouter-deepseek-v3-008,agent-openrouter-deepseek-v3-010,agent-openrouter-deepseek-v3-010,agent-openrouter-deepseek-v3-008",6,1,1,0.6993464052287581
pretrain,gsm8k_1183,"agent-openrouter-deepseek-v3-008,agent-openrouter-deepseek-v3-007,agent-openrouter-deepseek-v3-009,agent-openrouter-deepseek-v3-008,agent-openrouter-deepseek-v3-008,agent-openrouter-deepseek-v3-008,agent-openrouter-deepseek-v3-008,agent-openrouter-deepseek-v3-008",8,1,1,0.7012987012987013
pretrain,gsm8k_1064,"agent-openrouter-deepseek-v3-006,agent-openrouter-deepseek-v3-008,agent-openrouter-deepseek-v3-007,agent-openrouter-deepseek-v3-008,agent-openrouter-deepseek-v3-008,agent-openrouter-deepseek-v3-008,agent-openrouter-deepseek-v3-008",7,1,1,0.7032258064516129
pretrain,gsm8k_52,"agent-openrouter-deepseek-v3-008,agent-openrouter-deepseek-v3-010,agent-openrouter-deepseek-v3-007",3,1,1,0.7051282051282052
pretrain,gsm8k_94,"agent-openrouter-deepseek-v3-007,agent-openrouter-deepseek-v3-008,agent-openrouter-deepseek-v3-009,agent-openrouter-deepseek-v3-007,agent-openrouter-deepseek-v3-007,agent-openrouter-deepseek-v3-007",6,0,1,0.7006369426751592
pretrain,gsm8k_972,"agent-openrouter-deepseek-v3-006,agent-openrouter-deepseek-v3-008,agent-openrouter-deepseek-v3-010,agent-openrouter-deepseek-v3-008,agent-openrouter-deepseek-v3-008,agent-openrouter-deepseek-v3-008,agent-openrouter-deepseek-v3-008",7,0,1,0.6962025316455697
pretrain,gsm8k_1145,"agent-openrouter-deepseek-v3-010,agent-openrouter-deepseek-v3-008,agent-openrouter-deepseek-v3-007,agent-openrouter-deepseek-v3-008,agent-openrouter-deepseek-v3-008,agent-openrouter-deepseek-v3-008,agent-openrouter-deepseek-v3-008",7,0,1,0.6918238993710691
pretrain,gsm8k_849,"agent-openrouter-deepseek-v3-006,agent-openrouter-deepseek-v3-010,agent-openrouter-deepseek-v3-008",3,1,1,0.69375
pretrain,gsm8k_1208,"agent-openrouter-deepseek-v3-009,agent-openrouter-deepseek-v3-008,agent-openrouter-deepseek-v3-010,agent-openrouter-deepseek-v3-008",4,1,1,0.6956521739130435
pretrain,gsm8k_45,"agent-openrouter-deepseek-v3-010,agent-openrouter-deepseek-v3-008,agent-openrouter-deepseek-v3-009,agent-openrouter-deepseek-v3-010,agent-openrouter-deepseek-v3-010,agent-openrouter-deepseek-v3-010",6,1,1,0.6975308641975309
pretrain,gsm8k_3,"agent-openrouter-deepseek-v3-008,agent-openrouter-deepseek-v3-009,agent-openrouter-deepseek-v3-006,agent-openrouter-deepseek-v3-008",4,1,1,0.6993865030674846
pretrain,gsm8k_341,"agent-openrouter-deepseek-v3-009,agent-openrouter-deepseek-v3-007,agent-openrouter-deepseek-v3-008,agent-openrouter-deepseek-v3-009,agent-openrouter-deepseek-v3-009,agent-openrouter-deepseek-v3-009,agent-openrouter-deepseek-v3-006",7,0,1,0.6951219512195121
pretrain,gsm8k_789,"agent-openrouter-deepseek-v3-009,agent-openrouter-deepseek-v3-008,agent-openrouter-deepseek-v3-007,agent-openrouter-deepseek-v3-008",4,0,1,0.6909090909090909
pretrain,gsm8k_133,"agent-openrouter-deepseek-v3-007,agent-openrouter-deepseek-v3-009,agent-openrouter-deepseek-v3-008,agent-openrouter-deepseek-v3-008",4,1,1,0.6927710843373494
pretrain,gsm8k_652,"agent-openrouter-deepseek-v3-010,agent-openrouter-deepseek-v3-007,agent-openrouter-deepseek-v3-008,agent-openrouter-deepseek-v3-010,agent-openrouter-deepseek-v3-007,agent-openrouter-deepseek-v3-008",6,0,1,0.688622754491018
pretrain,gsm8k_1030,"agent-openrouter-deepseek-v3-008,agent-openrouter-deepseek-v3-010,agent-openrouter-deepseek-v3-007,agent-openrouter-deepseek-v3-008,agent-openrouter-deepseek-v3-008",5,1,1,0.6904761904761905
pretrain,gsm8k_165,"agent-openrouter-deepseek-v3-009,agent-openrouter-deepseek-v3-007,agent-openrouter-deepseek-v3-008,agent-openrouter-deepseek-v3-009,agent-openrouter-deepseek-v3-008,agent-openrouter-deepseek-v3-008",6,1,1,0.6923076923076923
pretrain,gsm8k_759,"agent-openrouter-deepseek-v3-007,agent-openrouter-deepseek-v3-006,agent-openrouter-deepseek-v3-008",3,1,1,0.6941176470588235
pretrain,gsm8k_452,"agent-openrouter-deepseek-v3-009,agent-openrouter-deepseek-v3-008,agent-openrouter-deepseek-v3-010,agent-openrouter-deepseek-v3-009,agent-openrouter-deepseek-v3-008,agent-openrouter-deepseek-v3-008",6,1,1,0.695906432748538
pretrain,gsm8k_564,"agent-openrouter-deepseek-v3-009,agent-openrouter-deepseek-v3-008,agent-openrouter-deepseek-v3-007,agent-openrouter-deepseek-v3-008",4,0,1,0.6918604651162791
pretrain,gsm8k_722,"agent-openrouter-deepseek-v3-006,agent-openrouter-deepseek-v3-008,agent-openrouter-deepseek-v3-009,agent-openrouter-deepseek-v3-008",4,0,1,0.6878612716763006
pretrain,gsm8k_1074,"agent-openrouter-deepseek-v3-008,agent-openrouter-deepseek-v3-007,agent-openrouter-deepseek-v3-009,agent-openrouter-deepseek-v3-008",4,1,1,0.6896551724137931
pretrain,gsm8k_574,"agent-openrouter-deepseek-v3-007,agent-openrouter-deepseek-v3-010,agent-openrouter-deepseek-v3-008,agent-openrouter-deepseek-v3-007,agent-openrouter-deepseek-v3-007,agent-openrouter-deepseek-v3-007",6,1,1,0.6914285714285714
pretrain,gsm8k_9,"agent-openrouter-deepseek-v3-008,agent-openrouter-deepseek-v3-009,agent-openrouter-deepseek-v3-007,agent-openrouter-deepseek-v3-008,agent-openrouter-deepseek-v3-008,agent-openrouter-deepseek-v3-008",6,1,1,0.6931818181818182
pretrain,gsm8k_1235,"agent-openrouter-deepseek-v3-007,agent-openrouter-deepseek-v3-008,agent-openrouter-deepseek-v3-009,agent-openrouter-deepseek-v3-008",4,1,1,0.6949152542372882
pretrain,gsm8k_77,"agent-openrouter-deepseek-v3-008,agent-openrouter-deepseek-v3-010,agent-openrouter-deepseek-v3-007",3,1,1,0.6966292134831461
pretrain,gsm8k_904,"agent-openrouter-deepseek-v3-006,agent-openrouter-deepseek-v3-009,agent-openrouter-deepseek-v3-008,agent-openrouter-deepseek-v3-007",4,1,1,0.6983240223463687
pretrain,gsm8k_707,"agent-openrouter-deepseek-v3-009,agent-openrouter-deepseek-v3-008,agent-openrouter-deepseek-v3-007,agent-openrouter-deepseek-v3-008",4,1,1,0.7
pretrain,gsm8k_925,"agent-openrouter-deepseek-v3-006,agent-openrouter-deepseek-v3-008,agent-openrouter-deepseek-v3-009,agent-openrouter-deepseek-v3-009,agent-openrouter-deepseek-v3-010",5,1,1,0.7016574585635359
pretrain,gsm8k_152,"agent-openrouter-deepseek-v3-009,agent-openrouter-deepseek-v3-008,agent-openrouter-deepseek-v3-007,agent-openrouter-deepseek-v3-008",4,1,1,0.7032967032967034
pretrain,gsm8k_558,"agent-openrouter-deepseek-v3-008,agent-openrouter-deepseek-v3-010,agent-openrouter-deepseek-v3-007,agent-openrouter-deepseek-v3-008",4,1,1,0.7049180327868853
pretrain,gsm8k_36,"agent-openrouter-deepseek-v3-010,agent-openrouter-deepseek-v3-009,agent-openrouter-deepseek-v3-008,agent-openrouter-deepseek-v3-007",4,1,1,0.7065217391304348
pretrain,gsm8k_854,"agent-openrouter-deepseek-v3-007,agent-openrouter-deepseek-v3-006,agent-openrouter-deepseek-v3-008,agent-openrouter-deepseek-v3-006,agent-openrouter-deepseek-v3-006,agent-openrouter-deepseek-v3-006",6,0,1,0.7027027027027027
pretrain,gsm8k_1292,"agent-openrouter-deepseek-v3-006,agent-openrouter-deepseek-v3-008,agent-openrouter-deepseek-v3-009,agent-openrouter-deepseek-v3-008,agent-openrouter-deepseek-v3-008",5,0,1,0.6989247311827957
pretrain,gsm8k_596,"agent-openrouter-deepseek-v3-007,agent-openrouter-deepseek-v3-006,agent-openrouter-deepseek-v3-009,agent-openrouter-deepseek-v3-006,agent-openrouter-deepseek-v3-006,agent-openrouter-deepseek-v3-008",6,1,1,0.7005347593582888
pretrain,gsm8k_565,"agent-openrouter-deepseek-v3-009,agent-openrouter-deepseek-v3-008,agent-openrouter-deepseek-v3-007,agent-openrouter-deepseek-v3-008",4,1,1,0.7021276595744681
pretrain,gsm8k_151,"agent-openrouter-deepseek-v3-006,agent-openrouter-deepseek-v3-007,agent-openrouter-deepseek-v3-008,agent-openrouter-deepseek-v3-006,agent-openrouter-deepseek-v3-006,agent-openrouter-deepseek-v3-009,agent-openrouter-deepseek-v3-006,agent-openrouter-deepseek-v3-006",8,1,1,0.7037037037037037
pretrain,gsm8k_1284,"agent-openrouter-deepseek-v3-006,agent-openrouter-deepseek-v3-007,agent-openrouter-deepseek-v3-009,agent-openrouter-deepseek-v3-007,agent-openrouter-deepseek-v3-009",5,0,1,0.7
pretrain,gsm8k_1199,"agent-openrouter-deepseek-v3-006,agent-openrouter-deepseek-v3-007,agent-openrouter-deepseek-v3-008,agent-openrouter-deepseek-v3-009,agent-openrouter-deepseek-v3-006,agent-openrouter-deepseek-v3-006,agent-openrouter-deepseek-v3-008",7,1,1,0.7015706806282722
pretrain,gsm8k_42,"agent-openrouter-deepseek-v3-006,agent-openrouter-deepseek-v3-008,agent-openrouter-deepseek-v3-007",3,1,1,0.703125
pretrain,gsm8k_315,"agent-openrouter-deepseek-v3-007,agent-openrouter-deepseek-v3-008,agent-openrouter-deepseek-v3-006,agent-openrouter-deepseek-v3-008,agent-openrouter-deepseek-v3-008",5,0,1,0.6994818652849741
pretrain,gsm8k_373,"agent-openrouter-deepseek-v3-008,agent-openrouter-deepseek-v3-007,agent-openrouter-deepseek-v3-009,agent-openrouter-deepseek-v3-008,agent-openrouter-deepseek-v3-008",5,1,1,0.7010309278350515
pretrain,gsm8k_920,"agent-openrouter-deepseek-v3-007,agent-openrouter-deepseek-v3-008,agent-openrouter-deepseek-v3-009,agent-openrouter-deepseek-v3-007,agent-openrouter-deepseek-v3-008,agent-openrouter-deepseek-v3-007,agent-openrouter-deepseek-v3-008",7,1,1,0.7025641025641025
pretrain,gsm8k_815,"agent-openrouter-deepseek-v3-009,agent-openrouter-deepseek-v3-008,agent-openrouter-deepseek-v3-010,agent-openrouter-deepseek-v3-008,agent-openrouter-deepseek-v3-008,agent-openrouter-deepseek-v3-008,agent-openrouter-deepseek-v3-009,agent-openrouter-deepseek-v3-008",8,1,1,0.7040816326530612
pretrain,gsm8k_881,"agent-openrouter-deepseek-v3-009,agent-openrouter-deepseek-v3-008,agent-openrouter-deepseek-v3-010",3,0,1,0.700507614213198
pretrain,gsm8k_40,"agent-openrouter-deepseek-v3-009,agent-openrouter-deepseek-v3-010,agent-openrouter-deepseek-v3-007,agent-openrouter-deepseek-v3-008",4,1,1,0.702020202020202
pretrain,gsm8k_1137,"agent-openrouter-deepseek-v3-007,agent-openrouter-deepseek-v3-009,agent-openrouter-deepseek-v3-008,agent-openrouter-deepseek-v3-009,agent-openrouter-deepseek-v3-008,agent-openrouter-deepseek-v3-009,agent-openrouter-deepseek-v3-008",7,0,1,0.6984924623115578
pretrain,gsm8k_366,"agent-openrouter-deepseek-v3-008,agent-openrouter-deepseek-v3-007,agent-openrouter-deepseek-v3-010,agent-openrouter-deepseek-v3-008",4,1,1,0.7
pretrain,gsm8k_977,"agent-openrouter-deepseek-v3-006,agent-openrouter-deepseek-v3-008,agent-openrouter-deepseek-v3-009,agent-openrouter-deepseek-v3-008,agent-openrouter-deepseek-v3-008",5,1,1,0.7014925373134329
pretrain,gsm8k_698,"agent-openrouter-deepseek-v3-008,agent-openrouter-deepseek-v3-009,agent-openrouter-deepseek-v3-007,agent-openrouter-deepseek-v3-008",4,1,1,0.7029702970297029
pretrain,gsm8k_1271,"agent-openrouter-deepseek-v3-008,agent-openrouter-deepseek-v3-007,agent-openrouter-deepseek-v3-009,agent-openrouter-deepseek-v3-008,agent-openrouter-deepseek-v3-008",5,1,1,0.7044334975369458
pretrain,gsm8k_682,"agent-openrouter-deepseek-v3-006,agent-openrouter-deepseek-v3-010,agent-openrouter-deepseek-v3-008,agent-openrouter-deepseek-v3-010,agent-openrouter-deepseek-v3-010,agent-openrouter-deepseek-v3-008",6,1,1,0.7058823529411765
pretrain,gsm8k_105,"agent-openrouter-deepseek-v3-009,agent-openrouter-deepseek-v3-008,agent-openrouter-deepseek-v3-007,agent-openrouter-deepseek-v3-009",4,1,1,0.7073170731707317
pretrain,gsm8k_362,"agent-openrouter-deepseek-v3-006,agent-openrouter-deepseek-v3-010,agent-openrouter-deepseek-v3-008,agent-openrouter-deepseek-v3-006,agent-openrouter-deepseek-v3-010",5,1,1,0.7087378640776699
pretrain,gsm8k_798,"agent-openrouter-deepseek-v3-010,agent-openrouter-deepseek-v3-007,agent-openrouter-deepseek-v3-008,agent-openrouter-deepseek-v3-010,agent-openrouter-deepseek-v3-010,agent-openrouter-deepseek-v3-010,agent-openrouter-deepseek-v3-010,agent-openrouter-deepseek-v3-010",8,1,1,0.7101449275362319
pretrain,gsm8k_573,"agent-openrouter-deepseek-v3-008,agent-openrouter-deepseek-v3-007,agent-openrouter-deepseek-v3-009,agent-openrouter-deepseek-v3-008,agent-openrouter-deepseek-v3-008,agent-openrouter-deepseek-v3-008",6,1,1,0.7115384615384616
pretrain,gsm8k_905,"agent-openrouter-deepseek-v3-007,agent-openrouter-deepseek-v3-008,agent-openrouter-deepseek-v3-006,agent-openrouter-deepseek-v3-008",4,0,1,0.7081339712918661
pretrain,gsm8k_895,"agent-openrouter-deepseek-v3-010,agent-openrouter-deepseek-v3-007,agent-openrouter-deepseek-v3-009,agent-openrouter-deepseek-v3-010",4,1,1,0.7095238095238096
pretrain,gsm8k_416,"agent-openrouter-deepseek-v3-007,agent-openrouter-deepseek-v3-009,agent-openrouter-deepseek-v3-008,agent-openrouter-deepseek-v3-008,agent-openrouter-deepseek-v3-008,agent-openrouter-deepseek-v3-008",6,1,1,0.7109004739336493
pretrain,gsm8k_635,"agent-openrouter-deepseek-v3-010,agent-openrouter-deepseek-v3-008,agent-openrouter-deepseek-v3-006,agent-openrouter-deepseek-v3-008,agent-openrouter-deepseek-v3-008",5,1,1,0.7122641509433962
pretrain,gsm8k_767,"agent-openrouter-deepseek-v3-009,agent-openrouter-deepseek-v3-008,agent-openrouter-deepseek-v3-010,agent-openrouter-deepseek-v3-008",4,1,1,0.7136150234741784
pretrain,gsm8k_158,"agent-openrouter-deepseek-v3-008,agent-openrouter-deepseek-v3-009,agent-openrouter-deepseek-v3-010,agent-openrouter-deepseek-v3-008,agent-openrouter-deepseek-v3-008",5,1,1,0.7149532710280374
pretrain,gsm8k_242,"agent-openrouter-deepseek-v3-010,agent-openrouter-deepseek-v3-008,agent-openrouter-deepseek-v3-007,agent-openrouter-deepseek-v3-010,agent-openrouter-deepseek-v3-010,agent-openrouter-deepseek-v3-008",6,0,1,0.7116279069767442
pretrain,gsm8k_885,"agent-openrouter-deepseek-v3-009,agent-openrouter-deepseek-v3-008,agent-openrouter-deepseek-v3-010,agent-openrouter-deepseek-v3-008,agent-openrouter-deepseek-v3-008",5,1,1,0.7129629629629629
pretrain,gsm8k_166,"agent-openrouter-deepseek-v3-007,agent-openrouter-deepseek-v3-008,agent-openrouter-deepseek-v3-009,agent-openrouter-deepseek-v3-008",4,1,1,0.7142857142857143
pretrain,gsm8k_819,"agent-openrouter-deepseek-v3-007,agent-openrouter-deepseek-v3-008,agent-openrouter-deepseek-v3-009,agent-openrouter-deepseek-v3-008",4,1,1,0.7155963302752294
pretrain,gsm8k_830,"agent-openrouter-deepseek-v3-007,agent-openrouter-deepseek-v3-008,agent-openrouter-deepseek-v3-010,agent-openrouter-deepseek-v3-008,agent-openrouter-deepseek-v3-007,agent-openrouter-deepseek-v3-008",6,0,1,0.7123287671232876
pretrain,gsm8k_181,"agent-openrouter-deepseek-v3-007,agent-openrouter-deepseek-v3-008,agent-openrouter-deepseek-v3-006,agent-openrouter-deepseek-v3-008,agent-openrouter-deepseek-v3-008",5,1,1,0.7136363636363636
pretrain,gsm8k_422,"agent-openrouter-deepseek-v3-006,agent-openrouter-deepseek-v3-007,agent-openrouter-deepseek-v3-010,agent-openrouter-deepseek-v3-009,agent-openrouter-deepseek-v3-008",5,1,1,0.7149321266968326
pretrain,gsm8k_25,"agent-openrouter-deepseek-v3-009,agent-openrouter-deepseek-v3-007,agent-openrouter-deepseek-v3-008,agent-openrouter-deepseek-v3-007,agent-openrouter-deepseek-v3-006,agent-openrouter-deepseek-v3-009",6,1,1,0.7162162162162162
pretrain,gsm8k_183,"agent-openrouter-deepseek-v3-008,agent-openrouter-deepseek-v3-007,agent-openrouter-deepseek-v3-006,agent-openrouter-deepseek-v3-008,agent-openrouter-deepseek-v3-008",5,0,1,0.7130044843049327
pretrain,gsm8k_754,"agent-openrouter-deepseek-v3-006,agent-openrouter-deepseek-v3-008,agent-openrouter-deepseek-v3-007,agent-openrouter-deepseek-v3-006,agent-openrouter-deepseek-v3-006,agent-openrouter-deepseek-v3-006,agent-openrouter-deepseek-v3-008",7,0,1,0.7098214285714286
pretrain,gsm8k_1078,"agent-openrouter-deepseek-v3-006,agent-openrouter-deepseek-v3-008,agent-openrouter-deepseek-v3-007,agent-openrouter-deepseek-v3-008",4,1,1,0.7111111111111111
pretrain,gsm8k_801,"agent-openrouter-deepseek-v3-009,agent-openrouter-deepseek-v3-008,agent-openrouter-deepseek-v3-006,agent-openrouter-deepseek-v3-008,agent-openrouter-deepseek-v3-006,agent-openrouter-deepseek-v3-008",6,1,1,0.7123893805309734
pretrain,gsm8k_421,"agent-openrouter-deepseek-v3-008,agent-openrouter-deepseek-v3-007,agent-openrouter-deepseek-v3-009,agent-openrouter-deepseek-v3-008,agent-openrouter-deepseek-v3-008",5,0,1,0.7092511013215859
pretrain,gsm8k_1073,"agent-openrouter-deepseek-v3-008,agent-openrouter-deepseek-v3-007,agent-openrouter-deepseek-v3-006",3,0,1,0.706140350877193
pretrain,gsm8k_685,"agent-openrouter-deepseek-v3-006,agent-openrouter-deepseek-v3-008,agent-openrouter-deepseek-v3-010,agent-openrouter-deepseek-v3-008,agent-openrouter-deepseek-v3-008",5,1,1,0.7074235807860262
pretrain,gsm8k_884,"agent-openrouter-deepseek-v3-007,agent-openrouter-deepseek-v3-008,agent-openrouter-deepseek-v3-009",3,1,1,0.7086956521739131
pretrain,gsm8k_752,"agent-openrouter-deepseek-v3-009,agent-openrouter-deepseek-v3-010,agent-openrouter-deepseek-v3-008,agent-openrouter-deepseek-v3-010",4,1,1,0.70995670995671
pretrain,gsm8k_1012,"agent-openrouter-deepseek-v3-006,agent-openrouter-deepseek-v3-007,agent-openrouter-deepseek-v3-009,agent-openrouter-deepseek-v3-009,agent-openrouter-deepseek-v3-008",5,0,1,0.7068965517241379
pretrain,gsm8k_254,"agent-openrouter-deepseek-v3-008,agent-openrouter-deepseek-v3-010,agent-openrouter-deepseek-v3-007,agent-openrouter-deepseek-v3-008",4,1,1,0.7081545064377682
pretrain,gsm8k_273,"agent-openrouter-deepseek-v3-010,agent-openrouter-deepseek-v3-008,agent-openrouter-deepseek-v3-007,agent-openrouter-deepseek-v3-010,agent-openrouter-deepseek-v3-010",5,0,1,0.7051282051282052
pretrain,gsm8k_1258,"agent-openrouter-deepseek-v3-007,agent-openrouter-deepseek-v3-008,agent-openrouter-deepseek-v3-009,agent-openrouter-deepseek-v3-007,agent-openrouter-deepseek-v3-007,agent-openrouter-deepseek-v3-008",6,1,1,0.7063829787234043
pretrain,gsm8k_806,"agent-openrouter-deepseek-v3-008,agent-openrouter-deepseek-v3-009,agent-openrouter-deepseek-v3-007,agent-openrouter-deepseek-v3-008,agent-openrouter-deepseek-v3-008,agent-openrouter-deepseek-v3-008,agent-openrouter-deepseek-v3-008",7,0,1,0.7033898305084746
pretrain,gsm8k_718,"agent-openrouter-deepseek-v3-008,agent-openrouter-deepseek-v3-009,agent-openrouter-deepseek-v3-007,agent-openrouter-deepseek-v3-008",4,1,1,0.7046413502109705
pretrain,gsm8k_1101,"agent-openrouter-deepseek-v3-008,agent-openrouter-deepseek-v3-010,agent-openrouter-deepseek-v3-007",3,0,1,0.7016806722689075
pretrain,gsm8k_391,"agent-openrouter-deepseek-v3-009,agent-openrouter-deepseek-v3-008,agent-openrouter-deepseek-v3-007,agent-openrouter-deepseek-v3-008,agent-openrouter-deepseek-v3-008,agent-openrouter-deepseek-v3-008",6,1,1,0.702928870292887
pretrain,gsm8k_1165,"agent-openrouter-deepseek-v3-008,agent-openrouter-deepseek-v3-009,agent-openrouter-deepseek-v3-010,agent-openrouter-deepseek-v3-008,agent-openrouter-deepseek-v3-008,agent-openrouter-deepseek-v3-008,agent-openrouter-deepseek-v3-008",7,0,1,0.7
pretrain,gsm8k_1044,"agent-openrouter-deepseek-v3-010,agent-openrouter-deepseek-v3-009,agent-openrouter-deepseek-v3-007,agent-openrouter-deepseek-v3-009,agent-openrouter-deepseek-v3-010",5,1,1,0.7012448132780082
pretrain,gsm8k_227,"agent-openrouter-deepseek-v3-010,agent-openrouter-deepseek-v3-008,agent-openrouter-deepseek-v3-007,agent-openrouter-deepseek-v3-010,agent-openrouter-deepseek-v3-008,agent-openrouter-deepseek-v3-010,agent-openrouter-deepseek-v3-008",7,1,1,0.7024793388429752
pretrain,gsm8k_1023,"agent-openrouter-deepseek-v3-006,agent-openrouter-deepseek-v3-010,agent-openrouter-deepseek-v3-009,agent-openrouter-deepseek-v3-009,agent-openrouter-deepseek-v3-007",5,1,1,0.7037037037037037
pretrain,gsm8k_1063,"agent-openrouter-deepseek-v3-008,agent-openrouter-deepseek-v3-009,agent-openrouter-deepseek-v3-007,agent-openrouter-deepseek-v3-008",4,1,1,0.7049180327868853
pretrain,gsm8k_1268,"agent-openrouter-deepseek-v3-008,agent-openrouter-deepseek-v3-009,agent-openrouter-deepseek-v3-007,agent-openrouter-deepseek-v3-008",4,1,1,0.7061224489795919
pretrain,gsm8k_358,"agent-openrouter-deepseek-v3-009,agent-openrouter-deepseek-v3-008,agent-openrouter-deepseek-v3-007,agent-openrouter-deepseek-v3-008",4,0,1,0.7032520325203252
pretrain,gsm8k_312,"agent-openrouter-deepseek-v3-008,agent-openrouter-deepseek-v3-009,agent-openrouter-deepseek-v3-007",3,1,1,0.7044534412955465
pretrain,gsm8k_840,"agent-openrouter-deepseek-v3-007,agent-openrouter-deepseek-v3-008,agent-openrouter-deepseek-v3-006,agent-openrouter-deepseek-v3-008,agent-openrouter-deepseek-v3-008",5,1,1,0.7056451612903226
pretrain,gsm8k_814,"agent-openrouter-deepseek-v3-008,agent-openrouter-deepseek-v3-006,agent-openrouter-deepseek-v3-007,agent-openrouter-deepseek-v3-008,agent-openrouter-deepseek-v3-008",5,0,1,0.7028112449799196
pretrain,gsm8k_233,"agent-openrouter-deepseek-v3-008,agent-openrouter-deepseek-v3-007,agent-openrouter-deepseek-v3-009,agent-openrouter-deepseek-v3-008",4,1,1,0.704
pretrain,gsm8k_1187,"agent-openrouter-deepseek-v3-008,agent-openrouter-deepseek-v3-006,agent-openrouter-deepseek-v3-007,agent-openrouter-deepseek-v3-008,agent-openrouter-deepseek-v3-008",5,0,1,0.701195219123506
pretrain,gsm8k_24,"agent-openrouter-deepseek-v3-007,agent-openrouter-deepseek-v3-010,agent-openrouter-deepseek-v3-008,agent-openrouter-deepseek-v3-008",4,1,1,0.7023809523809523
pretrain,gsm8k_675,"agent-openrouter-deepseek-v3-006,agent-openrouter-deepseek-v3-007,agent-openrouter-deepseek-v3-009,agent-openrouter-deepseek-v3-007,agent-openrouter-deepseek-v3-007,agent-openrouter-deepseek-v3-007,agent-openrouter-deepseek-v3-007,agent-openrouter-deepseek-v3-009",8,0,1,0.6996047430830039
pretrain,gsm8k_197,"agent-openrouter-deepseek-v3-009,agent-openrouter-deepseek-v3-008,agent-openrouter-deepseek-v3-007,agent-openrouter-deepseek-v3-008,agent-openrouter-deepseek-v3-008,agent-openrouter-deepseek-v3-008",6,1,1,0.7007874015748031
pretrain,gsm8k_408,"agent-openrouter-deepseek-v3-007,agent-openrouter-deepseek-v3-008,agent-openrouter-deepseek-v3-010,agent-openrouter-deepseek-v3-008,agent-openrouter-deepseek-v3-008",5,1,1,0.7019607843137254
pretrain,gsm8k_336,"agent-openrouter-deepseek-v3-010,agent-openrouter-deepseek-v3-007,agent-openrouter-deepseek-v3-008,agent-openrouter-deepseek-v3-010,agent-openrouter-deepseek-v3-009,agent-openrouter-deepseek-v3-010",6,1,1,0.703125
pretrain,gsm8k_1219,"agent-openrouter-deepseek-v3-010,agent-openrouter-deepseek-v3-008,agent-openrouter-deepseek-v3-007,agent-openrouter-deepseek-v3-008",4,1,1,0.7042801556420234
pretrain,gsm8k_71,"agent-openrouter-deepseek-v3-008,agent-openrouter-deepseek-v3-009,agent-openrouter-deepseek-v3-007,agent-openrouter-deepseek-v3-008",4,1,1,0.7054263565891473
pretrain,gsm8k_791,"agent-openrouter-deepseek-v3-008,agent-openrouter-deepseek-v3-006,agent-openrouter-deepseek-v3-009,agent-openrouter-deepseek-v3-008",4,1,1,0.7065637065637066
pretrain,gsm8k_862,"agent-openrouter-deepseek-v3-010,agent-openrouter-deepseek-v3-008,agent-openrouter-deepseek-v3-007,agent-openrouter-deepseek-v3-008,agent-openrouter-deepseek-v3-008,agent-openrouter-deepseek-v3-008",6,1,1,0.7076923076923077
pretrain,gsm8k_359,"agent-openrouter-deepseek-v3-010,agent-openrouter-deepseek-v3-009,agent-openrouter-deepseek-v3-008,agent-openrouter-deepseek-v3-009,agent-openrouter-deepseek-v3-009",5,0,1,0.7049808429118773
pretrain,gsm8k_656,"agent-openrouter-deepseek-v3-008,agent-openrouter-deepseek-v3-007,agent-openrouter-deepseek-v3-010,agent-openrouter-deepseek-v3-008",4,1,1,0.7061068702290076
pretrain,gsm8k_521,"agent-openrouter-deepseek-v3-008,agent-openrouter-deepseek-v3-006,agent-openrouter-deepseek-v3-007,agent-openrouter-deepseek-v3-008,agent-openrouter-deepseek-v3-008,agent-openrouter-deepseek-v3-008",6,0,1,0.7034220532319392
pretrain,gsm8k_409,"agent-openrouter-deepseek-v3-008,agent-openrouter-deepseek-v3-010,agent-openrouter-deepseek-v3-009,agent-openrouter-deepseek-v3-008,agent-openrouter-deepseek-v3-008,agent-openrouter-deepseek-v3-007,agent-openrouter-deepseek-v3-008",7,0,1,0.7007575757575758
pretrain,gsm8k_695,"agent-openrouter-deepseek-v3-008,agent-openrouter-deepseek-v3-007,agent-openrouter-deepseek-v3-009,agent-openrouter-deepseek-v3-008",4,1,1,0.7018867924528301
pretrain,gsm8k_549,"agent-openrouter-deepseek-v3-008,agent-openrouter-deepseek-v3-006,agent-openrouter-deepseek-v3-007,agent-openrouter-deepseek-v3-008,agent-openrouter-deepseek-v3-008",5,1,1,0.7030075187969925
pretrain,gsm8k_339,"agent-openrouter-deepseek-v3-009,agent-openrouter-deepseek-v3-008,agent-openrouter-deepseek-v3-007,agent-openrouter-deepseek-v3-008,agent-openrouter-deepseek-v3-009,agent-openrouter-deepseek-v3-008",6,1,1,0.704119850187266
pretrain,gsm8k_28,"agent-openrouter-deepseek-v3-006,agent-openrouter-deepseek-v3-008,agent-openrouter-deepseek-v3-007,agent-openrouter-deepseek-v3-009,agent-openrouter-deepseek-v3-009",5,1,1,0.7052238805970149
pretrain,gsm8k_986,"agent-openrouter-deepseek-v3-009,agent-openrouter-deepseek-v3-007,agent-openrouter-deepseek-v3-008,agent-openrouter-deepseek-v3-006,agent-openrouter-deepseek-v3-006,agent-openrouter-deepseek-v3-008",6,0,1,0.7026022304832714
pretrain,gsm8k_267,"agent-openrouter-deepseek-v3-009,agent-openrouter-deepseek-v3-006,agent-openrouter-deepseek-v3-007,agent-openrouter-deepseek-v3-007,agent-openrouter-deepseek-v3-007",5,0,1,0.7
pretrain,gsm8k_182,"agent-openrouter-deepseek-v3-008,agent-openrouter-deepseek-v3-009,agent-openrouter-deepseek-v3-007,agent-openrouter-deepseek-v3-008,agent-openrouter-deepseek-v3-008",5,0,1,0.6974169741697417
pretrain,gsm8k_594,"agent-openrouter-deepseek-v3-010,agent-openrouter-deepseek-v3-009,agent-openrouter-deepseek-v3-008,agent-openrouter-deepseek-v3-007",4,1,1,0.6985294117647058
pretrain,gsm8k_1018,"agent-openrouter-deepseek-v3-009,agent-openrouter-deepseek-v3-008,agent-openrouter-deepseek-v3-007,agent-openrouter-deepseek-v3-008",4,1,1,0.6996336996336996
pretrain,gsm8k_879,"agent-openrouter-deepseek-v3-007,agent-openrouter-deepseek-v3-008,agent-openrouter-deepseek-v3-010,agent-openrouter-deepseek-v3-008",4,1,1,0.7007299270072993
pretrain,gsm8k_111,"agent-openrouter-deepseek-v3-009,agent-openrouter-deepseek-v3-008,agent-openrouter-deepseek-v3-007,agent-openrouter-deepseek-v3-008",4,0,1,0.6981818181818182
pretrain,gsm8k_610,"agent-openrouter-deepseek-v3-007,agent-openrouter-deepseek-v3-010,agent-openrouter-deepseek-v3-008,agent-openrouter-deepseek-v3-008",4,1,1,0.6992753623188406
pretrain,gsm8k_444,"agent-openrouter-deepseek-v3-008,agent-openrouter-deepseek-v3-010,agent-openrouter-deepseek-v3-006,agent-openrouter-deepseek-v3-008",4,0,1,0.6967509025270758
pretrain,gsm8k_353,"agent-openrouter-deepseek-v3-006,agent-openrouter-deepseek-v3-008,agent-openrouter-deepseek-v3-010,agent-openrouter-deepseek-v3-008,agent-openrouter-deepseek-v3-008,agent-openrouter-deepseek-v3-008,agent-openrouter-deepseek-v3-008",7,0,1,0.6942446043165468
pretrain,gsm8k_746,"agent-openrouter-deepseek-v3-007,agent-openrouter-deepseek-v3-006,agent-openrouter-deepseek-v3-008,agent-openrouter-deepseek-v3-006",4,1,1,0.6953405017921147
pretrain,gsm8k_805,"agent-openrouter-deepseek-v3-008,agent-openrouter-deepseek-v3-010,agent-openrouter-deepseek-v3-009,agent-openrouter-deepseek-v3-008",4,1,1,0.6964285714285714
pretrain,gsm8k_321,"agent-openrouter-deepseek-v3-009,agent-openrouter-deepseek-v3-008,agent-openrouter-deepseek-v3-007",3,1,1,0.697508896797153
pretrain,gsm8k_446,"agent-openrouter-deepseek-v3-007,agent-openrouter-deepseek-v3-008,agent-openrouter-deepseek-v3-009,agent-openrouter-deepseek-v3-008",4,0,1,0.6950354609929078
pretrain,gsm8k_620,"agent-openrouter-deepseek-v3-008,agent-openrouter-deepseek-v3-009,agent-openrouter-deepseek-v3-007,agent-openrouter-deepseek-v3-008",4,1,1,0.696113074204947
pretrain,gsm8k_523,"agent-openrouter-deepseek-v3-007,agent-openrouter-deepseek-v3-010,agent-openrouter-deepseek-v3-008,agent-openrouter-deepseek-v3-008",4,1,1,0.6971830985915493
pretrain,gsm8k_850,"agent-openrouter-deepseek-v3-010,agent-openrouter-deepseek-v3-009,agent-openrouter-deepseek-v3-008,agent-openrouter-deepseek-v3-010",4,1,1,0.6982456140350877
pretrain,gsm8k_394,"agent-openrouter-deepseek-v3-008,agent-openrouter-deepseek-v3-007,agent-openrouter-deepseek-v3-009,agent-openrouter-deepseek-v3-008,agent-openrouter-deepseek-v3-008",5,1,1,0.6993006993006993
pretrain,gsm8k_590,"agent-openrouter-deepseek-v3-009,agent-openrouter-deepseek-v3-008,agent-openrouter-deepseek-v3-006,agent-openrouter-deepseek-v3-008,agent-openrouter-deepseek-v3-008,agent-openrouter-deepseek-v3-008",6,0,1,0.6968641114982579
pretrain,gsm8k_194,"agent-openrouter-deepseek-v3-010,agent-openrouter-deepseek-v3-008,agent-openrouter-deepseek-v3-009,agent-openrouter-deepseek-v3-008",4,1,1,0.6979166666666666
pretrain,gsm8k_260,"agent-openrouter-deepseek-v3-008,agent-openrouter-deepseek-v3-006,agent-openrouter-deepseek-v3-007,agent-openrouter-deepseek-v3-008,agent-openrouter-deepseek-v3-008",5,1,1,0.698961937716263
pretrain,gsm8k_957,"agent-openrouter-deepseek-v3-009,agent-openrouter-deepseek-v3-007,agent-openrouter-deepseek-v3-008,agent-openrouter-deepseek-v3-006",4,1,1,0.7
pretrain,gsm8k_1105,"agent-openrouter-deepseek-v3-008,agent-openrouter-deepseek-v3-007,agent-openrouter-deepseek-v3-009,agent-openrouter-deepseek-v3-008,agent-openrouter-deepseek-v3-008",5,0,1,0.697594501718213
pretrain,gsm8k_837,"agent-openrouter-deepseek-v3-009,agent-openrouter-deepseek-v3-008,agent-openrouter-deepseek-v3-007,agent-openrouter-deepseek-v3-008,agent-openrouter-deepseek-v3-008",5,1,1,0.6986301369863014
pretrain,gsm8k_1168,"agent-openrouter-deepseek-v3-008,agent-openrouter-deepseek-v3-009,agent-openrouter-deepseek-v3-007,agent-openrouter-deepseek-v3-008,agent-openrouter-deepseek-v3-008,agent-openrouter-deepseek-v3-008",6,1,1,0.6996587030716723
pretrain,gsm8k_532,"agent-openrouter-deepseek-v3-008,agent-openrouter-deepseek-v3-009,agent-openrouter-deepseek-v3-007,agent-openrouter-deepseek-v3-008,agent-openrouter-deepseek-v3-009,agent-openrouter-deepseek-v3-008",6,0,1,0.6972789115646258
pretrain,gsm8k_551,"agent-openrouter-deepseek-v3-010,agent-openrouter-deepseek-v3-009,agent-openrouter-deepseek-v3-008,agent-openrouter-deepseek-v3-008,agent-openrouter-deepseek-v3-008,agent-openrouter-deepseek-v3-008",6,1,1,0.6983050847457627
pretrain,gsm8k_1151,"agent-openrouter-deepseek-v3-008,agent-openrouter-deepseek-v3-009,agent-openrouter-deepseek-v3-010,agent-openrouter-deepseek-v3-008",4,1,1,0.6993243243243243
pretrain,gsm8k_736,"agent-openrouter-deepseek-v3-008,agent-openrouter-deepseek-v3-009,agent-openrouter-deepseek-v3-007,agent-openrouter-deepseek-v3-008,agent-openrouter-deepseek-v3-008",5,0,1,0.696969696969697
pretrain,gsm8k_949,"agent-openrouter-deepseek-v3-009,agent-openrouter-deepseek-v3-008,agent-openrouter-deepseek-v3-007,agent-openrouter-deepseek-v3-008",4,1,1,0.697986577181208
pretrain,gsm8k_909,"agent-openrouter-deepseek-v3-009,agent-openrouter-deepseek-v3-007,agent-openrouter-deepseek-v3-008,agent-openrouter-deepseek-v3-009,agent-openrouter-deepseek-v3-009,agent-openrouter-deepseek-v3-009",6,0,1,0.6956521739130435
pretrain,gsm8k_686,"agent-openrouter-deepseek-v3-010,agent-openrouter-deepseek-v3-008,agent-openrouter-deepseek-v3-009,agent-openrouter-deepseek-v3-010",4,1,1,0.6966666666666667
pretrain,gsm8k_1100,"agent-openrouter-deepseek-v3-006,agent-openrouter-deepseek-v3-008,agent-openrouter-deepseek-v3-010,agent-openrouter-deepseek-v3-008,agent-openrouter-deepseek-v3-008,agent-openrouter-deepseek-v3-008",6,0,1,0.6943521594684385
pretrain,gsm8k_372,"agent-openrouter-deepseek-v3-008,agent-openrouter-deepseek-v3-006,agent-openrouter-deepseek-v3-007",3,1,1,0.695364238410596
pretrain,gsm8k_441,"agent-openrouter-deepseek-v3-008,agent-openrouter-deepseek-v3-007,agent-openrouter-deepseek-v3-009,agent-openrouter-deepseek-v3-008,agent-openrouter-deepseek-v3-008,agent-openrouter-deepseek-v3-008,agent-openrouter-deepseek-v3-008,agent-openrouter-deepseek-v3-008",8,0,1,0.693069306930693
pretrain,gsm8k_861,"agent-openrouter-deepseek-v3-008,agent-openrouter-deepseek-v3-009,agent-openrouter-deepseek-v3-007,agent-openrouter-deepseek-v3-008,agent-openrouter-deepseek-v3-010,agent-openrouter-deepseek-v3-008,agent-openrouter-deepseek-v3-010,agent-openrouter-deepseek-v3-008",8,0,1,0.6907894736842105
pretrain,gsm8k_680,"agent-openrouter-deepseek-v3-009,agent-openrouter-deepseek-v3-008,agent-openrouter-deepseek-v3-006,agent-openrouter-deepseek-v3-008,agent-openrouter-deepseek-v3-008",5,1,1,0.6918032786885245
pretrain,gsm8k_1217,"agent-openrouter-deepseek-v3-007,agent-openrouter-deepseek-v3-009,agent-openrouter-deepseek-v3-008,agent-openrouter-deepseek-v3-007,agent-openrouter-deepseek-v3-007,agent-openrouter-deepseek-v3-007,agent-openrouter-deepseek-v3-007",7,0,1,0.6895424836601307
pretrain,gsm8k_1142,"agent-openrouter-deepseek-v3-008,agent-openrouter-deepseek-v3-007,agent-openrouter-deepseek-v3-009,agent-openrouter-deepseek-v3-008",4,1,1,0.6905537459283387
pretrain,gsm8k_838,"agent-openrouter-deepseek-v3-008,agent-openrouter-deepseek-v3-006,agent-openrouter-deepseek-v3-007,agent-openrouter-deepseek-v3-008,agent-openrouter-deepseek-v3-008",5,1,1,0.6915584415584416
pretrain,gsm8k_992,"agent-openrouter-deepseek-v3-008,agent-openrouter-deepseek-v3-010,agent-openrouter-deepseek-v3-007,agent-openrouter-deepseek-v3-008,agent-openrouter-deepseek-v3-008,agent-openrouter-deepseek-v3-008",6,1,1,0.6925566343042071
pretrain,gsm8k_127,"agent-openrouter-deepseek-v3-007,agent-openrouter-deepseek-v3-009,agent-openrouter-deepseek-v3-008,agent-openrouter-deepseek-v3-009",4,1,1,0.6935483870967742
pretrain,gsm8k_737,"agent-openrouter-deepseek-v3-006,agent-openrouter-deepseek-v3-008,agent-openrouter-deepseek-v3-010,agent-openrouter-deepseek-v3-008,agent-openrouter-deepseek-v3-008,agent-openrouter-deepseek-v3-008",6,0,1,0.6913183279742765
pretrain,gsm8k_307,"agent-openrouter-deepseek-v3-006,agent-openrouter-deepseek-v3-010,agent-openrouter-deepseek-v3-008,agent-openrouter-deepseek-v3-007,agent-openrouter-deepseek-v3-010",5,0,1,0.6891025641025641
pretrain,gsm8k_519,"agent-openrouter-deepseek-v3-008,agent-openrouter-deepseek-v3-007,agent-openrouter-deepseek-v3-006,agent-openrouter-deepseek-v3-008",4,1,1,0.6900958466453674
pretrain,gsm8k_316,"agent-openrouter-deepseek-v3-009,agent-openrouter-deepseek-v3-008,agent-openrouter-deepseek-v3-010,agent-openrouter-deepseek-v3-008,agent-openrouter-deepseek-v3-008,agent-openrouter-deepseek-v3-008,agent-openrouter-deepseek-v3-008",7,1,1,0.6910828025477707
pretrain,gsm8k_915,"agent-openrouter-deepseek-v3-007,agent-openrouter-deepseek-v3-006,agent-openrouter-deepseek-v3-008,agent-openrouter-deepseek-v3-008,agent-openrouter-deepseek-v3-008",5,1,1,0.692063492063492
pretrain,gsm8k_1035,"agent-openrouter-deepseek-v3-009,agent-openrouter-deepseek-v3-008,agent-openrouter-deepseek-v3-006,agent-openrouter-deepseek-v3-008",4,1,1,0.6930379746835443
pretrain,gsm8k_1242,"agent-openrouter-deepseek-v3-008,agent-openrouter-deepseek-v3-009,agent-openrouter-deepseek-v3-007,agent-openrouter-deepseek-v3-008,agent-openrouter-deepseek-v3-008",5,1,1,0.694006309148265
pretrain,gsm8k_412,"agent-openrouter-deepseek-v3-007,agent-openrouter-deepseek-v3-010,agent-openrouter-deepseek-v3-008,agent-openrouter-deepseek-v3-008",4,1,1,0.6949685534591195
pretrain,gsm8k_713,"agent-openrouter-deepseek-v3-008,agent-openrouter-deepseek-v3-006,agent-openrouter-deepseek-v3-007,agent-openrouter-deepseek-v3-008,agent-openrouter-deepseek-v3-008",5,1,1,0.6959247648902821
pretrain,gsm8k_302,"agent-openrouter-deepseek-v3-008,agent-openrouter-deepseek-v3-007,agent-openrouter-deepseek-v3-009,agent-openrouter-deepseek-v3-008",4,1,1,0.696875
pretrain,gsm8k_1156,"agent-openrouter-deepseek-v3-006,agent-openrouter-deepseek-v3-007,agent-openrouter-deepseek-v3-008,agent-openrouter-deepseek-v3-009,agent-openrouter-deepseek-v3-008,agent-openrouter-deepseek-v3-008",6,1,1,0.6978193146417445
pretrain,gsm8k_1253,"agent-openrouter-deepseek-v3-008,agent-openrouter-deepseek-v3-007,agent-openrouter-deepseek-v3-006,agent-openrouter-deepseek-v3-008",4,1,1,0.6987577639751553
pretrain,gsm8k_196,"agent-openrouter-deepseek-v3-009,agent-openrouter-deepseek-v3-008,agent-openrouter-deepseek-v3-006,agent-openrouter-deepseek-v3-008",4,1,1,0.6996904024767802
pretrain,gsm8k_430,"agent-openrouter-deepseek-v3-010,agent-openrouter-deepseek-v3-008,agent-openrouter-deepseek-v3-009,agent-openrouter-deepseek-v3-008,agent-openrouter-deepseek-v3-008,agent-openrouter-deepseek-v3-008,agent-openrouter-deepseek-v3-008",7,1,1,0.7006172839506173
pretrain,gsm8k_870,"agent-openrouter-deepseek-v3-007,agent-openrouter-deepseek-v3-008,agent-openrouter-deepseek-v3-010,agent-openrouter-deepseek-v3-008,agent-openrouter-deepseek-v3-008,agent-openrouter-deepseek-v3-008",6,1,1,0.7015384615384616
pretrain,gsm8k_1061,"agent-openrouter-deepseek-v3-008,agent-openrouter-deepseek-v3-006,agent-openrouter-deepseek-v3-007,agent-openrouter-deepseek-v3-008,agent-openrouter-deepseek-v3-008,agent-openrouter-deepseek-v3-008",6,1,1,0.7024539877300614
pretrain,gsm8k_693,"agent-openrouter-deepseek-v3-009,agent-openrouter-deepseek-v3-008,agent-openrouter-deepseek-v3-007,agent-openrouter-deepseek-v3-010,agent-openrouter-deepseek-v3-008",5,0,1,0.7003058103975535
pretrain,gsm8k_766,"agent-openrouter-deepseek-v3-007,agent-openrouter-deepseek-v3-008,agent-openrouter-deepseek-v3-009,agent-openrouter-deepseek-v3-008,agent-openrouter-deepseek-v3-008,agent-openrouter-deepseek-v3-008",6,1,1,0.7012195121951219
pretrain,gsm8k_1318,"agent-openrouter-deepseek-v3-010,agent-openrouter-deepseek-v3-008,agent-openrouter-deepseek-v3-007,agent-openrouter-deepseek-v3-008",4,1,1,0.7021276595744681
pretrain,gsm8k_630,"agent-openrouter-deepseek-v3-008,agent-openrouter-deepseek-v3-007,agent-openrouter-deepseek-v3-006",3,1,1,0.703030303030303
pretrain,gsm8k_582,"agent-openrouter-deepseek-v3-009,agent-openrouter-deepseek-v3-008,agent-openrouter-deepseek-v3-010,agent-openrouter-deepseek-v3-009,agent-openrouter-deepseek-v3-008",5,1,1,0.7039274924471299
pretrain,gsm8k_308,"agent-openrouter-deepseek-v3-010,agent-openrouter-deepseek-v3-009,agent-openrouter-deepseek-v3-008,agent-openrouter-deepseek-v3-009,agent-openrouter-deepseek-v3-009,agent-openrouter-deepseek-v3-010",6,0,1,0.7018072289156626
pretrain,gsm8k_415,"agent-openrouter-deepseek-v3-008,agent-openrouter-deepseek-v3-009,agent-openrouter-deepseek-v3-010,agent-openrouter-deepseek-v3-008,agent-openrouter-deepseek-v3-008,agent-openrouter-deepseek-v3-008,agent-openrouter-deepseek-v3-008,agent-openrouter-deepseek-v3-008",8,0,1,0.6996996996996997
pretrain,gsm8k_561,"agent-openrouter-deepseek-v3-009,agent-openrouter-deepseek-v3-007,agent-openrouter-deepseek-v3-008,agent-openrouter-deepseek-v3-007",4,0,1,0.6976047904191617
pretrain,gsm8k_0,"agent-openrouter-deepseek-v3-007,agent-openrouter-deepseek-v3-009,agent-openrouter-deepseek-v3-008,agent-openrouter-deepseek-v3-007,agent-openrouter-deepseek-v3-007",5,1,1,0.6985074626865672
pretrain,gsm8k_311,"agent-openrouter-deepseek-v3-007,agent-openrouter-deepseek-v3-008,agent-openrouter-deepseek-v3-009,agent-openrouter-deepseek-v3-008,agent-openrouter-deepseek-v3-007,agent-openrouter-deepseek-v3-008,agent-openrouter-deepseek-v3-009,agent-openrouter-deepseek-v3-009",8,1,1,0.6994047619047619
pretrain,gsm8k_293,"agent-openrouter-deepseek-v3-008,agent-openrouter-deepseek-v3-010,agent-openrouter-deepseek-v3-009,agent-openrouter-deepseek-v3-008,agent-openrouter-deepseek-v3-008,agent-openrouter-deepseek-v3-008",6,0,1,0.6973293768545994
pretrain,gsm8k_1092,"agent-openrouter-deepseek-v3-006,agent-openrouter-deepseek-v3-008,agent-openrouter-deepseek-v3-009,agent-openrouter-deepseek-v3-006",4,1,1,0.6982248520710059
pretrain,gsm8k_965,"agent-openrouter-deepseek-v3-007,agent-openrouter-deepseek-v3-009,agent-openrouter-deepseek-v3-008,agent-openrouter-deepseek-v3-007,agent-openrouter-deepseek-v3-009",5,1,1,0.6991150442477876
pretrain,gsm8k_593,"agent-openrouter-deepseek-v3-007,agent-openrouter-deepseek-v3-006,agent-openrouter-deepseek-v3-008,agent-openrouter-deepseek-v3-006,agent-openrouter-deepseek-v3-006",5,1,1,0.7
pretrain,gsm8k_621,"agent-openrouter-deepseek-v3-009,agent-openrouter-deepseek-v3-010,agent-openrouter-deepseek-v3-008,agent-openrouter-deepseek-v3-010,agent-openrouter-deepseek-v3-008,agent-openrouter-deepseek-v3-009,agent-openrouter-deepseek-v3-009",7,0,1,0.6979472140762464
pretrain,gsm8k_670,"agent-openrouter-deepseek-v3-010,agent-openrouter-deepseek-v3-008,agent-openrouter-deepseek-v3-009,agent-openrouter-deepseek-v3-008",4,1,1,0.6988304093567251
pretrain,gsm8k_329,"agent-openrouter-deepseek-v3-008,agent-openrouter-deepseek-v3-007,agent-openrouter-deepseek-v3-009,agent-openrouter-deepseek-v3-008",4,1,1,0.6997084548104956
pretrain,gsm8k_1257,"agent-openrouter-deepseek-v3-010,agent-openrouter-deepseek-v3-008,agent-openrouter-deepseek-v3-006,agent-openrouter-deepseek-v3-008",4,1,1,0.7005813953488372
pretrain,gsm8k_948,"agent-openrouter-deepseek-v3-010,agent-openrouter-deepseek-v3-008,agent-openrouter-deepseek-v3-009,agent-openrouter-deepseek-v3-008,agent-openrouter-deepseek-v3-010,agent-openrouter-deepseek-v3-008",6,0,1,0.6985507246376812
pretrain,gsm8k_774,"agent-openrouter-deepseek-v3-006,agent-openrouter-deepseek-v3-007,agent-openrouter-deepseek-v3-008,agent-openrouter-deepseek-v3-008",4,1,1,0.6994219653179191
pretrain,gsm8k_691,"agent-openrouter-deepseek-v3-010,agent-openrouter-deepseek-v3-007,agent-openrouter-deepseek-v3-008,agent-openrouter-deepseek-v3-009,agent-openrouter-deepseek-v3-008,agent-openrouter-deepseek-v3-008",6,0,1,0.6974063400576369
pretrain,gsm8k_1020,"agent-openrouter-deepseek-v3-008,agent-openrouter-deepseek-v3-007,agent-openrouter-deepseek-v3-009,agent-openrouter-deepseek-v3-008,agent-openrouter-deepseek-v3-008",5,1,1,0.6982758620689655
pretrain,gsm8k_835,"agent-openrouter-deepseek-v3-009,agent-openrouter-deepseek-v3-006,agent-openrouter-deepseek-v3-007,agent-openrouter-deepseek-v3-006",4,0,1,0.6962750716332379
pretrain,gsm8k_1079,"agent-openrouter-deepseek-v3-007,agent-openrouter-deepseek-v3-008,agent-openrouter-deepseek-v3-009,agent-openrouter-deepseek-v3-008,agent-openrouter-deepseek-v3-009",5,1,1,0.6971428571428572
pretrain,gsm8k_753,"agent-openrouter-deepseek-v3-006,agent-openrouter-deepseek-v3-008,agent-openrouter-deepseek-v3-007,agent-openrouter-deepseek-v3-008,agent-openrouter-deepseek-v3-008,agent-openrouter-deepseek-v3-008,agent-openrouter-deepseek-v3-007,agent-openrouter-deepseek-v3-008",8,1,1,0.698005698005698
pretrain,gsm8k_173,"agent-openrouter-deepseek-v3-010,agent-openrouter-deepseek-v3-008,agent-openrouter-deepseek-v3-007,agent-openrouter-deepseek-v3-008",4,1,1,0.6988636363636364
pretrain,gsm8k_674,"agent-openrouter-deepseek-v3-006,agent-openrouter-deepseek-v3-008,agent-openrouter-deepseek-v3-007,agent-openrouter-deepseek-v3-008",4,0,1,0.6968838526912181
pretrain,gsm8k_86,"agent-openrouter-deepseek-v3-007,agent-openrouter-deepseek-v3-009,agent-openrouter-deepseek-v3-008,agent-openrouter-deepseek-v3-009,agent-openrouter-deepseek-v3-006",5,1,1,0.6977401129943502
pretrain,gsm8k_290,"agent-openrouter-deepseek-v3-007,agent-openrouter-deepseek-v3-009,agent-openrouter-deepseek-v3-008,agent-openrouter-deepseek-v3-008",4,1,1,0.6985915492957746
pretrain,gsm8k_527,"agent-openrouter-deepseek-v3-010,agent-openrouter-deepseek-v3-008,agent-openrouter-deepseek-v3-006,agent-openrouter-deepseek-v3-008,agent-openrouter-deepseek-v3-008",5,1,1,0.699438202247191
pretrain,gsm8k_1031,"agent-openrouter-deepseek-v3-008,agent-openrouter-deepseek-v3-010,agent-openrouter-deepseek-v3-007",3,1,1,0.7002801120448179
pretrain,gsm8k_648,"agent-openrouter-deepseek-v3-006,agent-openrouter-deepseek-v3-008,agent-openrouter-deepseek-v3-007,agent-openrouter-deepseek-v3-008",4,1,1,0.7011173184357542
pretrain,gsm8k_634,"agent-openrouter-deepseek-v3-007,agent-openrouter-deepseek-v3-008,agent-openrouter-deepseek-v3-009",3,1,1,0.7019498607242339
pretrain,gsm8k_343,"agent-openrouter-deepseek-v3-006,agent-openrouter-deepseek-v3-008,agent-openrouter-deepseek-v3-009,agent-openrouter-deepseek-v3-006,agent-openrouter-deepseek-v3-008",5,1,1,0.7027777777777777
pretrain,gsm8k_95,"agent-openrouter-deepseek-v3-008,agent-openrouter-deepseek-v3-007,agent-openrouter-deepseek-v3-009,agent-openrouter-deepseek-v3-008,agent-openrouter-deepseek-v3-008",5,1,1,0.703601108033241
pretrain,gsm8k_240,"agent-openrouter-deepseek-v3-008,agent-openrouter-deepseek-v3-009,agent-openrouter-deepseek-v3-007,agent-openrouter-deepseek-v3-008",4,0,1,0.7016574585635359
pretrain,gsm8k_688,"agent-openrouter-deepseek-v3-008,agent-openrouter-deepseek-v3-010,agent-openrouter-deepseek-v3-006,agent-openrouter-deepseek-v3-008",4,0,1,0.699724517906336
pretrain,gsm8k_1062,"agent-openrouter-deepseek-v3-010,agent-openrouter-deepseek-v3-007,agent-openrouter-deepseek-v3-008,agent-openrouter-deepseek-v3-010,agent-openrouter-deepseek-v3-007,agent-openrouter-deepseek-v3-008",6,1,1,0.7005494505494505
pretrain,gsm8k_230,"agent-openrouter-deepseek-v3-009,agent-openrouter-deepseek-v3-008,agent-openrouter-deepseek-v3-007,agent-openrouter-deepseek-v3-008,agent-openrouter-deepseek-v3-008",5,0,1,0.6986301369863014
pretrain,gsm8k_203,"agent-openrouter-deepseek-v3-008,agent-openrouter-deepseek-v3-007,agent-openrouter-deepseek-v3-010,agent-openrouter-deepseek-v3-008,agent-openrouter-deepseek-v3-008",5,0,1,0.6967213114754098
pretrain,gsm8k_150,"agent-openrouter-deepseek-v3-006,agent-openrouter-deepseek-v3-008,agent-openrouter-deepseek-v3-007,agent-openrouter-deepseek-v3-008,agent-openrouter-deepseek-v3-008,agent-openrouter-deepseek-v3-008,agent-openrouter-deepseek-v3-006",7,0,1,0.6948228882833788
pretrain,gsm8k_1139,"agent-openrouter-deepseek-v3-006,agent-openrouter-deepseek-v3-008,agent-openrouter-deepseek-v3-009,agent-openrouter-deepseek-v3-008,agent-openrouter-deepseek-v3-008,agent-openrouter-deepseek-v3-008",6,1,1,0.6956521739130435
pretrain,gsm8k_47,"agent-openrouter-deepseek-v3-008,agent-openrouter-deepseek-v3-007,agent-openrouter-deepseek-v3-009,agent-openrouter-deepseek-v3-008,agent-openrouter-deepseek-v3-008,agent-openrouter-deepseek-v3-008",6,0,1,0.6937669376693767
pretrain,gsm8k_1011,"agent-openrouter-deepseek-v3-010,agent-openrouter-deepseek-v3-007,agent-openrouter-deepseek-v3-008,agent-openrouter-deepseek-v3-007,agent-openrouter-deepseek-v3-009,agent-openrouter-deepseek-v3-007,agent-openrouter-deepseek-v3-006,agent-openrouter-deepseek-v3-008",8,0,1,0.6918918918918919
pretrain,gsm8k_486,"agent-openrouter-deepseek-v3-010,agent-openrouter-deepseek-v3-008,agent-openrouter-deepseek-v3-007,agent-openrouter-deepseek-v3-008",4,1,1,0.692722371967655
pretrain,gsm8k_625,"agent-openrouter-deepseek-v3-006,agent-openrouter-deepseek-v3-008,agent-openrouter-deepseek-v3-007,agent-openrouter-deepseek-v3-008",4,1,1,0.6935483870967742
pretrain,gsm8k_74,"agent-openrouter-deepseek-v3-007,agent-openrouter-deepseek-v3-009,agent-openrouter-deepseek-v3-008,agent-openrouter-deepseek-v3-009,agent-openrouter-deepseek-v3-009,agent-openrouter-deepseek-v3-009,agent-openrouter-deepseek-v3-010",7,1,1,0.6943699731903485
pretrain,gsm8k_1260,"agent-openrouter-deepseek-v3-006,agent-openrouter-deepseek-v3-007,agent-openrouter-deepseek-v3-009",3,1,1,0.6951871657754011
pretrain,gsm8k_424,"agent-openrouter-deepseek-v3-008,agent-openrouter-deepseek-v3-010,agent-openrouter-deepseek-v3-006,agent-openrouter-deepseek-v3-008,agent-openrouter-deepseek-v3-008",5,1,1,0.696
pretrain,gsm8k_1226,"agent-openrouter-deepseek-v3-010,agent-openrouter-deepseek-v3-007,agent-openrouter-deepseek-v3-008,agent-openrouter-deepseek-v3-007,agent-openrouter-deepseek-v3-008",5,0,1,0.6941489361702128
pretrain,gsm8k_589,"agent-openrouter-deepseek-v3-007,agent-openrouter-deepseek-v3-010,agent-openrouter-deepseek-v3-008,agent-openrouter-deepseek-v3-010",4,1,1,0.6949602122015915
pretrain,gsm8k_199,"agent-openrouter-deepseek-v3-010,agent-openrouter-deepseek-v3-008,agent-openrouter-deepseek-v3-007,agent-openrouter-deepseek-v3-010,agent-openrouter-deepseek-v3-010,agent-openrouter-deepseek-v3-010",6,0,1,0.6931216931216931
pretrain,gsm8k_1278,"agent-openrouter-deepseek-v3-008,agent-openrouter-deepseek-v3-009,agent-openrouter-deepseek-v3-007",3,1,1,0.6939313984168866
pretrain,gsm8k_800,"agent-openrouter-deepseek-v3-008,agent-openrouter-deepseek-v3-007,agent-openrouter-deepseek-v3-010,agent-openrouter-deepseek-v3-008,agent-openrouter-deepseek-v3-008",5,1,1,0.6947368421052632
pretrain,gsm8k_1263,"agent-openrouter-deepseek-v3-009,agent-openrouter-deepseek-v3-007,agent-openrouter-deepseek-v3-008,agent-openrouter-deepseek-v3-007,agent-openrouter-deepseek-v3-009,agent-openrouter-deepseek-v3-009",6,0,1,0.6929133858267716
pretrain,gsm8k_506,"agent-openrouter-deepseek-v3-006,agent-openrouter-deepseek-v3-008,agent-openrouter-deepseek-v3-007,agent-openrouter-deepseek-v3-006",4,0,1,0.6910994764397905
pretrain,gsm8k_855,"agent-openrouter-deepseek-v3-009,agent-openrouter-deepseek-v3-008,agent-openrouter-deepseek-v3-007,agent-openrouter-deepseek-v3-008,agent-openrouter-deepseek-v3-008,agent-openrouter-deepseek-v3-008",6,0,1,0.6892950391644909
pretrain,gsm8k_249,"agent-openrouter-deepseek-v3-009,agent-openrouter-deepseek-v3-007,agent-openrouter-deepseek-v3-008,agent-openrouter-deepseek-v3-009,agent-openrouter-deepseek-v3-009,agent-openrouter-deepseek-v3-009,agent-openrouter-deepseek-v3-009",7,0,1,0.6875
pretrain,gsm8k_930,"agent-openrouter-deepseek-v3-008,agent-openrouter-deepseek-v3-007,agent-openrouter-deepseek-v3-009,agent-openrouter-deepseek-v3-008,agent-openrouter-deepseek-v3-008,agent-openrouter-deepseek-v3-008,agent-openrouter-deepseek-v3-008",7,1,1,0.6883116883116883
pretrain,gsm8k_671,"agent-openrouter-deepseek-v3-009,agent-openrouter-deepseek-v3-008,agent-openrouter-deepseek-v3-010,agent-openrouter-deepseek-v3-009,agent-openrouter-deepseek-v3-009",5,0,1,0.6865284974093264
pretrain,gsm8k_1277,"agent-openrouter-deepseek-v3-007,agent-openrouter-deepseek-v3-008,agent-openrouter-deepseek-v3-009,agent-openrouter-deepseek-v3-008",4,1,1,0.6873385012919897
pretrain,gsm8k_5,"agent-openrouter-deepseek-v3-006,agent-openrouter-deepseek-v3-008,agent-openrouter-deepseek-v3-009,agent-openrouter-deepseek-v3-008,agent-openrouter-deepseek-v3-008,agent-openrouter-deepseek-v3-008,agent-openrouter-deepseek-v3-008",7,0,1,0.6855670103092784
pretrain,gsm8k_984,"agent-openrouter-deepseek-v3-007,agent-openrouter-deepseek-v3-008,agent-openrouter-deepseek-v3-006,agent-openrouter-deepseek-v3-007,agent-openrouter-deepseek-v3-007,agent-openrouter-deepseek-v3-007",6,0,1,0.6838046272493573
pretrain,gsm8k_1225,"agent-openrouter-deepseek-v3-008,agent-openrouter-deepseek-v3-010,agent-openrouter-deepseek-v3-007,agent-openrouter-deepseek-v3-008,agent-openrouter-deepseek-v3-008",5,1,1,0.6846153846153846
pretrain,gsm8k_1203,"agent-openrouter-deepseek-v3-010,agent-openrouter-deepseek-v3-008,agent-openrouter-deepseek-v3-009,agent-openrouter-deepseek-v3-008,agent-openrouter-deepseek-v3-008,agent-openrouter-deepseek-v3-008,agent-openrouter-deepseek-v3-008",7,1,1,0.6854219948849105
pretrain,gsm8k_180,"agent-openrouter-deepseek-v3-008,agent-openrouter-deepseek-v3-009,agent-openrouter-deepseek-v3-007,agent-openrouter-deepseek-v3-008",4,1,1,0.6862244897959183
pretrain,gsm8k_712,"agent-openrouter-deepseek-v3-009,agent-openrouter-deepseek-v3-007,agent-openrouter-deepseek-v3-008,agent-openrouter-deepseek-v3-007,agent-openrouter-deepseek-v3-007,agent-openrouter-deepseek-v3-009,agent-openrouter-deepseek-v3-009",7,1,1,0.6870229007633588
pretrain,gsm8k_530,"agent-openrouter-deepseek-v3-007,agent-openrouter-deepseek-v3-006,agent-openrouter-deepseek-v3-008,agent-openrouter-deepseek-v3-006,agent-openrouter-deepseek-v3-006,agent-openrouter-deepseek-v3-006",6,0,1,0.6852791878172588
pretrain,gsm8k_475,"agent-openrouter-deepseek-v3-008,agent-openrouter-deepseek-v3-006,agent-openrouter-deepseek-v3-007,agent-openrouter-deepseek-v3-008",4,1,1,0.6860759493670886
pretrain,gsm8k_1316,"agent-openrouter-deepseek-v3-009,agent-openrouter-deepseek-v3-008,agent-openrouter-deepseek-v3-007,agent-openrouter-deepseek-v3-008,agent-openrouter-deepseek-v3-008,agent-openrouter-deepseek-v3-008",6,1,1,0.6868686868686869
pretrain,gsm8k_1088,"agent-openrouter-deepseek-v3-008,agent-openrouter-deepseek-v3-010,agent-openrouter-deepseek-v3-007,agent-openrouter-deepseek-v3-008,agent-openrouter-deepseek-v3-008,agent-openrouter-deepseek-v3-008,agent-openrouter-deepseek-v3-008",7,0,1,0.6851385390428212
pretrain,gsm8k_916,"agent-openrouter-deepseek-v3-010,agent-openrouter-deepseek-v3-007,agent-openrouter-deepseek-v3-008,agent-openrouter-deepseek-v3-010,agent-openrouter-deepseek-v3-010",5,0,1,0.6834170854271356
pretrain,gsm8k_1057,"agent-openrouter-deepseek-v3-009,agent-openrouter-deepseek-v3-008,agent-openrouter-deepseek-v3-007,agent-openrouter-deepseek-v3-008,agent-openrouter-deepseek-v3-008",5,1,1,0.6842105263157895
pretrain,gsm8k_467,"agent-openrouter-deepseek-v3-010,agent-openrouter-deepseek-v3-008,agent-openrouter-deepseek-v3-009,agent-openrouter-deepseek-v3-007,agent-openrouter-deepseek-v3-008,agent-openrouter-deepseek-v3-008,agent-openrouter-deepseek-v3-010",7,0,1,0.6825
pretrain,gsm8k_136,"agent-openrouter-deepseek-v3-008,agent-openrouter-deepseek-v3-007,agent-openrouter-deepseek-v3-009",3,1,1,0.683291770573566
pretrain,gsm8k_724,"agent-openrouter-deepseek-v3-009,agent-openrouter-deepseek-v3-008,agent-openrouter-deepseek-v3-007,agent-openrouter-deepseek-v3-010,agent-openrouter-deepseek-v3-006,agent-openrouter-deepseek-v3-008",6,1,1,0.6840796019900498
pretrain,gsm8k_997,"agent-openrouter-deepseek-v3-010,agent-openrouter-deepseek-v3-007,agent-openrouter-deepseek-v3-008,agent-openrouter-deepseek-v3-007,agent-openrouter-deepseek-v3-007,agent-openrouter-deepseek-v3-008,agent-openrouter-deepseek-v3-008",7,1,1,0.684863523573201
pretrain,gsm8k_1032,"agent-openrouter-deepseek-v3-010,agent-openrouter-deepseek-v3-007,agent-openrouter-deepseek-v3-009,agent-openrouter-deepseek-v3-009",4,1,1,0.6856435643564357
pretrain,gsm8k_572,"agent-openrouter-deepseek-v3-008,agent-openrouter-deepseek-v3-009,agent-openrouter-deepseek-v3-006,agent-openrouter-deepseek-v3-008,agent-openrouter-deepseek-v3-008",5,0,1,0.6839506172839506
pretrain,gsm8k_609,"agent-openrouter-deepseek-v3-006,agent-openrouter-deepseek-v3-008,agent-openrouter-deepseek-v3-010,agent-openrouter-deepseek-v3-008,agent-openrouter-deepseek-v3-008",5,1,1,0.6847290640394089
pretrain,gsm8k_324,"agent-openrouter-deepseek-v3-007,agent-openrouter-deepseek-v3-008,agent-openrouter-deepseek-v3-009,agent-openrouter-deepseek-v3-008",4,1,1,0.6855036855036855
pretrain,gsm8k_453,"agent-openrouter-deepseek-v3-007,agent-openrouter-deepseek-v3-008,agent-openrouter-deepseek-v3-009,agent-openrouter-deepseek-v3-008,agent-openrouter-deepseek-v3-008,agent-openrouter-deepseek-v3-008",6,1,1,0.6862745098039216
pretrain,gsm8k_627,"agent-openrouter-deepseek-v3-008,agent-openrouter-deepseek-v3-007,agent-openrouter-deepseek-v3-009,agent-openrouter-deepseek-v3-008,agent-openrouter-deepseek-v3-008,agent-openrouter-deepseek-v3-008",6,1,1,0.687041564792176
pretrain,gsm8k_516,"agent-openrouter-deepseek-v3-010,agent-openrouter-deepseek-v3-008,agent-openrouter-deepseek-v3-006,agent-openrouter-deepseek-v3-008",4,1,1,0.6878048780487804
pretrain,gsm8k_436,"agent-openrouter-deepseek-v3-006,agent-openrouter-deepseek-v3-008,agent-openrouter-deepseek-v3-009,agent-openrouter-deepseek-v3-008,agent-openrouter-deepseek-v3-008,agent-openrouter-deepseek-v3-008,agent-openrouter-deepseek-v3-008",7,1,1,0.6885644768856448
pretrain,gsm8k_785,"agent-openrouter-deepseek-v3-008,agent-openrouter-deepseek-v3-009,agent-openrouter-deepseek-v3-010,agent-openrouter-deepseek-v3-008,agent-openrouter-deepseek-v3-008",5,0,1,0.6868932038834952
pretrain,gsm8k_456,"agent-openrouter-deepseek-v3-008,agent-openrouter-deepseek-v3-007,agent-openrouter-deepseek-v3-009,agent-openrouter-deepseek-v3-008",4,0,1,0.6852300242130751
pretrain,gsm8k_162,"agent-openrouter-deepseek-v3-006,agent-openrouter-deepseek-v3-009,agent-openrouter-deepseek-v3-007,agent-openrouter-deepseek-v3-009,agent-openrouter-deepseek-v3-009",5,0,1,0.6835748792270532
pretrain,gsm8k_748,"agent-openrouter-deepseek-v3-008,agent-openrouter-deepseek-v3-009,agent-openrouter-deepseek-v3-007,agent-openrouter-deepseek-v3-008,agent-openrouter-deepseek-v3-008",5,1,1,0.6843373493975904
pretrain,gsm8k_1134,"agent-openrouter-deepseek-v3-010,agent-openrouter-deepseek-v3-008,agent-openrouter-deepseek-v3-007,agent-openrouter-deepseek-v3-008",4,1,1,0.6850961538461539
pretrain,gsm8k_265,"agent-openrouter-deepseek-v3-008,agent-openrouter-deepseek-v3-010,agent-openrouter-deepseek-v3-009,agent-openrouter-deepseek-v3-008,agent-openrouter-deepseek-v3-008",5,1,1,0.6858513189448441
pretrain,gsm8k_253,"agent-openrouter-deepseek-v3-008,agent-openrouter-deepseek-v3-006,agent-openrouter-deepseek-v3-009,agent-openrouter-deepseek-v3-008,agent-openrouter-deepseek-v3-008",5,1,1,0.6866028708133971
pretrain,gsm8k_952,"agent-openrouter-deepseek-v3-008,agent-openrouter-deepseek-v3-009,agent-openrouter-deepseek-v3-010,agent-openrouter-deepseek-v3-008,agent-openrouter-deepseek-v3-008",5,0,1,0.684964200477327
pretrain,gsm8k_1196,"agent-openrouter-deepseek-v3-008,agent-openrouter-deepseek-v3-007,agent-openrouter-deepseek-v3-010,agent-openrouter-deepseek-v3-008",4,1,1,0.6857142857142857
pretrain,gsm8k_533,"agent-openrouter-deepseek-v3-008,agent-openrouter-deepseek-v3-007,agent-openrouter-deepseek-v3-010,agent-openrouter-deepseek-v3-008,agent-openrouter-deepseek-v3-008,agent-openrouter-deepseek-v3-008",6,1,1,0.6864608076009501
pretrain,gsm8k_496,"agent-openrouter-deepseek-v3-009,agent-openrouter-deepseek-v3-008,agent-openrouter-deepseek-v3-007,agent-openrouter-deepseek-v3-008,agent-openrouter-deepseek-v3-008",5,0,1,0.6848341232227488
pretrain,gsm8k_641,"agent-openrouter-deepseek-v3-008,agent-openrouter-deepseek-v3-007,agent-openrouter-deepseek-v3-010,agent-openrouter-deepseek-v3-008,agent-openrouter-deepseek-v3-008,agent-openrouter-deepseek-v3-008,agent-openrouter-deepseek-v3-008",7,0,1,0.6832151300236406
pretrain,gsm8k_244,"agent-openrouter-deepseek-v3-010,agent-openrouter-deepseek-v3-007,agent-openrouter-deepseek-v3-008,agent-openrouter-deepseek-v3-007,agent-openrouter-deepseek-v3-007,agent-openrouter-deepseek-v3-008",6,0,1,0.6816037735849056
pretrain,gsm8k_281,"agent-openrouter-deepseek-v3-008,agent-openrouter-deepseek-v3-009,agent-openrouter-deepseek-v3-007,agent-openrouter-deepseek-v3-008,agent-openrouter-deepseek-v3-008,agent-openrouter-deepseek-v3-008",6,0,1,0.68
pretrain,gsm8k_450,"agent-openrouter-deepseek-v3-007,agent-openrouter-deepseek-v3-010,agent-openrouter-deepseek-v3-008,agent-openrouter-deepseek-v3-006,agent-openrouter-deepseek-v3-008",5,0,1,0.6784037558685446
pretrain,gsm8k_79,"agent-openrouter-deepseek-v3-009,agent-openrouter-deepseek-v3-008,agent-openrouter-deepseek-v3-010,agent-openrouter-deepseek-v3-008,agent-openrouter-deepseek-v3-008",5,1,1,0.6791569086651054
pretrain,gsm8k_1221,"agent-openrouter-deepseek-v3-009,agent-openrouter-deepseek-v3-008,agent-openrouter-deepseek-v3-007,agent-openrouter-deepseek-v3-008",4,1,1,0.6799065420560748
pretrain,gsm8k_757,"agent-openrouter-deepseek-v3-008,agent-openrouter-deepseek-v3-009,agent-openrouter-deepseek-v3-010,agent-openrouter-deepseek-v3-008,agent-openrouter-deepseek-v3-008,agent-openrouter-deepseek-v3-008,agent-openrouter-deepseek-v3-008",7,1,1,0.6806526806526807
pretrain,gsm8k_980,"agent-openrouter-deepseek-v3-008,agent-openrouter-deepseek-v3-007,agent-openrouter-deepseek-v3-009,agent-openrouter-deepseek-v3-008,agent-openrouter-deepseek-v3-008",5,0,1,0.6790697674418604
pretrain,gsm8k_891,"agent-openrouter-deepseek-v3-010,agent-openrouter-deepseek-v3-008,agent-openrouter-deepseek-v3-007,agent-openrouter-deepseek-v3-008,agent-openrouter-deepseek-v3-008",5,1,1,0.679814385150812
pretrain,gsm8k_1201,"agent-openrouter-deepseek-v3-008,agent-openrouter-deepseek-v3-007,agent-openrouter-deepseek-v3-009,agent-openrouter-deepseek-v3-008,agent-openrouter-deepseek-v3-008",5,1,1,0.6805555555555556
pretrain,gsm8k_553,"agent-openrouter-deepseek-v3-006,agent-openrouter-deepseek-v3-009,agent-openrouter-deepseek-v3-008,agent-openrouter-deepseek-v3-008",4,1,1,0.6812933025404158
pretrain,gsm8k_82,"agent-openrouter-deepseek-v3-009,agent-openrouter-deepseek-v3-008,agent-openrouter-deepseek-v3-010,agent-openrouter-deepseek-v3-009,agent-openrouter-deepseek-v3-007,agent-openrouter-deepseek-v3-008",6,1,1,0.6820276497695853
pretrain,gsm8k_1155,"agent-openrouter-deepseek-v3-008,agent-openrouter-deepseek-v3-007,agent-openrouter-deepseek-v3-010,agent-openrouter-deepseek-v3-008,agent-openrouter-deepseek-v3-008",5,1,1,0.6827586206896552
pretrain,gsm8k_1085,"agent-openrouter-deepseek-v3-009,agent-openrouter-deepseek-v3-008,agent-openrouter-deepseek-v3-007",3,1,1,0.6834862385321101
pretrain,gsm8k_236,"agent-openrouter-deepseek-v3-008,agent-openrouter-deepseek-v3-010,agent-openrouter-deepseek-v3-007,agent-openrouter-deepseek-v3-008,agent-openrouter-deepseek-v3-008,agent-openrouter-deepseek-v3-008,agent-openrouter-deepseek-v3-008",7,1,1,0.6842105263157895
pretrain,gsm8k_1094,"agent-openrouter-deepseek-v3-006,agent-openrouter-deepseek-v3-008,agent-openrouter-deepseek-v3-007,agent-openrouter-deepseek-v3-007,agent-openrouter-deepseek-v3-007,agent-openrouter-deepseek-v3-008,agent-openrouter-deepseek-v3-008",7,1,1,0.684931506849315
pretrain,gsm8k_156,"agent-openrouter-deepseek-v3-010,agent-openrouter-deepseek-v3-008,agent-openrouter-deepseek-v3-009,agent-openrouter-deepseek-v3-008,agent-openrouter-deepseek-v3-008",5,1,1,0.6856492027334852
pretrain,gsm8k_219,"agent-openrouter-deepseek-v3-008,agent-openrouter-deepseek-v3-007,agent-openrouter-deepseek-v3-010,agent-openrouter-deepseek-v3-008,agent-openrouter-deepseek-v3-008,agent-openrouter-deepseek-v3-008",6,0,1,0.6840909090909091
pretrain,gsm8k_1233,"agent-openrouter-deepseek-v3-008,agent-openrouter-deepseek-v3-007,agent-openrouter-deepseek-v3-009,agent-openrouter-deepseek-v3-008,agent-openrouter-deepseek-v3-008,agent-openrouter-deepseek-v3-008",6,0,1,0.6825396825396826
pretrain,gsm8k_744,"agent-openrouter-deepseek-v3-010,agent-openrouter-deepseek-v3-008,agent-openrouter-deepseek-v3-007,agent-openrouter-deepseek-v3-008",4,1,1,0.6832579185520362
pretrain,gsm8k_417,"agent-openrouter-deepseek-v3-009,agent-openrouter-deepseek-v3-006,agent-openrouter-deepseek-v3-007,agent-openrouter-deepseek-v3-009,agent-openrouter-deepseek-v3-010,agent-openrouter-deepseek-v3-006",6,0,1,0.6817155756207675
pretrain,gsm8k_813,"agent-openrouter-deepseek-v3-007,agent-openrouter-deepseek-v3-010,agent-openrouter-deepseek-v3-008,agent-openrouter-deepseek-v3-010,agent-openrouter-deepseek-v3-010,agent-openrouter-deepseek-v3-010",6,1,1,0.6824324324324325
pretrain,gsm8k_555,"agent-openrouter-deepseek-v3-006,agent-openrouter-deepseek-v3-008,agent-openrouter-deepseek-v3-007,agent-openrouter-deepseek-v3-008",4,0,1,0.6808988764044944
pretrain,gsm8k_477,"agent-openrouter-deepseek-v3-007,agent-openrouter-deepseek-v3-008,agent-openrouter-deepseek-v3-009,agent-openrouter-deepseek-v3-007,agent-openrouter-deepseek-v3-008",5,1,1,0.6816143497757847
pretrain,gsm8k_425,"agent-openrouter-deepseek-v3-007,agent-openrouter-deepseek-v3-009,agent-openrouter-deepseek-v3-008,agent-openrouter-deepseek-v3-007,agent-openrouter-deepseek-v3-007,agent-openrouter-deepseek-v3-007",6,1,1,0.6823266219239373
pretrain,gsm8k_63,"agent-openrouter-deepseek-v3-006,agent-openrouter-deepseek-v3-007,agent-openrouter-deepseek-v3-010,agent-openrouter-deepseek-v3-007,agent-openrouter-deepseek-v3-007,agent-openrouter-deepseek-v3-007,agent-openrouter-deepseek-v3-007",7,1,1,0.6830357142857143
pretrain,gsm8k_211,"agent-openrouter-deepseek-v3-008,agent-openrouter-deepseek-v3-007,agent-openrouter-deepseek-v3-009,agent-openrouter-deepseek-v3-008,agent-openrouter-deepseek-v3-008",5,0,1,0.6815144766146993
pretrain,gsm8k_795,"agent-openrouter-deepseek-v3-010,agent-openrouter-deepseek-v3-008,agent-openrouter-deepseek-v3-007,agent-openrouter-deepseek-v3-008,agent-openrouter-deepseek-v3-008,agent-openrouter-deepseek-v3-008",6,1,1,0.6822222222222222
pretrain,gsm8k_398,"agent-openrouter-deepseek-v3-009,agent-openrouter-deepseek-v3-008,agent-openrouter-deepseek-v3-007,agent-openrouter-deepseek-v3-008",4,1,1,0.6829268292682927
pretrain,gsm8k_598,"agent-openrouter-deepseek-v3-008,agent-openrouter-deepseek-v3-009,agent-openrouter-deepseek-v3-007,agent-openrouter-deepseek-v3-008,agent-openrouter-deepseek-v3-008,agent-openrouter-deepseek-v3-008,agent-openrouter-deepseek-v3-008",7,0,1,0.6814159292035398
pretrain,gsm8k_20,"agent-openrouter-deepseek-v3-010,agent-openrouter-deepseek-v3-006,agent-openrouter-deepseek-v3-008,agent-openrouter-deepseek-v3-006,agent-openrouter-deepseek-v3-007,agent-openrouter-deepseek-v3-010,agent-openrouter-deepseek-v3-007",7,1,1,0.6821192052980133
pretrain,gsm8k_742,"agent-openrouter-deepseek-v3-009,agent-openrouter-deepseek-v3-008,agent-openrouter-deepseek-v3-006,agent-openrouter-deepseek-v3-008",4,1,1,0.6828193832599119
pretrain,gsm8k_1244,"agent-openrouter-deepseek-v3-008,agent-openrouter-deepseek-v3-007,agent-openrouter-deepseek-v3-009,agent-openrouter-deepseek-v3-008,agent-openrouter-deepseek-v3-008,agent-openrouter-deepseek-v3-008",6,1,1,0.6835164835164835
pretrain,gsm8k_1033,"agent-openrouter-deepseek-v3-010,agent-openrouter-deepseek-v3-008,agent-openrouter-deepseek-v3-009,agent-openrouter-deepseek-v3-008,agent-openrouter-deepseek-v3-008,agent-openrouter-deepseek-v3-008",6,1,1,0.6842105263157895
pretrain,gsm8k_1264,"agent-openrouter-deepseek-v3-007,agent-openrouter-deepseek-v3-006,agent-openrouter-deepseek-v3-008,agent-openrouter-deepseek-v3-006,agent-openrouter-deepseek-v3-006,agent-openrouter-deepseek-v3-009,agent-openrouter-deepseek-v3-006",7,0,1,0.6827133479212254
pretrain,gsm8k_360,"agent-openrouter-deepseek-v3-008,agent-openrouter-deepseek-v3-007,agent-openrouter-deepseek-v3-010,agent-openrouter-deepseek-v3-008,agent-openrouter-deepseek-v3-008,agent-openrouter-deepseek-v3-008,agent-openrouter-deepseek-v3-008",7,1,1,0.6834061135371179
pretrain,gsm8k_305,"agent-openrouter-deepseek-v3-009,agent-openrouter-deepseek-v3-008,agent-openrouter-deepseek-v3-007,agent-openrouter-deepseek-v3-008,agent-openrouter-deepseek-v3-008",5,1,1,0.6840958605664488
pretrain,gsm8k_399,"agent-openrouter-deepseek-v3-008,agent-openrouter-deepseek-v3-009,agent-openrouter-deepseek-v3-007,agent-openrouter-deepseek-v3-008",4,1,1,0.6847826086956522
pretrain,gsm8k_1248,"agent-openrouter-deepseek-v3-008,agent-openrouter-deepseek-v3-009,agent-openrouter-deepseek-v3-007,agent-openrouter-deepseek-v3-008",4,1,1,0.6854663774403471
pretrain,gsm8k_1272,"agent-openrouter-deepseek-v3-007,agent-openrouter-deepseek-v3-009,agent-openrouter-deepseek-v3-006,agent-openrouter-deepseek-v3-009,agent-openrouter-deepseek-v3-006",5,1,1,0.6861471861471862
pretrain,gsm8k_559,"agent-openrouter-deepseek-v3-008,agent-openrouter-deepseek-v3-010,agent-openrouter-deepseek-v3-007,agent-openrouter-deepseek-v3-008,agent-openrouter-deepseek-v3-008,agent-openrouter-deepseek-v3-008",6,0,1,0.6846652267818575
pretrain,gsm8k_617,"agent-openrouter-deepseek-v3-009,agent-openrouter-deepseek-v3-007,agent-openrouter-deepseek-v3-006,agent-openrouter-deepseek-v3-006",4,1,1,0.6853448275862069
pretrain,gsm8k_225,"agent-openrouter-deepseek-v3-009,agent-openrouter-deepseek-v3-006,agent-openrouter-deepseek-v3-008,agent-openrouter-deepseek-v3-006",4,1,1,0.6860215053763441
pretrain,gsm8k_499,"agent-openrouter-deepseek-v3-009,agent-openrouter-deepseek-v3-006,agent-openrouter-deepseek-v3-010,agent-openrouter-deepseek-v3-007,agent-openrouter-deepseek-v3-008",5,1,1,0.6866952789699571
pretrain,gsm8k_728,"agent-openrouter-deepseek-v3-008,agent-openrouter-deepseek-v3-009,agent-openrouter-deepseek-v3-007,agent-openrouter-deepseek-v3-008",4,1,1,0.6873661670235546
pretrain,gsm8k_279,"agent-openrouter-deepseek-v3-009,agent-openrouter-deepseek-v3-008,agent-openrouter-deepseek-v3-007,agent-openrouter-deepseek-v3-009,agent-openrouter-deepseek-v3-008",5,1,1,0.688034188034188
pretrain,gsm8k_827,"agent-openrouter-deepseek-v3-009,agent-openrouter-deepseek-v3-010,agent-openrouter-deepseek-v3-007,agent-openrouter-deepseek-v3-010,agent-openrouter-deepseek-v3-007,agent-openrouter-deepseek-v3-008",6,0,1,0.6865671641791045
pretrain,gsm8k_1112,"agent-openrouter-deepseek-v3-008,agent-openrouter-deepseek-v3-010,agent-openrouter-deepseek-v3-006,agent-openrouter-deepseek-v3-008,agent-openrouter-deepseek-v3-008",5,1,1,0.6872340425531915
pretrain,gsm8k_29,"agent-openrouter-deepseek-v3-006,agent-openrouter-deepseek-v3-008,agent-openrouter-deepseek-v3-007,agent-openrouter-deepseek-v3-006",4,0,1,0.6857749469214437
pretrain,gsm8k_668,"agent-openrouter-deepseek-v3-008,agent-openrouter-deepseek-v3-006,agent-openrouter-deepseek-v3-007",3,1,1,0.6864406779661016
pretrain,gsm8k_344,"agent-openrouter-deepseek-v3-010,agent-openrouter-deepseek-v3-007,agent-openrouter-deepseek-v3-009,agent-openrouter-deepseek-v3-007,agent-openrouter-deepseek-v3-008",5,1,1,0.6871035940803383
pretrain,gsm8k_414,"agent-openrouter-deepseek-v3-008,agent-openrouter-deepseek-v3-009,agent-openrouter-deepseek-v3-010",3,1,1,0.6877637130801688
pretrain,gsm8k_169,"agent-openrouter-deepseek-v3-006,agent-openrouter-deepseek-v3-008,agent-openrouter-deepseek-v3-009,agent-openrouter-deepseek-v3-009,agent-openrouter-deepseek-v3-010,agent-openrouter-deepseek-v3-006",6,1,1,0.6884210526315789
pretrain,gsm8k_478,"agent-openrouter-deepseek-v3-008,agent-openrouter-deepseek-v3-006,agent-openrouter-deepseek-v3-009,agent-openrouter-deepseek-v3-008",4,1,1,0.6890756302521008
pretrain,gsm8k_797,"agent-openrouter-deepseek-v3-007,agent-openrouter-deepseek-v3-008,agent-openrouter-deepseek-v3-006,agent-openrouter-deepseek-v3-008",4,1,1,0.689727463312369
pretrain,gsm8k_637,"agent-openrouter-deepseek-v3-009,agent-openrouter-deepseek-v3-008,agent-openrouter-deepseek-v3-007,agent-openrouter-deepseek-v3-008",4,1,1,0.6903765690376569
pretrain,gsm8k_1189,"agent-openrouter-deepseek-v3-008,agent-openrouter-deepseek-v3-009,agent-openrouter-deepseek-v3-007,agent-openrouter-deepseek-v3-008,agent-openrouter-deepseek-v3-008",5,0,1,0.6889352818371608
pretrain,gsm8k_27,"agent-openrouter-deepseek-v3-010,agent-openrouter-deepseek-v3-008,agent-openrouter-deepseek-v3-009,agent-openrouter-deepseek-v3-008",4,1,1,0.6895833333333333
pretrain,gsm8k_403,"agent-openrouter-deepseek-v3-007,agent-openrouter-deepseek-v3-008,agent-openrouter-deepseek-v3-010,agent-openrouter-deepseek-v3-007,agent-openrouter-deepseek-v3-010",5,0,1,0.6881496881496881
pretrain,gsm8k_606,"agent-openrouter-deepseek-v3-008,agent-openrouter-deepseek-v3-009,agent-openrouter-deepseek-v3-007,agent-openrouter-deepseek-v3-008,agent-openrouter-deepseek-v3-008",5,0,1,0.6867219917012448
pretrain,gsm8k_577,"agent-openrouter-deepseek-v3-007,agent-openrouter-deepseek-v3-009,agent-openrouter-deepseek-v3-008,agent-openrouter-deepseek-v3-009",4,1,1,0.6873706004140787
pretrain,gsm8k_639,"agent-openrouter-deepseek-v3-008,agent-openrouter-deepseek-v3-006,agent-openrouter-deepseek-v3-007,agent-openrouter-deepseek-v3-008",4,1,1,0.6880165289256198
pretrain,gsm8k_85,"agent-openrouter-deepseek-v3-007,agent-openrouter-deepseek-v3-008,agent-openrouter-deepseek-v3-009,agent-openrouter-deepseek-v3-008",4,1,1,0.688659793814433
pretrain,gsm8k_1296,"agent-openrouter-deepseek-v3-009,agent-openrouter-deepseek-v3-007,agent-openrouter-deepseek-v3-010,agent-openrouter-deepseek-v3-010,agent-openrouter-deepseek-v3-007,agent-openrouter-deepseek-v3-008",6,1,1,0.6893004115226338
pretrain,gsm8k_1124,"agent-openrouter-deepseek-v3-009,agent-openrouter-deepseek-v3-008,agent-openrouter-deepseek-v3-007,agent-openrouter-deepseek-v3-008,agent-openrouter-deepseek-v3-008",5,0,1,0.6878850102669405
pretrain,gsm8k_472,"agent-openrouter-deepseek-v3-009,agent-openrouter-deepseek-v3-008,agent-openrouter-deepseek-v3-010,agent-openrouter-deepseek-v3-008,agent-openrouter-deepseek-v3-008",5,1,1,0.6885245901639344
pretrain,gsm8k_1205,"agent-openrouter-deepseek-v3-006,agent-openrouter-deepseek-v3-009,agent-openrouter-deepseek-v3-007,agent-openrouter-deepseek-v3-009,agent-openrouter-deepseek-v3-008",5,1,1,0.689161554192229
pretrain,gsm8k_723,"agent-openrouter-deepseek-v3-007,agent-openrouter-deepseek-v3-008,agent-openrouter-deepseek-v3-006,agent-openrouter-deepseek-v3-008,agent-openrouter-deepseek-v3-008,agent-openrouter-deepseek-v3-008,agent-openrouter-deepseek-v3-008,agent-openrouter-deepseek-v3-008",8,1,1,0.689795918367347
pretrain,gsm8k_266,"agent-openrouter-deepseek-v3-008,agent-openrouter-deepseek-v3-010,agent-openrouter-deepseek-v3-009,agent-openrouter-deepseek-v3-008,agent-openrouter-deepseek-v3-008,agent-openrouter-deepseek-v3-008",6,1,1,0.6904276985743381
pretrain,gsm8k_793,"agent-openrouter-deepseek-v3-010,agent-openrouter-deepseek-v3-008,agent-openrouter-deepseek-v3-009,agent-openrouter-deepseek-v3-008,agent-openrouter-deepseek-v3-008",5,1,1,0.6910569105691057
pretrain,gsm8k_335,"agent-openrouter-deepseek-v3-009,agent-openrouter-deepseek-v3-008,agent-openrouter-deepseek-v3-010,agent-openrouter-deepseek-v3-008",4,1,1,0.691683569979716
pretrain,gsm8k_216,"agent-openrouter-deepseek-v3-008,agent-openrouter-deepseek-v3-009,agent-openrouter-deepseek-v3-007,agent-openrouter-deepseek-v3-008",4,1,1,0.6923076923076923
pretrain,gsm8k_465,"agent-openrouter-deepseek-v3-008,agent-openrouter-deepseek-v3-007,agent-openrouter-deepseek-v3-009,agent-openrouter-deepseek-v3-008,agent-openrouter-deepseek-v3-008,agent-openrouter-deepseek-v3-008",6,0,1,0.6909090909090909
pretrain,gsm8k_802,"agent-openrouter-deepseek-v3-007,agent-openrouter-deepseek-v3-008,agent-openrouter-deepseek-v3-009,agent-openrouter-deepseek-v3-008",4,1,1,0.6915322580645161
pretrain,gsm8k_345,"agent-openrouter-deepseek-v3-006,agent-openrouter-deepseek-v3-008,agent-openrouter-deepseek-v3-007,agent-openrouter-deepseek-v3-008",4,1,1,0.6921529175050302
pretrain,gsm8k_710,"agent-openrouter-deepseek-v3-010,agent-openrouter-deepseek-v3-008,agent-openrouter-deepseek-v3-007,agent-openrouter-deepseek-v3-008,agent-openrouter-deepseek-v3-008,agent-openrouter-deepseek-v3-008,agent-openrouter-deepseek-v3-008,agent-openrouter-deepseek-v3-008",8,0,1,0.6907630522088354
pretrain,gsm8k_284,"agent-openrouter-deepseek-v3-010,agent-openrouter-deepseek-v3-008,agent-openrouter-deepseek-v3-007,agent-openrouter-deepseek-v3-010,agent-openrouter-deepseek-v3-008,agent-openrouter-deepseek-v3-010,agent-openrouter-deepseek-v3-010,agent-openrouter-deepseek-v3-008",8,0,1,0.6893787575150301
pretrain,gsm8k_431,"agent-openrouter-deepseek-v3-006,agent-openrouter-deepseek-v3-008,agent-openrouter-deepseek-v3-009,agent-openrouter-deepseek-v3-008",4,1,1,0.69
pretrain,gsm8k_258,"agent-openrouter-deepseek-v3-010,agent-openrouter-deepseek-v3-008,agent-openrouter-deepseek-v3-009,agent-openrouter-deepseek-v3-008",4,1,1,0.6906187624750499
pretrain,gsm8k_83,"agent-openrouter-deepseek-v3-008,agent-openrouter-deepseek-v3-009,agent-openrouter-deepseek-v3-007,agent-openrouter-deepseek-v3-008",4,1,1,0.6912350597609562
pretrain,gsm8k_878,"agent-openrouter-deepseek-v3-008,agent-openrouter-deepseek-v3-007,agent-openrouter-deepseek-v3-009,agent-openrouter-deepseek-v3-008,agent-openrouter-deepseek-v3-008",5,1,1,0.6918489065606361
pretrain,gsm8k_1180,"agent-openrouter-deepseek-v3-007,agent-openrouter-deepseek-v3-008,agent-openrouter-deepseek-v3-009,agent-openrouter-deepseek-v3-009,agent-openrouter-deepseek-v3-009",5,1,1,0.6924603174603174
pretrain,gsm8k_1239,"agent-openrouter-deepseek-v3-007,agent-openrouter-deepseek-v3-008,agent-openrouter-deepseek-v3-009,agent-openrouter-deepseek-v3-008,agent-openrouter-deepseek-v3-008",5,1,1,0.693069306930693
pretrain,gsm8k_53,"agent-openrouter-deepseek-v3-006,agent-openrouter-deepseek-v3-008,agent-openrouter-deepseek-v3-007,agent-openrouter-deepseek-v3-008,agent-openrouter-deepseek-v3-008,agent-openrouter-deepseek-v3-008,agent-openrouter-deepseek-v3-008",7,0,1,0.691699604743083
pretrain,gsm8k_971,"agent-openrouter-deepseek-v3-008,agent-openrouter-deepseek-v3-006,agent-openrouter-deepseek-v3-007",3,0,1,0.6903353057199211
pretrain,gsm8k_1164,"agent-openrouter-deepseek-v3-007,agent-openrouter-deepseek-v3-008,agent-openrouter-deepseek-v3-009,agent-openrouter-deepseek-v3-008,agent-openrouter-deepseek-v3-008,agent-openrouter-deepseek-v3-007,agent-openrouter-deepseek-v3-007,agent-openrouter-deepseek-v3-008",8,1,1,0.6909448818897638
pretrain,gsm8k_1013,"agent-openrouter-deepseek-v3-010,agent-openrouter-deepseek-v3-008,agent-openrouter-deepseek-v3-009,agent-openrouter-deepseek-v3-008,agent-openrouter-deepseek-v3-008",5,0,1,0.6895874263261297
pretrain,gsm8k_41,"agent-openrouter-deepseek-v3-008,agent-openrouter-deepseek-v3-009,agent-openrouter-deepseek-v3-007,agent-openrouter-deepseek-v3-008,agent-openrouter-deepseek-v3-008",5,1,1,0.6901960784313725
pretrain,gsm8k_31,"agent-openrouter-deepseek-v3-007,agent-openrouter-deepseek-v3-008,agent-openrouter-deepseek-v3-009,agent-openrouter-deepseek-v3-010,agent-openrouter-deepseek-v3-008,agent-openrouter-deepseek-v3-008",6,1,1,0.6908023483365949
pretrain,gsm8k_701,"agent-openrouter-deepseek-v3-010,agent-openrouter-deepseek-v3-009,agent-openrouter-deepseek-v3-008,agent-openrouter-deepseek-v3-010,agent-openrouter-deepseek-v3-010,agent-openrouter-deepseek-v3-010",6,0,1,0.689453125
pretrain,gsm8k_876,"agent-openrouter-deepseek-v3-008,agent-openrouter-deepseek-v3-010,agent-openrouter-deepseek-v3-007,agent-openrouter-deepseek-v3-008,agent-openrouter-deepseek-v3-008",5,1,1,0.6900584795321637
pretrain,gsm8k_666,"agent-openrouter-deepseek-v3-008,agent-openrouter-deepseek-v3-010,agent-openrouter-deepseek-v3-009,agent-openrouter-deepseek-v3-008,agent-openrouter-deepseek-v3-008",5,0,1,0.688715953307393
pretrain,gsm8k_794,"agent-openrouter-deepseek-v3-007,agent-openrouter-deepseek-v3-008,agent-openrouter-deepseek-v3-009,agent-openrouter-deepseek-v3-008,agent-openrouter-deepseek-v3-008",5,1,1,0.6893203883495146
pretrain,gsm8k_934,"agent-openrouter-deepseek-v3-009,agent-openrouter-deepseek-v3-010,agent-openrouter-deepseek-v3-008,agent-openrouter-deepseek-v3-009,agent-openrouter-deepseek-v3-009,agent-openrouter-deepseek-v3-007",6,1,1,0.689922480620155
pretrain,gsm8k_129,"agent-openrouter-deepseek-v3-009,agent-openrouter-deepseek-v3-007,agent-openrouter-deepseek-v3-008,agent-openrouter-deepseek-v3-007,agent-openrouter-deepseek-v3-009",5,0,1,0.688588007736944
pretrain,gsm8k_769,"agent-openrouter-deepseek-v3-007,agent-openrouter-deepseek-v3-008,agent-openrouter-deepseek-v3-009,agent-openrouter-deepseek-v3-008,agent-openrouter-deepseek-v3-008,agent-openrouter-deepseek-v3-008",6,0,1,0.6872586872586872
pretrain,gsm8k_1055,"agent-openrouter-deepseek-v3-009,agent-openrouter-deepseek-v3-008,agent-openrouter-deepseek-v3-007,agent-openrouter-deepseek-v3-008",4,1,1,0.6878612716763006
pretrain,gsm8k_636,"agent-openrouter-deepseek-v3-008,agent-openrouter-deepseek-v3-007,agent-openrouter-deepseek-v3-009,agent-openrouter-deepseek-v3-008,agent-openrouter-deepseek-v3-008",5,1,1,0.6884615384615385
pretrain,gsm8k_1096,"agent-openrouter-deepseek-v3-008,agent-openrouter-deepseek-v3-009,agent-openrouter-deepseek-v3-007,agent-openrouter-deepseek-v3-008,agent-openrouter-deepseek-v3-008,agent-openrouter-deepseek-v3-008",6,0,1,0.6871401151631478
pretrain,gsm8k_1270,"agent-openrouter-deepseek-v3-006,agent-openrouter-deepseek-v3-010,agent-openrouter-deepseek-v3-007,agent-openrouter-deepseek-v3-006",4,1,1,0.6877394636015326
pretrain,gsm8k_1152,"agent-openrouter-deepseek-v3-008,agent-openrouter-deepseek-v3-010,agent-openrouter-deepseek-v3-007,agent-openrouter-deepseek-v3-008,agent-openrouter-deepseek-v3-008",5,1,1,0.6883365200764818
pretrain,gsm8k_377,"agent-openrouter-deepseek-v3-010,agent-openrouter-deepseek-v3-008,agent-openrouter-deepseek-v3-007,agent-openrouter-deepseek-v3-008,agent-openrouter-deepseek-v3-008",5,1,1,0.6889312977099237
pretrain,gsm8k_171,"agent-openrouter-deepseek-v3-007,agent-openrouter-deepseek-v3-008,agent-openrouter-deepseek-v3-009,agent-openrouter-deepseek-v3-007,agent-openrouter-deepseek-v3-009",5,0,1,0.6876190476190476
pretrain,gsm8k_1267,"agent-openrouter-deepseek-v3-007,agent-openrouter-deepseek-v3-008,agent-openrouter-deepseek-v3-009,agent-openrouter-deepseek-v3-007,agent-openrouter-deepseek-v3-007,agent-openrouter-deepseek-v3-009,agent-openrouter-deepseek-v3-008",7,0,1,0.6863117870722434
pretrain,gsm8k_1175,"agent-openrouter-deepseek-v3-007,agent-openrouter-deepseek-v3-009,agent-openrouter-deepseek-v3-008,agent-openrouter-deepseek-v3-007,agent-openrouter-deepseek-v3-010",5,0,1,0.6850094876660342
pretrain,gsm8k_1285,"agent-openrouter-deepseek-v3-006,agent-openrouter-deepseek-v3-010,agent-openrouter-deepseek-v3-007,agent-openrouter-deepseek-v3-007",4,1,1,0.6856060606060606
pretrain,gsm8k_922,"agent-openrouter-deepseek-v3-007,agent-openrouter-deepseek-v3-008,agent-openrouter-deepseek-v3-009,agent-openrouter-deepseek-v3-008,agent-openrouter-deepseek-v3-008,agent-openrouter-deepseek-v3-008",6,1,1,0.6862003780718336
pretrain,gsm8k_26,"agent-openrouter-deepseek-v3-007,agent-openrouter-deepseek-v3-008,agent-openrouter-deepseek-v3-010,agent-openrouter-deepseek-v3-007,agent-openrouter-deepseek-v3-008",5,1,1,0.6867924528301886
pretrain,gsm8k_319,"agent-openrouter-deepseek-v3-009,agent-openrouter-deepseek-v3-008,agent-openrouter-deepseek-v3-006,agent-openrouter-deepseek-v3-008,agent-openrouter-deepseek-v3-008,agent-openrouter-deepseek-v3-008",6,1,1,0.687382297551789
pretrain,gsm8k_384,"agent-openrouter-deepseek-v3-008,agent-openrouter-deepseek-v3-006,agent-openrouter-deepseek-v3-009",3,1,1,0.6879699248120301
pretrain,gsm8k_406,"agent-openrouter-deepseek-v3-010,agent-openrouter-deepseek-v3-009,agent-openrouter-deepseek-v3-008,agent-openrouter-deepseek-v3-010,agent-openrouter-deepseek-v3-008,agent-openrouter-deepseek-v3-008",6,0,1,0.6866791744840526
pretrain,gsm8k_768,"agent-openrouter-deepseek-v3-008,agent-openrouter-deepseek-v3-010,agent-openrouter-deepseek-v3-009,agent-openrouter-deepseek-v3-008",4,0,1,0.6853932584269663
pretrain,gsm8k_941,"agent-openrouter-deepseek-v3-008,agent-openrouter-deepseek-v3-009,agent-openrouter-deepseek-v3-007,agent-openrouter-deepseek-v3-008",4,0,1,0.6841121495327103
pretrain,gsm8k_248,"agent-openrouter-deepseek-v3-006,agent-openrouter-deepseek-v3-008,agent-openrouter-deepseek-v3-010",3,1,1,0.6847014925373134
pretrain,gsm8k_104,"agent-openrouter-deepseek-v3-008,agent-openrouter-deepseek-v3-009,agent-openrouter-deepseek-v3-006,agent-openrouter-deepseek-v3-008,agent-openrouter-deepseek-v3-008",5,1,1,0.6852886405959032
pretrain,gsm8k_787,"agent-openrouter-deepseek-v3-006,agent-openrouter-deepseek-v3-008,agent-openrouter-deepseek-v3-007,agent-openrouter-deepseek-v3-010,agent-openrouter-deepseek-v3-010",5,1,1,0.6858736059479554
pretrain,gsm8k_123,"agent-openrouter-deepseek-v3-006,agent-openrouter-deepseek-v3-008,agent-openrouter-deepseek-v3-009,agent-openrouter-deepseek-v3-008,agent-openrouter-deepseek-v3-008",5,1,1,0.686456400742115
pretrain,gsm8k_579,"agent-openrouter-deepseek-v3-008,agent-openrouter-deepseek-v3-009,agent-openrouter-deepseek-v3-007,agent-openrouter-deepseek-v3-008,agent-openrouter-deepseek-v3-008",5,1,1,0.687037037037037
pretrain,gsm8k_966,"agent-openrouter-deepseek-v3-006,agent-openrouter-deepseek-v3-009,agent-openrouter-deepseek-v3-007,agent-openrouter-deepseek-v3-006,agent-openrouter-deepseek-v3-009,agent-openrouter-deepseek-v3-009,agent-openrouter-deepseek-v3-006",7,1,1,0.6876155268022182
pretrain,gsm8k_355,"agent-openrouter-deepseek-v3-008,agent-openrouter-deepseek-v3-007,agent-openrouter-deepseek-v3-009,agent-openrouter-deepseek-v3-008,agent-openrouter-deepseek-v3-008",5,1,1,0.6881918819188192
pretrain,gsm8k_545,"agent-openrouter-deepseek-v3-008,agent-openrouter-deepseek-v3-009,agent-openrouter-deepseek-v3-007,agent-openrouter-deepseek-v3-008,agent-openrouter-deepseek-v3-008",5,1,1,0.6887661141804788
pretrain,gsm8k_633,"agent-openrouter-deepseek-v3-006,agent-openrouter-deepseek-v3-008,agent-openrouter-deepseek-v3-007,agent-openrouter-deepseek-v3-008",4,1,1,0.6893382352941176
pretrain,gsm8k_379,"agent-openrouter-deepseek-v3-008,agent-openrouter-deepseek-v3-007,agent-openrouter-deepseek-v3-009,agent-openrouter-deepseek-v3-008,agent-openrouter-deepseek-v3-008,agent-openrouter-deepseek-v3-008",6,1,1,0.689908256880734
pretrain,gsm8k_843,"agent-openrouter-deepseek-v3-010,agent-openrouter-deepseek-v3-008,agent-openrouter-deepseek-v3-007,agent-openrouter-deepseek-v3-008,agent-openrouter-deepseek-v3-008,agent-openrouter-deepseek-v3-008",6,1,1,0.6904761904761905
pretrain,gsm8k_1019,"agent-openrouter-deepseek-v3-006,agent-openrouter-deepseek-v3-008,agent-openrouter-deepseek-v3-007,agent-openrouter-deepseek-v3-007,agent-openrouter-deepseek-v3-007,agent-openrouter-deepseek-v3-007,agent-openrouter-deepseek-v3-008",7,0,1,0.6892138939670932
pretrain,gsm8k_349,"agent-openrouter-deepseek-v3-009,agent-openrouter-deepseek-v3-010,agent-openrouter-deepseek-v3-008,agent-openrouter-deepseek-v3-010",4,1,1,0.6897810218978102
pretrain,gsm8k_12,"agent-openrouter-deepseek-v3-006,agent-openrouter-deepseek-v3-007,agent-openrouter-deepseek-v3-008,agent-openrouter-deepseek-v3-006,agent-openrouter-deepseek-v3-006,agent-openrouter-deepseek-v3-010",6,0,1,0.6885245901639344
pretrain,gsm8k_1166,"agent-openrouter-deepseek-v3-006,agent-openrouter-deepseek-v3-007,agent-openrouter-deepseek-v3-008,agent-openrouter-deepseek-v3-006,agent-openrouter-deepseek-v3-006,agent-openrouter-deepseek-v3-006,agent-openrouter-deepseek-v3-006,agent-openrouter-deepseek-v3-006",8,1,1,0.6890909090909091
pretrain,gsm8k_1243,"agent-openrouter-deepseek-v3-010,agent-openrouter-deepseek-v3-008,agent-openrouter-deepseek-v3-009,agent-openrouter-deepseek-v3-008,agent-openrouter-deepseek-v3-008",5,1,1,0.6896551724137931
pretrain,gsm8k_108,"agent-openrouter-deepseek-v3-006,agent-openrouter-deepseek-v3-009,agent-openrouter-deepseek-v3-008,agent-openrouter-deepseek-v3-010",4,1,1,0.6902173913043478
pretrain,gsm8k_443,"agent-openrouter-deepseek-v3-010,agent-openrouter-deepseek-v3-008,agent-openrouter-deepseek-v3-006,agent-openrouter-deepseek-v3-006,agent-openrouter-deepseek-v3-006,agent-openrouter-deepseek-v3-006,agent-openrouter-deepseek-v3-006",7,0,1,0.6889692585895117
pretrain,gsm8k_370,"agent-openrouter-deepseek-v3-007,agent-openrouter-deepseek-v3-010,agent-openrouter-deepseek-v3-008,agent-openrouter-deepseek-v3-010,agent-openrouter-deepseek-v3-010",5,1,1,0.6895306859205776
pretrain,gsm8k_470,"agent-openrouter-deepseek-v3-007,agent-openrouter-deepseek-v3-008,agent-openrouter-deepseek-v3-010,agent-openrouter-deepseek-v3-008,agent-openrouter-deepseek-v3-008",5,0,1,0.6882882882882883
pretrain,gsm8k_604,"agent-openrouter-deepseek-v3-006,agent-openrouter-deepseek-v3-008,agent-openrouter-deepseek-v3-009,agent-openrouter-deepseek-v3-009,agent-openrouter-deepseek-v3-008,agent-openrouter-deepseek-v3-008",6,1,1,0.6888489208633094
pretrain,gsm8k_1138,"agent-openrouter-deepseek-v3-009,agent-openrouter-deepseek-v3-007,agent-openrouter-deepseek-v3-008,agent-openrouter-deepseek-v3-007,agent-openrouter-deepseek-v3-007,agent-openrouter-deepseek-v3-009",6,0,1,0.6876122082585279
pretrain,gsm8k_1249,"agent-openrouter-deepseek-v3-010,agent-openrouter-deepseek-v3-007,agent-openrouter-deepseek-v3-008,agent-openrouter-deepseek-v3-008,agent-openrouter-deepseek-v3-008,agent-openrouter-deepseek-v3-009,agent-openrouter-deepseek-v3-008",7,0,1,0.6863799283154122
pretrain,gsm8k_1036,"agent-openrouter-deepseek-v3-008,agent-openrouter-deepseek-v3-007,agent-openrouter-deepseek-v3-006",3,1,1,0.6869409660107334
pretrain,gsm8k_276,"agent-openrouter-deepseek-v3-008,agent-openrouter-deepseek-v3-009,agent-openrouter-deepseek-v3-007,agent-openrouter-deepseek-v3-008,agent-openrouter-deepseek-v3-008,agent-openrouter-deepseek-v3-008,agent-openrouter-deepseek-v3-008",7,0,1,0.6857142857142857
pretrain,gsm8k_657,"agent-openrouter-deepseek-v3-010,agent-openrouter-deepseek-v3-007,agent-openrouter-deepseek-v3-008,agent-openrouter-deepseek-v3-008,agent-openrouter-deepseek-v3-007,agent-openrouter-deepseek-v3-008,agent-openrouter-deepseek-v3-008",7,1,1,0.6862745098039216
pretrain,gsm8k_495,"agent-openrouter-deepseek-v3-008,agent-openrouter-deepseek-v3-007,agent-openrouter-deepseek-v3-010,agent-openrouter-deepseek-v3-008,agent-openrouter-deepseek-v3-008,agent-openrouter-deepseek-v3-008",6,1,1,0.6868327402135231
pretrain,gsm8k_597,"agent-openrouter-deepseek-v3-008,agent-openrouter-deepseek-v3-009,agent-openrouter-deepseek-v3-007,agent-openrouter-deepseek-v3-008,agent-openrouter-deepseek-v3-008,agent-openrouter-deepseek-v3-008",6,1,1,0.6873889875666075
pretrain,gsm8k_650,"agent-openrouter-deepseek-v3-009,agent-openrouter-deepseek-v3-008,agent-openrouter-deepseek-v3-010,agent-openrouter-deepseek-v3-008,agent-openrouter-deepseek-v3-008,agent-openrouter-deepseek-v3-008",6,1,1,0.6879432624113475
pretrain,gsm8k_274,"agent-openrouter-deepseek-v3-010,agent-openrouter-deepseek-v3-008,agent-openrouter-deepseek-v3-009,agent-openrouter-deepseek-v3-008,agent-openrouter-deepseek-v3-008,agent-openrouter-deepseek-v3-008,agent-openrouter-deepseek-v3-008,agent-openrouter-deepseek-v3-008",8,1,1,0.6884955752212389
pretrain,gsm8k_1171,"agent-openrouter-deepseek-v3-009,agent-openrouter-deepseek-v3-008,agent-openrouter-deepseek-v3-007,agent-openrouter-deepseek-v3-007,agent-openrouter-deepseek-v3-008,agent-openrouter-deepseek-v3-010",6,1,1,0.6890459363957597
pretrain,gsm8k_251,"agent-openrouter-deepseek-v3-008,agent-openrouter-deepseek-v3-009,agent-openrouter-deepseek-v3-006,agent-openrouter-deepseek-v3-008",4,1,1,0.689594356261023
pretrain,gsm8k_1274,"agent-openrouter-deepseek-v3-009,agent-openrouter-deepseek-v3-007,agent-openrouter-deepseek-v3-008,agent-openrouter-deepseek-v3-009,agent-openrouter-deepseek-v3-009,agent-openrouter-deepseek-v3-009,agent-openrouter-deepseek-v3-009",7,1,1,0.6901408450704225
pretrain,gsm8k_1295,"agent-openrouter-deepseek-v3-007,agent-openrouter-deepseek-v3-010,agent-openrouter-deepseek-v3-008,agent-openrouter-deepseek-v3-008,agent-openrouter-deepseek-v3-008",5,1,1,0.6906854130052724
pretrain,gsm8k_461,"agent-openrouter-deepseek-v3-007,agent-openrouter-deepseek-v3-008,agent-openrouter-deepseek-v3-006,agent-openrouter-deepseek-v3-008",4,1,1,0.6912280701754386
pretrain,gsm8k_1265,"agent-openrouter-deepseek-v3-009,agent-openrouter-deepseek-v3-008,agent-openrouter-deepseek-v3-010,agent-openrouter-deepseek-v3-009,agent-openrouter-deepseek-v3-007",5,1,1,0.691768826619965
pretrain,gsm8k_717,"agent-openrouter-deepseek-v3-009,agent-openrouter-deepseek-v3-008,agent-openrouter-deepseek-v3-010,agent-openrouter-deepseek-v3-008,agent-openrouter-deepseek-v3-008",5,0,1,0.6905594405594405
pretrain,gsm8k_1255,"agent-openrouter-deepseek-v3-009,agent-openrouter-deepseek-v3-008,agent-openrouter-deepseek-v3-007,agent-openrouter-deepseek-v3-006,agent-openrouter-deepseek-v3-009,agent-openrouter-deepseek-v3-009,agent-openrouter-deepseek-v3-010,agent-openrouter-deepseek-v3-008",8,0,1,0.6893542757417103
pretrain,gsm8k_1300,"agent-openrouter-deepseek-v3-008,agent-openrouter-deepseek-v3-006,agent-openrouter-deepseek-v3-009,agent-openrouter-deepseek-v3-008,agent-openrouter-deepseek-v3-008",5,1,1,0.6898954703832753
pretrain,gsm8k_761,"agent-openrouter-deepseek-v3-007,agent-openrouter-deepseek-v3-009,agent-openrouter-deepseek-v3-008",3,0,1,0.688695652173913
pretrain,gsm8k_808,"agent-openrouter-deepseek-v3-009,agent-openrouter-deepseek-v3-006,agent-openrouter-deepseek-v3-010,agent-openrouter-deepseek-v3-006,agent-openrouter-deepseek-v3-006,agent-openrouter-deepseek-v3-006",6,0,1,0.6875
pretrain,gsm8k_332,"agent-openrouter-deepseek-v3-008,agent-openrouter-deepseek-v3-007,agent-openrouter-deepseek-v3-009",3,1,1,0.6880415944540728
pretrain,gsm8k_993,"agent-openrouter-deepseek-v3-009,agent-openrouter-deepseek-v3-008,agent-openrouter-deepseek-v3-006,agent-openrouter-deepseek-v3-009,agent-openrouter-deepseek-v3-007",5,0,1,0.6868512110726643
pretrain,gsm8k_653,"agent-openrouter-deepseek-v3-007,agent-openrouter-deepseek-v3-008,agent-openrouter-deepseek-v3-009,agent-openrouter-deepseek-v3-008",4,1,1,0.687392055267703
pretrain,gsm8k_1177,"agent-openrouter-deepseek-v3-008,agent-openrouter-deepseek-v3-009,agent-openrouter-deepseek-v3-007,agent-openrouter-deepseek-v3-008,agent-openrouter-deepseek-v3-008,agent-openrouter-deepseek-v3-008",6,1,1,0.6879310344827586
pretrain,gsm8k_363,"agent-openrouter-deepseek-v3-009,agent-openrouter-deepseek-v3-008,agent-openrouter-deepseek-v3-007,agent-openrouter-deepseek-v3-008,agent-openrouter-deepseek-v3-008",5,1,1,0.6884681583476764
pretrain,gsm8k_264,"agent-openrouter-deepseek-v3-008,agent-openrouter-deepseek-v3-010,agent-openrouter-deepseek-v3-007,agent-openrouter-deepseek-v3-008,agent-openrouter-deepseek-v3-008,agent-openrouter-deepseek-v3-008",6,0,1,0.6872852233676976
pretrain,gsm8k_348,"agent-openrouter-deepseek-v3-006,agent-openrouter-deepseek-v3-007,agent-openrouter-deepseek-v3-010,agent-openrouter-deepseek-v3-007,agent-openrouter-deepseek-v3-008",5,1,1,0.6878216123499142
pretrain,gsm8k_286,"agent-openrouter-deepseek-v3-008,agent-openrouter-deepseek-v3-009,agent-openrouter-deepseek-v3-010",3,1,1,0.6883561643835616
pretrain,gsm8k_282,"agent-openrouter-deepseek-v3-007,agent-openrouter-deepseek-v3-008,agent-openrouter-deepseek-v3-006,agent-openrouter-deepseek-v3-008,agent-openrouter-deepseek-v3-008",5,0,1,0.6871794871794872
pretrain,gsm8k_10,"agent-openrouter-deepseek-v3-008,agent-openrouter-deepseek-v3-009,agent-openrouter-deepseek-v3-007,agent-openrouter-deepseek-v3-008",4,0,1,0.6860068259385665
pretrain,gsm8k_529,"agent-openrouter-deepseek-v3-010,agent-openrouter-deepseek-v3-009,agent-openrouter-deepseek-v3-007,agent-openrouter-deepseek-v3-006",4,1,1,0.686541737649063
pretrain,gsm8k_195,"agent-openrouter-deepseek-v3-009,agent-openrouter-deepseek-v3-008,agent-openrouter-deepseek-v3-010,agent-openrouter-deepseek-v3-009",4,1,1,0.6870748299319728
pretrain,gsm8k_87,"agent-openrouter-deepseek-v3-007,agent-openrouter-deepseek-v3-008,agent-openrouter-deepseek-v3-009,agent-openrouter-deepseek-v3-008,agent-openrouter-deepseek-v3-008,agent-openrouter-deepseek-v3-008",6,0,1,0.6859083191850595
pretrain,gsm8k_1136,"agent-openrouter-deepseek-v3-008,agent-openrouter-deepseek-v3-007,agent-openrouter-deepseek-v3-009,agent-openrouter-deepseek-v3-008",4,1,1,0.6864406779661016
pretrain,gsm8k_908,"agent-openrouter-deepseek-v3-008,agent-openrouter-deepseek-v3-009,agent-openrouter-deepseek-v3-007,agent-openrouter-deepseek-v3-008,agent-openrouter-deepseek-v3-008",5,1,1,0.6869712351945855
pretrain,gsm8k_1111,"agent-openrouter-deepseek-v3-007,agent-openrouter-deepseek-v3-009,agent-openrouter-deepseek-v3-008,agent-openrouter-deepseek-v3-007,agent-openrouter-deepseek-v3-008,agent-openrouter-deepseek-v3-007,agent-openrouter-deepseek-v3-009",7,1,1,0.6875
pretrain,gsm8k_246,"agent-openrouter-deepseek-v3-007,agent-openrouter-deepseek-v3-008,agent-openrouter-deepseek-v3-010,agent-openrouter-deepseek-v3-008,agent-openrouter-deepseek-v3-008",5,0,1,0.6863406408094435
pretrain,gsm8k_1119,"agent-openrouter-deepseek-v3-007,agent-openrouter-deepseek-v3-006,agent-openrouter-deepseek-v3-008,agent-openrouter-deepseek-v3-006,agent-openrouter-deepseek-v3-006",5,1,1,0.6868686868686869
pretrain,gsm8k_502,"agent-openrouter-deepseek-v3-006,agent-openrouter-deepseek-v3-007,agent-openrouter-deepseek-v3-010,agent-openrouter-deepseek-v3-008,agent-openrouter-deepseek-v3-007",5,1,1,0.6873949579831933
pretrain,gsm8k_458,"agent-openrouter-deepseek-v3-009,agent-openrouter-deepseek-v3-008,agent-openrouter-deepseek-v3-007,agent-openrouter-deepseek-v3-008,agent-openrouter-deepseek-v3-008,agent-openrouter-deepseek-v3-009,agent-openrouter-deepseek-v3-009,agent-openrouter-deepseek-v3-009",8,1,1,0.6879194630872483
pretrain,gsm8k_17,"agent-openrouter-deepseek-v3-007,agent-openrouter-deepseek-v3-008,agent-openrouter-deepseek-v3-010,agent-openrouter-deepseek-v3-008,agent-openrouter-deepseek-v3-008",5,0,1,0.6867671691792295
pretrain,gsm8k_1250,"agent-openrouter-deepseek-v3-008,agent-openrouter-deepseek-v3-009,agent-openrouter-deepseek-v3-007,agent-openrouter-deepseek-v3-008",4,1,1,0.6872909698996655
pretrain,gsm8k_301,"agent-openrouter-deepseek-v3-010,agent-openrouter-deepseek-v3-008,agent-openrouter-deepseek-v3-009,agent-openrouter-deepseek-v3-008,agent-openrouter-deepseek-v3-008",5,1,1,0.6878130217028381
pretrain,gsm8k_226,"agent-openrouter-deepseek-v3-008,agent-openrouter-deepseek-v3-007,agent-openrouter-deepseek-v3-009,agent-openrouter-deepseek-v3-008,agent-openrouter-deepseek-v3-008,agent-openrouter-deepseek-v3-008",6,0,1,0.6866666666666666
pretrain,gsm8k_645,"agent-openrouter-deepseek-v3-008,agent-openrouter-deepseek-v3-009,agent-openrouter-deepseek-v3-007",3,1,1,0.6871880199667221
pretrain,gsm8k_1230,"agent-openrouter-deepseek-v3-010,agent-openrouter-deepseek-v3-008,agent-openrouter-deepseek-v3-007,agent-openrouter-deepseek-v3-008,agent-openrouter-deepseek-v3-008",5,1,1,0.6877076411960132
pretrain,gsm8k_1173,"agent-openrouter-deepseek-v3-006,agent-openrouter-deepseek-v3-007,agent-openrouter-deepseek-v3-008,agent-openrouter-deepseek-v3-006",4,1,1,0.6882255389718076
pretrain,gsm8k_595,"agent-openrouter-deepseek-v3-009,agent-openrouter-deepseek-v3-008,agent-openrouter-deepseek-v3-007,agent-openrouter-deepseek-v3-008",4,1,1,0.6887417218543046
pretrain,gsm8k_1186,"agent-openrouter-deepseek-v3-008,agent-openrouter-deepseek-v3-010,agent-openrouter-deepseek-v3-007,agent-openrouter-deepseek-v3-008",4,1,1,0.6892561983471074
pretrain,gsm8k_352,"agent-openrouter-deepseek-v3-007,agent-openrouter-deepseek-v3-008,agent-openrouter-deepseek-v3-010",3,1,1,0.6897689768976898
pretrain,gsm8k_729,"agent-openrouter-deepseek-v3-006,agent-openrouter-deepseek-v3-008,agent-openrouter-deepseek-v3-007",3,1,1,0.6902800658978583
pretrain,gsm8k_964,"agent-openrouter-deepseek-v3-009,agent-openrouter-deepseek-v3-010,agent-openrouter-deepseek-v3-007",3,1,1,0.6907894736842105
pretrain,gsm8k_1222,"agent-openrouter-deepseek-v3-006,agent-openrouter-deepseek-v3-007,agent-openrouter-deepseek-v3-010",3,1,1,0.6912972085385879
pretrain,gsm8k_1038,"agent-openrouter-deepseek-v3-009,agent-openrouter-deepseek-v3-007,agent-openrouter-deepseek-v3-008,agent-openrouter-deepseek-v3-009,agent-openrouter-deepseek-v3-009,agent-openrouter-deepseek-v3-010",6,1,1,0.6918032786885245
pretrain,gsm8k_232,"agent-openrouter-deepseek-v3-008,agent-openrouter-deepseek-v3-009,agent-openrouter-deepseek-v3-007,agent-openrouter-deepseek-v3-008",4,1,1,0.6923076923076923
pretrain,gsm8k_632,"agent-openrouter-deepseek-v3-009,agent-openrouter-deepseek-v3-008,agent-openrouter-deepseek-v3-007,agent-openrouter-deepseek-v3-008",4,0,1,0.6911764705882353
pretrain,gsm8k_1315,"agent-openrouter-deepseek-v3-008,agent-openrouter-deepseek-v3-009,agent-openrouter-deepseek-v3-007,agent-openrouter-deepseek-v3-008,agent-openrouter-deepseek-v3-008",5,1,1,0.6916802610114192
pretrain,gsm8k_128,"agent-openrouter-deepseek-v3-006,agent-openrouter-deepseek-v3-007,agent-openrouter-deepseek-v3-010,agent-openrouter-deepseek-v3-007,agent-openrouter-deepseek-v3-007,agent-openrouter-deepseek-v3-010,agent-openrouter-deepseek-v3-010",7,0,1,0.6905537459283387
pretrain,gsm8k_834,"agent-openrouter-deepseek-v3-010,agent-openrouter-deepseek-v3-008,agent-openrouter-deepseek-v3-007,agent-openrouter-deepseek-v3-010",4,1,1,0.6910569105691057
pretrain,gsm8k_1305,"agent-openrouter-deepseek-v3-009,agent-openrouter-deepseek-v3-008,agent-openrouter-deepseek-v3-007,agent-openrouter-deepseek-v3-008,agent-openrouter-deepseek-v3-008,agent-openrouter-deepseek-v3-008",6,1,1,0.6915584415584416
pretrain,gsm8k_369,"agent-openrouter-deepseek-v3-007,agent-openrouter-deepseek-v3-010,agent-openrouter-deepseek-v3-008,agent-openrouter-deepseek-v3-008,agent-openrouter-deepseek-v3-008,agent-openrouter-deepseek-v3-008",6,1,1,0.6920583468395461
pretrain,gsm8k_98,"agent-openrouter-deepseek-v3-010,agent-openrouter-deepseek-v3-006,agent-openrouter-deepseek-v3-007,agent-openrouter-deepseek-v3-010,agent-openrouter-deepseek-v3-010,agent-openrouter-deepseek-v3-006",6,1,1,0.6925566343042071
pretrain,gsm8k_1008,"agent-openrouter-deepseek-v3-010,agent-openrouter-deepseek-v3-008,agent-openrouter-deepseek-v3-007,agent-openrouter-deepseek-v3-008",4,1,1,0.6930533117932148
pretrain,gsm8k_503,"agent-openrouter-deepseek-v3-007,agent-openrouter-deepseek-v3-008,agent-openrouter-deepseek-v3-009,agent-openrouter-deepseek-v3-008",4,0,1,0.6919354838709677
pretrain,gsm8k_1047,"agent-openrouter-deepseek-v3-007,agent-openrouter-deepseek-v3-008,agent-openrouter-deepseek-v3-009,agent-openrouter-deepseek-v3-008,agent-openrouter-deepseek-v3-008,agent-openrouter-deepseek-v3-008,agent-openrouter-deepseek-v3-008",7,1,1,0.6924315619967794
pretrain,gsm8k_554,"agent-openrouter-deepseek-v3-010,agent-openrouter-deepseek-v3-008,agent-openrouter-deepseek-v3-007,agent-openrouter-deepseek-v3-010,agent-openrouter-deepseek-v3-009,agent-openrouter-deepseek-v3-010",6,1,1,0.6929260450160771
pretrain,gsm8k_732,"agent-openrouter-deepseek-v3-007,agent-openrouter-deepseek-v3-009,agent-openrouter-deepseek-v3-008,agent-openrouter-deepseek-v3-009",4,0,1,0.6918138041733547
pretrain,gsm8k_390,"agent-openrouter-deepseek-v3-006,agent-openrouter-deepseek-v3-008,agent-openrouter-deepseek-v3-007,agent-openrouter-deepseek-v3-008",4,1,1,0.6923076923076923
pretrain,gsm8k_1216,"agent-openrouter-deepseek-v3-008,agent-openrouter-deepseek-v3-009,agent-openrouter-deepseek-v3-007,agent-openrouter-deepseek-v3-008,agent-openrouter-deepseek-v3-008,agent-openrouter-deepseek-v3-008",6,0,1,0.6912
pretrain,gsm8k_962,"agent-openrouter-deepseek-v3-008,agent-openrouter-deepseek-v3-010,agent-openrouter-deepseek-v3-007",3,0,1,0.6900958466453674
pretrain,gsm8k_568,"agent-openrouter-deepseek-v3-008,agent-openrouter-deepseek-v3-010,agent-openrouter-deepseek-v3-007,agent-openrouter-deepseek-v3-008",4,1,1,0.6905901116427432
pretrain,gsm8k_1077,"agent-openrouter-deepseek-v3-007,agent-openrouter-deepseek-v3-006,agent-openrouter-deepseek-v3-008,agent-openrouter-deepseek-v3-007,agent-openrouter-deepseek-v3-007,agent-openrouter-deepseek-v3-007,agent-openrouter-deepseek-v3-007,agent-openrouter-deepseek-v3-007",8,0,1,0.6894904458598726
pretrain,gsm8k_933,"agent-openrouter-deepseek-v3-006,agent-openrouter-deepseek-v3-007,agent-openrouter-deepseek-v3-008,agent-openrouter-deepseek-v3-008,agent-openrouter-deepseek-v3-008",5,1,1,0.6899841017488076
pretrain,gsm8k_825,"agent-openrouter-deepseek-v3-008,agent-openrouter-deepseek-v3-009,agent-openrouter-deepseek-v3-007,agent-openrouter-deepseek-v3-008,agent-openrouter-deepseek-v3-008,agent-openrouter-deepseek-v3-008,agent-openrouter-deepseek-v3-008",7,0,1,0.6888888888888889
pretrain,gsm8k_684,"agent-openrouter-deepseek-v3-007,agent-openrouter-deepseek-v3-010,agent-openrouter-deepseek-v3-008,agent-openrouter-deepseek-v3-007,agent-openrouter-deepseek-v3-008,agent-openrouter-deepseek-v3-008",6,1,1,0.6893819334389857
pretrain,gsm8k_1066,"agent-openrouter-deepseek-v3-009,agent-openrouter-deepseek-v3-007,agent-openrouter-deepseek-v3-008,agent-openrouter-deepseek-v3-007,agent-openrouter-deepseek-v3-006,agent-openrouter-deepseek-v3-008",6,0,1,0.6882911392405063
pretrain,gsm8k_520,"agent-openrouter-deepseek-v3-007,agent-openrouter-deepseek-v3-008,agent-openrouter-deepseek-v3-010,agent-openrouter-deepseek-v3-008",4,1,1,0.688783570300158
pretrain,gsm8k_1276,"agent-openrouter-deepseek-v3-006,agent-openrouter-deepseek-v3-008,agent-openrouter-deepseek-v3-007,agent-openrouter-deepseek-v3-006,agent-openrouter-deepseek-v3-008",5,1,1,0.6892744479495269
pretrain,gsm8k_951,"agent-openrouter-deepseek-v3-008,agent-openrouter-deepseek-v3-009,agent-openrouter-deepseek-v3-010,agent-openrouter-deepseek-v3-008",4,1,1,0.6897637795275591
pretrain,gsm8k_660,"agent-openrouter-deepseek-v3-009,agent-openrouter-deepseek-v3-008,agent-openrouter-deepseek-v3-007,agent-openrouter-deepseek-v3-008,agent-openrouter-deepseek-v3-008",5,1,1,0.690251572327044
pretrain,gsm8k_144,"agent-openrouter-deepseek-v3-007,agent-openrouter-deepseek-v3-008,agent-openrouter-deepseek-v3-010,agent-openrouter-deepseek-v3-007,agent-openrouter-deepseek-v3-007,agent-openrouter-deepseek-v3-007,agent-openrouter-deepseek-v3-007,agent-openrouter-deepseek-v3-008",8,0,1,0.6891679748822606
pretrain,gsm8k_1162,"agent-openrouter-deepseek-v3-008,agent-openrouter-deepseek-v3-009,agent-openrouter-deepseek-v3-007,agent-openrouter-deepseek-v3-008",4,1,1,0.6896551724137931
pretrain,gsm8k_426,"agent-openrouter-deepseek-v3-010,agent-openrouter-deepseek-v3-009,agent-openrouter-deepseek-v3-008,agent-openrouter-deepseek-v3-009",4,0,1,0.6885758998435054
pretrain,gsm8k_99,"agent-openrouter-deepseek-v3-009,agent-openrouter-deepseek-v3-006,agent-openrouter-deepseek-v3-008,agent-openrouter-deepseek-v3-009,agent-openrouter-deepseek-v3-008",5,1,1,0.6890625
pretrain,gsm8k_1053,"agent-openrouter-deepseek-v3-010,agent-openrouter-deepseek-v3-008,agent-openrouter-deepseek-v3-007,agent-openrouter-deepseek-v3-008,agent-openrouter-deepseek-v3-008,agent-openrouter-deepseek-v3-008",6,1,1,0.6895475819032761
pretrain,gsm8k_1050,"agent-openrouter-deepseek-v3-010,agent-openrouter-deepseek-v3-007,agent-openrouter-deepseek-v3-008",3,0,1,0.6884735202492211
pretrain,gsm8k_184,"agent-openrouter-deepseek-v3-008,agent-openrouter-deepseek-v3-009,agent-openrouter-deepseek-v3-007,agent-openrouter-deepseek-v3-008,agent-openrouter-deepseek-v3-008",5,0,1,0.687402799377916
pretrain,gsm8k_91,"agent-openrouter-deepseek-v3-008,agent-openrouter-deepseek-v3-010,agent-openrouter-deepseek-v3-009,agent-openrouter-deepseek-v3-008,agent-openrouter-deepseek-v3-008",5,1,1,0.687888198757764
pretrain,gsm8k_716,"agent-openrouter-deepseek-v3-009,agent-openrouter-deepseek-v3-010,agent-openrouter-deepseek-v3-007,agent-openrouter-deepseek-v3-009,agent-openrouter-deepseek-v3-007",5,1,1,0.6883720930232559
pretrain,gsm8k_7,"agent-openrouter-deepseek-v3-007,agent-openrouter-deepseek-v3-008,agent-openrouter-deepseek-v3-009,agent-openrouter-deepseek-v3-009,agent-openrouter-deepseek-v3-008",5,0,1,0.6873065015479877
pretrain,gsm8k_913,"agent-openrouter-deepseek-v3-010,agent-openrouter-deepseek-v3-008,agent-openrouter-deepseek-v3-009,agent-openrouter-deepseek-v3-008",4,1,1,0.6877897990726429
pretrain,gsm8k_903,"agent-openrouter-deepseek-v3-010,agent-openrouter-deepseek-v3-008,agent-openrouter-deepseek-v3-006,agent-openrouter-deepseek-v3-008,agent-openrouter-deepseek-v3-008,agent-openrouter-deepseek-v3-008",6,1,1,0.6882716049382716
pretrain,gsm8k_1123,"agent-openrouter-deepseek-v3-010,agent-openrouter-deepseek-v3-007,agent-openrouter-deepseek-v3-009,agent-openrouter-deepseek-v3-009,agent-openrouter-deepseek-v3-010",5,1,1,0.6887519260400616
pretrain,gsm8k_1046,"agent-openrouter-deepseek-v3-008,agent-openrouter-deepseek-v3-006,agent-openrouter-deepseek-v3-007,agent-openrouter-deepseek-v3-008,agent-openrouter-deepseek-v3-008,agent-openrouter-deepseek-v3-008",6,0,1,0.6876923076923077
pretrain,gsm8k_1192,"agent-openrouter-deepseek-v3-008,agent-openrouter-deepseek-v3-009,agent-openrouter-deepseek-v3-007,agent-openrouter-deepseek-v3-008,agent-openrouter-deepseek-v3-008",5,1,1,0.6881720430107527
pretrain,gsm8k_1084,"agent-openrouter-deepseek-v3-008,agent-openrouter-deepseek-v3-010,agent-openrouter-deepseek-v3-007,agent-openrouter-deepseek-v3-008,agent-openrouter-deepseek-v3-008,agent-openrouter-deepseek-v3-008",6,1,1,0.6886503067484663
pretrain,gsm8k_699,"agent-openrouter-deepseek-v3-008,agent-openrouter-deepseek-v3-007,agent-openrouter-deepseek-v3-010",3,1,1,0.6891271056661562
pretrain,gsm8k_149,"agent-openrouter-deepseek-v3-007,agent-openrouter-deepseek-v3-009,agent-openrouter-deepseek-v3-006",3,1,1,0.6896024464831805
pretrain,gsm8k_1015,"agent-openrouter-deepseek-v3-006,agent-openrouter-deepseek-v3-008,agent-openrouter-deepseek-v3-009,agent-openrouter-deepseek-v3-007,agent-openrouter-deepseek-v3-007,agent-openrouter-deepseek-v3-010",6,1,1,0.6900763358778625
pretrain,gsm8k_1087,"agent-openrouter-deepseek-v3-008,agent-openrouter-deepseek-v3-009,agent-openrouter-deepseek-v3-006,agent-openrouter-deepseek-v3-008",4,1,1,0.6905487804878049
pretrain,gsm8k_1289,"agent-openrouter-deepseek-v3-007,agent-openrouter-deepseek-v3-008,agent-openrouter-deepseek-v3-006,agent-openrouter-deepseek-v3-008,agent-openrouter-deepseek-v3-006",5,1,1,0.6910197869101978
pretrain,gsm8k_842,"agent-openrouter-deepseek-v3-009,agent-openrouter-deepseek-v3-008,agent-openrouter-deepseek-v3-007,agent-openrouter-deepseek-v3-008",4,1,1,0.6914893617021277
pretrain,gsm8k_385,"agent-openrouter-deepseek-v3-010,agent-openrouter-deepseek-v3-008,agent-openrouter-deepseek-v3-006,agent-openrouter-deepseek-v3-010,agent-openrouter-deepseek-v3-008",5,1,1,0.6919575113808801
pretrain,gsm8k_1120,"agent-openrouter-deepseek-v3-009,agent-openrouter-deepseek-v3-008,agent-openrouter-deepseek-v3-010,agent-openrouter-deepseek-v3-008,agent-openrouter-deepseek-v3-008,agent-openrouter-deepseek-v3-008,agent-openrouter-deepseek-v3-008",7,1,1,0.6924242424242424
pretrain,gsm8k_963,"agent-openrouter-deepseek-v3-007,agent-openrouter-deepseek-v3-009,agent-openrouter-deepseek-v3-008,agent-openrouter-deepseek-v3-009,agent-openrouter-deepseek-v3-009,agent-openrouter-deepseek-v3-009",6,0,1,0.6913767019667171
pretrain,gsm8k_860,"agent-openrouter-deepseek-v3-010,agent-openrouter-deepseek-v3-008,agent-openrouter-deepseek-v3-007,agent-openrouter-deepseek-v3-008,agent-openrouter-deepseek-v3-008",5,1,1,0.6918429003021148
pretrain,gsm8k_662,"agent-openrouter-deepseek-v3-007,agent-openrouter-deepseek-v3-008,agent-openrouter-deepseek-v3-009,agent-openrouter-deepseek-v3-008,agent-openrouter-deepseek-v3-008",5,1,1,0.6923076923076923
pretrain,gsm8k_782,"agent-openrouter-deepseek-v3-008,agent-openrouter-deepseek-v3-009,agent-openrouter-deepseek-v3-007,agent-openrouter-deepseek-v3-008,agent-openrouter-deepseek-v3-008,agent-openrouter-deepseek-v3-009,agent-openrouter-deepseek-v3-008",7,0,1,0.6912650602409639
pretrain,gsm8k_1121,"agent-openrouter-deepseek-v3-006,agent-openrouter-deepseek-v3-008,agent-openrouter-deepseek-v3-007,agent-openrouter-deepseek-v3-008",4,1,1,0.6917293233082706
pretrain,gsm8k_690,"agent-openrouter-deepseek-v3-009,agent-openrouter-deepseek-v3-007,agent-openrouter-deepseek-v3-008,agent-openrouter-deepseek-v3-009,agent-openrouter-deepseek-v3-007,agent-openrouter-deepseek-v3-009",6,0,1,0.6906906906906907
pretrain,gsm8k_1042,"agent-openrouter-deepseek-v3-007,agent-openrouter-deepseek-v3-009,agent-openrouter-deepseek-v3-008,agent-openrouter-deepseek-v3-007,agent-openrouter-deepseek-v3-009,agent-openrouter-deepseek-v3-009",6,0,1,0.6896551724137931
pretrain,gsm8k_654,"agent-openrouter-deepseek-v3-009,agent-openrouter-deepseek-v3-008,agent-openrouter-deepseek-v3-007,agent-openrouter-deepseek-v3-008",4,0,1,0.688622754491018
pretrain,gsm8k_174,"agent-openrouter-deepseek-v3-007,agent-openrouter-deepseek-v3-008,agent-openrouter-deepseek-v3-006,agent-openrouter-deepseek-v3-008,agent-openrouter-deepseek-v3-008,agent-openrouter-deepseek-v3-008,agent-openrouter-deepseek-v3-008,agent-openrouter-deepseek-v3-008",8,1,1,0.6890881913303438
pretrain,gsm8k_1159,"agent-openrouter-deepseek-v3-008,agent-openrouter-deepseek-v3-006,agent-openrouter-deepseek-v3-007,agent-openrouter-deepseek-v3-008,agent-openrouter-deepseek-v3-008,agent-openrouter-deepseek-v3-008,agent-openrouter-deepseek-v3-008,agent-openrouter-deepseek-v3-008",8,0,1,0.6880597014925374
pretrain,gsm8k_665,"agent-openrouter-deepseek-v3-009,agent-openrouter-deepseek-v3-008,agent-openrouter-deepseek-v3-006,agent-openrouter-deepseek-v3-008",4,1,1,0.6885245901639344
pretrain,gsm8k_602,"agent-openrouter-deepseek-v3-010,agent-openrouter-deepseek-v3-008,agent-openrouter-deepseek-v3-007",3,1,1,0.6889880952380952
pretrain,gsm8k_816,"agent-openrouter-deepseek-v3-009,agent-openrouter-deepseek-v3-010,agent-openrouter-deepseek-v3-008,agent-openrouter-deepseek-v3-007",4,1,1,0.6894502228826151
pretrain,gsm8k_603,"agent-openrouter-deepseek-v3-008,agent-openrouter-deepseek-v3-007,agent-openrouter-deepseek-v3-010",3,1,1,0.6899109792284867
pretrain,gsm8k_58,"agent-openrouter-deepseek-v3-008,agent-openrouter-deepseek-v3-007,agent-openrouter-deepseek-v3-010,agent-openrouter-deepseek-v3-008,agent-openrouter-deepseek-v3-008,agent-openrouter-deepseek-v3-008",6,1,1,0.6903703703703704
pretrain,gsm8k_420,"agent-openrouter-deepseek-v3-007,agent-openrouter-deepseek-v3-008,agent-openrouter-deepseek-v3-009,agent-openrouter-deepseek-v3-008,agent-openrouter-deepseek-v3-008",5,1,1,0.6908284023668639
pretrain,gsm8k_33,"agent-openrouter-deepseek-v3-008,agent-openrouter-deepseek-v3-007,agent-openrouter-deepseek-v3-009,agent-openrouter-deepseek-v3-008,agent-openrouter-deepseek-v3-008,agent-openrouter-deepseek-v3-008",6,1,1,0.691285081240768
pretrain,gsm8k_205,"agent-openrouter-deepseek-v3-008,agent-openrouter-deepseek-v3-007,agent-openrouter-deepseek-v3-010,agent-openrouter-deepseek-v3-008,agent-openrouter-deepseek-v3-008",5,0,1,0.6902654867256637
pretrain,gsm8k_459,"agent-openrouter-deepseek-v3-010,agent-openrouter-deepseek-v3-008,agent-openrouter-deepseek-v3-009,agent-openrouter-deepseek-v3-008,agent-openrouter-deepseek-v3-008,agent-openrouter-deepseek-v3-008,agent-openrouter-deepseek-v3-008",7,0,1,0.6892488954344624
pretrain,gsm8k_37,"agent-openrouter-deepseek-v3-006,agent-openrouter-deepseek-v3-008,agent-openrouter-deepseek-v3-007,agent-openrouter-deepseek-v3-008,agent-openrouter-deepseek-v3-008,agent-openrouter-deepseek-v3-008",6,0,1,0.6882352941176471
pretrain,gsm8k_295,"agent-openrouter-deepseek-v3-006,agent-openrouter-deepseek-v3-008,agent-openrouter-deepseek-v3-007,agent-openrouter-deepseek-v3-008,agent-openrouter-deepseek-v3-008,agent-openrouter-deepseek-v3-008,agent-openrouter-deepseek-v3-008,agent-openrouter-deepseek-v3-008",8,0,1,0.6872246696035242
pretrain,gsm8k_1051,"agent-openrouter-deepseek-v3-007,agent-openrouter-deepseek-v3-008,agent-openrouter-deepseek-v3-009",3,1,1,0.6876832844574781
pretrain,gsm8k_975,"agent-openrouter-deepseek-v3-008,agent-openrouter-deepseek-v3-007,agent-openrouter-deepseek-v3-009,agent-openrouter-deepseek-v3-008,agent-openrouter-deepseek-v3-008",5,1,1,0.6881405563689604
pretrain,gsm8k_719,"agent-openrouter-deepseek-v3-008,agent-openrouter-deepseek-v3-007,agent-openrouter-deepseek-v3-009,agent-openrouter-deepseek-v3-008",4,1,1,0.6885964912280702
pretrain,gsm8k_1065,"agent-openrouter-deepseek-v3-008,agent-openrouter-deepseek-v3-009,agent-openrouter-deepseek-v3-007,agent-openrouter-deepseek-v3-008",4,1,1,0.689051094890511
pretrain,gsm8k_76,"agent-openrouter-deepseek-v3-006,agent-openrouter-deepseek-v3-007,agent-openrouter-deepseek-v3-009,agent-openrouter-deepseek-v3-007,agent-openrouter-deepseek-v3-007,agent-openrouter-deepseek-v3-007,agent-openrouter-deepseek-v3-007",7,0,1,0.6880466472303207
pretrain,gsm8k_786,"agent-openrouter-deepseek-v3-006,agent-openrouter-deepseek-v3-008,agent-openrouter-deepseek-v3-009,agent-openrouter-deepseek-v3-008",4,1,1,0.6885007278020379
pretrain,gsm8k_979,"agent-openrouter-deepseek-v3-010,agent-openrouter-deepseek-v3-008,agent-openrouter-deepseek-v3-007,agent-openrouter-deepseek-v3-010,agent-openrouter-deepseek-v3-010,agent-openrouter-deepseek-v3-010,agent-openrouter-deepseek-v3-008",7,0,1,0.6875
pretrain,gsm8k_155,"agent-openrouter-deepseek-v3-010,agent-openrouter-deepseek-v3-008,agent-openrouter-deepseek-v3-007,agent-openrouter-deepseek-v3-010,agent-openrouter-deepseek-v3-010,agent-openrouter-deepseek-v3-010",6,0,1,0.6865021770682148
pretrain,gsm8k_1131,"agent-openrouter-deepseek-v3-008,agent-openrouter-deepseek-v3-006,agent-openrouter-deepseek-v3-010,agent-openrouter-deepseek-v3-008,agent-openrouter-deepseek-v3-008",5,1,1,0.6869565217391305
pretrain,gsm8k_809,"agent-openrouter-deepseek-v3-006,agent-openrouter-deepseek-v3-008,agent-openrouter-deepseek-v3-007,agent-openrouter-deepseek-v3-008,agent-openrouter-deepseek-v3-008,agent-openrouter-deepseek-v3-008",6,1,1,0.6874095513748191
pretrain,gsm8k_60,"agent-openrouter-deepseek-v3-008,agent-openrouter-deepseek-v3-009,agent-openrouter-deepseek-v3-007,agent-openrouter-deepseek-v3-008",4,0,1,0.6864161849710982
pretrain,gsm8k_1021,"agent-openrouter-deepseek-v3-008,agent-openrouter-deepseek-v3-007,agent-openrouter-deepseek-v3-009,agent-openrouter-deepseek-v3-008,agent-openrouter-deepseek-v3-008,agent-openrouter-deepseek-v3-008,agent-openrouter-deepseek-v3-008",7,0,1,0.6854256854256854
pretrain,gsm8k_880,"agent-openrouter-deepseek-v3-006,agent-openrouter-deepseek-v3-008,agent-openrouter-deepseek-v3-007,agent-openrouter-deepseek-v3-008",4,1,1,0.6858789625360231
pretrain,gsm8k_213,"agent-openrouter-deepseek-v3-006,agent-openrouter-deepseek-v3-008,agent-openrouter-deepseek-v3-007,agent-openrouter-deepseek-v3-008,agent-openrouter-deepseek-v3-008",5,1,1,0.6863309352517986
pretrain,gsm8k_310,"agent-openrouter-deepseek-v3-006,agent-openrouter-deepseek-v3-007,agent-openrouter-deepseek-v3-010,agent-openrouter-deepseek-v3-007,agent-openrouter-deepseek-v3-007,agent-openrouter-deepseek-v3-007,agent-openrouter-deepseek-v3-007",7,0,1,0.6853448275862069
pretrain,gsm8k_483,"agent-openrouter-deepseek-v3-010,agent-openrouter-deepseek-v3-007,agent-openrouter-deepseek-v3-008,agent-openrouter-deepseek-v3-007,agent-openrouter-deepseek-v3-008",5,1,1,0.6857962697274032
pretrain,gsm8k_404,"agent-openrouter-deepseek-v3-007,agent-openrouter-deepseek-v3-009,agent-openrouter-deepseek-v3-008,agent-openrouter-deepseek-v3-007,agent-openrouter-deepseek-v3-009,agent-openrouter-deepseek-v3-009",6,0,1,0.6848137535816619
pretrain,gsm8k_839,"agent-openrouter-deepseek-v3-006,agent-openrouter-deepseek-v3-008,agent-openrouter-deepseek-v3-007,agent-openrouter-deepseek-v3-008,agent-openrouter-deepseek-v3-008",5,1,1,0.6852646638054364
pretrain,gsm8k_115,"agent-openrouter-deepseek-v3-010,agent-openrouter-deepseek-v3-006,agent-openrouter-deepseek-v3-008,agent-openrouter-deepseek-v3-006,agent-openrouter-deepseek-v3-007,agent-openrouter-deepseek-v3-006,agent-openrouter-deepseek-v3-006,agent-openrouter-deepseek-v3-008",8,0,1,0.6842857142857143
test,gsm8k_397,"agent-openrouter-deepseek-v3-008,agent-openrouter-deepseek-v3-009,agent-openrouter-deepseek-v3-007,agent-openrouter-deepseek-v3-008,agent-openrouter-deepseek-v3-008,agent-openrouter-deepseek-v3-008",6,1,1,1.0
test,gsm8k_959,"agent-openrouter-deepseek-v3-008,agent-openrouter-deepseek-v3-007,agent-openrouter-deepseek-v3-009,agent-openrouter-deepseek-v3-008,agent-openrouter-deepseek-v3-008",5,1,1,1.0
test,gsm8k_831,"agent-openrouter-deepseek-v3-006,agent-openrouter-deepseek-v3-009,agent-openrouter-deepseek-v3-008,agent-openrouter-deepseek-v3-007,agent-openrouter-deepseek-v3-007,agent-openrouter-deepseek-v3-007,agent-openrouter-deepseek-v3-009",7,1,1,1.0
test,gsm8k_820,"agent-openrouter-deepseek-v3-007,agent-openrouter-deepseek-v3-006,agent-openrouter-deepseek-v3-008,agent-openrouter-deepseek-v3-010,agent-openrouter-deepseek-v3-006",5,1,1,1.0
test,gsm8k_883,"agent-openrouter-deepseek-v3-006,agent-openrouter-deepseek-v3-010,agent-openrouter-deepseek-v3-008,agent-openrouter-deepseek-v3-010",4,1,1,1.0
test,gsm8k_937,"agent-openrouter-deepseek-v3-009,agent-openrouter-deepseek-v3-008,agent-openrouter-deepseek-v3-010,agent-openrouter-deepseek-v3-007,agent-openrouter-deepseek-v3-009,agent-openrouter-deepseek-v3-007",6,1,1,1.0
test,gsm8k_697,"agent-openrouter-deepseek-v3-007,agent-openrouter-deepseek-v3-009,agent-openrouter-deepseek-v3-008,agent-openrouter-deepseek-v3-009,agent-openrouter-deepseek-v3-009",5,1,1,1.0
test,gsm8k_762,"agent-openrouter-deepseek-v3-010,agent-openrouter-deepseek-v3-008,agent-openrouter-deepseek-v3-009,agent-openrouter-deepseek-v3-008,agent-openrouter-deepseek-v3-008",5,1,1,1.0
test,gsm8k_715,"agent-openrouter-deepseek-v3-008,agent-openrouter-deepseek-v3-010,agent-openrouter-deepseek-v3-007,agent-openrouter-deepseek-v3-008,agent-openrouter-deepseek-v3-008,agent-openrouter-deepseek-v3-008",6,1,1,1.0
test,gsm8k_1009,"agent-openrouter-deepseek-v3-009,agent-openrouter-deepseek-v3-008,agent-openrouter-deepseek-v3-007,agent-openrouter-deepseek-v3-009,agent-openrouter-deepseek-v3-009,agent-openrouter-deepseek-v3-008,agent-openrouter-deepseek-v3-008",7,1,1,1.0
test,gsm8k_755,"agent-openrouter-deepseek-v3-008,agent-openrouter-deepseek-v3-007,agent-openrouter-deepseek-v3-009,agent-openrouter-deepseek-v3-008,agent-openrouter-deepseek-v3-008",5,1,1,1.0
test,gsm8k_1081,"agent-openrouter-deepseek-v3-008,agent-openrouter-deepseek-v3-010,agent-openrouter-deepseek-v3-007,agent-openrouter-deepseek-v3-008,agent-openrouter-deepseek-v3-008",5,1,1,1.0
test,gsm8k_872,"agent-openrouter-deepseek-v3-009,agent-openrouter-deepseek-v3-007,agent-openrouter-deepseek-v3-008,agent-openrouter-deepseek-v3-009,agent-openrouter-deepseek-v3-010,agent-openrouter-deepseek-v3-009",6,1,1,1.0
test,gsm8k_1227,"agent-openrouter-deepseek-v3-008,agent-openrouter-deepseek-v3-009,agent-openrouter-deepseek-v3-010,agent-openrouter-deepseek-v3-008,agent-openrouter-deepseek-v3-008",5,1,1,1.0
test,gsm8k_50,"agent-openrouter-deepseek-v3-009,agent-openrouter-deepseek-v3-007,agent-openrouter-deepseek-v3-008,agent-openrouter-deepseek-v3-009",4,1,1,1.0
test,gsm8k_557,"agent-openrouter-deepseek-v3-008,agent-openrouter-deepseek-v3-009,agent-openrouter-deepseek-v3-007,agent-openrouter-deepseek-v3-008,agent-openrouter-deepseek-v3-008,agent-openrouter-deepseek-v3-008,agent-openrouter-deepseek-v3-008",7,1,1,1.0
test,gsm8k_991,"agent-openrouter-deepseek-v3-009,agent-openrouter-deepseek-v3-007,agent-openrouter-deepseek-v3-008,agent-openrouter-deepseek-v3-009,agent-openrouter-deepseek-v3-009",5,0,1,0.9411764705882353
test,gsm8k_320,"agent-openrouter-deepseek-v3-006,agent-openrouter-deepseek-v3-009,agent-openrouter-deepseek-v3-008,agent-openrouter-deepseek-v3-006,agent-openrouter-deepseek-v3-006,agent-openrouter-deepseek-v3-006,agent-openrouter-deepseek-v3-008",7,0,1,0.8888888888888888
test,gsm8k_912,"agent-openrouter-deepseek-v3-008,agent-openrouter-deepseek-v3-006,agent-openrouter-deepseek-v3-007,agent-openrouter-deepseek-v3-008",4,1,1,0.8947368421052632
test,gsm8k_1017,"agent-openrouter-deepseek-v3-010,agent-openrouter-deepseek-v3-009,agent-openrouter-deepseek-v3-008,agent-openrouter-deepseek-v3-010",4,0,1,0.85
test,gsm8k_1169,"agent-openrouter-deepseek-v3-008,agent-openrouter-deepseek-v3-009,agent-openrouter-deepseek-v3-007,agent-openrouter-deepseek-v3-008,agent-openrouter-deepseek-v3-008,agent-openrouter-deepseek-v3-008",6,0,1,0.8095238095238095
test,gsm8k_739,"agent-openrouter-deepseek-v3-010,agent-openrouter-deepseek-v3-008,agent-openrouter-deepseek-v3-007,agent-openrouter-deepseek-v3-008,agent-openrouter-deepseek-v3-008",5,1,1,0.8181818181818182
test,gsm8k_80,"agent-openrouter-deepseek-v3-008,agent-openrouter-deepseek-v3-010,agent-openrouter-deepseek-v3-009,agent-openrouter-deepseek-v3-008,agent-openrouter-deepseek-v3-008",5,0,1,0.782608695652174
test,gsm8k_122,"agent-openrouter-deepseek-v3-006,agent-openrouter-deepseek-v3-009,agent-openrouter-deepseek-v3-008,agent-openrouter-deepseek-v3-010,agent-openrouter-deepseek-v3-006",5,0,1,0.75
test,gsm8k_1028,"agent-openrouter-deepseek-v3-006,agent-openrouter-deepseek-v3-008,agent-openrouter-deepseek-v3-007,agent-openrouter-deepseek-v3-008",4,1,1,0.76
test,gsm8k_560,"agent-openrouter-deepseek-v3-006,agent-openrouter-deepseek-v3-007,agent-openrouter-deepseek-v3-009,agent-openrouter-deepseek-v3-007,agent-openrouter-deepseek-v3-007,agent-openrouter-deepseek-v3-007",6,1,1,0.7692307692307693
test,gsm8k_38,"agent-openrouter-deepseek-v3-008,agent-openrouter-deepseek-v3-010,agent-openrouter-deepseek-v3-007,agent-openrouter-deepseek-v3-008",4,0,1,0.7407407407407407
test,gsm8k_396,"agent-openrouter-deepseek-v3-008,agent-openrouter-deepseek-v3-006,agent-openrouter-deepseek-v3-007,agent-openrouter-deepseek-v3-008,agent-openrouter-deepseek-v3-008",5,1,1,0.75
test,gsm8k_1001,"agent-openrouter-deepseek-v3-007,agent-openrouter-deepseek-v3-006,agent-openrouter-deepseek-v3-008,agent-openrouter-deepseek-v3-006,agent-openrouter-deepseek-v3-008,agent-openrouter-deepseek-v3-007,agent-openrouter-deepseek-v3-006",7,0,1,0.7241379310344828
test,gsm8k_1282,"agent-openrouter-deepseek-v3-007,agent-openrouter-deepseek-v3-009,agent-openrouter-deepseek-v3-006,agent-openrouter-deepseek-v3-006,agent-openrouter-deepseek-v3-006",5,1,1,0.7333333333333333
test,gsm8k_1228,"agent-openrouter-deepseek-v3-009,agent-openrouter-deepseek-v3-007,agent-openrouter-deepseek-v3-008",3,0,1,0.7096774193548387
test,gsm8k_513,"agent-openrouter-deepseek-v3-008,agent-openrouter-deepseek-v3-009,agent-openrouter-deepseek-v3-007,agent-openrouter-deepseek-v3-008,agent-openrouter-deepseek-v3-008",5,1,1,0.71875
test,gsm8k_304,"agent-openrouter-deepseek-v3-008,agent-openrouter-deepseek-v3-007,agent-openrouter-deepseek-v3-010,agent-openrouter-deepseek-v3-008,agent-openrouter-deepseek-v3-008,agent-openrouter-deepseek-v3-008",6,0,1,0.696969696969697
test,gsm8k_711,"agent-openrouter-deepseek-v3-010,agent-openrouter-deepseek-v3-008,agent-openrouter-deepseek-v3-007,agent-openrouter-deepseek-v3-008,agent-openrouter-deepseek-v3-008",5,1,1,0.7058823529411765
test,gsm8k_624,"agent-openrouter-deepseek-v3-007,agent-openrouter-deepseek-v3-010,agent-openrouter-deepseek-v3-008,agent-openrouter-deepseek-v3-010",4,1,1,0.7142857142857143
test,gsm8k_16,"agent-openrouter-deepseek-v3-010,agent-openrouter-deepseek-v3-006,agent-openrouter-deepseek-v3-008,agent-openrouter-deepseek-v3-008",4,0,0,0.6944444444444444
test,gsm8k_1041,"agent-openrouter-deepseek-v3-006,agent-openrouter-deepseek-v3-009,agent-openrouter-deepseek-v3-008,agent-openrouter-deepseek-v3-006,agent-openrouter-deepseek-v3-010,agent-openrouter-deepseek-v3-007",6,1,1,0.7027027027027027
test,gsm8k_147,"agent-openrouter-deepseek-v3-006,agent-openrouter-deepseek-v3-007,agent-openrouter-deepseek-v3-008,agent-openrouter-deepseek-v3-007,agent-openrouter-deepseek-v3-007",5,0,1,0.6842105263157895
test,gsm8k_361,"agent-openrouter-deepseek-v3-006,agent-openrouter-deepseek-v3-008,agent-openrouter-deepseek-v3-007,agent-openrouter-deepseek-v3-008,agent-openrouter-deepseek-v3-009",5,0,1,0.6666666666666666
test,gsm8k_482,"agent-openrouter-deepseek-v3-009,agent-openrouter-deepseek-v3-008,agent-openrouter-deepseek-v3-007,agent-openrouter-deepseek-v3-008",4,1,1,0.675
test,gsm8k_1095,"agent-openrouter-deepseek-v3-007,agent-openrouter-deepseek-v3-006,agent-openrouter-deepseek-v3-008,agent-openrouter-deepseek-v3-007,agent-openrouter-deepseek-v3-006",5,1,1,0.6829268292682927
test,gsm8k_508,"agent-openrouter-deepseek-v3-010,agent-openrouter-deepseek-v3-008,agent-openrouter-deepseek-v3-009,agent-openrouter-deepseek-v3-010,agent-openrouter-deepseek-v3-009,agent-openrouter-deepseek-v3-009",6,0,1,0.6666666666666666
test,gsm8k_935,"agent-openrouter-deepseek-v3-010,agent-openrouter-deepseek-v3-008,agent-openrouter-deepseek-v3-007,agent-openrouter-deepseek-v3-010,agent-openrouter-deepseek-v3-010,agent-openrouter-deepseek-v3-010,agent-openrouter-deepseek-v3-008",7,1,1,0.6744186046511628
test,gsm8k_708,"agent-openrouter-deepseek-v3-009,agent-openrouter-deepseek-v3-008,agent-openrouter-deepseek-v3-010",3,1,1,0.6818181818181818
test,gsm8k_1058,"agent-openrouter-deepseek-v3-007,agent-openrouter-deepseek-v3-008,agent-openrouter-deepseek-v3-009,agent-openrouter-deepseek-v3-008",4,1,1,0.6888888888888889
test,gsm8k_659,"agent-openrouter-deepseek-v3-010,agent-openrouter-deepseek-v3-006,agent-openrouter-deepseek-v3-008,agent-openrouter-deepseek-v3-010,agent-openrouter-deepseek-v3-010,agent-openrouter-deepseek-v3-010,agent-openrouter-deepseek-v3-010,agent-openrouter-deepseek-v3-007",8,0,1,0.6739130434782609
test,gsm8k_401,"agent-openrouter-deepseek-v3-008,agent-openrouter-deepseek-v3-006,agent-openrouter-deepseek-v3-010,agent-openrouter-deepseek-v3-008",4,0,1,0.6595744680851063
test,gsm8k_893,"agent-openrouter-deepseek-v3-010,agent-openrouter-deepseek-v3-008,agent-openrouter-deepseek-v3-009,agent-openrouter-deepseek-v3-008",4,1,1,0.6666666666666666
test,gsm8k_1027,"agent-openrouter-deepseek-v3-006,agent-openrouter-deepseek-v3-007,agent-openrouter-deepseek-v3-008,agent-openrouter-deepseek-v3-007,agent-openrouter-deepseek-v3-007,agent-openrouter-deepseek-v3-007",6,1,1,0.673469387755102
test,gsm8k_101,"agent-openrouter-deepseek-v3-009,agent-openrouter-deepseek-v3-008,agent-openrouter-deepseek-v3-010,agent-openrouter-deepseek-v3-007,agent-openrouter-deepseek-v3-008",5,1,1,0.68
test,gsm8k_1181,"agent-openrouter-deepseek-v3-009,agent-openrouter-deepseek-v3-007,agent-openrouter-deepseek-v3-008,agent-openrouter-deepseek-v3-009,agent-openrouter-deepseek-v3-009,agent-openrouter-deepseek-v3-008",6,0,1,0.6666666666666666
test,gsm8k_1006,"agent-openrouter-deepseek-v3-006,agent-openrouter-deepseek-v3-008,agent-openrouter-deepseek-v3-010,agent-openrouter-deepseek-v3-010",4,1,1,0.6730769230769231
test,gsm8k_1283,"agent-openrouter-deepseek-v3-008,agent-openrouter-deepseek-v3-010,agent-openrouter-deepseek-v3-009,agent-openrouter-deepseek-v3-008,agent-openrouter-deepseek-v3-008",5,0,1,0.660377358490566
test,gsm8k_419,"agent-openrouter-deepseek-v3-006,agent-openrouter-deepseek-v3-007,agent-openrouter-deepseek-v3-009,agent-openrouter-deepseek-v3-008",4,0,1,0.6481481481481481
test,gsm8k_331,"agent-openrouter-deepseek-v3-007,agent-openrouter-deepseek-v3-008,agent-openrouter-deepseek-v3-009,agent-openrouter-deepseek-v3-008,agent-openrouter-deepseek-v3-008,agent-openrouter-deepseek-v3-008",6,0,1,0.6363636363636364
test,gsm8k_960,"agent-openrouter-deepseek-v3-008,agent-openrouter-deepseek-v3-009,agent-openrouter-deepseek-v3-007,agent-openrouter-deepseek-v3-008,agent-openrouter-deepseek-v3-008,agent-openrouter-deepseek-v3-008",6,0,1,0.625
test,gsm8k_1106,"agent-openrouter-deepseek-v3-008,agent-openrouter-deepseek-v3-007,agent-openrouter-deepseek-v3-006,agent-openrouter-deepseek-v3-008",4,1,1,0.631578947368421
test,gsm8k_72,"agent-openrouter-deepseek-v3-010,agent-openrouter-deepseek-v3-007,agent-openrouter-deepseek-v3-008,agent-openrouter-deepseek-v3-010",4,1,1,0.6379310344827587
test,gsm8k_376,"agent-openrouter-deepseek-v3-008,agent-openrouter-deepseek-v3-009,agent-openrouter-deepseek-v3-007,agent-openrouter-deepseek-v3-008,agent-openrouter-deepseek-v3-008",5,1,1,0.6440677966101694
test,gsm8k_1174,"agent-openrouter-deepseek-v3-007,agent-openrouter-deepseek-v3-008,agent-openrouter-deepseek-v3-009,agent-openrouter-deepseek-v3-008,agent-openrouter-deepseek-v3-008,agent-openrouter-deepseek-v3-008,agent-openrouter-deepseek-v3-008,agent-openrouter-deepseek-v3-008",8,0,1,0.6333333333333333
test,gsm8k_84,"agent-openrouter-deepseek-v3-008,agent-openrouter-deepseek-v3-009,agent-openrouter-deepseek-v3-007,agent-openrouter-deepseek-v3-008,agent-openrouter-deepseek-v3-008,agent-openrouter-deepseek-v3-008",6,1,1,0.639344262295082
test,gsm8k_157,"agent-openrouter-deepseek-v3-006,agent-openrouter-deepseek-v3-007,agent-openrouter-deepseek-v3-008,agent-openrouter-deepseek-v3-006",4,0,1,0.6290322580645161
test,gsm8k_386,"agent-openrouter-deepseek-v3-008,agent-openrouter-deepseek-v3-007,agent-openrouter-deepseek-v3-010",3,1,1,0.6349206349206349
test,gsm8k_822,"agent-openrouter-deepseek-v3-008,agent-openrouter-deepseek-v3-010,agent-openrouter-deepseek-v3-007,agent-openrouter-deepseek-v3-008",4,1,1,0.640625
test,gsm8k_381,"agent-openrouter-deepseek-v3-006,agent-openrouter-deepseek-v3-009,agent-openrouter-deepseek-v3-007,agent-openrouter-deepseek-v3-006",4,1,1,0.6461538461538462
test,gsm8k_700,"agent-openrouter-deepseek-v3-009,agent-openrouter-deepseek-v3-007,agent-openrouter-deepseek-v3-008,agent-openrouter-deepseek-v3-009,agent-openrouter-deepseek-v3-006",5,1,1,0.6515151515151515
test,gsm8k_733,"agent-openrouter-deepseek-v3-006,agent-openrouter-deepseek-v3-008,agent-openrouter-deepseek-v3-007,agent-openrouter-deepseek-v3-008",4,1,1,0.6567164179104478
test,gsm8k_239,"agent-openrouter-deepseek-v3-008,agent-openrouter-deepseek-v3-009,agent-openrouter-deepseek-v3-007,agent-openrouter-deepseek-v3-008,agent-openrouter-deepseek-v3-008,agent-openrouter-deepseek-v3-008",6,1,1,0.6617647058823529
test,gsm8k_1254,"agent-openrouter-deepseek-v3-010,agent-openrouter-deepseek-v3-007,agent-openrouter-deepseek-v3-008,agent-openrouter-deepseek-v3-010",4,1,1,0.6666666666666666
test,gsm8k_1256,"agent-openrouter-deepseek-v3-010,agent-openrouter-deepseek-v3-006,agent-openrouter-deepseek-v3-008,agent-openrouter-deepseek-v3-008,agent-openrouter-deepseek-v3-008,agent-openrouter-deepseek-v3-009,agent-openrouter-deepseek-v3-008",7,1,1,0.6714285714285714
test,gsm8k_1045,"agent-openrouter-deepseek-v3-008,agent-openrouter-deepseek-v3-010,agent-openrouter-deepseek-v3-006,agent-openrouter-deepseek-v3-008,agent-openrouter-deepseek-v3-008,agent-openrouter-deepseek-v3-008,agent-openrouter-deepseek-v3-008",7,0,1,0.6619718309859155
test,gsm8k_256,"agent-openrouter-deepseek-v3-009,agent-openrouter-deepseek-v3-008,agent-openrouter-deepseek-v3-007,agent-openrouter-deepseek-v3-008,agent-openrouter-deepseek-v3-008,agent-openrouter-deepseek-v3-008",6,1,1,0.6666666666666666
test,gsm8k_857,"agent-openrouter-deepseek-v3-007,agent-openrouter-deepseek-v3-009,agent-openrouter-deepseek-v3-008,agent-openrouter-deepseek-v3-009,agent-openrouter-deepseek-v3-009",5,1,1,0.6712328767123288
test,gsm8k_252,"agent-openrouter-deepseek-v3-010,agent-openrouter-deepseek-v3-007,agent-openrouter-deepseek-v3-009,agent-openrouter-deepseek-v3-007,agent-openrouter-deepseek-v3-010,agent-openrouter-deepseek-v3-007",6,0,1,0.6621621621621622
test,gsm8k_494,"agent-openrouter-deepseek-v3-008,agent-openrouter-deepseek-v3-009,agent-openrouter-deepseek-v3-007,agent-openrouter-deepseek-v3-008,agent-openrouter-deepseek-v3-008",5,0,1,0.6533333333333333
test,gsm8k_803,"agent-openrouter-deepseek-v3-010,agent-openrouter-deepseek-v3-008,agent-openrouter-deepseek-v3-007,agent-openrouter-deepseek-v3-008,agent-openrouter-deepseek-v3-008,agent-openrouter-deepseek-v3-008,agent-openrouter-deepseek-v3-008",7,0,1,0.6447368421052632
test,gsm8k_1076,"agent-openrouter-deepseek-v3-009,agent-openrouter-deepseek-v3-010,agent-openrouter-deepseek-v3-007,agent-openrouter-deepseek-v3-008,agent-openrouter-deepseek-v3-008",5,1,1,0.6493506493506493
test,gsm8k_605,"agent-openrouter-deepseek-v3-006,agent-openrouter-deepseek-v3-009,agent-openrouter-deepseek-v3-007,agent-openrouter-deepseek-v3-007,agent-openrouter-deepseek-v3-009,agent-openrouter-deepseek-v3-007",6,1,1,0.6538461538461539
test,gsm8k_221,"agent-openrouter-deepseek-v3-010,agent-openrouter-deepseek-v3-008,agent-openrouter-deepseek-v3-009,agent-openrouter-deepseek-v3-008",4,1,1,0.6582278481012658
test,gsm8k_950,"agent-openrouter-deepseek-v3-008,agent-openrouter-deepseek-v3-010,agent-openrouter-deepseek-v3-007,agent-openrouter-deepseek-v3-008,agent-openrouter-deepseek-v3-008,agent-openrouter-deepseek-v3-008,agent-openrouter-deepseek-v3-008,agent-openrouter-deepseek-v3-008",8,1,1,0.6625
test,gsm8k_1003,"agent-openrouter-deepseek-v3-007,agent-openrouter-deepseek-v3-010,agent-openrouter-deepseek-v3-008,agent-openrouter-deepseek-v3-010,agent-openrouter-deepseek-v3-010",5,0,1,0.654320987654321
test,gsm8k_1218,"agent-openrouter-deepseek-v3-008,agent-openrouter-deepseek-v3-007,agent-openrouter-deepseek-v3-006,agent-openrouter-deepseek-v3-008,agent-openrouter-deepseek-v3-008,agent-openrouter-deepseek-v3-008",6,0,1,0.6463414634146342
test,gsm8k_1290,"agent-openrouter-deepseek-v3-007,agent-openrouter-deepseek-v3-008,agent-openrouter-deepseek-v3-009,agent-openrouter-deepseek-v3-008",4,1,1,0.6506024096385542
test,gsm8k_46,"agent-openrouter-deepseek-v3-008,agent-openrouter-deepseek-v3-010,agent-openrouter-deepseek-v3-009,agent-openrouter-deepseek-v3-008,agent-openrouter-deepseek-v3-008",5,1,1,0.6547619047619048
test,gsm8k_779,"agent-openrouter-deepseek-v3-007,agent-openrouter-deepseek-v3-008,agent-openrouter-deepseek-v3-009,agent-openrouter-deepseek-v3-008,agent-openrouter-deepseek-v3-009,agent-openrouter-deepseek-v3-008",6,0,1,0.6470588235294118
test,gsm8k_294,"agent-openrouter-deepseek-v3-007,agent-openrouter-deepseek-v3-010,agent-openrouter-deepseek-v3-009,agent-openrouter-deepseek-v3-006",4,0,1,0.6395348837209303
test,gsm8k_300,"agent-openrouter-deepseek-v3-010,agent-openrouter-deepseek-v3-006,agent-openrouter-deepseek-v3-008,agent-openrouter-deepseek-v3-008",4,1,1,0.6436781609195402
test,gsm8k_917,"agent-openrouter-deepseek-v3-007,agent-openrouter-deepseek-v3-008,agent-openrouter-deepseek-v3-009,agent-openrouter-deepseek-v3-008",4,1,1,0.6477272727272727
test,gsm8k_988,"agent-openrouter-deepseek-v3-008,agent-openrouter-deepseek-v3-009,agent-openrouter-deepseek-v3-007,agent-openrouter-deepseek-v3-008",4,1,1,0.651685393258427
test,gsm8k_575,"agent-openrouter-deepseek-v3-008,agent-openrouter-deepseek-v3-010,agent-openrouter-deepseek-v3-007,agent-openrouter-deepseek-v3-008",4,1,1,0.6555555555555556
test,gsm8k_1016,"agent-openrouter-deepseek-v3-007,agent-openrouter-deepseek-v3-009,agent-openrouter-deepseek-v3-008,agent-openrouter-deepseek-v3-007,agent-openrouter-deepseek-v3-009,agent-openrouter-deepseek-v3-009",6,0,1,0.6483516483516484
test,gsm8k_89,"agent-openrouter-deepseek-v3-010,agent-openrouter-deepseek-v3-008,agent-openrouter-deepseek-v3-006,agent-openrouter-deepseek-v3-008",4,1,1,0.6521739130434783
test,gsm8k_823,"agent-openrouter-deepseek-v3-009,agent-openrouter-deepseek-v3-008,agent-openrouter-deepseek-v3-007,agent-openrouter-deepseek-v3-008",4,0,1,0.6451612903225806
test,gsm8k_702,"agent-openrouter-deepseek-v3-008,agent-openrouter-deepseek-v3-009,agent-openrouter-deepseek-v3-006,agent-openrouter-deepseek-v3-008,agent-openrouter-deepseek-v3-008",5,1,1,0.648936170212766
test,gsm8k_714,"agent-openrouter-deepseek-v3-010,agent-openrouter-deepseek-v3-008,agent-openrouter-deepseek-v3-009,agent-openrouter-deepseek-v3-008",4,0,1,0.6421052631578947
test,gsm8k_1262,"agent-openrouter-deepseek-v3-010,agent-openrouter-deepseek-v3-008,agent-openrouter-deepseek-v3-007,agent-openrouter-deepseek-v3-010,agent-openrouter-deepseek-v3-010",5,1,1,0.6458333333333334
test,gsm8k_92,"agent-openrouter-deepseek-v3-008,agent-openrouter-deepseek-v3-009,agent-openrouter-deepseek-v3-007,agent-openrouter-deepseek-v3-008",4,0,1,0.6391752577319587
test,gsm8k_299,"agent-openrouter-deepseek-v3-007,agent-openrouter-deepseek-v3-008,agent-openrouter-deepseek-v3-010,agent-openrouter-deepseek-v3-007,agent-openrouter-deepseek-v3-008,agent-openrouter-deepseek-v3-008,agent-openrouter-deepseek-v3-008",7,1,1,0.6428571428571429
test,gsm8k_667,"agent-openrouter-deepseek-v3-008,agent-openrouter-deepseek-v3-010,agent-openrouter-deepseek-v3-007,agent-openrouter-deepseek-v3-008,agent-openrouter-deepseek-v3-008",5,1,1,0.6464646464646465
test,gsm8k_780,"agent-openrouter-deepseek-v3-008,agent-openrouter-deepseek-v3-007,agent-openrouter-deepseek-v3-010,agent-openrouter-deepseek-v3-008,agent-openrouter-deepseek-v3-008,agent-openrouter-deepseek-v3-008,agent-openrouter-deepseek-v3-008,agent-openrouter-deepseek-v3-008",8,0,1,0.64
