phase,task_id,node_id,subtask_count,acc,ok,cum_acc
cold_start,medical_qa_0,agent-openrouter-deepseek-v3-0324-001,0,0,1,0.0
cold_start,medical_qa_1,agent-openrouter-deepseek-v3-0324-002,0,0,1,0.0
cold_start,medical_qa_2,agent-openrouter-deepseek-v3-0324-003,0,1,1,0.3333333333333333
cold_start,medical_qa_3,agent-openrouter-deepseek-v3-0324-004,0,1,1,0.5
cold_start,medical_qa_4,agent-openrouter-deepseek-v3-0324-005,0,0,1,0.4
cold_start,medical_qa_5,agent-openrouter-deepseek-v3-0324-001,0,1,1,0.5
cold_start,medical_qa_6,agent-openrouter-deepseek-v3-0324-002,0,0,1,0.42857142857142855
cold_start,medical_qa_7,agent-openrouter-deepseek-v3-0324-003,0,1,1,0.5
cold_start,medical_qa_8,agent-openrouter-deepseek-v3-0324-004,0,0,1,0.4444444444444444
cold_start,medical_qa_9,agent-openrouter-deepseek-v3-0324-005,0,0,1,0.4
cold_start,medical_qa_10,agent-openrouter-deepseek-v3-0324-001,0,0,1,0.36363636363636365
cold_start,medical_qa_11,agent-openrouter-deepseek-v3-0324-002,0,1,1,0.4166666666666667
cold_start,medical_qa_12,agent-openrouter-deepseek-v3-0324-003,0,0,1,0.38461538461538464
cold_start,medical_qa_13,agent-openrouter-deepseek-v3-0324-004,0,0,1,0.35714285714285715
cold_start,medical_qa_14,agent-openrouter-deepseek-v3-0324-005,0,0,1,0.3333333333333333
cold_start,medical_qa_15,agent-openrouter-deepseek-v3-0324-001,0,1,1,0.375
cold_start,medical_qa_16,agent-openrouter-deepseek-v3-0324-002,0,0,1,0.35294117647058826
cold_start,medical_qa_17,agent-openrouter-deepseek-v3-0324-003,0,1,1,0.3888888888888889
cold_start,medical_qa_18,agent-openrouter-deepseek-v3-0324-004,0,1,1,0.42105263157894735
cold_start,medical_qa_19,agent-openrouter-deepseek-v3-0324-005,0,1,1,0.45
cold_start,medical_qa_20,agent-openrouter-deepseek-v3-0324-001,0,1,1,0.47619047619047616
cold_start,medical_qa_21,agent-openrouter-deepseek-v3-0324-002,0,0,1,0.45454545454545453
cold_start,medical_qa_22,agent-openrouter-deepseek-v3-0324-003,0,1,1,0.4782608695652174
cold_start,medical_qa_23,agent-openrouter-deepseek-v3-0324-004,0,0,1,0.4583333333333333
cold_start,medical_qa_24,agent-openrouter-deepseek-v3-0324-005,0,0,1,0.44
cold_start,medical_qa_25,agent-openrouter-deepseek-v3-0324-001,0,0,1,0.4230769230769231
cold_start,medical_qa_26,agent-openrouter-deepseek-v3-0324-002,0,1,1,0.4444444444444444
cold_start,medical_qa_27,agent-openrouter-deepseek-v3-0324-003,0,0,1,0.42857142857142855
cold_start,medical_qa_28,agent-openrouter-deepseek-v3-0324-004,0,0,1,0.41379310344827586
cold_start,medical_qa_29,agent-openrouter-deepseek-v3-0324-005,0,0,1,0.4
cold_start,medical_qa_30,agent-openrouter-deepseek-v3-0324-001,0,1,1,0.41935483870967744
cold_start,medical_qa_31,agent-openrouter-deepseek-v3-0324-002,0,1,1,0.4375
cold_start,medical_qa_32,agent-openrouter-deepseek-v3-0324-003,0,1,1,0.45454545454545453
cold_start,medical_qa_33,agent-openrouter-deepseek-v3-0324-004,0,0,1,0.4411764705882353
cold_start,medical_qa_34,agent-openrouter-deepseek-v3-0324-005,0,0,1,0.42857142857142855
cold_start,medical_qa_35,agent-openrouter-deepseek-v3-0324-001,0,1,1,0.4444444444444444
cold_start,medical_qa_36,agent-openrouter-deepseek-v3-0324-002,0,0,1,0.43243243243243246
cold_start,medical_qa_37,agent-openrouter-deepseek-v3-0324-003,0,0,1,0.42105263157894735
cold_start,medical_qa_38,agent-openrouter-deepseek-v3-0324-004,0,0,1,0.41025641025641024
cold_start,medical_qa_39,agent-openrouter-deepseek-v3-0324-005,0,1,1,0.425
cold_start,medical_qa_40,agent-openrouter-deepseek-v3-0324-001,0,1,1,0.43902439024390244
cold_start,medical_qa_41,agent-openrouter-deepseek-v3-0324-002,0,1,1,0.4523809523809524
cold_start,medical_qa_42,agent-openrouter-deepseek-v3-0324-003,0,1,1,0.46511627906976744
cold_start,medical_qa_43,agent-openrouter-deepseek-v3-0324-004,0,0,1,0.45454545454545453
cold_start,medical_qa_44,agent-openrouter-deepseek-v3-0324-005,0,0,1,0.4444444444444444
cold_start,medical_qa_45,agent-openrouter-deepseek-v3-0324-001,0,0,1,0.43478260869565216
cold_start,medical_qa_46,agent-openrouter-deepseek-v3-0324-002,0,0,1,0.425531914893617
cold_start,medical_qa_47,agent-openrouter-deepseek-v3-0324-003,0,0,1,0.4166666666666667
cold_start,medical_qa_48,agent-openrouter-deepseek-v3-0324-004,0,0,1,0.40816326530612246
cold_start,medical_qa_49,agent-openrouter-deepseek-v3-0324-005,0,0,1,0.4
cold_start,medical_qa_50,agent-openrouter-deepseek-v3-0324-001,0,0,1,0.39215686274509803
cold_start,medical_qa_51,agent-openrouter-deepseek-v3-0324-002,0,1,1,0.40384615384615385
cold_start,medical_qa_52,agent-openrouter-deepseek-v3-0324-003,0,0,1,0.39622641509433965
cold_start,medical_qa_53,agent-openrouter-deepseek-v3-0324-004,0,1,1,0.4074074074074074
cold_start,medical_qa_54,agent-openrouter-deepseek-v3-0324-005,0,1,1,0.41818181818181815
cold_start,medical_qa_55,agent-openrouter-deepseek-v3-0324-001,0,1,1,0.42857142857142855
cold_start,medical_qa_56,agent-openrouter-deepseek-v3-0324-002,0,0,1,0.42105263157894735
cold_start,medical_qa_57,agent-openrouter-deepseek-v3-0324-003,0,0,1,0.41379310344827586
cold_start,medical_qa_58,agent-openrouter-deepseek-v3-0324-004,0,1,1,0.423728813559322
cold_start,medical_qa_59,agent-openrouter-deepseek-v3-0324-005,0,0,1,0.4166666666666667
cold_start,medical_qa_60,agent-openrouter-deepseek-v3-0324-001,0,1,1,0.4262295081967213
cold_start,medical_qa_61,agent-openrouter-deepseek-v3-0324-002,0,1,1,0.43548387096774194
cold_start,medical_qa_62,agent-openrouter-deepseek-v3-0324-003,0,0,1,0.42857142857142855
cold_start,medical_qa_63,agent-openrouter-deepseek-v3-0324-004,0,1,1,0.4375
cold_start,medical_qa_64,agent-openrouter-deepseek-v3-0324-005,0,0,1,0.4307692307692308
cold_start,medical_qa_65,agent-openrouter-deepseek-v3-0324-001,0,1,1,0.4393939393939394
cold_start,medical_qa_66,agent-openrouter-deepseek-v3-0324-002,0,0,1,0.43283582089552236
cold_start,medical_qa_67,agent-openrouter-deepseek-v3-0324-003,0,0,1,0.4264705882352941
cold_start,medical_qa_68,agent-openrouter-deepseek-v3-0324-004,0,1,1,0.43478260869565216
cold_start,medical_qa_69,agent-openrouter-deepseek-v3-0324-005,0,0,1,0.42857142857142855
cold_start,medical_qa_70,agent-openrouter-deepseek-v3-0324-001,0,0,1,0.4225352112676056
cold_start,medical_qa_71,agent-openrouter-deepseek-v3-0324-002,0,1,1,0.4305555555555556
cold_start,medical_qa_72,agent-openrouter-deepseek-v3-0324-003,0,1,1,0.4383561643835616
cold_start,medical_qa_73,agent-openrouter-deepseek-v3-0324-004,0,1,1,0.44594594594594594
cold_start,medical_qa_74,agent-openrouter-deepseek-v3-0324-005,0,1,1,0.4533333333333333
cold_start,medical_qa_75,agent-openrouter-deepseek-v3-0324-001,0,1,1,0.4605263157894737
cold_start,medical_qa_76,agent-openrouter-deepseek-v3-0324-002,0,1,1,0.4675324675324675
cold_start,medical_qa_77,agent-openrouter-deepseek-v3-0324-003,0,0,1,0.46153846153846156
cold_start,medical_qa_78,agent-openrouter-deepseek-v3-0324-004,0,1,1,0.46835443037974683
cold_start,medical_qa_79,agent-openrouter-deepseek-v3-0324-005,0,0,1,0.4625
cold_start,medical_qa_80,agent-openrouter-deepseek-v3-0324-001,0,0,1,0.4567901234567901
cold_start,medical_qa_81,agent-openrouter-deepseek-v3-0324-002,0,1,1,0.4634146341463415
cold_start,medical_qa_82,agent-openrouter-deepseek-v3-0324-003,0,1,1,0.46987951807228917
cold_start,medical_qa_83,agent-openrouter-deepseek-v3-0324-004,0,1,1,0.47619047619047616
cold_start,medical_qa_84,agent-openrouter-deepseek-v3-0324-005,0,1,1,0.4823529411764706
cold_start,medical_qa_85,agent-openrouter-deepseek-v3-0324-001,0,0,1,0.47674418604651164
cold_start,medical_qa_86,agent-openrouter-deepseek-v3-0324-002,0,1,1,0.4827586206896552
cold_start,medical_qa_87,agent-openrouter-deepseek-v3-0324-003,0,1,1,0.48863636363636365
cold_start,medical_qa_88,agent-openrouter-deepseek-v3-0324-004,0,1,1,0.4943820224719101
cold_start,medical_qa_89,agent-openrouter-deepseek-v3-0324-005,0,1,1,0.5
cold_start,medical_qa_90,agent-openrouter-deepseek-v3-0324-001,0,0,1,0.4945054945054945
cold_start,medical_qa_91,agent-openrouter-deepseek-v3-0324-002,0,0,1,0.4891304347826087
cold_start,medical_qa_92,agent-openrouter-deepseek-v3-0324-003,0,1,1,0.4946236559139785
cold_start,medical_qa_93,agent-openrouter-deepseek-v3-0324-004,0,0,1,0.48936170212765956
cold_start,medical_qa_94,agent-openrouter-deepseek-v3-0324-005,0,0,1,0.4842105263157895
cold_start,medical_qa_95,agent-openrouter-deepseek-v3-0324-001,0,1,1,0.4895833333333333
cold_start,medical_qa_96,agent-openrouter-deepseek-v3-0324-002,0,1,1,0.4948453608247423
cold_start,medical_qa_97,agent-openrouter-deepseek-v3-0324-003,0,1,1,0.5
cold_start,medical_qa_98,agent-openrouter-deepseek-v3-0324-004,0,0,1,0.494949494949495
cold_start,medical_qa_99,agent-openrouter-deepseek-v3-0324-005,0,0,1,0.49
cold_start,medical_qa_100,agent-openrouter-deepseek-v3-0324-001,0,0,1,0.48514851485148514
cold_start,medical_qa_101,agent-openrouter-deepseek-v3-0324-002,0,0,1,0.4803921568627451
cold_start,medical_qa_102,agent-openrouter-deepseek-v3-0324-003,0,0,1,0.47572815533980584
cold_start,medical_qa_103,agent-openrouter-deepseek-v3-0324-004,0,1,1,0.4807692307692308
cold_start,medical_qa_104,agent-openrouter-deepseek-v3-0324-005,0,1,1,0.4857142857142857
cold_start,medical_qa_105,agent-openrouter-deepseek-v3-0324-001,0,1,1,0.49056603773584906
cold_start,medical_qa_106,agent-openrouter-deepseek-v3-0324-002,0,0,1,0.48598130841121495
cold_start,medical_qa_107,agent-openrouter-deepseek-v3-0324-003,0,0,1,0.48148148148148145
cold_start,medical_qa_108,agent-openrouter-deepseek-v3-0324-004,0,0,1,0.47706422018348627
cold_start,medical_qa_109,agent-openrouter-deepseek-v3-0324-005,0,0,1,0.4727272727272727
cold_start,medical_qa_110,agent-openrouter-deepseek-v3-0324-001,0,1,1,0.4774774774774775
cold_start,medical_qa_111,agent-openrouter-deepseek-v3-0324-002,0,0,1,0.4732142857142857
cold_start,medical_qa_112,agent-openrouter-deepseek-v3-0324-003,0,1,1,0.4778761061946903
cold_start,medical_qa_113,agent-openrouter-deepseek-v3-0324-004,0,1,1,0.4824561403508772
cold_start,medical_qa_114,agent-openrouter-deepseek-v3-0324-005,0,0,1,0.4782608695652174
cold_start,medical_qa_115,agent-openrouter-deepseek-v3-0324-001,0,1,1,0.4827586206896552
cold_start,medical_qa_116,agent-openrouter-deepseek-v3-0324-002,0,1,1,0.48717948717948717
cold_start,medical_qa_117,agent-openrouter-deepseek-v3-0324-003,0,0,1,0.4830508474576271
cold_start,medical_qa_118,agent-openrouter-deepseek-v3-0324-004,0,1,1,0.48739495798319327
cold_start,medical_qa_119,agent-openrouter-deepseek-v3-0324-005,0,1,1,0.49166666666666664
cold_start,medical_qa_120,agent-openrouter-deepseek-v3-0324-001,0,1,1,0.49586776859504134
cold_start,medical_qa_121,agent-openrouter-deepseek-v3-0324-002,0,1,1,0.5
cold_start,medical_qa_122,agent-openrouter-deepseek-v3-0324-003,0,1,1,0.5040650406504065
cold_start,medical_qa_123,agent-openrouter-deepseek-v3-0324-004,0,1,1,0.5080645161290323
cold_start,medical_qa_124,agent-openrouter-deepseek-v3-0324-005,0,0,1,0.504
cold_start,medical_qa_125,agent-openrouter-deepseek-v3-0324-001,0,1,1,0.5079365079365079
cold_start,medical_qa_126,agent-openrouter-deepseek-v3-0324-002,0,1,1,0.5118110236220472
cold_start,medical_qa_127,agent-openrouter-deepseek-v3-0324-003,0,1,1,0.515625
cold_start,medical_qa_128,agent-openrouter-deepseek-v3-0324-004,0,1,1,0.5193798449612403
cold_start,medical_qa_129,agent-openrouter-deepseek-v3-0324-005,0,1,1,0.5230769230769231
cold_start,medical_qa_130,agent-openrouter-deepseek-v3-0324-001,0,1,1,0.5267175572519084
cold_start,medical_qa_131,agent-openrouter-deepseek-v3-0324-002,0,1,1,0.5303030303030303
cold_start,medical_qa_132,agent-openrouter-deepseek-v3-0324-003,0,1,1,0.5338345864661654
cold_start,medical_qa_133,agent-openrouter-deepseek-v3-0324-004,0,1,1,0.5373134328358209
cold_start,medical_qa_134,agent-openrouter-deepseek-v3-0324-005,0,0,1,0.5333333333333333
cold_start,medical_qa_135,agent-openrouter-deepseek-v3-0324-001,0,0,1,0.5294117647058824
cold_start,medical_qa_136,agent-openrouter-deepseek-v3-0324-002,0,1,1,0.5328467153284672
cold_start,medical_qa_137,agent-openrouter-deepseek-v3-0324-003,0,1,1,0.5362318840579711
cold_start,medical_qa_138,agent-openrouter-deepseek-v3-0324-004,0,1,1,0.539568345323741
cold_start,medical_qa_139,agent-openrouter-deepseek-v3-0324-005,0,0,1,0.5357142857142857
cold_start,medical_qa_140,agent-openrouter-deepseek-v3-0324-001,0,0,1,0.5319148936170213
cold_start,medical_qa_141,agent-openrouter-deepseek-v3-0324-002,0,1,1,0.5352112676056338
cold_start,medical_qa_142,agent-openrouter-deepseek-v3-0324-003,0,1,1,0.5384615384615384
cold_start,medical_qa_143,agent-openrouter-deepseek-v3-0324-004,0,0,1,0.5347222222222222
cold_start,medical_qa_144,agent-openrouter-deepseek-v3-0324-005,0,1,1,0.5379310344827586
cold_start,medical_qa_145,agent-openrouter-deepseek-v3-0324-001,0,1,1,0.541095890410959
cold_start,medical_qa_146,agent-openrouter-deepseek-v3-0324-002,0,0,1,0.5374149659863946
cold_start,medical_qa_147,agent-openrouter-deepseek-v3-0324-003,0,0,1,0.5337837837837838
cold_start,medical_qa_148,agent-openrouter-deepseek-v3-0324-004,0,1,1,0.5369127516778524
cold_start,medical_qa_149,agent-openrouter-deepseek-v3-0324-005,0,0,1,0.5333333333333333
cold_start,medical_qa_150,agent-openrouter-deepseek-v3-0324-001,0,0,1,0.5298013245033113
cold_start,medical_qa_151,agent-openrouter-deepseek-v3-0324-002,0,0,1,0.5263157894736842
cold_start,medical_qa_152,agent-openrouter-deepseek-v3-0324-003,0,0,1,0.5228758169934641
cold_start,medical_qa_153,agent-openrouter-deepseek-v3-0324-004,0,1,1,0.525974025974026
cold_start,medical_qa_154,agent-openrouter-deepseek-v3-0324-005,0,1,1,0.5290322580645161
cold_start,medical_qa_155,agent-openrouter-deepseek-v3-0324-001,0,0,1,0.5256410256410257
cold_start,medical_qa_156,agent-openrouter-deepseek-v3-0324-002,0,1,1,0.5286624203821656
cold_start,medical_qa_157,agent-openrouter-deepseek-v3-0324-003,0,1,1,0.5316455696202531
cold_start,medical_qa_158,agent-openrouter-deepseek-v3-0324-004,0,1,1,0.5345911949685535
cold_start,medical_qa_159,agent-openrouter-deepseek-v3-0324-005,0,1,1,0.5375
cold_start,medical_qa_160,agent-openrouter-deepseek-v3-0324-001,0,0,1,0.5341614906832298
cold_start,medical_qa_161,agent-openrouter-deepseek-v3-0324-002,0,1,1,0.5370370370370371
cold_start,medical_qa_162,agent-openrouter-deepseek-v3-0324-003,0,0,1,0.5337423312883436
cold_start,medical_qa_163,agent-openrouter-deepseek-v3-0324-004,0,1,1,0.5365853658536586
cold_start,medical_qa_164,agent-openrouter-deepseek-v3-0324-005,0,1,1,0.5393939393939394
cold_start,medical_qa_165,agent-openrouter-deepseek-v3-0324-001,0,1,1,0.5421686746987951
cold_start,medical_qa_166,agent-openrouter-deepseek-v3-0324-002,0,1,1,0.5449101796407185
cold_start,medical_qa_167,agent-openrouter-deepseek-v3-0324-003,0,1,1,0.5476190476190477
cold_start,medical_qa_168,agent-openrouter-deepseek-v3-0324-004,0,1,1,0.5502958579881657
cold_start,medical_qa_169,agent-openrouter-deepseek-v3-0324-005,0,1,1,0.5529411764705883
cold_start,medical_qa_170,agent-openrouter-deepseek-v3-0324-001,0,0,1,0.5497076023391813
cold_start,medical_qa_171,agent-openrouter-deepseek-v3-0324-002,0,0,1,0.5465116279069767
cold_start,medical_qa_172,agent-openrouter-deepseek-v3-0324-003,0,0,1,0.5433526011560693
cold_start,medical_qa_173,agent-openrouter-deepseek-v3-0324-004,0,0,1,0.5402298850574713
cold_start,medical_qa_174,agent-openrouter-deepseek-v3-0324-005,0,1,1,0.5428571428571428
cold_start,medical_qa_175,agent-openrouter-deepseek-v3-0324-001,0,1,1,0.5454545454545454
cold_start,medical_qa_176,agent-openrouter-deepseek-v3-0324-002,0,0,1,0.5423728813559322
cold_start,medical_qa_177,agent-openrouter-deepseek-v3-0324-003,0,1,1,0.5449438202247191
cold_start,medical_qa_178,agent-openrouter-deepseek-v3-0324-004,0,0,1,0.5418994413407822
cold_start,medical_qa_179,agent-openrouter-deepseek-v3-0324-005,0,0,1,0.5388888888888889
cold_start,medical_qa_180,agent-openrouter-deepseek-v3-0324-001,0,0,1,0.5359116022099447
cold_start,medical_qa_181,agent-openrouter-deepseek-v3-0324-002,0,0,1,0.532967032967033
cold_start,medical_qa_182,agent-openrouter-deepseek-v3-0324-003,0,0,1,0.5300546448087432
cold_start,medical_qa_183,agent-openrouter-deepseek-v3-0324-004,0,1,1,0.532608695652174
cold_start,medical_qa_184,agent-openrouter-deepseek-v3-0324-005,0,0,1,0.5297297297297298
cold_start,medical_qa_185,agent-openrouter-deepseek-v3-0324-001,0,0,1,0.5268817204301075
cold_start,medical_qa_186,agent-openrouter-deepseek-v3-0324-002,0,1,1,0.5294117647058824
cold_start,medical_qa_187,agent-openrouter-deepseek-v3-0324-003,0,1,1,0.5319148936170213
cold_start,medical_qa_188,agent-openrouter-deepseek-v3-0324-004,0,1,1,0.5343915343915344
cold_start,medical_qa_189,agent-openrouter-deepseek-v3-0324-005,0,1,1,0.5368421052631579
cold_start,medical_qa_190,agent-openrouter-deepseek-v3-0324-001,0,0,1,0.5340314136125655
cold_start,medical_qa_191,agent-openrouter-deepseek-v3-0324-002,0,1,1,0.5364583333333334
cold_start,medical_qa_192,agent-openrouter-deepseek-v3-0324-003,0,1,1,0.538860103626943
cold_start,medical_qa_193,agent-openrouter-deepseek-v3-0324-004,0,1,1,0.5412371134020618
cold_start,medical_qa_194,agent-openrouter-deepseek-v3-0324-005,0,0,1,0.5384615384615384
cold_start,medical_qa_195,agent-openrouter-deepseek-v3-0324-001,0,1,1,0.5408163265306123
cold_start,medical_qa_196,agent-openrouter-deepseek-v3-0324-002,0,1,1,0.5431472081218274
cold_start,medical_qa_197,agent-openrouter-deepseek-v3-0324-003,0,1,1,0.5454545454545454
cold_start,medical_qa_198,agent-openrouter-deepseek-v3-0324-004,0,0,1,0.542713567839196
cold_start,medical_qa_199,agent-openrouter-deepseek-v3-0324-005,0,0,1,0.54
pretrain,medical_qa_200,"agent-openrouter-deepseek-v3-0324-003,agent-openrouter-deepseek-v3-0324-002,agent-openrouter-deepseek-v3-0324-004,agent-openrouter-deepseek-v3-0324-002,agent-openrouter-deepseek-v3-0324-003",5,1,1,1.0
pretrain,medical_qa_201,"agent-openrouter-deepseek-v3-0324-004,agent-openrouter-deepseek-v3-0324-002,agent-openrouter-deepseek-v3-0324-003,agent-openrouter-deepseek-v3-0324-002,agent-openrouter-deepseek-v3-0324-004,agent-openrouter-deepseek-v3-0324-003",6,1,1,1.0
pretrain,medical_qa_202,"agent-openrouter-deepseek-v3-0324-001,agent-openrouter-deepseek-v3-0324-003,agent-openrouter-deepseek-v3-0324-004,agent-openrouter-deepseek-v3-0324-001,agent-openrouter-deepseek-v3-0324-003",5,0,1,0.6666666666666666
pretrain,medical_qa_203,"agent-openrouter-deepseek-v3-0324-002,agent-openrouter-deepseek-v3-0324-004,agent-openrouter-deepseek-v3-0324-003,agent-openrouter-deepseek-v3-0324-004,agent-openrouter-deepseek-v3-0324-003",5,0,1,0.5
pretrain,medical_qa_204,"agent-openrouter-deepseek-v3-0324-004,agent-openrouter-deepseek-v3-0324-002,agent-openrouter-deepseek-v3-0324-003,agent-openrouter-deepseek-v3-0324-004,agent-openrouter-deepseek-v3-0324-003",5,0,1,0.4
pretrain,medical_qa_205,"agent-openrouter-deepseek-v3-0324-003,agent-openrouter-deepseek-v3-0324-004,agent-openrouter-deepseek-v3-0324-002",3,1,1,0.5
pretrain,medical_qa_206,"agent-openrouter-deepseek-v3-0324-003,agent-openrouter-deepseek-v3-0324-002,agent-openrouter-deepseek-v3-0324-004,agent-openrouter-deepseek-v3-0324-003,agent-openrouter-deepseek-v3-0324-002",5,1,1,0.5714285714285714
pretrain,medical_qa_207,"agent-openrouter-deepseek-v3-0324-003,agent-openrouter-deepseek-v3-0324-002,agent-openrouter-deepseek-v3-0324-004,agent-openrouter-deepseek-v3-0324-002,agent-openrouter-deepseek-v3-0324-003",5,1,1,0.625
pretrain,medical_qa_208,"agent-openrouter-deepseek-v3-0324-003,agent-openrouter-deepseek-v3-0324-002,agent-openrouter-deepseek-v3-0324-004,agent-openrouter-deepseek-v3-0324-003",4,1,1,0.6666666666666666
pretrain,medical_qa_209,"agent-openrouter-deepseek-v3-0324-004,agent-openrouter-deepseek-v3-0324-002,agent-openrouter-deepseek-v3-0324-003,agent-openrouter-deepseek-v3-0324-004,agent-openrouter-deepseek-v3-0324-003",5,1,1,0.7
pretrain,medical_qa_210,"agent-openrouter-deepseek-v3-0324-003,agent-openrouter-deepseek-v3-0324-004,agent-openrouter-deepseek-v3-0324-002,agent-openrouter-deepseek-v3-0324-003,agent-openrouter-deepseek-v3-0324-003,agent-openrouter-deepseek-v3-0324-003",6,1,1,0.7272727272727273
pretrain,medical_qa_211,"agent-openrouter-deepseek-v3-0324-002,agent-openrouter-deepseek-v3-0324-003,agent-openrouter-deepseek-v3-0324-004,agent-openrouter-deepseek-v3-0324-002,agent-openrouter-deepseek-v3-0324-002,agent-openrouter-deepseek-v3-0324-003",6,0,1,0.6666666666666666
pretrain,medical_qa_212,"agent-openrouter-deepseek-v3-0324-003,agent-openrouter-deepseek-v3-0324-004,agent-openrouter-deepseek-v3-0324-002",3,0,1,0.6153846153846154
pretrain,medical_qa_213,"agent-openrouter-deepseek-v3-0324-002,agent-openrouter-deepseek-v3-0324-004,agent-openrouter-deepseek-v3-0324-003,agent-openrouter-deepseek-v3-0324-003,agent-openrouter-deepseek-v3-0324-003",5,1,1,0.6428571428571429
pretrain,medical_qa_214,"agent-openrouter-deepseek-v3-0324-004,agent-openrouter-deepseek-v3-0324-002,agent-openrouter-deepseek-v3-0324-003,agent-openrouter-deepseek-v3-0324-003,agent-openrouter-deepseek-v3-0324-003,agent-openrouter-deepseek-v3-0324-003,agent-openrouter-deepseek-v3-0324-003,agent-openrouter-deepseek-v3-0324-003",8,1,1,0.6666666666666666
pretrain,medical_qa_215,"agent-openrouter-deepseek-v3-0324-002,agent-openrouter-deepseek-v3-0324-003,agent-openrouter-deepseek-v3-0324-004,agent-openrouter-deepseek-v3-0324-002,agent-openrouter-deepseek-v3-0324-003,agent-openrouter-deepseek-v3-0324-003",6,1,1,0.6875
pretrain,medical_qa_216,"agent-openrouter-deepseek-v3-0324-002,agent-openrouter-deepseek-v3-0324-003,agent-openrouter-deepseek-v3-0324-004,agent-openrouter-deepseek-v3-0324-003",4,0,1,0.6470588235294118
pretrain,medical_qa_217,"agent-openrouter-deepseek-v3-0324-001,agent-openrouter-deepseek-v3-0324-004,agent-openrouter-deepseek-v3-0324-002,agent-openrouter-deepseek-v3-0324-001,agent-openrouter-deepseek-v3-0324-001,agent-openrouter-deepseek-v3-0324-001",6,1,1,0.6666666666666666
pretrain,medical_qa_218,"agent-openrouter-deepseek-v3-0324-003,agent-openrouter-deepseek-v3-0324-002,agent-openrouter-deepseek-v3-0324-004",3,1,1,0.6842105263157895
pretrain,medical_qa_219,"agent-openrouter-deepseek-v3-0324-004,agent-openrouter-deepseek-v3-0324-003,agent-openrouter-deepseek-v3-0324-002,agent-openrouter-deepseek-v3-0324-003",4,1,1,0.7
pretrain,medical_qa_220,"agent-openrouter-deepseek-v3-0324-002,agent-openrouter-deepseek-v3-0324-003,agent-openrouter-deepseek-v3-0324-004,agent-openrouter-deepseek-v3-0324-002,agent-openrouter-deepseek-v3-0324-002,agent-openrouter-deepseek-v3-0324-002,agent-openrouter-deepseek-v3-0324-003",7,1,1,0.7142857142857143
pretrain,medical_qa_221,"agent-openrouter-deepseek-v3-0324-004,agent-openrouter-deepseek-v3-0324-002,agent-openrouter-deepseek-v3-0324-003,agent-openrouter-deepseek-v3-0324-004,agent-openrouter-deepseek-v3-0324-004",5,1,1,0.7272727272727273
pretrain,medical_qa_222,"agent-openrouter-deepseek-v3-0324-004,agent-openrouter-deepseek-v3-0324-003,agent-openrouter-deepseek-v3-0324-002,agent-openrouter-deepseek-v3-0324-003,agent-openrouter-deepseek-v3-0324-004,agent-openrouter-deepseek-v3-0324-004,agent-openrouter-deepseek-v3-0324-003",7,0,1,0.6956521739130435
pretrain,medical_qa_223,"agent-openrouter-deepseek-v3-0324-002,agent-openrouter-deepseek-v3-0324-004,agent-openrouter-deepseek-v3-0324-003,agent-openrouter-deepseek-v3-0324-002,agent-openrouter-deepseek-v3-0324-002,agent-openrouter-deepseek-v3-0324-002,agent-openrouter-deepseek-v3-0324-003",7,1,1,0.7083333333333334
pretrain,medical_qa_224,"agent-openrouter-deepseek-v3-0324-002,agent-openrouter-deepseek-v3-0324-004,agent-openrouter-deepseek-v3-0324-003,agent-openrouter-deepseek-v3-0324-002,agent-openrouter-deepseek-v3-0324-002,agent-openrouter-deepseek-v3-0324-003",6,1,1,0.72
pretrain,medical_qa_225,"agent-openrouter-deepseek-v3-0324-002,agent-openrouter-deepseek-v3-0324-003,agent-openrouter-deepseek-v3-0324-004,agent-openrouter-deepseek-v3-0324-003,agent-openrouter-deepseek-v3-0324-003",5,1,1,0.7307692307692307
pretrain,medical_qa_226,"agent-openrouter-deepseek-v3-0324-003,agent-openrouter-deepseek-v3-0324-002,agent-openrouter-deepseek-v3-0324-004,agent-openrouter-deepseek-v3-0324-002,agent-openrouter-deepseek-v3-0324-003",5,1,1,0.7407407407407407
pretrain,medical_qa_227,"agent-openrouter-deepseek-v3-0324-003,agent-openrouter-deepseek-v3-0324-002,agent-openrouter-deepseek-v3-0324-004,agent-openrouter-deepseek-v3-0324-003,agent-openrouter-deepseek-v3-0324-003,agent-openrouter-deepseek-v3-0324-003",6,0,1,0.7142857142857143
pretrain,medical_qa_228,"agent-openrouter-deepseek-v3-0324-002,agent-openrouter-deepseek-v3-0324-003,agent-openrouter-deepseek-v3-0324-004,agent-openrouter-deepseek-v3-0324-002,agent-openrouter-deepseek-v3-0324-002,agent-openrouter-deepseek-v3-0324-003",6,0,1,0.6896551724137931
pretrain,medical_qa_229,"agent-openrouter-deepseek-v3-0324-004,agent-openrouter-deepseek-v3-0324-002,agent-openrouter-deepseek-v3-0324-003,agent-openrouter-deepseek-v3-0324-004,agent-openrouter-deepseek-v3-0324-004,agent-openrouter-deepseek-v3-0324-002",6,1,1,0.7
pretrain,medical_qa_230,"agent-openrouter-deepseek-v3-0324-003,agent-openrouter-deepseek-v3-0324-001,agent-openrouter-deepseek-v3-0324-002,agent-openrouter-deepseek-v3-0324-003,agent-openrouter-deepseek-v3-0324-003",5,1,1,0.7096774193548387
pretrain,medical_qa_231,"agent-openrouter-deepseek-v3-0324-004,agent-openrouter-deepseek-v3-0324-003,agent-openrouter-deepseek-v3-0324-002,agent-openrouter-deepseek-v3-0324-003,agent-openrouter-deepseek-v3-0324-003",5,0,1,0.6875
pretrain,medical_qa_232,"agent-openrouter-deepseek-v3-0324-002,agent-openrouter-deepseek-v3-0324-003,agent-openrouter-deepseek-v3-0324-004,agent-openrouter-deepseek-v3-0324-004,agent-openrouter-deepseek-v3-0324-002,agent-openrouter-deepseek-v3-0324-002,agent-openrouter-deepseek-v3-0324-003",7,1,1,0.696969696969697
pretrain,medical_qa_233,"agent-openrouter-deepseek-v3-0324-003,agent-openrouter-deepseek-v3-0324-002,agent-openrouter-deepseek-v3-0324-004,agent-openrouter-deepseek-v3-0324-003",4,1,1,0.7058823529411765
pretrain,medical_qa_234,"agent-openrouter-deepseek-v3-0324-002,agent-openrouter-deepseek-v3-0324-003,agent-openrouter-deepseek-v3-0324-004",3,0,1,0.6857142857142857
pretrain,medical_qa_235,"agent-openrouter-deepseek-v3-0324-002,agent-openrouter-deepseek-v3-0324-004,agent-openrouter-deepseek-v3-0324-003,agent-openrouter-deepseek-v3-0324-002,agent-openrouter-deepseek-v3-0324-002,agent-openrouter-deepseek-v3-0324-003",6,1,1,0.6944444444444444
pretrain,medical_qa_236,"agent-openrouter-deepseek-v3-0324-003,agent-openrouter-deepseek-v3-0324-002,agent-openrouter-deepseek-v3-0324-004,agent-openrouter-deepseek-v3-0324-003",4,1,1,0.7027027027027027
pretrain,medical_qa_237,"agent-openrouter-deepseek-v3-0324-005,agent-openrouter-deepseek-v3-0324-002,agent-openrouter-deepseek-v3-0324-003,agent-openrouter-deepseek-v3-0324-002,agent-openrouter-deepseek-v3-0324-002,agent-openrouter-deepseek-v3-0324-003",6,0,1,0.6842105263157895
pretrain,medical_qa_238,"agent-openrouter-deepseek-v3-0324-002,agent-openrouter-deepseek-v3-0324-004,agent-openrouter-deepseek-v3-0324-003,agent-openrouter-deepseek-v3-0324-002,agent-openrouter-deepseek-v3-0324-003",5,0,1,0.6666666666666666
pretrain,medical_qa_239,"agent-openrouter-deepseek-v3-0324-003,agent-openrouter-deepseek-v3-0324-002,agent-openrouter-deepseek-v3-0324-004,agent-openrouter-deepseek-v3-0324-003,agent-openrouter-deepseek-v3-0324-003",5,1,1,0.675
pretrain,medical_qa_240,"agent-openrouter-deepseek-v3-0324-003,agent-openrouter-deepseek-v3-0324-004,agent-openrouter-deepseek-v3-0324-002,agent-openrouter-deepseek-v3-0324-003,agent-openrouter-deepseek-v3-0324-003,agent-openrouter-deepseek-v3-0324-003",6,1,1,0.6829268292682927
pretrain,medical_qa_241,"agent-openrouter-deepseek-v3-0324-002,agent-openrouter-deepseek-v3-0324-003,agent-openrouter-deepseek-v3-0324-004,agent-openrouter-deepseek-v3-0324-004,agent-openrouter-deepseek-v3-0324-003,agent-openrouter-deepseek-v3-0324-003",6,0,1,0.6666666666666666
pretrain,medical_qa_242,"agent-openrouter-deepseek-v3-0324-003,agent-openrouter-deepseek-v3-0324-002,agent-openrouter-deepseek-v3-0324-004,agent-openrouter-deepseek-v3-0324-003",4,0,1,0.6511627906976745
pretrain,medical_qa_243,"agent-openrouter-deepseek-v3-0324-004,agent-openrouter-deepseek-v3-0324-002,agent-openrouter-deepseek-v3-0324-003,agent-openrouter-deepseek-v3-0324-002,agent-openrouter-deepseek-v3-0324-004,agent-openrouter-deepseek-v3-0324-004",6,0,1,0.6363636363636364
pretrain,medical_qa_244,"agent-openrouter-deepseek-v3-0324-004,agent-openrouter-deepseek-v3-0324-002,agent-openrouter-deepseek-v3-0324-003,agent-openrouter-deepseek-v3-0324-004,agent-openrouter-deepseek-v3-0324-004",5,1,1,0.6444444444444445
pretrain,medical_qa_245,"agent-openrouter-deepseek-v3-0324-003,agent-openrouter-deepseek-v3-0324-001,agent-openrouter-deepseek-v3-0324-002",3,1,1,0.6521739130434783
pretrain,medical_qa_246,"agent-openrouter-deepseek-v3-0324-002,agent-openrouter-deepseek-v3-0324-004,agent-openrouter-deepseek-v3-0324-003,agent-openrouter-deepseek-v3-0324-002,agent-openrouter-deepseek-v3-0324-004",5,1,1,0.6595744680851063
pretrain,medical_qa_247,"agent-openrouter-deepseek-v3-0324-004,agent-openrouter-deepseek-v3-0324-002,agent-openrouter-deepseek-v3-0324-003,agent-openrouter-deepseek-v3-0324-004,agent-openrouter-deepseek-v3-0324-004",5,1,1,0.6666666666666666
pretrain,medical_qa_248,"agent-openrouter-deepseek-v3-0324-003,agent-openrouter-deepseek-v3-0324-002,agent-openrouter-deepseek-v3-0324-004,agent-openrouter-deepseek-v3-0324-003,agent-openrouter-deepseek-v3-0324-002",5,0,1,0.6530612244897959
pretrain,medical_qa_249,"agent-openrouter-deepseek-v3-0324-003,agent-openrouter-deepseek-v3-0324-002,agent-openrouter-deepseek-v3-0324-004",3,1,1,0.66
pretrain,medical_qa_250,"agent-openrouter-deepseek-v3-0324-003,agent-openrouter-deepseek-v3-0324-004,agent-openrouter-deepseek-v3-0324-002,agent-openrouter-deepseek-v3-0324-003,agent-openrouter-deepseek-v3-0324-003,agent-openrouter-deepseek-v3-0324-003",6,1,1,0.6666666666666666
pretrain,medical_qa_251,"agent-openrouter-deepseek-v3-0324-002,agent-openrouter-deepseek-v3-0324-003,agent-openrouter-deepseek-v3-0324-004,agent-openrouter-deepseek-v3-0324-003,agent-openrouter-deepseek-v3-0324-002,agent-openrouter-deepseek-v3-0324-003",6,1,1,0.6730769230769231
pretrain,medical_qa_252,"agent-openrouter-deepseek-v3-0324-003,agent-openrouter-deepseek-v3-0324-005,agent-openrouter-deepseek-v3-0324-002,agent-openrouter-deepseek-v3-0324-003,agent-openrouter-deepseek-v3-0324-005,agent-openrouter-deepseek-v3-0324-003",6,0,1,0.660377358490566
pretrain,medical_qa_253,"agent-openrouter-deepseek-v3-0324-004,agent-openrouter-deepseek-v3-0324-002,agent-openrouter-deepseek-v3-0324-003,agent-openrouter-deepseek-v3-0324-003",4,1,1,0.6666666666666666
pretrain,medical_qa_254,"agent-openrouter-deepseek-v3-0324-002,agent-openrouter-deepseek-v3-0324-004,agent-openrouter-deepseek-v3-0324-001,agent-openrouter-deepseek-v3-0324-003,agent-openrouter-deepseek-v3-0324-002",5,1,1,0.6727272727272727
pretrain,medical_qa_255,"agent-openrouter-deepseek-v3-0324-002,agent-openrouter-deepseek-v3-0324-003,agent-openrouter-deepseek-v3-0324-004,agent-openrouter-deepseek-v3-0324-002,agent-openrouter-deepseek-v3-0324-002,agent-openrouter-deepseek-v3-0324-002",6,1,1,0.6785714285714286
pretrain,medical_qa_256,"agent-openrouter-deepseek-v3-0324-003,agent-openrouter-deepseek-v3-0324-004,agent-openrouter-deepseek-v3-0324-002,agent-openrouter-deepseek-v3-0324-003,agent-openrouter-deepseek-v3-0324-003,agent-openrouter-deepseek-v3-0324-003",6,0,1,0.6666666666666666
pretrain,medical_qa_257,"agent-openrouter-deepseek-v3-0324-004,agent-openrouter-deepseek-v3-0324-003,agent-openrouter-deepseek-v3-0324-002,agent-openrouter-deepseek-v3-0324-003,agent-openrouter-deepseek-v3-0324-003,agent-openrouter-deepseek-v3-0324-003",6,1,1,0.6724137931034483
pretrain,medical_qa_258,"agent-openrouter-deepseek-v3-0324-004,agent-openrouter-deepseek-v3-0324-003,agent-openrouter-deepseek-v3-0324-002,agent-openrouter-deepseek-v3-0324-003,agent-openrouter-deepseek-v3-0324-003,agent-openrouter-deepseek-v3-0324-003",6,0,1,0.6610169491525424
pretrain,medical_qa_259,"agent-openrouter-deepseek-v3-0324-003,agent-openrouter-deepseek-v3-0324-004,agent-openrouter-deepseek-v3-0324-002,agent-openrouter-deepseek-v3-0324-003,agent-openrouter-deepseek-v3-0324-003",5,1,1,0.6666666666666666
pretrain,medical_qa_260,"agent-openrouter-deepseek-v3-0324-002,agent-openrouter-deepseek-v3-0324-003,agent-openrouter-deepseek-v3-0324-004,agent-openrouter-deepseek-v3-0324-002,agent-openrouter-deepseek-v3-0324-002,agent-openrouter-deepseek-v3-0324-003,agent-openrouter-deepseek-v3-0324-003",7,0,1,0.6557377049180327
pretrain,medical_qa_261,"agent-openrouter-deepseek-v3-0324-002,agent-openrouter-deepseek-v3-0324-003,agent-openrouter-deepseek-v3-0324-004,agent-openrouter-deepseek-v3-0324-002,agent-openrouter-deepseek-v3-0324-003,agent-openrouter-deepseek-v3-0324-003",6,1,1,0.6612903225806451
pretrain,medical_qa_262,"agent-openrouter-deepseek-v3-0324-005,agent-openrouter-deepseek-v3-0324-003,agent-openrouter-deepseek-v3-0324-004,agent-openrouter-deepseek-v3-0324-003,agent-openrouter-deepseek-v3-0324-003",5,1,1,0.6666666666666666
pretrain,medical_qa_263,"agent-openrouter-deepseek-v3-0324-001,agent-openrouter-deepseek-v3-0324-004,agent-openrouter-deepseek-v3-0324-003,agent-openrouter-deepseek-v3-0324-003,agent-openrouter-deepseek-v3-0324-003",5,1,1,0.671875
pretrain,medical_qa_264,"agent-openrouter-deepseek-v3-0324-001,agent-openrouter-deepseek-v3-0324-004,agent-openrouter-deepseek-v3-0324-003,agent-openrouter-deepseek-v3-0324-004,agent-openrouter-deepseek-v3-0324-001,agent-openrouter-deepseek-v3-0324-003",6,1,1,0.676923076923077
pretrain,medical_qa_265,"agent-openrouter-deepseek-v3-0324-002,agent-openrouter-deepseek-v3-0324-001,agent-openrouter-deepseek-v3-0324-003,agent-openrouter-deepseek-v3-0324-002,agent-openrouter-deepseek-v3-0324-002,agent-openrouter-deepseek-v3-0324-003",6,0,1,0.6666666666666666
pretrain,medical_qa_266,"agent-openrouter-deepseek-v3-0324-003,agent-openrouter-deepseek-v3-0324-005,agent-openrouter-deepseek-v3-0324-002,agent-openrouter-deepseek-v3-0324-003",4,1,1,0.6716417910447762
pretrain,medical_qa_267,"agent-openrouter-deepseek-v3-0324-004,agent-openrouter-deepseek-v3-0324-003,agent-openrouter-deepseek-v3-0324-002,agent-openrouter-deepseek-v3-0324-003",4,0,1,0.6617647058823529
pretrain,medical_qa_268,"agent-openrouter-deepseek-v3-0324-002,agent-openrouter-deepseek-v3-0324-003,agent-openrouter-deepseek-v3-0324-004,agent-openrouter-deepseek-v3-0324-002,agent-openrouter-deepseek-v3-0324-003",5,1,1,0.6666666666666666
pretrain,medical_qa_269,"agent-openrouter-deepseek-v3-0324-004,agent-openrouter-deepseek-v3-0324-002,agent-openrouter-deepseek-v3-0324-003,agent-openrouter-deepseek-v3-0324-002,agent-openrouter-deepseek-v3-0324-003",5,1,1,0.6714285714285714
pretrain,medical_qa_270,"agent-openrouter-deepseek-v3-0324-003,agent-openrouter-deepseek-v3-0324-002,agent-openrouter-deepseek-v3-0324-004,agent-openrouter-deepseek-v3-0324-003,agent-openrouter-deepseek-v3-0324-003,agent-openrouter-deepseek-v3-0324-003,agent-openrouter-deepseek-v3-0324-003",7,1,1,0.676056338028169
pretrain,medical_qa_271,"agent-openrouter-deepseek-v3-0324-004,agent-openrouter-deepseek-v3-0324-002,agent-openrouter-deepseek-v3-0324-003,agent-openrouter-deepseek-v3-0324-004,agent-openrouter-deepseek-v3-0324-004,agent-openrouter-deepseek-v3-0324-004",6,0,1,0.6666666666666666
pretrain,medical_qa_272,"agent-openrouter-deepseek-v3-0324-003,agent-openrouter-deepseek-v3-0324-004,agent-openrouter-deepseek-v3-0324-002,agent-openrouter-deepseek-v3-0324-003,agent-openrouter-deepseek-v3-0324-003,agent-openrouter-deepseek-v3-0324-003",6,1,1,0.6712328767123288
pretrain,medical_qa_273,"agent-openrouter-deepseek-v3-0324-002,agent-openrouter-deepseek-v3-0324-001,agent-openrouter-deepseek-v3-0324-003,agent-openrouter-deepseek-v3-0324-003",4,0,1,0.6621621621621622
pretrain,medical_qa_274,"agent-openrouter-deepseek-v3-0324-004,agent-openrouter-deepseek-v3-0324-002,agent-openrouter-deepseek-v3-0324-003,agent-openrouter-deepseek-v3-0324-003,agent-openrouter-deepseek-v3-0324-003",5,1,1,0.6666666666666666
pretrain,medical_qa_275,"agent-openrouter-deepseek-v3-0324-004,agent-openrouter-deepseek-v3-0324-002,agent-openrouter-deepseek-v3-0324-001,agent-openrouter-deepseek-v3-0324-003",4,1,1,0.6710526315789473
pretrain,medical_qa_276,"agent-openrouter-deepseek-v3-0324-004,agent-openrouter-deepseek-v3-0324-002,agent-openrouter-deepseek-v3-0324-003,agent-openrouter-deepseek-v3-0324-002,agent-openrouter-deepseek-v3-0324-004,agent-openrouter-deepseek-v3-0324-003,agent-openrouter-deepseek-v3-0324-003",7,1,1,0.6753246753246753
pretrain,medical_qa_277,"agent-openrouter-deepseek-v3-0324-002,agent-openrouter-deepseek-v3-0324-003,agent-openrouter-deepseek-v3-0324-004,agent-openrouter-deepseek-v3-0324-002,agent-openrouter-deepseek-v3-0324-003",5,1,1,0.6794871794871795
pretrain,medical_qa_278,"agent-openrouter-deepseek-v3-0324-004,agent-openrouter-deepseek-v3-0324-001,agent-openrouter-deepseek-v3-0324-003,agent-openrouter-deepseek-v3-0324-001,agent-openrouter-deepseek-v3-0324-004,agent-openrouter-deepseek-v3-0324-003",6,0,1,0.6708860759493671
pretrain,medical_qa_279,"agent-openrouter-deepseek-v3-0324-002,agent-openrouter-deepseek-v3-0324-004,agent-openrouter-deepseek-v3-0324-003,agent-openrouter-deepseek-v3-0324-004,agent-openrouter-deepseek-v3-0324-004,agent-openrouter-deepseek-v3-0324-003",6,1,1,0.675
pretrain,medical_qa_280,"agent-openrouter-deepseek-v3-0324-003,agent-openrouter-deepseek-v3-0324-001,agent-openrouter-deepseek-v3-0324-002,agent-openrouter-deepseek-v3-0324-003,agent-openrouter-deepseek-v3-0324-003,agent-openrouter-deepseek-v3-0324-003,agent-openrouter-deepseek-v3-0324-003",7,1,1,0.6790123456790124
pretrain,medical_qa_281,"agent-openrouter-deepseek-v3-0324-002,agent-openrouter-deepseek-v3-0324-004,agent-openrouter-deepseek-v3-0324-003,agent-openrouter-deepseek-v3-0324-002,agent-openrouter-deepseek-v3-0324-004,agent-openrouter-deepseek-v3-0324-003",6,1,1,0.6829268292682927
pretrain,medical_qa_282,"agent-openrouter-deepseek-v3-0324-003,agent-openrouter-deepseek-v3-0324-002,agent-openrouter-deepseek-v3-0324-004,agent-openrouter-deepseek-v3-0324-003",4,1,1,0.6867469879518072
pretrain,medical_qa_283,"agent-openrouter-deepseek-v3-0324-004,agent-openrouter-deepseek-v3-0324-002,agent-openrouter-deepseek-v3-0324-003,agent-openrouter-deepseek-v3-0324-004,agent-openrouter-deepseek-v3-0324-004",5,1,1,0.6904761904761905
pretrain,medical_qa_284,"agent-openrouter-deepseek-v3-0324-005,agent-openrouter-deepseek-v3-0324-003,agent-openrouter-deepseek-v3-0324-002,agent-openrouter-deepseek-v3-0324-005,agent-openrouter-deepseek-v3-0324-003",5,0,1,0.6823529411764706
pretrain,medical_qa_285,"agent-openrouter-deepseek-v3-0324-002,agent-openrouter-deepseek-v3-0324-003,agent-openrouter-deepseek-v3-0324-004,agent-openrouter-deepseek-v3-0324-002,agent-openrouter-deepseek-v3-0324-003",5,0,1,0.6744186046511628
pretrain,medical_qa_286,"agent-openrouter-deepseek-v3-0324-004,agent-openrouter-deepseek-v3-0324-003,agent-openrouter-deepseek-v3-0324-002,agent-openrouter-deepseek-v3-0324-002,agent-openrouter-deepseek-v3-0324-002,agent-openrouter-deepseek-v3-0324-004,agent-openrouter-deepseek-v3-0324-003",7,1,1,0.6781609195402298
pretrain,medical_qa_287,"agent-openrouter-deepseek-v3-0324-003,agent-openrouter-deepseek-v3-0324-004,agent-openrouter-deepseek-v3-0324-002,agent-openrouter-deepseek-v3-0324-003,agent-openrouter-deepseek-v3-0324-004,agent-openrouter-deepseek-v3-0324-003,agent-openrouter-deepseek-v3-0324-003,agent-openrouter-deepseek-v3-0324-004",8,1,1,0.6818181818181818
pretrain,medical_qa_288,"agent-openrouter-deepseek-v3-0324-002,agent-openrouter-deepseek-v3-0324-004,agent-openrouter-deepseek-v3-0324-003,agent-openrouter-deepseek-v3-0324-002,agent-openrouter-deepseek-v3-0324-003",5,0,1,0.6741573033707865
pretrain,medical_qa_289,"agent-openrouter-deepseek-v3-0324-003,agent-openrouter-deepseek-v3-0324-004,agent-openrouter-deepseek-v3-0324-002,agent-openrouter-deepseek-v3-0324-003,agent-openrouter-deepseek-v3-0324-003,agent-openrouter-deepseek-v3-0324-003,agent-openrouter-deepseek-v3-0324-003",7,1,1,0.6777777777777778
pretrain,medical_qa_290,"agent-openrouter-deepseek-v3-0324-002,agent-openrouter-deepseek-v3-0324-004,agent-openrouter-deepseek-v3-0324-003,agent-openrouter-deepseek-v3-0324-002,agent-openrouter-deepseek-v3-0324-002,agent-openrouter-deepseek-v3-0324-003",6,1,1,0.6813186813186813
pretrain,medical_qa_291,"agent-openrouter-deepseek-v3-0324-003,agent-openrouter-deepseek-v3-0324-002,agent-openrouter-deepseek-v3-0324-004,agent-openrouter-deepseek-v3-0324-003,agent-openrouter-deepseek-v3-0324-003",5,1,1,0.6847826086956522
pretrain,medical_qa_292,"agent-openrouter-deepseek-v3-0324-003,agent-openrouter-deepseek-v3-0324-002,agent-openrouter-deepseek-v3-0324-001,agent-openrouter-deepseek-v3-0324-003,agent-openrouter-deepseek-v3-0324-003",5,1,1,0.6881720430107527
pretrain,medical_qa_293,"agent-openrouter-deepseek-v3-0324-002,agent-openrouter-deepseek-v3-0324-004,agent-openrouter-deepseek-v3-0324-003,agent-openrouter-deepseek-v3-0324-002,agent-openrouter-deepseek-v3-0324-002,agent-openrouter-deepseek-v3-0324-003",6,1,1,0.6914893617021277
pretrain,medical_qa_294,"agent-openrouter-deepseek-v3-0324-003,agent-openrouter-deepseek-v3-0324-004,agent-openrouter-deepseek-v3-0324-002",3,1,1,0.6947368421052632
pretrain,medical_qa_295,"agent-openrouter-deepseek-v3-0324-002,agent-openrouter-deepseek-v3-0324-004,agent-openrouter-deepseek-v3-0324-003,agent-openrouter-deepseek-v3-0324-002,agent-openrouter-deepseek-v3-0324-002,agent-openrouter-deepseek-v3-0324-002,agent-openrouter-deepseek-v3-0324-003",7,1,1,0.6979166666666666
pretrain,medical_qa_296,"agent-openrouter-deepseek-v3-0324-002,agent-openrouter-deepseek-v3-0324-004,agent-openrouter-deepseek-v3-0324-003,agent-openrouter-deepseek-v3-0324-003",4,1,1,0.7010309278350515
pretrain,medical_qa_297,"agent-openrouter-deepseek-v3-0324-001,agent-openrouter-deepseek-v3-0324-004,agent-openrouter-deepseek-v3-0324-005,agent-openrouter-deepseek-v3-0324-004,agent-openrouter-deepseek-v3-0324-001,agent-openrouter-deepseek-v3-0324-004",6,1,1,0.7040816326530612
pretrain,medical_qa_298,"agent-openrouter-deepseek-v3-0324-002,agent-openrouter-deepseek-v3-0324-004,agent-openrouter-deepseek-v3-0324-003,agent-openrouter-deepseek-v3-0324-003,agent-openrouter-deepseek-v3-0324-003",5,1,1,0.7070707070707071
pretrain,medical_qa_299,"agent-openrouter-deepseek-v3-0324-003,agent-openrouter-deepseek-v3-0324-004,agent-openrouter-deepseek-v3-0324-002,agent-openrouter-deepseek-v3-0324-003,agent-openrouter-deepseek-v3-0324-003",5,1,1,0.71
pretrain,medical_qa_300,"agent-openrouter-deepseek-v3-0324-003,agent-openrouter-deepseek-v3-0324-004,agent-openrouter-deepseek-v3-0324-002,agent-openrouter-deepseek-v3-0324-003,agent-openrouter-deepseek-v3-0324-004,agent-openrouter-deepseek-v3-0324-003",6,0,1,0.7029702970297029
pretrain,medical_qa_301,"agent-openrouter-deepseek-v3-0324-001,agent-openrouter-deepseek-v3-0324-002,agent-openrouter-deepseek-v3-0324-003,agent-openrouter-deepseek-v3-0324-002,agent-openrouter-deepseek-v3-0324-003,agent-openrouter-deepseek-v3-0324-003,agent-openrouter-deepseek-v3-0324-003",7,0,1,0.696078431372549
pretrain,medical_qa_302,"agent-openrouter-deepseek-v3-0324-003,agent-openrouter-deepseek-v3-0324-004,agent-openrouter-deepseek-v3-0324-002,agent-openrouter-deepseek-v3-0324-003,agent-openrouter-deepseek-v3-0324-003",5,1,1,0.6990291262135923
pretrain,medical_qa_303,"agent-openrouter-deepseek-v3-0324-004,agent-openrouter-deepseek-v3-0324-002,agent-openrouter-deepseek-v3-0324-003,agent-openrouter-deepseek-v3-0324-003",4,0,1,0.6923076923076923
pretrain,medical_qa_304,"agent-openrouter-deepseek-v3-0324-004,agent-openrouter-deepseek-v3-0324-002,agent-openrouter-deepseek-v3-0324-003,agent-openrouter-deepseek-v3-0324-003,agent-openrouter-deepseek-v3-0324-004,agent-openrouter-deepseek-v3-0324-003",6,1,1,0.6952380952380952
pretrain,medical_qa_305,"agent-openrouter-deepseek-v3-0324-003,agent-openrouter-deepseek-v3-0324-004,agent-openrouter-deepseek-v3-0324-002,agent-openrouter-deepseek-v3-0324-003,agent-openrouter-deepseek-v3-0324-003,agent-openrouter-deepseek-v3-0324-003",6,1,1,0.6981132075471698
pretrain,medical_qa_306,"agent-openrouter-deepseek-v3-0324-002,agent-openrouter-deepseek-v3-0324-004,agent-openrouter-deepseek-v3-0324-003,agent-openrouter-deepseek-v3-0324-003,agent-openrouter-deepseek-v3-0324-003",5,1,1,0.7009345794392523
pretrain,medical_qa_307,"agent-openrouter-deepseek-v3-0324-001,agent-openrouter-deepseek-v3-0324-003,agent-openrouter-deepseek-v3-0324-004,agent-openrouter-deepseek-v3-0324-002,agent-openrouter-deepseek-v3-0324-003",5,0,1,0.6944444444444444
pretrain,medical_qa_308,"agent-openrouter-deepseek-v3-0324-005,agent-openrouter-deepseek-v3-0324-004,agent-openrouter-deepseek-v3-0324-003,agent-openrouter-deepseek-v3-0324-003",4,1,1,0.6972477064220184
pretrain,medical_qa_309,"agent-openrouter-deepseek-v3-0324-003,agent-openrouter-deepseek-v3-0324-004,agent-openrouter-deepseek-v3-0324-001",3,1,1,0.7
pretrain,medical_qa_310,"agent-openrouter-deepseek-v3-0324-003,agent-openrouter-deepseek-v3-0324-004,agent-openrouter-deepseek-v3-0324-002",3,1,1,0.7027027027027027
pretrain,medical_qa_311,"agent-openrouter-deepseek-v3-0324-004,agent-openrouter-deepseek-v3-0324-003,agent-openrouter-deepseek-v3-0324-002,agent-openrouter-deepseek-v3-0324-002,agent-openrouter-deepseek-v3-0324-002,agent-openrouter-deepseek-v3-0324-002,agent-openrouter-deepseek-v3-0324-003",7,1,1,0.7053571428571429
pretrain,medical_qa_312,"agent-openrouter-deepseek-v3-0324-004,agent-openrouter-deepseek-v3-0324-003,agent-openrouter-deepseek-v3-0324-002,agent-openrouter-deepseek-v3-0324-002,agent-openrouter-deepseek-v3-0324-003",5,1,1,0.7079646017699115
pretrain,medical_qa_313,"agent-openrouter-deepseek-v3-0324-003,agent-openrouter-deepseek-v3-0324-001,agent-openrouter-deepseek-v3-0324-002",3,1,1,0.7105263157894737
pretrain,medical_qa_314,"agent-openrouter-deepseek-v3-0324-005,agent-openrouter-deepseek-v3-0324-003,agent-openrouter-deepseek-v3-0324-004,agent-openrouter-deepseek-v3-0324-003,agent-openrouter-deepseek-v3-0324-003",5,1,1,0.7130434782608696
pretrain,medical_qa_315,"agent-openrouter-deepseek-v3-0324-003,agent-openrouter-deepseek-v3-0324-004,agent-openrouter-deepseek-v3-0324-002,agent-openrouter-deepseek-v3-0324-003,agent-openrouter-deepseek-v3-0324-003",5,1,1,0.7155172413793104
pretrain,medical_qa_316,"agent-openrouter-deepseek-v3-0324-005,agent-openrouter-deepseek-v3-0324-004,agent-openrouter-deepseek-v3-0324-002,agent-openrouter-deepseek-v3-0324-001,agent-openrouter-deepseek-v3-0324-001,agent-openrouter-deepseek-v3-0324-005,agent-openrouter-deepseek-v3-0324-003",7,1,1,0.717948717948718
pretrain,medical_qa_317,"agent-openrouter-deepseek-v3-0324-003,agent-openrouter-deepseek-v3-0324-002,agent-openrouter-deepseek-v3-0324-004,agent-openrouter-deepseek-v3-0324-003,agent-openrouter-deepseek-v3-0324-003,agent-openrouter-deepseek-v3-0324-003",6,1,1,0.7203389830508474
pretrain,medical_qa_318,"agent-openrouter-deepseek-v3-0324-002,agent-openrouter-deepseek-v3-0324-003,agent-openrouter-deepseek-v3-0324-004,agent-openrouter-deepseek-v3-0324-002,agent-openrouter-deepseek-v3-0324-003",5,1,1,0.7226890756302521
pretrain,medical_qa_319,"agent-openrouter-deepseek-v3-0324-005,agent-openrouter-deepseek-v3-0324-002,agent-openrouter-deepseek-v3-0324-004,agent-openrouter-deepseek-v3-0324-005,agent-openrouter-deepseek-v3-0324-003",5,1,1,0.725
pretrain,medical_qa_320,"agent-openrouter-deepseek-v3-0324-002,agent-openrouter-deepseek-v3-0324-004,agent-openrouter-deepseek-v3-0324-003,agent-openrouter-deepseek-v3-0324-002,agent-openrouter-deepseek-v3-0324-003,agent-openrouter-deepseek-v3-0324-003",6,0,1,0.71900826446281
pretrain,medical_qa_321,"agent-openrouter-deepseek-v3-0324-001,agent-openrouter-deepseek-v3-0324-002,agent-openrouter-deepseek-v3-0324-003,agent-openrouter-deepseek-v3-0324-003,agent-openrouter-deepseek-v3-0324-003",5,0,1,0.7131147540983607
pretrain,medical_qa_322,"agent-openrouter-deepseek-v3-0324-003,agent-openrouter-deepseek-v3-0324-002,agent-openrouter-deepseek-v3-0324-004,agent-openrouter-deepseek-v3-0324-002,agent-openrouter-deepseek-v3-0324-003",5,1,1,0.7154471544715447
pretrain,medical_qa_323,"agent-openrouter-deepseek-v3-0324-003,agent-openrouter-deepseek-v3-0324-002,agent-openrouter-deepseek-v3-0324-004,agent-openrouter-deepseek-v3-0324-003,agent-openrouter-deepseek-v3-0324-003",5,1,1,0.717741935483871
pretrain,medical_qa_324,"agent-openrouter-deepseek-v3-0324-003,agent-openrouter-deepseek-v3-0324-004,agent-openrouter-deepseek-v3-0324-002",3,1,1,0.72
pretrain,medical_qa_325,"agent-openrouter-deepseek-v3-0324-003,agent-openrouter-deepseek-v3-0324-002,agent-openrouter-deepseek-v3-0324-004,agent-openrouter-deepseek-v3-0324-003,agent-openrouter-deepseek-v3-0324-003",5,1,1,0.7222222222222222
pretrain,medical_qa_326,"agent-openrouter-deepseek-v3-0324-002,agent-openrouter-deepseek-v3-0324-003,agent-openrouter-deepseek-v3-0324-004,agent-openrouter-deepseek-v3-0324-002,agent-openrouter-deepseek-v3-0324-002,agent-openrouter-deepseek-v3-0324-003",6,1,1,0.7244094488188977
pretrain,medical_qa_327,"agent-openrouter-deepseek-v3-0324-002,agent-openrouter-deepseek-v3-0324-004,agent-openrouter-deepseek-v3-0324-003,agent-openrouter-deepseek-v3-0324-003",4,1,1,0.7265625
pretrain,medical_qa_328,"agent-openrouter-deepseek-v3-0324-001,agent-openrouter-deepseek-v3-0324-002,agent-openrouter-deepseek-v3-0324-003,agent-openrouter-deepseek-v3-0324-001,agent-openrouter-deepseek-v3-0324-001,agent-openrouter-deepseek-v3-0324-003",6,1,1,0.7286821705426356
pretrain,medical_qa_329,"agent-openrouter-deepseek-v3-0324-004,agent-openrouter-deepseek-v3-0324-001,agent-openrouter-deepseek-v3-0324-003,agent-openrouter-deepseek-v3-0324-003,agent-openrouter-deepseek-v3-0324-002,agent-openrouter-deepseek-v3-0324-002,agent-openrouter-deepseek-v3-0324-003",7,0,1,0.7230769230769231
pretrain,medical_qa_330,"agent-openrouter-deepseek-v3-0324-002,agent-openrouter-deepseek-v3-0324-004,agent-openrouter-deepseek-v3-0324-003,agent-openrouter-deepseek-v3-0324-002,agent-openrouter-deepseek-v3-0324-004",5,1,1,0.7251908396946565
pretrain,medical_qa_331,"agent-openrouter-deepseek-v3-0324-002,agent-openrouter-deepseek-v3-0324-003,agent-openrouter-deepseek-v3-0324-004,agent-openrouter-deepseek-v3-0324-004,agent-openrouter-deepseek-v3-0324-003",5,1,1,0.7272727272727273
pretrain,medical_qa_332,"agent-openrouter-deepseek-v3-0324-002,agent-openrouter-deepseek-v3-0324-004,agent-openrouter-deepseek-v3-0324-003,agent-openrouter-deepseek-v3-0324-002,agent-openrouter-deepseek-v3-0324-003",5,1,1,0.7293233082706767
pretrain,medical_qa_333,"agent-openrouter-deepseek-v3-0324-001,agent-openrouter-deepseek-v3-0324-003,agent-openrouter-deepseek-v3-0324-002,agent-openrouter-deepseek-v3-0324-003,agent-openrouter-deepseek-v3-0324-001,agent-openrouter-deepseek-v3-0324-001,agent-openrouter-deepseek-v3-0324-003",7,1,1,0.7313432835820896
pretrain,medical_qa_334,"agent-openrouter-deepseek-v3-0324-003,agent-openrouter-deepseek-v3-0324-004,agent-openrouter-deepseek-v3-0324-002,agent-openrouter-deepseek-v3-0324-003,agent-openrouter-deepseek-v3-0324-003,agent-openrouter-deepseek-v3-0324-003",6,1,1,0.7333333333333333
pretrain,medical_qa_335,"agent-openrouter-deepseek-v3-0324-003,agent-openrouter-deepseek-v3-0324-004,agent-openrouter-deepseek-v3-0324-002,agent-openrouter-deepseek-v3-0324-003,agent-openrouter-deepseek-v3-0324-003",5,1,1,0.7352941176470589
pretrain,medical_qa_336,"agent-openrouter-deepseek-v3-0324-002,agent-openrouter-deepseek-v3-0324-003,agent-openrouter-deepseek-v3-0324-004,agent-openrouter-deepseek-v3-0324-003",4,0,1,0.7299270072992701
pretrain,medical_qa_337,"agent-openrouter-deepseek-v3-0324-005,agent-openrouter-deepseek-v3-0324-002,agent-openrouter-deepseek-v3-0324-003,agent-openrouter-deepseek-v3-0324-005",4,1,1,0.7318840579710145
pretrain,medical_qa_338,"agent-openrouter-deepseek-v3-0324-004,agent-openrouter-deepseek-v3-0324-002,agent-openrouter-deepseek-v3-0324-003,agent-openrouter-deepseek-v3-0324-002,agent-openrouter-deepseek-v3-0324-004,agent-openrouter-deepseek-v3-0324-004,agent-openrouter-deepseek-v3-0324-003",7,1,1,0.7338129496402878
pretrain,medical_qa_339,"agent-openrouter-deepseek-v3-0324-001,agent-openrouter-deepseek-v3-0324-002,agent-openrouter-deepseek-v3-0324-003,agent-openrouter-deepseek-v3-0324-003,agent-openrouter-deepseek-v3-0324-003",5,1,1,0.7357142857142858
pretrain,medical_qa_340,"agent-openrouter-deepseek-v3-0324-003,agent-openrouter-deepseek-v3-0324-004,agent-openrouter-deepseek-v3-0324-002,agent-openrouter-deepseek-v3-0324-003,agent-openrouter-deepseek-v3-0324-003,agent-openrouter-deepseek-v3-0324-003",6,0,1,0.7304964539007093
pretrain,medical_qa_341,"agent-openrouter-deepseek-v3-0324-002,agent-openrouter-deepseek-v3-0324-001,agent-openrouter-deepseek-v3-0324-003,agent-openrouter-deepseek-v3-0324-003",4,1,1,0.7323943661971831
pretrain,medical_qa_342,"agent-openrouter-deepseek-v3-0324-004,agent-openrouter-deepseek-v3-0324-003,agent-openrouter-deepseek-v3-0324-002,agent-openrouter-deepseek-v3-0324-004,agent-openrouter-deepseek-v3-0324-004",5,1,1,0.7342657342657343
pretrain,medical_qa_343,"agent-openrouter-deepseek-v3-0324-002,agent-openrouter-deepseek-v3-0324-003,agent-openrouter-deepseek-v3-0324-004,agent-openrouter-deepseek-v3-0324-002,agent-openrouter-deepseek-v3-0324-001,agent-openrouter-deepseek-v3-0324-003,agent-openrouter-deepseek-v3-0324-003",7,1,1,0.7361111111111112
pretrain,medical_qa_344,"agent-openrouter-deepseek-v3-0324-003,agent-openrouter-deepseek-v3-0324-002,agent-openrouter-deepseek-v3-0324-004,agent-openrouter-deepseek-v3-0324-003,agent-openrouter-deepseek-v3-0324-003",5,1,1,0.7379310344827587
pretrain,medical_qa_345,"agent-openrouter-deepseek-v3-0324-005,agent-openrouter-deepseek-v3-0324-004,agent-openrouter-deepseek-v3-0324-003,agent-openrouter-deepseek-v3-0324-005,agent-openrouter-deepseek-v3-0324-003",5,1,1,0.7397260273972602
pretrain,medical_qa_346,"agent-openrouter-deepseek-v3-0324-003,agent-openrouter-deepseek-v3-0324-002,agent-openrouter-deepseek-v3-0324-004,agent-openrouter-deepseek-v3-0324-003,agent-openrouter-deepseek-v3-0324-003",5,1,1,0.7414965986394558
pretrain,medical_qa_347,"agent-openrouter-deepseek-v3-0324-004,agent-openrouter-deepseek-v3-0324-003,agent-openrouter-deepseek-v3-0324-002,agent-openrouter-deepseek-v3-0324-003,agent-openrouter-deepseek-v3-0324-003",5,1,1,0.7432432432432432
pretrain,medical_qa_348,"agent-openrouter-deepseek-v3-0324-005,agent-openrouter-deepseek-v3-0324-002,agent-openrouter-deepseek-v3-0324-003,agent-openrouter-deepseek-v3-0324-001,agent-openrouter-deepseek-v3-0324-001,agent-openrouter-deepseek-v3-0324-001,agent-openrouter-deepseek-v3-0324-003",7,0,1,0.738255033557047
pretrain,medical_qa_349,"agent-openrouter-deepseek-v3-0324-002,agent-openrouter-deepseek-v3-0324-004,agent-openrouter-deepseek-v3-0324-003,agent-openrouter-deepseek-v3-0324-002,agent-openrouter-deepseek-v3-0324-002,agent-openrouter-deepseek-v3-0324-002,agent-openrouter-deepseek-v3-0324-003",7,1,1,0.74
pretrain,medical_qa_350,"agent-openrouter-deepseek-v3-0324-002,agent-openrouter-deepseek-v3-0324-003,agent-openrouter-deepseek-v3-0324-004,agent-openrouter-deepseek-v3-0324-004,agent-openrouter-deepseek-v3-0324-003,agent-openrouter-deepseek-v3-0324-002",6,1,1,0.7417218543046358
pretrain,medical_qa_351,"agent-openrouter-deepseek-v3-0324-003,agent-openrouter-deepseek-v3-0324-002,agent-openrouter-deepseek-v3-0324-004,agent-openrouter-deepseek-v3-0324-003,agent-openrouter-deepseek-v3-0324-003,agent-openrouter-deepseek-v3-0324-003,agent-openrouter-deepseek-v3-0324-003,agent-openrouter-deepseek-v3-0324-003",8,0,1,0.7368421052631579
pretrain,medical_qa_352,"agent-openrouter-deepseek-v3-0324-002,agent-openrouter-deepseek-v3-0324-003,agent-openrouter-deepseek-v3-0324-004,agent-openrouter-deepseek-v3-0324-002,agent-openrouter-deepseek-v3-0324-002,agent-openrouter-deepseek-v3-0324-003",6,1,1,0.738562091503268
pretrain,medical_qa_353,"agent-openrouter-deepseek-v3-0324-002,agent-openrouter-deepseek-v3-0324-004,agent-openrouter-deepseek-v3-0324-003,agent-openrouter-deepseek-v3-0324-004,agent-openrouter-deepseek-v3-0324-003",5,1,1,0.7402597402597403
pretrain,medical_qa_354,"agent-openrouter-deepseek-v3-0324-002,agent-openrouter-deepseek-v3-0324-004,agent-openrouter-deepseek-v3-0324-003,agent-openrouter-deepseek-v3-0324-002,agent-openrouter-deepseek-v3-0324-002",5,1,1,0.7419354838709677
pretrain,medical_qa_355,"agent-openrouter-deepseek-v3-0324-004,agent-openrouter-deepseek-v3-0324-002,agent-openrouter-deepseek-v3-0324-003,agent-openrouter-deepseek-v3-0324-004",4,1,1,0.7435897435897436
pretrain,medical_qa_356,"agent-openrouter-deepseek-v3-0324-003,agent-openrouter-deepseek-v3-0324-002,agent-openrouter-deepseek-v3-0324-004,agent-openrouter-deepseek-v3-0324-003,agent-openrouter-deepseek-v3-0324-003",5,1,1,0.7452229299363057
pretrain,medical_qa_357,"agent-openrouter-deepseek-v3-0324-004,agent-openrouter-deepseek-v3-0324-002,agent-openrouter-deepseek-v3-0324-003,agent-openrouter-deepseek-v3-0324-003",4,1,1,0.7468354430379747
pretrain,medical_qa_358,"agent-openrouter-deepseek-v3-0324-001,agent-openrouter-deepseek-v3-0324-002,agent-openrouter-deepseek-v3-0324-003,agent-openrouter-deepseek-v3-0324-003,agent-openrouter-deepseek-v3-0324-003",5,1,1,0.7484276729559748
pretrain,medical_qa_359,"agent-openrouter-deepseek-v3-0324-003,agent-openrouter-deepseek-v3-0324-002,agent-openrouter-deepseek-v3-0324-004,agent-openrouter-deepseek-v3-0324-002,agent-openrouter-deepseek-v3-0324-002,agent-openrouter-deepseek-v3-0324-003",6,1,1,0.75
pretrain,medical_qa_360,"agent-openrouter-deepseek-v3-0324-005,agent-openrouter-deepseek-v3-0324-003,agent-openrouter-deepseek-v3-0324-002,agent-openrouter-deepseek-v3-0324-005,agent-openrouter-deepseek-v3-0324-003",5,1,1,0.7515527950310559
pretrain,medical_qa_361,"agent-openrouter-deepseek-v3-0324-001,agent-openrouter-deepseek-v3-0324-002,agent-openrouter-deepseek-v3-0324-003,agent-openrouter-deepseek-v3-0324-001,agent-openrouter-deepseek-v3-0324-001,agent-openrouter-deepseek-v3-0324-003",6,1,1,0.7530864197530864
pretrain,medical_qa_362,"agent-openrouter-deepseek-v3-0324-002,agent-openrouter-deepseek-v3-0324-003,agent-openrouter-deepseek-v3-0324-004,agent-openrouter-deepseek-v3-0324-002,agent-openrouter-deepseek-v3-0324-003",5,1,1,0.754601226993865
pretrain,medical_qa_363,"agent-openrouter-deepseek-v3-0324-002,agent-openrouter-deepseek-v3-0324-004,agent-openrouter-deepseek-v3-0324-003,agent-openrouter-deepseek-v3-0324-002,agent-openrouter-deepseek-v3-0324-003",5,1,1,0.7560975609756098
pretrain,medical_qa_364,"agent-openrouter-deepseek-v3-0324-004,agent-openrouter-deepseek-v3-0324-003,agent-openrouter-deepseek-v3-0324-002,agent-openrouter-deepseek-v3-0324-004,agent-openrouter-deepseek-v3-0324-004,agent-openrouter-deepseek-v3-0324-002",6,1,1,0.7575757575757576
pretrain,medical_qa_365,"agent-openrouter-deepseek-v3-0324-002,agent-openrouter-deepseek-v3-0324-003,agent-openrouter-deepseek-v3-0324-004,agent-openrouter-deepseek-v3-0324-003",4,1,1,0.7590361445783133
pretrain,medical_qa_366,"agent-openrouter-deepseek-v3-0324-005,agent-openrouter-deepseek-v3-0324-002,agent-openrouter-deepseek-v3-0324-003,agent-openrouter-deepseek-v3-0324-002,agent-openrouter-deepseek-v3-0324-002,agent-openrouter-deepseek-v3-0324-003",6,1,1,0.7604790419161677
pretrain,medical_qa_367,"agent-openrouter-deepseek-v3-0324-004,agent-openrouter-deepseek-v3-0324-002,agent-openrouter-deepseek-v3-0324-003,agent-openrouter-deepseek-v3-0324-004,agent-openrouter-deepseek-v3-0324-003,agent-openrouter-deepseek-v3-0324-003,agent-openrouter-deepseek-v3-0324-004,agent-openrouter-deepseek-v3-0324-003",8,0,1,0.7559523809523809
pretrain,medical_qa_368,"agent-openrouter-deepseek-v3-0324-002,agent-openrouter-deepseek-v3-0324-004,agent-openrouter-deepseek-v3-0324-003,agent-openrouter-deepseek-v3-0324-004,agent-openrouter-deepseek-v3-0324-003",5,1,1,0.757396449704142
pretrain,medical_qa_369,"agent-openrouter-deepseek-v3-0324-001,agent-openrouter-deepseek-v3-0324-003,agent-openrouter-deepseek-v3-0324-004,agent-openrouter-deepseek-v3-0324-003",4,1,1,0.7588235294117647
pretrain,medical_qa_370,"agent-openrouter-deepseek-v3-0324-002,agent-openrouter-deepseek-v3-0324-005,agent-openrouter-deepseek-v3-0324-004,agent-openrouter-deepseek-v3-0324-002,agent-openrouter-deepseek-v3-0324-003",5,1,1,0.7602339181286549
pretrain,medical_qa_371,"agent-openrouter-deepseek-v3-0324-002,agent-openrouter-deepseek-v3-0324-003,agent-openrouter-deepseek-v3-0324-004,agent-openrouter-deepseek-v3-0324-002,agent-openrouter-deepseek-v3-0324-002,agent-openrouter-deepseek-v3-0324-002,agent-openrouter-deepseek-v3-0324-002",7,1,1,0.7616279069767442
pretrain,medical_qa_372,"agent-openrouter-deepseek-v3-0324-004,agent-openrouter-deepseek-v3-0324-002,agent-openrouter-deepseek-v3-0324-003,agent-openrouter-deepseek-v3-0324-004,agent-openrouter-deepseek-v3-0324-004,agent-openrouter-deepseek-v3-0324-003",6,1,1,0.7630057803468208
pretrain,medical_qa_373,"agent-openrouter-deepseek-v3-0324-002,agent-openrouter-deepseek-v3-0324-003,agent-openrouter-deepseek-v3-0324-004,agent-openrouter-deepseek-v3-0324-003",4,1,1,0.764367816091954
pretrain,medical_qa_374,"agent-openrouter-deepseek-v3-0324-002,agent-openrouter-deepseek-v3-0324-003,agent-openrouter-deepseek-v3-0324-004,agent-openrouter-deepseek-v3-0324-003,agent-openrouter-deepseek-v3-0324-002,agent-openrouter-deepseek-v3-0324-002",6,1,1,0.7657142857142857
pretrain,medical_qa_375,"agent-openrouter-deepseek-v3-0324-002,agent-openrouter-deepseek-v3-0324-003,agent-openrouter-deepseek-v3-0324-004,agent-openrouter-deepseek-v3-0324-002,agent-openrouter-deepseek-v3-0324-003",5,1,1,0.7670454545454546
pretrain,medical_qa_376,"agent-openrouter-deepseek-v3-0324-004,agent-openrouter-deepseek-v3-0324-002,agent-openrouter-deepseek-v3-0324-003,agent-openrouter-deepseek-v3-0324-002",4,0,1,0.7627118644067796
pretrain,medical_qa_377,"agent-openrouter-deepseek-v3-0324-002,agent-openrouter-deepseek-v3-0324-003,agent-openrouter-deepseek-v3-0324-004,agent-openrouter-deepseek-v3-0324-003,agent-openrouter-deepseek-v3-0324-003",5,1,1,0.7640449438202247
pretrain,medical_qa_378,"agent-openrouter-deepseek-v3-0324-002,agent-openrouter-deepseek-v3-0324-004,agent-openrouter-deepseek-v3-0324-003,agent-openrouter-deepseek-v3-0324-002,agent-openrouter-deepseek-v3-0324-002",5,1,1,0.7653631284916201
pretrain,medical_qa_379,"agent-openrouter-deepseek-v3-0324-002,agent-openrouter-deepseek-v3-0324-004,agent-openrouter-deepseek-v3-0324-003,agent-openrouter-deepseek-v3-0324-002,agent-openrouter-deepseek-v3-0324-002,agent-openrouter-deepseek-v3-0324-003",6,1,1,0.7666666666666667
pretrain,medical_qa_380,"agent-openrouter-deepseek-v3-0324-002,agent-openrouter-deepseek-v3-0324-003,agent-openrouter-deepseek-v3-0324-004,agent-openrouter-deepseek-v3-0324-003,agent-openrouter-deepseek-v3-0324-002,agent-openrouter-deepseek-v3-0324-003",6,0,1,0.7624309392265194
pretrain,medical_qa_381,"agent-openrouter-deepseek-v3-0324-003,agent-openrouter-deepseek-v3-0324-002,agent-openrouter-deepseek-v3-0324-004,agent-openrouter-deepseek-v3-0324-003,agent-openrouter-deepseek-v3-0324-003",5,0,1,0.7582417582417582
pretrain,medical_qa_382,"agent-openrouter-deepseek-v3-0324-005,agent-openrouter-deepseek-v3-0324-001,agent-openrouter-deepseek-v3-0324-002,agent-openrouter-deepseek-v3-0324-001,agent-openrouter-deepseek-v3-0324-003",5,1,1,0.7595628415300546
pretrain,medical_qa_383,"agent-openrouter-deepseek-v3-0324-004,agent-openrouter-deepseek-v3-0324-003,agent-openrouter-deepseek-v3-0324-002,agent-openrouter-deepseek-v3-0324-004,agent-openrouter-deepseek-v3-0324-002",5,1,1,0.7608695652173914
pretrain,medical_qa_384,"agent-openrouter-deepseek-v3-0324-004,agent-openrouter-deepseek-v3-0324-002,agent-openrouter-deepseek-v3-0324-003,agent-openrouter-deepseek-v3-0324-003,agent-openrouter-deepseek-v3-0324-002,agent-openrouter-deepseek-v3-0324-003",6,0,1,0.7567567567567568
pretrain,medical_qa_385,"agent-openrouter-deepseek-v3-0324-002,agent-openrouter-deepseek-v3-0324-004,agent-openrouter-deepseek-v3-0324-003,agent-openrouter-deepseek-v3-0324-002,agent-openrouter-deepseek-v3-0324-003",5,1,1,0.7580645161290323
pretrain,medical_qa_386,"agent-openrouter-deepseek-v3-0324-002,agent-openrouter-deepseek-v3-0324-003,agent-openrouter-deepseek-v3-0324-004,agent-openrouter-deepseek-v3-0324-003,agent-openrouter-deepseek-v3-0324-003,agent-openrouter-deepseek-v3-0324-003",6,1,1,0.7593582887700535
pretrain,medical_qa_387,"agent-openrouter-deepseek-v3-0324-002,agent-openrouter-deepseek-v3-0324-004,agent-openrouter-deepseek-v3-0324-003,agent-openrouter-deepseek-v3-0324-002,agent-openrouter-deepseek-v3-0324-002,agent-openrouter-deepseek-v3-0324-002,agent-openrouter-deepseek-v3-0324-002",7,1,1,0.7606382978723404
pretrain,medical_qa_388,"agent-openrouter-deepseek-v3-0324-002,agent-openrouter-deepseek-v3-0324-004,agent-openrouter-deepseek-v3-0324-003,agent-openrouter-deepseek-v3-0324-001,agent-openrouter-deepseek-v3-0324-002,agent-openrouter-deepseek-v3-0324-004,agent-openrouter-deepseek-v3-0324-001,agent-openrouter-deepseek-v3-0324-003",8,1,1,0.7619047619047619
pretrain,medical_qa_389,"agent-openrouter-deepseek-v3-0324-003,agent-openrouter-deepseek-v3-0324-004,agent-openrouter-deepseek-v3-0324-002,agent-openrouter-deepseek-v3-0324-003",4,0,1,0.7578947368421053
pretrain,medical_qa_390,"agent-openrouter-deepseek-v3-0324-003,agent-openrouter-deepseek-v3-0324-001,agent-openrouter-deepseek-v3-0324-002,agent-openrouter-deepseek-v3-0324-003,agent-openrouter-deepseek-v3-0324-003,agent-openrouter-deepseek-v3-0324-003,agent-openrouter-deepseek-v3-0324-003",7,1,1,0.7591623036649214
pretrain,medical_qa_391,"agent-openrouter-deepseek-v3-0324-003,agent-openrouter-deepseek-v3-0324-002,agent-openrouter-deepseek-v3-0324-004,agent-openrouter-deepseek-v3-0324-003,agent-openrouter-deepseek-v3-0324-001,agent-openrouter-deepseek-v3-0324-003",6,1,1,0.7604166666666666
pretrain,medical_qa_392,"agent-openrouter-deepseek-v3-0324-004,agent-openrouter-deepseek-v3-0324-002,agent-openrouter-deepseek-v3-0324-003,agent-openrouter-deepseek-v3-0324-004,agent-openrouter-deepseek-v3-0324-003",5,1,1,0.7616580310880829
pretrain,medical_qa_393,"agent-openrouter-deepseek-v3-0324-001,agent-openrouter-deepseek-v3-0324-003,agent-openrouter-deepseek-v3-0324-002,agent-openrouter-deepseek-v3-0324-001,agent-openrouter-deepseek-v3-0324-003,agent-openrouter-deepseek-v3-0324-002,agent-openrouter-deepseek-v3-0324-002",7,1,1,0.7628865979381443
pretrain,medical_qa_394,"agent-openrouter-deepseek-v3-0324-002,agent-openrouter-deepseek-v3-0324-004,agent-openrouter-deepseek-v3-0324-003,agent-openrouter-deepseek-v3-0324-002,agent-openrouter-deepseek-v3-0324-003",5,1,1,0.764102564102564
pretrain,medical_qa_395,"agent-openrouter-deepseek-v3-0324-005,agent-openrouter-deepseek-v3-0324-001,agent-openrouter-deepseek-v3-0324-002,agent-openrouter-deepseek-v3-0324-005,agent-openrouter-deepseek-v3-0324-001,agent-openrouter-deepseek-v3-0324-005",6,1,1,0.7653061224489796
pretrain,medical_qa_396,"agent-openrouter-deepseek-v3-0324-002,agent-openrouter-deepseek-v3-0324-003,agent-openrouter-deepseek-v3-0324-004,agent-openrouter-deepseek-v3-0324-002,agent-openrouter-deepseek-v3-0324-003",5,1,1,0.766497461928934
pretrain,medical_qa_397,"agent-openrouter-deepseek-v3-0324-004,agent-openrouter-deepseek-v3-0324-002,agent-openrouter-deepseek-v3-0324-003,agent-openrouter-deepseek-v3-0324-003,agent-openrouter-deepseek-v3-0324-004,agent-openrouter-deepseek-v3-0324-003",6,0,1,0.7626262626262627
pretrain,medical_qa_398,"agent-openrouter-deepseek-v3-0324-004,agent-openrouter-deepseek-v3-0324-002,agent-openrouter-deepseek-v3-0324-003,agent-openrouter-deepseek-v3-0324-003",4,1,1,0.7638190954773869
pretrain,medical_qa_399,"agent-openrouter-deepseek-v3-0324-002,agent-openrouter-deepseek-v3-0324-004,agent-openrouter-deepseek-v3-0324-003,agent-openrouter-deepseek-v3-0324-002,agent-openrouter-deepseek-v3-0324-002,agent-openrouter-deepseek-v3-0324-003",6,1,1,0.765
pretrain,medical_qa_400,"agent-openrouter-deepseek-v3-0324-003,agent-openrouter-deepseek-v3-0324-004,agent-openrouter-deepseek-v3-0324-002,agent-openrouter-deepseek-v3-0324-003,agent-openrouter-deepseek-v3-0324-003",5,1,1,0.7661691542288557
pretrain,medical_qa_401,"agent-openrouter-deepseek-v3-0324-001,agent-openrouter-deepseek-v3-0324-003,agent-openrouter-deepseek-v3-0324-004,agent-openrouter-deepseek-v3-0324-003,agent-openrouter-deepseek-v3-0324-001,agent-openrouter-deepseek-v3-0324-003",6,0,1,0.7623762376237624
pretrain,medical_qa_402,"agent-openrouter-deepseek-v3-0324-004,agent-openrouter-deepseek-v3-0324-002,agent-openrouter-deepseek-v3-0324-003,agent-openrouter-deepseek-v3-0324-004,agent-openrouter-deepseek-v3-0324-003",5,1,1,0.7635467980295566
pretrain,medical_qa_403,"agent-openrouter-deepseek-v3-0324-004,agent-openrouter-deepseek-v3-0324-002,agent-openrouter-deepseek-v3-0324-003,agent-openrouter-deepseek-v3-0324-004,agent-openrouter-deepseek-v3-0324-004,agent-openrouter-deepseek-v3-0324-003",6,1,1,0.7647058823529411
pretrain,medical_qa_404,"agent-openrouter-deepseek-v3-0324-003,agent-openrouter-deepseek-v3-0324-002,agent-openrouter-deepseek-v3-0324-004,agent-openrouter-deepseek-v3-0324-003,agent-openrouter-deepseek-v3-0324-003",5,1,1,0.7658536585365854
pretrain,medical_qa_405,"agent-openrouter-deepseek-v3-0324-005,agent-openrouter-deepseek-v3-0324-004,agent-openrouter-deepseek-v3-0324-003,agent-openrouter-deepseek-v3-0324-004,agent-openrouter-deepseek-v3-0324-004,agent-openrouter-deepseek-v3-0324-003",6,1,1,0.7669902912621359
pretrain,medical_qa_406,"agent-openrouter-deepseek-v3-0324-002,agent-openrouter-deepseek-v3-0324-003,agent-openrouter-deepseek-v3-0324-004,agent-openrouter-deepseek-v3-0324-002,agent-openrouter-deepseek-v3-0324-003",5,1,1,0.7681159420289855
pretrain,medical_qa_407,"agent-openrouter-deepseek-v3-0324-005,agent-openrouter-deepseek-v3-0324-003,agent-openrouter-deepseek-v3-0324-002",3,1,1,0.7692307692307693
pretrain,medical_qa_408,"agent-openrouter-deepseek-v3-0324-002,agent-openrouter-deepseek-v3-0324-004,agent-openrouter-deepseek-v3-0324-003,agent-openrouter-deepseek-v3-0324-003",4,1,1,0.7703349282296651
pretrain,medical_qa_409,"agent-openrouter-deepseek-v3-0324-002,agent-openrouter-deepseek-v3-0324-004,agent-openrouter-deepseek-v3-0324-003,agent-openrouter-deepseek-v3-0324-002,agent-openrouter-deepseek-v3-0324-003,agent-openrouter-deepseek-v3-0324-003",6,1,1,0.7714285714285715
pretrain,medical_qa_410,"agent-openrouter-deepseek-v3-0324-002,agent-openrouter-deepseek-v3-0324-004,agent-openrouter-deepseek-v3-0324-003,agent-openrouter-deepseek-v3-0324-003,agent-openrouter-deepseek-v3-0324-002,agent-openrouter-deepseek-v3-0324-003",6,0,1,0.7677725118483413
pretrain,medical_qa_411,"agent-openrouter-deepseek-v3-0324-004,agent-openrouter-deepseek-v3-0324-002,agent-openrouter-deepseek-v3-0324-003,agent-openrouter-deepseek-v3-0324-004,agent-openrouter-deepseek-v3-0324-004,agent-openrouter-deepseek-v3-0324-003",6,1,1,0.7688679245283019
pretrain,medical_qa_412,"agent-openrouter-deepseek-v3-0324-004,agent-openrouter-deepseek-v3-0324-003,agent-openrouter-deepseek-v3-0324-002,agent-openrouter-deepseek-v3-0324-002,agent-openrouter-deepseek-v3-0324-004,agent-openrouter-deepseek-v3-0324-002",6,1,1,0.7699530516431925
pretrain,medical_qa_413,"agent-openrouter-deepseek-v3-0324-002,agent-openrouter-deepseek-v3-0324-004,agent-openrouter-deepseek-v3-0324-003,agent-openrouter-deepseek-v3-0324-004,agent-openrouter-deepseek-v3-0324-004,agent-openrouter-deepseek-v3-0324-005",6,1,1,0.7710280373831776
pretrain,medical_qa_414,"agent-openrouter-deepseek-v3-0324-004,agent-openrouter-deepseek-v3-0324-002,agent-openrouter-deepseek-v3-0324-003,agent-openrouter-deepseek-v3-0324-003,agent-openrouter-deepseek-v3-0324-004,agent-openrouter-deepseek-v3-0324-003",6,1,1,0.772093023255814
pretrain,medical_qa_415,"agent-openrouter-deepseek-v3-0324-003,agent-openrouter-deepseek-v3-0324-004,agent-openrouter-deepseek-v3-0324-002,agent-openrouter-deepseek-v3-0324-003,agent-openrouter-deepseek-v3-0324-003,agent-openrouter-deepseek-v3-0324-003",6,1,1,0.7731481481481481
pretrain,medical_qa_416,"agent-openrouter-deepseek-v3-0324-002,agent-openrouter-deepseek-v3-0324-003,agent-openrouter-deepseek-v3-0324-004,agent-openrouter-deepseek-v3-0324-002,agent-openrouter-deepseek-v3-0324-003",5,1,1,0.7741935483870968
pretrain,medical_qa_417,"agent-openrouter-deepseek-v3-0324-002,agent-openrouter-deepseek-v3-0324-003,agent-openrouter-deepseek-v3-0324-004,agent-openrouter-deepseek-v3-0324-003,agent-openrouter-deepseek-v3-0324-003",5,1,1,0.7752293577981652
pretrain,medical_qa_418,"agent-openrouter-deepseek-v3-0324-003,agent-openrouter-deepseek-v3-0324-002,agent-openrouter-deepseek-v3-0324-004,agent-openrouter-deepseek-v3-0324-003,agent-openrouter-deepseek-v3-0324-003,agent-openrouter-deepseek-v3-0324-003",6,1,1,0.776255707762557
pretrain,medical_qa_419,"agent-openrouter-deepseek-v3-0324-004,agent-openrouter-deepseek-v3-0324-002,agent-openrouter-deepseek-v3-0324-003,agent-openrouter-deepseek-v3-0324-003,agent-openrouter-deepseek-v3-0324-004,agent-openrouter-deepseek-v3-0324-004,agent-openrouter-deepseek-v3-0324-003",7,1,1,0.7772727272727272
pretrain,medical_qa_420,"agent-openrouter-deepseek-v3-0324-003,agent-openrouter-deepseek-v3-0324-004,agent-openrouter-deepseek-v3-0324-002,agent-openrouter-deepseek-v3-0324-003",4,1,1,0.7782805429864253
pretrain,medical_qa_421,"agent-openrouter-deepseek-v3-0324-004,agent-openrouter-deepseek-v3-0324-001,agent-openrouter-deepseek-v3-0324-002,agent-openrouter-deepseek-v3-0324-004",4,0,1,0.7747747747747747
pretrain,medical_qa_422,"agent-openrouter-deepseek-v3-0324-002,agent-openrouter-deepseek-v3-0324-004,agent-openrouter-deepseek-v3-0324-003,agent-openrouter-deepseek-v3-0324-002,agent-openrouter-deepseek-v3-0324-002,agent-openrouter-deepseek-v3-0324-003",6,0,1,0.7713004484304933
pretrain,medical_qa_423,"agent-openrouter-deepseek-v3-0324-002,agent-openrouter-deepseek-v3-0324-004,agent-openrouter-deepseek-v3-0324-003,agent-openrouter-deepseek-v3-0324-002,agent-openrouter-deepseek-v3-0324-002,agent-openrouter-deepseek-v3-0324-004,agent-openrouter-deepseek-v3-0324-003",7,0,1,0.7678571428571429
pretrain,medical_qa_424,"agent-openrouter-deepseek-v3-0324-002,agent-openrouter-deepseek-v3-0324-004,agent-openrouter-deepseek-v3-0324-003,agent-openrouter-deepseek-v3-0324-002,agent-openrouter-deepseek-v3-0324-003",5,1,1,0.7688888888888888
pretrain,medical_qa_425,"agent-openrouter-deepseek-v3-0324-003,agent-openrouter-deepseek-v3-0324-002,agent-openrouter-deepseek-v3-0324-004",3,1,1,0.7699115044247787
pretrain,medical_qa_426,"agent-openrouter-deepseek-v3-0324-003,agent-openrouter-deepseek-v3-0324-004,agent-openrouter-deepseek-v3-0324-002,agent-openrouter-deepseek-v3-0324-003,agent-openrouter-deepseek-v3-0324-003,agent-openrouter-deepseek-v3-0324-003,agent-openrouter-deepseek-v3-0324-003",7,1,1,0.7709251101321586
pretrain,medical_qa_427,"agent-openrouter-deepseek-v3-0324-004,agent-openrouter-deepseek-v3-0324-002,agent-openrouter-deepseek-v3-0324-003,agent-openrouter-deepseek-v3-0324-004,agent-openrouter-deepseek-v3-0324-003",5,1,1,0.7719298245614035
pretrain,medical_qa_428,"agent-openrouter-deepseek-v3-0324-002,agent-openrouter-deepseek-v3-0324-004,agent-openrouter-deepseek-v3-0324-003,agent-openrouter-deepseek-v3-0324-003",4,1,1,0.7729257641921398
pretrain,medical_qa_429,"agent-openrouter-deepseek-v3-0324-002,agent-openrouter-deepseek-v3-0324-004,agent-openrouter-deepseek-v3-0324-003,agent-openrouter-deepseek-v3-0324-002,agent-openrouter-deepseek-v3-0324-002,agent-openrouter-deepseek-v3-0324-004",6,1,1,0.7739130434782608
pretrain,medical_qa_430,"agent-openrouter-deepseek-v3-0324-004,agent-openrouter-deepseek-v3-0324-002,agent-openrouter-deepseek-v3-0324-003,agent-openrouter-deepseek-v3-0324-004,agent-openrouter-deepseek-v3-0324-003",5,1,1,0.7748917748917749
pretrain,medical_qa_431,"agent-openrouter-deepseek-v3-0324-003,agent-openrouter-deepseek-v3-0324-004,agent-openrouter-deepseek-v3-0324-002,agent-openrouter-deepseek-v3-0324-003,agent-openrouter-deepseek-v3-0324-003,agent-openrouter-deepseek-v3-0324-003,agent-openrouter-deepseek-v3-0324-003,agent-openrouter-deepseek-v3-0324-003",8,1,1,0.7758620689655172
pretrain,medical_qa_432,"agent-openrouter-deepseek-v3-0324-003,agent-openrouter-deepseek-v3-0324-002,agent-openrouter-deepseek-v3-0324-004,agent-openrouter-deepseek-v3-0324-003,agent-openrouter-deepseek-v3-0324-003",5,1,1,0.776824034334764
pretrain,medical_qa_433,"agent-openrouter-deepseek-v3-0324-002,agent-openrouter-deepseek-v3-0324-003,agent-openrouter-deepseek-v3-0324-004,agent-openrouter-deepseek-v3-0324-002,agent-openrouter-deepseek-v3-0324-003",5,1,1,0.7777777777777778
pretrain,medical_qa_434,"agent-openrouter-deepseek-v3-0324-003,agent-openrouter-deepseek-v3-0324-004,agent-openrouter-deepseek-v3-0324-005,agent-openrouter-deepseek-v3-0324-003,agent-openrouter-deepseek-v3-0324-003",5,1,1,0.7787234042553192
pretrain,medical_qa_435,"agent-openrouter-deepseek-v3-0324-001,agent-openrouter-deepseek-v3-0324-002,agent-openrouter-deepseek-v3-0324-003,agent-openrouter-deepseek-v3-0324-003,agent-openrouter-deepseek-v3-0324-001,agent-openrouter-deepseek-v3-0324-003",6,1,1,0.7796610169491526
pretrain,medical_qa_436,"agent-openrouter-deepseek-v3-0324-003,agent-openrouter-deepseek-v3-0324-002,agent-openrouter-deepseek-v3-0324-004,agent-openrouter-deepseek-v3-0324-004,agent-openrouter-deepseek-v3-0324-003",5,1,1,0.7805907172995781
pretrain,medical_qa_437,"agent-openrouter-deepseek-v3-0324-003,agent-openrouter-deepseek-v3-0324-004,agent-openrouter-deepseek-v3-0324-002,agent-openrouter-deepseek-v3-0324-003,agent-openrouter-deepseek-v3-0324-003",5,1,1,0.7815126050420168
pretrain,medical_qa_438,"agent-openrouter-deepseek-v3-0324-002,agent-openrouter-deepseek-v3-0324-004,agent-openrouter-deepseek-v3-0324-003,agent-openrouter-deepseek-v3-0324-002,agent-openrouter-deepseek-v3-0324-004,agent-openrouter-deepseek-v3-0324-003",6,1,1,0.7824267782426778
pretrain,medical_qa_439,"agent-openrouter-deepseek-v3-0324-004,agent-openrouter-deepseek-v3-0324-002,agent-openrouter-deepseek-v3-0324-003,agent-openrouter-deepseek-v3-0324-003",4,1,1,0.7833333333333333
pretrain,medical_qa_440,"agent-openrouter-deepseek-v3-0324-001,agent-openrouter-deepseek-v3-0324-004,agent-openrouter-deepseek-v3-0324-003,agent-openrouter-deepseek-v3-0324-002",4,1,1,0.7842323651452282
pretrain,medical_qa_441,"agent-openrouter-deepseek-v3-0324-002,agent-openrouter-deepseek-v3-0324-004,agent-openrouter-deepseek-v3-0324-003,agent-openrouter-deepseek-v3-0324-002,agent-openrouter-deepseek-v3-0324-003",5,1,1,0.7851239669421488
pretrain,medical_qa_442,"agent-openrouter-deepseek-v3-0324-003,agent-openrouter-deepseek-v3-0324-004,agent-openrouter-deepseek-v3-0324-002,agent-openrouter-deepseek-v3-0324-003,agent-openrouter-deepseek-v3-0324-003",5,1,1,0.7860082304526749
pretrain,medical_qa_443,"agent-openrouter-deepseek-v3-0324-002,agent-openrouter-deepseek-v3-0324-004,agent-openrouter-deepseek-v3-0324-003,agent-openrouter-deepseek-v3-0324-004,agent-openrouter-deepseek-v3-0324-002,agent-openrouter-deepseek-v3-0324-004",6,1,1,0.7868852459016393
pretrain,medical_qa_444,"agent-openrouter-deepseek-v3-0324-003,agent-openrouter-deepseek-v3-0324-004,agent-openrouter-deepseek-v3-0324-002,agent-openrouter-deepseek-v3-0324-003,agent-openrouter-deepseek-v3-0324-003,agent-openrouter-deepseek-v3-0324-003",6,1,1,0.7877551020408163
pretrain,medical_qa_445,"agent-openrouter-deepseek-v3-0324-001,agent-openrouter-deepseek-v3-0324-004,agent-openrouter-deepseek-v3-0324-003,agent-openrouter-deepseek-v3-0324-003",4,1,1,0.7886178861788617
pretrain,medical_qa_446,"agent-openrouter-deepseek-v3-0324-004,agent-openrouter-deepseek-v3-0324-002,agent-openrouter-deepseek-v3-0324-003,agent-openrouter-deepseek-v3-0324-003",4,0,0,0.7854251012145749
pretrain,medical_qa_447,"agent-openrouter-deepseek-v3-0324-002,agent-openrouter-deepseek-v3-0324-003,agent-openrouter-deepseek-v3-0324-004,agent-openrouter-deepseek-v3-0324-002,agent-openrouter-deepseek-v3-0324-003",5,0,1,0.782258064516129
pretrain,medical_qa_448,"agent-openrouter-deepseek-v3-0324-001,agent-openrouter-deepseek-v3-0324-002,agent-openrouter-deepseek-v3-0324-004,agent-openrouter-deepseek-v3-0324-004,agent-openrouter-deepseek-v3-0324-004,agent-openrouter-deepseek-v3-0324-002,agent-openrouter-deepseek-v3-0324-003",7,0,1,0.7791164658634538
pretrain,medical_qa_449,"agent-openrouter-deepseek-v3-0324-001,agent-openrouter-deepseek-v3-0324-004,agent-openrouter-deepseek-v3-0324-003,agent-openrouter-deepseek-v3-0324-001,agent-openrouter-deepseek-v3-0324-003",5,1,1,0.78
pretrain,medical_qa_450,"agent-openrouter-deepseek-v3-0324-003,agent-openrouter-deepseek-v3-0324-004,agent-openrouter-deepseek-v3-0324-002,agent-openrouter-deepseek-v3-0324-004,agent-openrouter-deepseek-v3-0324-003",5,1,1,0.7808764940239044
pretrain,medical_qa_451,"agent-openrouter-deepseek-v3-0324-003,agent-openrouter-deepseek-v3-0324-001,agent-openrouter-deepseek-v3-0324-002,agent-openrouter-deepseek-v3-0324-001,agent-openrouter-deepseek-v3-0324-003",5,1,1,0.7817460317460317
pretrain,medical_qa_452,"agent-openrouter-deepseek-v3-0324-002,agent-openrouter-deepseek-v3-0324-004,agent-openrouter-deepseek-v3-0324-003,agent-openrouter-deepseek-v3-0324-003,agent-openrouter-deepseek-v3-0324-003",5,0,1,0.7786561264822134
pretrain,medical_qa_453,"agent-openrouter-deepseek-v3-0324-004,agent-openrouter-deepseek-v3-0324-002,agent-openrouter-deepseek-v3-0324-003,agent-openrouter-deepseek-v3-0324-004,agent-openrouter-deepseek-v3-0324-004,agent-openrouter-deepseek-v3-0324-003",6,1,1,0.7795275590551181
pretrain,medical_qa_454,"agent-openrouter-deepseek-v3-0324-002,agent-openrouter-deepseek-v3-0324-003,agent-openrouter-deepseek-v3-0324-004,agent-openrouter-deepseek-v3-0324-002,agent-openrouter-deepseek-v3-0324-002,agent-openrouter-deepseek-v3-0324-003",6,0,1,0.7764705882352941
pretrain,medical_qa_455,"agent-openrouter-deepseek-v3-0324-001,agent-openrouter-deepseek-v3-0324-003,agent-openrouter-deepseek-v3-0324-004,agent-openrouter-deepseek-v3-0324-003,agent-openrouter-deepseek-v3-0324-003",5,1,1,0.77734375
pretrain,medical_qa_456,"agent-openrouter-deepseek-v3-0324-004,agent-openrouter-deepseek-v3-0324-002,agent-openrouter-deepseek-v3-0324-003,agent-openrouter-deepseek-v3-0324-004,agent-openrouter-deepseek-v3-0324-003",5,1,1,0.7782101167315175
pretrain,medical_qa_457,"agent-openrouter-deepseek-v3-0324-002,agent-openrouter-deepseek-v3-0324-004,agent-openrouter-deepseek-v3-0324-003,agent-openrouter-deepseek-v3-0324-003",4,1,1,0.7790697674418605
pretrain,medical_qa_458,"agent-openrouter-deepseek-v3-0324-002,agent-openrouter-deepseek-v3-0324-004,agent-openrouter-deepseek-v3-0324-003,agent-openrouter-deepseek-v3-0324-002,agent-openrouter-deepseek-v3-0324-003",5,1,1,0.7799227799227799
pretrain,medical_qa_459,"agent-openrouter-deepseek-v3-0324-004,agent-openrouter-deepseek-v3-0324-002,agent-openrouter-deepseek-v3-0324-003,agent-openrouter-deepseek-v3-0324-001,agent-openrouter-deepseek-v3-0324-003",5,1,1,0.7807692307692308
pretrain,medical_qa_460,"agent-openrouter-deepseek-v3-0324-002,agent-openrouter-deepseek-v3-0324-004,agent-openrouter-deepseek-v3-0324-003,agent-openrouter-deepseek-v3-0324-002,agent-openrouter-deepseek-v3-0324-003",5,0,1,0.7777777777777778
pretrain,medical_qa_461,"agent-openrouter-deepseek-v3-0324-004,agent-openrouter-deepseek-v3-0324-003,agent-openrouter-deepseek-v3-0324-002,agent-openrouter-deepseek-v3-0324-003,agent-openrouter-deepseek-v3-0324-004,agent-openrouter-deepseek-v3-0324-001,agent-openrouter-deepseek-v3-0324-003",7,0,1,0.7748091603053435
pretrain,medical_qa_462,"agent-openrouter-deepseek-v3-0324-004,agent-openrouter-deepseek-v3-0324-002,agent-openrouter-deepseek-v3-0324-003,agent-openrouter-deepseek-v3-0324-004,agent-openrouter-deepseek-v3-0324-005",5,1,1,0.7756653992395437
pretrain,medical_qa_463,"agent-openrouter-deepseek-v3-0324-004,agent-openrouter-deepseek-v3-0324-002,agent-openrouter-deepseek-v3-0324-003,agent-openrouter-deepseek-v3-0324-004,agent-openrouter-deepseek-v3-0324-005,agent-openrouter-deepseek-v3-0324-005,agent-openrouter-deepseek-v3-0324-005",7,1,1,0.7765151515151515
pretrain,medical_qa_464,"agent-openrouter-deepseek-v3-0324-004,agent-openrouter-deepseek-v3-0324-003,agent-openrouter-deepseek-v3-0324-002,agent-openrouter-deepseek-v3-0324-004,agent-openrouter-deepseek-v3-0324-003,agent-openrouter-deepseek-v3-0324-003",6,1,1,0.7773584905660378
pretrain,medical_qa_465,"agent-openrouter-deepseek-v3-0324-002,agent-openrouter-deepseek-v3-0324-003,agent-openrouter-deepseek-v3-0324-004,agent-openrouter-deepseek-v3-0324-003",4,1,1,0.7781954887218046
pretrain,medical_qa_466,"agent-openrouter-deepseek-v3-0324-002,agent-openrouter-deepseek-v3-0324-004,agent-openrouter-deepseek-v3-0324-003,agent-openrouter-deepseek-v3-0324-002,agent-openrouter-deepseek-v3-0324-002,agent-openrouter-deepseek-v3-0324-002,agent-openrouter-deepseek-v3-0324-003",7,1,1,0.7790262172284644
pretrain,medical_qa_467,"agent-openrouter-deepseek-v3-0324-003,agent-openrouter-deepseek-v3-0324-004,agent-openrouter-deepseek-v3-0324-002,agent-openrouter-deepseek-v3-0324-003,agent-openrouter-deepseek-v3-0324-003,agent-openrouter-deepseek-v3-0324-003",6,1,1,0.7798507462686567
pretrain,medical_qa_468,"agent-openrouter-deepseek-v3-0324-003,agent-openrouter-deepseek-v3-0324-004,agent-openrouter-deepseek-v3-0324-001,agent-openrouter-deepseek-v3-0324-003,agent-openrouter-deepseek-v3-0324-003,agent-openrouter-deepseek-v3-0324-003",6,1,1,0.7806691449814126
pretrain,medical_qa_469,"agent-openrouter-deepseek-v3-0324-002,agent-openrouter-deepseek-v3-0324-003,agent-openrouter-deepseek-v3-0324-004,agent-openrouter-deepseek-v3-0324-003,agent-openrouter-deepseek-v3-0324-004,agent-openrouter-deepseek-v3-0324-003",6,1,1,0.7814814814814814
pretrain,medical_qa_470,"agent-openrouter-deepseek-v3-0324-005,agent-openrouter-deepseek-v3-0324-004,agent-openrouter-deepseek-v3-0324-003,agent-openrouter-deepseek-v3-0324-005,agent-openrouter-deepseek-v3-0324-003",5,1,1,0.7822878228782287
pretrain,medical_qa_471,"agent-openrouter-deepseek-v3-0324-002,agent-openrouter-deepseek-v3-0324-003,agent-openrouter-deepseek-v3-0324-004,agent-openrouter-deepseek-v3-0324-003,agent-openrouter-deepseek-v3-0324-003,agent-openrouter-deepseek-v3-0324-003",6,1,1,0.7830882352941176
pretrain,medical_qa_472,"agent-openrouter-deepseek-v3-0324-004,agent-openrouter-deepseek-v3-0324-003,agent-openrouter-deepseek-v3-0324-002,agent-openrouter-deepseek-v3-0324-004,agent-openrouter-deepseek-v3-0324-003",5,1,1,0.7838827838827839
pretrain,medical_qa_473,"agent-openrouter-deepseek-v3-0324-004,agent-openrouter-deepseek-v3-0324-002,agent-openrouter-deepseek-v3-0324-003,agent-openrouter-deepseek-v3-0324-004,agent-openrouter-deepseek-v3-0324-003",5,1,1,0.7846715328467153
pretrain,medical_qa_474,"agent-openrouter-deepseek-v3-0324-003,agent-openrouter-deepseek-v3-0324-005,agent-openrouter-deepseek-v3-0324-004,agent-openrouter-deepseek-v3-0324-003,agent-openrouter-deepseek-v3-0324-003,agent-openrouter-deepseek-v3-0324-003,agent-openrouter-deepseek-v3-0324-003",7,1,1,0.7854545454545454
pretrain,medical_qa_475,"agent-openrouter-deepseek-v3-0324-004,agent-openrouter-deepseek-v3-0324-002,agent-openrouter-deepseek-v3-0324-003,agent-openrouter-deepseek-v3-0324-004,agent-openrouter-deepseek-v3-0324-001,agent-openrouter-deepseek-v3-0324-003",6,1,1,0.7862318840579711
pretrain,medical_qa_476,"agent-openrouter-deepseek-v3-0324-003,agent-openrouter-deepseek-v3-0324-004,agent-openrouter-deepseek-v3-0324-002",3,1,1,0.7870036101083032
pretrain,medical_qa_477,"agent-openrouter-deepseek-v3-0324-003,agent-openrouter-deepseek-v3-0324-002,agent-openrouter-deepseek-v3-0324-004,agent-openrouter-deepseek-v3-0324-003,agent-openrouter-deepseek-v3-0324-003,agent-openrouter-deepseek-v3-0324-003",6,0,1,0.7841726618705036
pretrain,medical_qa_478,"agent-openrouter-deepseek-v3-0324-005,agent-openrouter-deepseek-v3-0324-004,agent-openrouter-deepseek-v3-0324-003,agent-openrouter-deepseek-v3-0324-005,agent-openrouter-deepseek-v3-0324-003",5,1,1,0.7849462365591398
pretrain,medical_qa_479,"agent-openrouter-deepseek-v3-0324-002,agent-openrouter-deepseek-v3-0324-004,agent-openrouter-deepseek-v3-0324-003,agent-openrouter-deepseek-v3-0324-002,agent-openrouter-deepseek-v3-0324-003",5,1,1,0.7857142857142857
pretrain,medical_qa_480,"agent-openrouter-deepseek-v3-0324-003,agent-openrouter-deepseek-v3-0324-004,agent-openrouter-deepseek-v3-0324-002,agent-openrouter-deepseek-v3-0324-003,agent-openrouter-deepseek-v3-0324-003",5,0,1,0.7829181494661922
pretrain,medical_qa_481,"agent-openrouter-deepseek-v3-0324-004,agent-openrouter-deepseek-v3-0324-003,agent-openrouter-deepseek-v3-0324-002,agent-openrouter-deepseek-v3-0324-003,agent-openrouter-deepseek-v3-0324-003",5,1,1,0.7836879432624113
pretrain,medical_qa_482,"agent-openrouter-deepseek-v3-0324-005,agent-openrouter-deepseek-v3-0324-002,agent-openrouter-deepseek-v3-0324-004,agent-openrouter-deepseek-v3-0324-005",4,1,1,0.784452296819788
pretrain,medical_qa_483,"agent-openrouter-deepseek-v3-0324-002,agent-openrouter-deepseek-v3-0324-003,agent-openrouter-deepseek-v3-0324-004,agent-openrouter-deepseek-v3-0324-002,agent-openrouter-deepseek-v3-0324-003",5,0,1,0.7816901408450704
pretrain,medical_qa_484,"agent-openrouter-deepseek-v3-0324-004,agent-openrouter-deepseek-v3-0324-002,agent-openrouter-deepseek-v3-0324-003,agent-openrouter-deepseek-v3-0324-003",4,1,1,0.7824561403508772
pretrain,medical_qa_485,"agent-openrouter-deepseek-v3-0324-004,agent-openrouter-deepseek-v3-0324-002,agent-openrouter-deepseek-v3-0324-003,agent-openrouter-deepseek-v3-0324-004,agent-openrouter-deepseek-v3-0324-004,agent-openrouter-deepseek-v3-0324-005",6,0,1,0.7797202797202797
pretrain,medical_qa_486,"agent-openrouter-deepseek-v3-0324-002,agent-openrouter-deepseek-v3-0324-004,agent-openrouter-deepseek-v3-0324-003,agent-openrouter-deepseek-v3-0324-002,agent-openrouter-deepseek-v3-0324-004,agent-openrouter-deepseek-v3-0324-003",6,1,1,0.7804878048780488
pretrain,medical_qa_487,"agent-openrouter-deepseek-v3-0324-003,agent-openrouter-deepseek-v3-0324-002,agent-openrouter-deepseek-v3-0324-005,agent-openrouter-deepseek-v3-0324-003",4,1,1,0.78125
pretrain,medical_qa_488,"agent-openrouter-deepseek-v3-0324-005,agent-openrouter-deepseek-v3-0324-004,agent-openrouter-deepseek-v3-0324-003,agent-openrouter-deepseek-v3-0324-002,agent-openrouter-deepseek-v3-0324-003",5,1,1,0.7820069204152249
pretrain,medical_qa_489,"agent-openrouter-deepseek-v3-0324-004,agent-openrouter-deepseek-v3-0324-002,agent-openrouter-deepseek-v3-0324-005,agent-openrouter-deepseek-v3-0324-005",4,1,1,0.7827586206896552
pretrain,medical_qa_490,"agent-openrouter-deepseek-v3-0324-003,agent-openrouter-deepseek-v3-0324-004,agent-openrouter-deepseek-v3-0324-002,agent-openrouter-deepseek-v3-0324-003,agent-openrouter-deepseek-v3-0324-003",5,1,1,0.7835051546391752
pretrain,medical_qa_491,"agent-openrouter-deepseek-v3-0324-002,agent-openrouter-deepseek-v3-0324-004,agent-openrouter-deepseek-v3-0324-003,agent-openrouter-deepseek-v3-0324-003,agent-openrouter-deepseek-v3-0324-003",5,1,1,0.7842465753424658
pretrain,medical_qa_492,"agent-openrouter-deepseek-v3-0324-005,agent-openrouter-deepseek-v3-0324-002,agent-openrouter-deepseek-v3-0324-003,agent-openrouter-deepseek-v3-0324-005,agent-openrouter-deepseek-v3-0324-002",5,1,1,0.7849829351535836
pretrain,medical_qa_493,"agent-openrouter-deepseek-v3-0324-004,agent-openrouter-deepseek-v3-0324-002,agent-openrouter-deepseek-v3-0324-003,agent-openrouter-deepseek-v3-0324-004,agent-openrouter-deepseek-v3-0324-003",5,0,1,0.782312925170068
pretrain,medical_qa_494,"agent-openrouter-deepseek-v3-0324-001,agent-openrouter-deepseek-v3-0324-005,agent-openrouter-deepseek-v3-0324-002,agent-openrouter-deepseek-v3-0324-001,agent-openrouter-deepseek-v3-0324-001,agent-openrouter-deepseek-v3-0324-001",6,0,1,0.7796610169491526
pretrain,medical_qa_495,"agent-openrouter-deepseek-v3-0324-003,agent-openrouter-deepseek-v3-0324-002,agent-openrouter-deepseek-v3-0324-004",3,0,1,0.777027027027027
pretrain,medical_qa_496,"agent-openrouter-deepseek-v3-0324-005,agent-openrouter-deepseek-v3-0324-003,agent-openrouter-deepseek-v3-0324-004",3,1,1,0.7777777777777778
pretrain,medical_qa_497,"agent-openrouter-deepseek-v3-0324-002,agent-openrouter-deepseek-v3-0324-003,agent-openrouter-deepseek-v3-0324-004,agent-openrouter-deepseek-v3-0324-002,agent-openrouter-deepseek-v3-0324-003,agent-openrouter-deepseek-v3-0324-003",6,0,1,0.7751677852348994
pretrain,medical_qa_498,"agent-openrouter-deepseek-v3-0324-003,agent-openrouter-deepseek-v3-0324-002,agent-openrouter-deepseek-v3-0324-004,agent-openrouter-deepseek-v3-0324-003",4,1,1,0.7759197324414716
pretrain,medical_qa_499,"agent-openrouter-deepseek-v3-0324-003,agent-openrouter-deepseek-v3-0324-002,agent-openrouter-deepseek-v3-0324-004,agent-openrouter-deepseek-v3-0324-003,agent-openrouter-deepseek-v3-0324-003,agent-openrouter-deepseek-v3-0324-003",6,1,1,0.7766666666666666
test,medical_qa_500,"agent-openrouter-deepseek-v3-0324-002,agent-openrouter-deepseek-v3-0324-004,agent-openrouter-deepseek-v3-0324-003,agent-openrouter-deepseek-v3-0324-002,agent-openrouter-deepseek-v3-0324-004,agent-openrouter-deepseek-v3-0324-003",6,0,1,0.0
test,medical_qa_501,"agent-openrouter-deepseek-v3-0324-002,agent-openrouter-deepseek-v3-0324-004,agent-openrouter-deepseek-v3-0324-003,agent-openrouter-deepseek-v3-0324-002,agent-openrouter-deepseek-v3-0324-002,agent-openrouter-deepseek-v3-0324-002",6,0,1,0.0
test,medical_qa_502,"agent-openrouter-deepseek-v3-0324-004,agent-openrouter-deepseek-v3-0324-003,agent-openrouter-deepseek-v3-0324-001,agent-openrouter-deepseek-v3-0324-003,agent-openrouter-deepseek-v3-0324-003,agent-openrouter-deepseek-v3-0324-003",6,1,1,0.3333333333333333
test,medical_qa_503,"agent-openrouter-deepseek-v3-0324-002,agent-openrouter-deepseek-v3-0324-004,agent-openrouter-deepseek-v3-0324-003,agent-openrouter-deepseek-v3-0324-003",4,1,1,0.5
test,medical_qa_504,"agent-openrouter-deepseek-v3-0324-004,agent-openrouter-deepseek-v3-0324-003,agent-openrouter-deepseek-v3-0324-002,agent-openrouter-deepseek-v3-0324-003,agent-openrouter-deepseek-v3-0324-004,agent-openrouter-deepseek-v3-0324-003",6,1,1,0.6
test,medical_qa_505,"agent-openrouter-deepseek-v3-0324-002,agent-openrouter-deepseek-v3-0324-003,agent-openrouter-deepseek-v3-0324-004,agent-openrouter-deepseek-v3-0324-003,agent-openrouter-deepseek-v3-0324-003",5,1,1,0.6666666666666666
test,medical_qa_506,"agent-openrouter-deepseek-v3-0324-003,agent-openrouter-deepseek-v3-0324-004,agent-openrouter-deepseek-v3-0324-002,agent-openrouter-deepseek-v3-0324-003,agent-openrouter-deepseek-v3-0324-003",5,1,1,0.7142857142857143
test,medical_qa_507,"agent-openrouter-deepseek-v3-0324-004,agent-openrouter-deepseek-v3-0324-003,agent-openrouter-deepseek-v3-0324-002,agent-openrouter-deepseek-v3-0324-004,agent-openrouter-deepseek-v3-0324-002,agent-openrouter-deepseek-v3-0324-002",6,1,1,0.75
test,medical_qa_508,"agent-openrouter-deepseek-v3-0324-003,agent-openrouter-deepseek-v3-0324-005,agent-openrouter-deepseek-v3-0324-002,agent-openrouter-deepseek-v3-0324-003",4,1,1,0.7777777777777778
test,medical_qa_509,"agent-openrouter-deepseek-v3-0324-003,agent-openrouter-deepseek-v3-0324-002,agent-openrouter-deepseek-v3-0324-004,agent-openrouter-deepseek-v3-0324-003,agent-openrouter-deepseek-v3-0324-003,agent-openrouter-deepseek-v3-0324-003",6,1,1,0.8
test,medical_qa_510,"agent-openrouter-deepseek-v3-0324-003,agent-openrouter-deepseek-v3-0324-002,agent-openrouter-deepseek-v3-0324-004",3,1,1,0.8181818181818182
test,medical_qa_511,"agent-openrouter-deepseek-v3-0324-003,agent-openrouter-deepseek-v3-0324-004,agent-openrouter-deepseek-v3-0324-001,agent-openrouter-deepseek-v3-0324-003,agent-openrouter-deepseek-v3-0324-003,agent-openrouter-deepseek-v3-0324-003",6,1,1,0.8333333333333334
test,medical_qa_512,"agent-openrouter-deepseek-v3-0324-002,agent-openrouter-deepseek-v3-0324-004,agent-openrouter-deepseek-v3-0324-003,agent-openrouter-deepseek-v3-0324-003",4,1,1,0.8461538461538461
test,medical_qa_513,"agent-openrouter-deepseek-v3-0324-002,agent-openrouter-deepseek-v3-0324-004,agent-openrouter-deepseek-v3-0324-003,agent-openrouter-deepseek-v3-0324-003,agent-openrouter-deepseek-v3-0324-003",5,1,1,0.8571428571428571
test,medical_qa_514,"agent-openrouter-deepseek-v3-0324-004,agent-openrouter-deepseek-v3-0324-002,agent-openrouter-deepseek-v3-0324-003,agent-openrouter-deepseek-v3-0324-004,agent-openrouter-deepseek-v3-0324-003",5,0,1,0.8
test,medical_qa_515,"agent-openrouter-deepseek-v3-0324-003,agent-openrouter-deepseek-v3-0324-002,agent-openrouter-deepseek-v3-0324-004,agent-openrouter-deepseek-v3-0324-002,agent-openrouter-deepseek-v3-0324-003",5,0,1,0.75
test,medical_qa_516,"agent-openrouter-deepseek-v3-0324-004,agent-openrouter-deepseek-v3-0324-002,agent-openrouter-deepseek-v3-0324-003,agent-openrouter-deepseek-v3-0324-004,agent-openrouter-deepseek-v3-0324-003",5,1,1,0.7647058823529411
test,medical_qa_517,"agent-openrouter-deepseek-v3-0324-003,agent-openrouter-deepseek-v3-0324-004,agent-openrouter-deepseek-v3-0324-002,agent-openrouter-deepseek-v3-0324-003,agent-openrouter-deepseek-v3-0324-003",5,1,1,0.7777777777777778
test,medical_qa_518,"agent-openrouter-deepseek-v3-0324-003,agent-openrouter-deepseek-v3-0324-004,agent-openrouter-deepseek-v3-0324-002,agent-openrouter-deepseek-v3-0324-003,agent-openrouter-deepseek-v3-0324-003,agent-openrouter-deepseek-v3-0324-003",6,1,1,0.7894736842105263
test,medical_qa_519,"agent-openrouter-deepseek-v3-0324-004,agent-openrouter-deepseek-v3-0324-003,agent-openrouter-deepseek-v3-0324-001,agent-openrouter-deepseek-v3-0324-004,agent-openrouter-deepseek-v3-0324-004,agent-openrouter-deepseek-v3-0324-004",6,1,1,0.8
test,medical_qa_520,"agent-openrouter-deepseek-v3-0324-005,agent-openrouter-deepseek-v3-0324-004,agent-openrouter-deepseek-v3-0324-002,agent-openrouter-deepseek-v3-0324-004,agent-openrouter-deepseek-v3-0324-005,agent-openrouter-deepseek-v3-0324-003",6,1,1,0.8095238095238095
test,medical_qa_521,"agent-openrouter-deepseek-v3-0324-004,agent-openrouter-deepseek-v3-0324-001,agent-openrouter-deepseek-v3-0324-003,agent-openrouter-deepseek-v3-0324-004,agent-openrouter-deepseek-v3-0324-004,agent-openrouter-deepseek-v3-0324-003",6,1,1,0.8181818181818182
test,medical_qa_522,"agent-openrouter-deepseek-v3-0324-002,agent-openrouter-deepseek-v3-0324-004,agent-openrouter-deepseek-v3-0324-003,agent-openrouter-deepseek-v3-0324-002,agent-openrouter-deepseek-v3-0324-003",5,1,1,0.8260869565217391
test,medical_qa_523,"agent-openrouter-deepseek-v3-0324-003,agent-openrouter-deepseek-v3-0324-002,agent-openrouter-deepseek-v3-0324-004,agent-openrouter-deepseek-v3-0324-003",4,1,1,0.8333333333333334
test,medical_qa_524,"agent-openrouter-deepseek-v3-0324-003,agent-openrouter-deepseek-v3-0324-002,agent-openrouter-deepseek-v3-0324-004,agent-openrouter-deepseek-v3-0324-002,agent-openrouter-deepseek-v3-0324-002,agent-openrouter-deepseek-v3-0324-003",6,0,1,0.8
test,medical_qa_525,"agent-openrouter-deepseek-v3-0324-004,agent-openrouter-deepseek-v3-0324-003,agent-openrouter-deepseek-v3-0324-002,agent-openrouter-deepseek-v3-0324-003,agent-openrouter-deepseek-v3-0324-003",5,0,1,0.7692307692307693
test,medical_qa_526,"agent-openrouter-deepseek-v3-0324-003,agent-openrouter-deepseek-v3-0324-002,agent-openrouter-deepseek-v3-0324-004,agent-openrouter-deepseek-v3-0324-003",4,1,1,0.7777777777777778
test,medical_qa_527,"agent-openrouter-deepseek-v3-0324-003,agent-openrouter-deepseek-v3-0324-002,agent-openrouter-deepseek-v3-0324-004",3,1,1,0.7857142857142857
test,medical_qa_528,"agent-openrouter-deepseek-v3-0324-004,agent-openrouter-deepseek-v3-0324-002,agent-openrouter-deepseek-v3-0324-003,agent-openrouter-deepseek-v3-0324-004,agent-openrouter-deepseek-v3-0324-004,agent-openrouter-deepseek-v3-0324-004,agent-openrouter-deepseek-v3-0324-004",7,1,1,0.7931034482758621
test,medical_qa_529,"agent-openrouter-deepseek-v3-0324-002,agent-openrouter-deepseek-v3-0324-003,agent-openrouter-deepseek-v3-0324-004,agent-openrouter-deepseek-v3-0324-003",4,1,1,0.8
test,medical_qa_530,"agent-openrouter-deepseek-v3-0324-003,agent-openrouter-deepseek-v3-0324-002,agent-openrouter-deepseek-v3-0324-004,agent-openrouter-deepseek-v3-0324-003,agent-openrouter-deepseek-v3-0324-003",5,1,1,0.8064516129032258
test,medical_qa_531,"agent-openrouter-deepseek-v3-0324-004,agent-openrouter-deepseek-v3-0324-002,agent-openrouter-deepseek-v3-0324-003,agent-openrouter-deepseek-v3-0324-003,agent-openrouter-deepseek-v3-0324-004,agent-openrouter-deepseek-v3-0324-003",6,0,1,0.78125
test,medical_qa_532,"agent-openrouter-deepseek-v3-0324-004,agent-openrouter-deepseek-v3-0324-002,agent-openrouter-deepseek-v3-0324-003,agent-openrouter-deepseek-v3-0324-004,agent-openrouter-deepseek-v3-0324-003",5,1,1,0.7878787878787878
test,medical_qa_533,"agent-openrouter-deepseek-v3-0324-002,agent-openrouter-deepseek-v3-0324-004,agent-openrouter-deepseek-v3-0324-003,agent-openrouter-deepseek-v3-0324-003",4,1,1,0.7941176470588235
test,medical_qa_534,"agent-openrouter-deepseek-v3-0324-002,agent-openrouter-deepseek-v3-0324-004,agent-openrouter-deepseek-v3-0324-003,agent-openrouter-deepseek-v3-0324-002,agent-openrouter-deepseek-v3-0324-003,agent-openrouter-deepseek-v3-0324-003",6,1,1,0.8
test,medical_qa_535,"agent-openrouter-deepseek-v3-0324-002,agent-openrouter-deepseek-v3-0324-005,agent-openrouter-deepseek-v3-0324-003",3,1,1,0.8055555555555556
test,medical_qa_536,"agent-openrouter-deepseek-v3-0324-003,agent-openrouter-deepseek-v3-0324-004,agent-openrouter-deepseek-v3-0324-002",3,1,1,0.8108108108108109
test,medical_qa_537,"agent-openrouter-deepseek-v3-0324-003,agent-openrouter-deepseek-v3-0324-004,agent-openrouter-deepseek-v3-0324-001,agent-openrouter-deepseek-v3-0324-003,agent-openrouter-deepseek-v3-0324-003,agent-openrouter-deepseek-v3-0324-003",6,1,1,0.8157894736842105
test,medical_qa_538,"agent-openrouter-deepseek-v3-0324-004,agent-openrouter-deepseek-v3-0324-002,agent-openrouter-deepseek-v3-0324-003,agent-openrouter-deepseek-v3-0324-004,agent-openrouter-deepseek-v3-0324-003",5,1,1,0.8205128205128205
test,medical_qa_539,"agent-openrouter-deepseek-v3-0324-002,agent-openrouter-deepseek-v3-0324-003,agent-openrouter-deepseek-v3-0324-004,agent-openrouter-deepseek-v3-0324-002,agent-openrouter-deepseek-v3-0324-003",5,1,1,0.825
test,medical_qa_540,"agent-openrouter-deepseek-v3-0324-002,agent-openrouter-deepseek-v3-0324-004,agent-openrouter-deepseek-v3-0324-001,agent-openrouter-deepseek-v3-0324-004,agent-openrouter-deepseek-v3-0324-004,agent-openrouter-deepseek-v3-0324-003",6,1,1,0.8292682926829268
test,medical_qa_541,"agent-openrouter-deepseek-v3-0324-002,agent-openrouter-deepseek-v3-0324-003,agent-openrouter-deepseek-v3-0324-004,agent-openrouter-deepseek-v3-0324-002,agent-openrouter-deepseek-v3-0324-002,agent-openrouter-deepseek-v3-0324-002,agent-openrouter-deepseek-v3-0324-003",7,1,1,0.8333333333333334
test,medical_qa_542,"agent-openrouter-deepseek-v3-0324-003,agent-openrouter-deepseek-v3-0324-004,agent-openrouter-deepseek-v3-0324-002,agent-openrouter-deepseek-v3-0324-003,agent-openrouter-deepseek-v3-0324-003",5,1,1,0.8372093023255814
test,medical_qa_543,"agent-openrouter-deepseek-v3-0324-001,agent-openrouter-deepseek-v3-0324-003,agent-openrouter-deepseek-v3-0324-004,agent-openrouter-deepseek-v3-0324-003,agent-openrouter-deepseek-v3-0324-003",5,1,1,0.8409090909090909
test,medical_qa_544,"agent-openrouter-deepseek-v3-0324-002,agent-openrouter-deepseek-v3-0324-003,agent-openrouter-deepseek-v3-0324-004,agent-openrouter-deepseek-v3-0324-004,agent-openrouter-deepseek-v3-0324-002,agent-openrouter-deepseek-v3-0324-003",6,1,1,0.8444444444444444
test,medical_qa_545,"agent-openrouter-deepseek-v3-0324-005,agent-openrouter-deepseek-v3-0324-004,agent-openrouter-deepseek-v3-0324-003,agent-openrouter-deepseek-v3-0324-005,agent-openrouter-deepseek-v3-0324-003",5,1,1,0.8478260869565217
test,medical_qa_546,"agent-openrouter-deepseek-v3-0324-002,agent-openrouter-deepseek-v3-0324-004,agent-openrouter-deepseek-v3-0324-001,agent-openrouter-deepseek-v3-0324-004,agent-openrouter-deepseek-v3-0324-002,agent-openrouter-deepseek-v3-0324-001",6,1,1,0.851063829787234
test,medical_qa_547,"agent-openrouter-deepseek-v3-0324-003,agent-openrouter-deepseek-v3-0324-001,agent-openrouter-deepseek-v3-0324-004,agent-openrouter-deepseek-v3-0324-003,agent-openrouter-deepseek-v3-0324-003",5,1,1,0.8541666666666666
test,medical_qa_548,"agent-openrouter-deepseek-v3-0324-004,agent-openrouter-deepseek-v3-0324-003,agent-openrouter-deepseek-v3-0324-002,agent-openrouter-deepseek-v3-0324-004,agent-openrouter-deepseek-v3-0324-004,agent-openrouter-deepseek-v3-0324-004",6,0,1,0.8367346938775511
test,medical_qa_549,"agent-openrouter-deepseek-v3-0324-002,agent-openrouter-deepseek-v3-0324-004,agent-openrouter-deepseek-v3-0324-003,agent-openrouter-deepseek-v3-0324-002,agent-openrouter-deepseek-v3-0324-002,agent-openrouter-deepseek-v3-0324-002,agent-openrouter-deepseek-v3-0324-003",7,1,1,0.84
test,medical_qa_550,"agent-openrouter-deepseek-v3-0324-004,agent-openrouter-deepseek-v3-0324-002,agent-openrouter-deepseek-v3-0324-003,agent-openrouter-deepseek-v3-0324-002,agent-openrouter-deepseek-v3-0324-003",5,1,1,0.8431372549019608
test,medical_qa_551,"agent-openrouter-deepseek-v3-0324-002,agent-openrouter-deepseek-v3-0324-004,agent-openrouter-deepseek-v3-0324-003,agent-openrouter-deepseek-v3-0324-003,agent-openrouter-deepseek-v3-0324-002,agent-openrouter-deepseek-v3-0324-003",6,1,1,0.8461538461538461
test,medical_qa_552,"agent-openrouter-deepseek-v3-0324-004,agent-openrouter-deepseek-v3-0324-003,agent-openrouter-deepseek-v3-0324-002,agent-openrouter-deepseek-v3-0324-004,agent-openrouter-deepseek-v3-0324-003",5,1,1,0.8490566037735849
test,medical_qa_553,"agent-openrouter-deepseek-v3-0324-001,agent-openrouter-deepseek-v3-0324-003,agent-openrouter-deepseek-v3-0324-004,agent-openrouter-deepseek-v3-0324-001,agent-openrouter-deepseek-v3-0324-001,agent-openrouter-deepseek-v3-0324-003",6,1,1,0.8518518518518519
test,medical_qa_554,"agent-openrouter-deepseek-v3-0324-003,agent-openrouter-deepseek-v3-0324-002,agent-openrouter-deepseek-v3-0324-004",3,1,1,0.8545454545454545
test,medical_qa_555,"agent-openrouter-deepseek-v3-0324-004,agent-openrouter-deepseek-v3-0324-001,agent-openrouter-deepseek-v3-0324-003,agent-openrouter-deepseek-v3-0324-003,agent-openrouter-deepseek-v3-0324-001,agent-openrouter-deepseek-v3-0324-003",6,1,1,0.8571428571428571
test,medical_qa_556,"agent-openrouter-deepseek-v3-0324-004,agent-openrouter-deepseek-v3-0324-002,agent-openrouter-deepseek-v3-0324-003,agent-openrouter-deepseek-v3-0324-003,agent-openrouter-deepseek-v3-0324-003",5,1,1,0.8596491228070176
test,medical_qa_557,"agent-openrouter-deepseek-v3-0324-002,agent-openrouter-deepseek-v3-0324-004,agent-openrouter-deepseek-v3-0324-003,agent-openrouter-deepseek-v3-0324-002,agent-openrouter-deepseek-v3-0324-002,agent-openrouter-deepseek-v3-0324-003",6,1,1,0.8620689655172413
test,medical_qa_558,"agent-openrouter-deepseek-v3-0324-004,agent-openrouter-deepseek-v3-0324-002,agent-openrouter-deepseek-v3-0324-003,agent-openrouter-deepseek-v3-0324-004,agent-openrouter-deepseek-v3-0324-004,agent-openrouter-deepseek-v3-0324-003",6,1,1,0.864406779661017
test,medical_qa_559,"agent-openrouter-deepseek-v3-0324-003,agent-openrouter-deepseek-v3-0324-002,agent-openrouter-deepseek-v3-0324-004,agent-openrouter-deepseek-v3-0324-003",4,1,1,0.8666666666666667
test,medical_qa_560,"agent-openrouter-deepseek-v3-0324-003,agent-openrouter-deepseek-v3-0324-002,agent-openrouter-deepseek-v3-0324-004,agent-openrouter-deepseek-v3-0324-003,agent-openrouter-deepseek-v3-0324-003,agent-openrouter-deepseek-v3-0324-003,agent-openrouter-deepseek-v3-0324-003",7,0,1,0.8524590163934426
test,medical_qa_561,"agent-openrouter-deepseek-v3-0324-004,agent-openrouter-deepseek-v3-0324-003,agent-openrouter-deepseek-v3-0324-002,agent-openrouter-deepseek-v3-0324-003,agent-openrouter-deepseek-v3-0324-003,agent-openrouter-deepseek-v3-0324-003",6,1,1,0.8548387096774194
test,medical_qa_562,"agent-openrouter-deepseek-v3-0324-002,agent-openrouter-deepseek-v3-0324-003,agent-openrouter-deepseek-v3-0324-004,agent-openrouter-deepseek-v3-0324-002,agent-openrouter-deepseek-v3-0324-003",5,1,1,0.8571428571428571
test,medical_qa_563,"agent-openrouter-deepseek-v3-0324-002,agent-openrouter-deepseek-v3-0324-003,agent-openrouter-deepseek-v3-0324-004,agent-openrouter-deepseek-v3-0324-003,agent-openrouter-deepseek-v3-0324-003",5,1,1,0.859375
test,medical_qa_564,"agent-openrouter-deepseek-v3-0324-005,agent-openrouter-deepseek-v3-0324-004,agent-openrouter-deepseek-v3-0324-002,agent-openrouter-deepseek-v3-0324-005,agent-openrouter-deepseek-v3-0324-005,agent-openrouter-deepseek-v3-0324-001,agent-openrouter-deepseek-v3-0324-005",7,0,1,0.8461538461538461
test,medical_qa_565,"agent-openrouter-deepseek-v3-0324-002,agent-openrouter-deepseek-v3-0324-004,agent-openrouter-deepseek-v3-0324-003,agent-openrouter-deepseek-v3-0324-003,agent-openrouter-deepseek-v3-0324-003,agent-openrouter-deepseek-v3-0324-003",6,1,1,0.8484848484848485
test,medical_qa_566,"agent-openrouter-deepseek-v3-0324-001,agent-openrouter-deepseek-v3-0324-004,agent-openrouter-deepseek-v3-0324-003,agent-openrouter-deepseek-v3-0324-001,agent-openrouter-deepseek-v3-0324-003",5,1,1,0.8507462686567164
test,medical_qa_567,"agent-openrouter-deepseek-v3-0324-003,agent-openrouter-deepseek-v3-0324-004,agent-openrouter-deepseek-v3-0324-002,agent-openrouter-deepseek-v3-0324-004,agent-openrouter-deepseek-v3-0324-003",5,0,1,0.8382352941176471
test,medical_qa_568,"agent-openrouter-deepseek-v3-0324-002,agent-openrouter-deepseek-v3-0324-003,agent-openrouter-deepseek-v3-0324-004,agent-openrouter-deepseek-v3-0324-002,agent-openrouter-deepseek-v3-0324-003,agent-openrouter-deepseek-v3-0324-003",6,1,1,0.8405797101449275
test,medical_qa_569,"agent-openrouter-deepseek-v3-0324-002,agent-openrouter-deepseek-v3-0324-004,agent-openrouter-deepseek-v3-0324-003,agent-openrouter-deepseek-v3-0324-003,agent-openrouter-deepseek-v3-0324-003",5,1,1,0.8428571428571429
test,medical_qa_570,"agent-openrouter-deepseek-v3-0324-004,agent-openrouter-deepseek-v3-0324-003,agent-openrouter-deepseek-v3-0324-002,agent-openrouter-deepseek-v3-0324-003",4,0,1,0.8309859154929577
test,medical_qa_571,"agent-openrouter-deepseek-v3-0324-002,agent-openrouter-deepseek-v3-0324-001,agent-openrouter-deepseek-v3-0324-004,agent-openrouter-deepseek-v3-0324-002,agent-openrouter-deepseek-v3-0324-002,agent-openrouter-deepseek-v3-0324-004",6,1,1,0.8333333333333334
test,medical_qa_572,"agent-openrouter-deepseek-v3-0324-002,agent-openrouter-deepseek-v3-0324-003,agent-openrouter-deepseek-v3-0324-004,agent-openrouter-deepseek-v3-0324-004,agent-openrouter-deepseek-v3-0324-003",5,1,1,0.8356164383561644
test,medical_qa_573,"agent-openrouter-deepseek-v3-0324-004,agent-openrouter-deepseek-v3-0324-001,agent-openrouter-deepseek-v3-0324-002,agent-openrouter-deepseek-v3-0324-001,agent-openrouter-deepseek-v3-0324-003",5,1,1,0.8378378378378378
test,medical_qa_574,"agent-openrouter-deepseek-v3-0324-004,agent-openrouter-deepseek-v3-0324-002,agent-openrouter-deepseek-v3-0324-003,agent-openrouter-deepseek-v3-0324-004,agent-openrouter-deepseek-v3-0324-003",5,1,1,0.84
test,medical_qa_575,"agent-openrouter-deepseek-v3-0324-003,agent-openrouter-deepseek-v3-0324-002,agent-openrouter-deepseek-v3-0324-004,agent-openrouter-deepseek-v3-0324-003,agent-openrouter-deepseek-v3-0324-003,agent-openrouter-deepseek-v3-0324-003,agent-openrouter-deepseek-v3-0324-003",7,1,1,0.8421052631578947
test,medical_qa_576,"agent-openrouter-deepseek-v3-0324-002,agent-openrouter-deepseek-v3-0324-003,agent-openrouter-deepseek-v3-0324-004,agent-openrouter-deepseek-v3-0324-002,agent-openrouter-deepseek-v3-0324-003",5,0,1,0.8311688311688312
test,medical_qa_577,"agent-openrouter-deepseek-v3-0324-002,agent-openrouter-deepseek-v3-0324-003,agent-openrouter-deepseek-v3-0324-004,agent-openrouter-deepseek-v3-0324-002,agent-openrouter-deepseek-v3-0324-003,agent-openrouter-deepseek-v3-0324-003",6,1,1,0.8333333333333334
test,medical_qa_578,"agent-openrouter-deepseek-v3-0324-003,agent-openrouter-deepseek-v3-0324-005,agent-openrouter-deepseek-v3-0324-002,agent-openrouter-deepseek-v3-0324-003,agent-openrouter-deepseek-v3-0324-003,agent-openrouter-deepseek-v3-0324-003,agent-openrouter-deepseek-v3-0324-003",7,1,1,0.8354430379746836
test,medical_qa_579,"agent-openrouter-deepseek-v3-0324-003,agent-openrouter-deepseek-v3-0324-002,agent-openrouter-deepseek-v3-0324-004",3,0,1,0.825
test,medical_qa_580,"agent-openrouter-deepseek-v3-0324-003,agent-openrouter-deepseek-v3-0324-004,agent-openrouter-deepseek-v3-0324-002,agent-openrouter-deepseek-v3-0324-003,agent-openrouter-deepseek-v3-0324-003,agent-openrouter-deepseek-v3-0324-003",6,1,1,0.8271604938271605
test,medical_qa_581,"agent-openrouter-deepseek-v3-0324-002,agent-openrouter-deepseek-v3-0324-004,agent-openrouter-deepseek-v3-0324-003,agent-openrouter-deepseek-v3-0324-002,agent-openrouter-deepseek-v3-0324-004,agent-openrouter-deepseek-v3-0324-003",6,0,1,0.8170731707317073
test,medical_qa_582,"agent-openrouter-deepseek-v3-0324-004,agent-openrouter-deepseek-v3-0324-003,agent-openrouter-deepseek-v3-0324-002,agent-openrouter-deepseek-v3-0324-002",4,0,1,0.8072289156626506
test,medical_qa_583,"agent-openrouter-deepseek-v3-0324-002,agent-openrouter-deepseek-v3-0324-003,agent-openrouter-deepseek-v3-0324-004,agent-openrouter-deepseek-v3-0324-003",4,1,1,0.8095238095238095
test,medical_qa_584,"agent-openrouter-deepseek-v3-0324-001,agent-openrouter-deepseek-v3-0324-003,agent-openrouter-deepseek-v3-0324-004,agent-openrouter-deepseek-v3-0324-001,agent-openrouter-deepseek-v3-0324-003",5,1,1,0.8117647058823529
test,medical_qa_585,"agent-openrouter-deepseek-v3-0324-004,agent-openrouter-deepseek-v3-0324-002,agent-openrouter-deepseek-v3-0324-003,agent-openrouter-deepseek-v3-0324-004,agent-openrouter-deepseek-v3-0324-003",5,1,1,0.813953488372093
test,medical_qa_586,"agent-openrouter-deepseek-v3-0324-003,agent-openrouter-deepseek-v3-0324-002,agent-openrouter-deepseek-v3-0324-001,agent-openrouter-deepseek-v3-0324-003,agent-openrouter-deepseek-v3-0324-003,agent-openrouter-deepseek-v3-0324-003",6,1,1,0.8160919540229885
test,medical_qa_587,"agent-openrouter-deepseek-v3-0324-001,agent-openrouter-deepseek-v3-0324-003,agent-openrouter-deepseek-v3-0324-002,agent-openrouter-deepseek-v3-0324-001,agent-openrouter-deepseek-v3-0324-003",5,0,1,0.8068181818181818
test,medical_qa_588,"agent-openrouter-deepseek-v3-0324-002,agent-openrouter-deepseek-v3-0324-003,agent-openrouter-deepseek-v3-0324-004,agent-openrouter-deepseek-v3-0324-002,agent-openrouter-deepseek-v3-0324-002,agent-openrouter-deepseek-v3-0324-003",6,1,1,0.8089887640449438
test,medical_qa_589,"agent-openrouter-deepseek-v3-0324-001,agent-openrouter-deepseek-v3-0324-003,agent-openrouter-deepseek-v3-0324-004,agent-openrouter-deepseek-v3-0324-001,agent-openrouter-deepseek-v3-0324-003",5,1,1,0.8111111111111111
test,medical_qa_590,"agent-openrouter-deepseek-v3-0324-004,agent-openrouter-deepseek-v3-0324-003,agent-openrouter-deepseek-v3-0324-002,agent-openrouter-deepseek-v3-0324-003",4,1,1,0.8131868131868132
test,medical_qa_591,"agent-openrouter-deepseek-v3-0324-002,agent-openrouter-deepseek-v3-0324-004,agent-openrouter-deepseek-v3-0324-003,agent-openrouter-deepseek-v3-0324-002,agent-openrouter-deepseek-v3-0324-003",5,0,1,0.8043478260869565
test,medical_qa_592,"agent-openrouter-deepseek-v3-0324-003,agent-openrouter-deepseek-v3-0324-002,agent-openrouter-deepseek-v3-0324-004",3,1,1,0.8064516129032258
test,medical_qa_593,"agent-openrouter-deepseek-v3-0324-003,agent-openrouter-deepseek-v3-0324-004,agent-openrouter-deepseek-v3-0324-002,agent-openrouter-deepseek-v3-0324-003",4,1,1,0.8085106382978723
test,medical_qa_594,"agent-openrouter-deepseek-v3-0324-002,agent-openrouter-deepseek-v3-0324-004,agent-openrouter-deepseek-v3-0324-003,agent-openrouter-deepseek-v3-0324-002,agent-openrouter-deepseek-v3-0324-003",5,1,1,0.8105263157894737
test,medical_qa_595,"agent-openrouter-deepseek-v3-0324-003,agent-openrouter-deepseek-v3-0324-002,agent-openrouter-deepseek-v3-0324-004,agent-openrouter-deepseek-v3-0324-003,agent-openrouter-deepseek-v3-0324-003",5,1,1,0.8125
test,medical_qa_596,"agent-openrouter-deepseek-v3-0324-001,agent-openrouter-deepseek-v3-0324-003,agent-openrouter-deepseek-v3-0324-002,agent-openrouter-deepseek-v3-0324-001,agent-openrouter-deepseek-v3-0324-001,agent-openrouter-deepseek-v3-0324-005",6,0,1,0.8041237113402062
test,medical_qa_597,"agent-openrouter-deepseek-v3-0324-002,agent-openrouter-deepseek-v3-0324-003,agent-openrouter-deepseek-v3-0324-004,agent-openrouter-deepseek-v3-0324-003,agent-openrouter-deepseek-v3-0324-003,agent-openrouter-deepseek-v3-0324-003",6,1,1,0.8061224489795918
test,medical_qa_598,"agent-openrouter-deepseek-v3-0324-003,agent-openrouter-deepseek-v3-0324-002,agent-openrouter-deepseek-v3-0324-004,agent-openrouter-deepseek-v3-0324-003,agent-openrouter-deepseek-v3-0324-003",5,1,1,0.8080808080808081
test,medical_qa_599,"agent-openrouter-deepseek-v3-0324-003,agent-openrouter-deepseek-v3-0324-002,agent-openrouter-deepseek-v3-0324-004,agent-openrouter-deepseek-v3-0324-003",4,1,1,0.81
